gene_symbol	intercept	high	S	log_gene_length	log_cis_snp_count	log1p_adjacent_expression	stratum5	Y	EUR_ld_block
ABCA8	1	0	0.012300831780409093	1.0572857269906208	0.26235102375747127	0.82988978663259039	1	0.98884813068495325	EUR:chr17:64800430-67858770
ABCC2	1	0	1.3550077011199262	0.87426973256637186	0.15787622189780615	1.2804678307085455	1	0.75870169456167391	EUR:chr10:100668400-102949239
ABCC9	1	0	1.3121076539680614	1.4355638431676299	0.71079005326607103	0.4450468838518411	1	0.42016106274635656	EUR:chr12:20863943-23820634
ABCE1	1	1	0.49552406415828149	0.25927739323002752	-0.1853296455944046	0.72841847545893146	1	0.55372142197845065	EUR:chr4:143443265-146178187
ABCG2	1	1	0.48984055895650241	1.4196665179349817	0.77827822728725704	0.54280130177539077	1	2.5722386855472834	EUR:chr4:87534648-89238028
ABCG4	1	0	0.34896673695609015	-0.37897470431971975	0.29247238578327706	-1.4101251991383059	1	0.10781734144313924	EUR:chr11:117747110-119215476
ABCG5	1	0	-1.046457561655485	0.12930634239186334	0.66812888995846098	1.1717693784922276	0	-0.017524979117350264	EUR:chr2:43309590-44313803
ABCG8	1	0	-1.0680955633542581	0.43975492454300347	0.68208817945720035	1.0491188785023953	0	-0.01232193202534995	EUR:chr2:43309590-44313803
ABHD1	1	1	0.55372373267814556	-0.89261621674666636	-0.36697852242696	-0.41083491920601256	1	1.9782550616846772	EUR:chr2:26894985-28598777
ABHD6	1	0	0.41417959700973006	0.73793355003885319	0.29041073965300973	0.9705309372925055	1	-0.63191026010074214	EUR:chr3:58157519-60272906
ABHD8	1	0	-0.78666394904297532	-0.16085839571978344	-0.90481836740576727	0.29495221667459859	0	1.6757916218132327	EUR:chr19:16374416-18409862
ABT1	1	1	0.14363253177633098	-1.5198325935100452	0.60947785335639826	0.51894009204864411	1	2.5433917290045267	EUR:chr6:25684587-26791233
ACAD10	1	1	0.61972939318090214	0.89165081211268515	-0.92130306152659636	0.66779344378501093	1	-1.784545757311907	EUR:chr12:110336719-113263518
ACADS	1	0	1.2298568667773422	-0.34394001124463436	0.30649907540377386	1.3543164348138643	1	0.46699330251107957	EUR:chr12:119754110-122007651
ACOT13	1	1	0.62704635716469159	0.41051851897749025	1.1911052819178478	0.92814054437850002	1	1.9949995430063381	EUR:chr6:23936619-24852275
ACOX2	1	0	0.38172436603531479	0.28199984228683866	0.35792224610741041	1.4577403894888361	1	-0.53151415130660051	EUR:chr3:58157519-60272906
ACRV1	1	0	-0.44705236905424345	-0.64917522373425052	0.67791145360067917	-1.5424114315453052	0	-0.59309742461951331	EUR:chr11:124495528-126311320
ACSL5	1	0	0.84691601000169914	0.68558489447726434	0.23704625769790691	1.3705114331869375	1	0.38099619288423958	EUR:chr10:112561493-115328432
ACTL7A	1	0	-1.3304279624459887	-2.1136525102657568	0.89317879595171679	-1.5424114315453052	0	-0.62340783703179592	EUR:chr9:110695062-112778024
ACTL7B	1	0	-1.3087710464100801	-1.7266327503601286	0.88820992509981589	-1.5424114315453052	0	-0.56203929638920525	EUR:chr9:110695062-112778024
ADAM15	1	1	-0.73749743277671953	-0.46412108422866744	-0.63758042056525122	0.54674235721434805	0	-1.1800749740752483	EUR:chr1:154770403-156336133
ADAMTS13	1	1	1.5805829814610877	0.54059031882623476	0.1220727794541111	0.69662133797135584	1	-1.0832096309089567	EUR:chr9:135298842-137041122
ADAMTS15	1	0	-0.8214904356021262	0.16548728169666452	0.494299680491805	-1.1876456375534696	0	-1.7008421265975129	EUR:chr11:128188537-130342575
ADAMTS4	1	0	-0.98139533488935693	-0.31873735828555183	0.37244949013665618	0.21401662162793145	0	-0.5219201512874283	EUR:chr1:159913048-162346721
ADAMTS8	1	0	-0.87563272569188666	0.058313650235897393	0.51603118707184092	-1.2753861034403373	0	-1.6702425997777519	EUR:chr11:128188537-130342575
ADAMTSL2	1	1	1.5477024082094741	0.51140700628958768	0.12320220107820029	0.77660755257067671	1	-1.1511789146315872	EUR:chr9:135298842-137041122
ADAR	1	0	-1.0717832608346585	0.5559430069862159	-0.5332189351291865	1.0462788402264303	0	-1.3085959469454838	EUR:chr1:153180829-154770403
ADH1A	1	0	0.76036872740328776	-0.32329213297760612	0.71215878302009517	2.0180257191115394	1	2.2864233325503984	EUR:chr4:99424067-100678360
ADH4	1	0	0.79282395837770303	0.32746840844162273	0.64386945313004218	2.1286546763296097	1	2.2920666595120052	EUR:chr4:99424067-100678360
ADH5	1	0	0.7711871377281001	-0.17307327521454605	0.69704670599496077	1.3888131730856661	1	2.288296353668275	EUR:chr4:99424067-100678360
ADH6	1	0	0.78200554805289058	-0.21392641742303722	0.65010573501767654	1.6068101233076757	1	2.2901774371811165	EUR:chr4:99424067-100678360
ADH7	1	0	0.70627667577929154	0.03914081519179461	0.79248094246821932	-1.3548024460188213	1	2.2790103813303357	EUR:chr4:99424067-100678360
ADIPOQ	1	0	-0.23675370263255058	-0.26622997397255127	0.54950184789537793	-1.5424114315453052	0	0.82598017711783678	EUR:chr3:185068255-186890344
ADO	1	0	0.79144922342269319	-1.3785968438632799	0.43421971632504891	0.10776055695994285	1	-1.0425079272265501	EUR:chr10:63341695-65794114
ADORA2A	1	0	1.5915431725449589	0.071412058370687981	-0.017104882033401107	0.12339777452962181	1	1.2208807015987992	EUR:chr22:23712647-24984204
ADPRH	1	0	-0.75475208966322449	-0.5674024909214348	0.56022828730509822	-0.41083491920601256	0	-1.4033176154908127	EUR:chr3:118530251-120523055
AFF1	1	1	0.47902155810710489	1.7114186354591934	0.8187557734639147	0.59326228848868523	1	2.5685140838115519	EUR:chr4:87534648-89238028
AGBL5	1	1	0.56455219069608886	0.18187049417156043	-0.37090818250734459	0.4450468838518411	1	1.9821451604627436	EUR:chr2:26894985-28598777
AGER	1	1	1.636638701345287	-1.458266200759742	-3.2436113713918711	0.13373478497471114	1	0.48739802087608131	EUR:chr6:31571218-32682664
AGMAT	1	0	0.59416578391307806	-0.43038366652152488	0.50932476548452088	1.0911007179534018	1	2.3316885988797935	EUR:chr1:14891511-16897730
AGPAT1	1	1	1.6582802469652693	-0.62681232201264614	-3.2552849538411763	0.86547713969292384	1	0.48693555207186118	EUR:chr6:31571218-32682664
AHCYL2	1	0	0.57620296596593679	1.7081836443637688	0.39402844184328906	0.038095816304544595	1	0.80991130856737481	EUR:chr7:128778386-130422414
AIFM2	1	0	0.89018965130088279	0.34021551958365792	1.0365818272020026	0.28097603287098549	1	0.99759198001366423	EUR:chr10:70195991-72220850
AIM2	1	0	-1.2194003620349443	1.0261854571657925	0.70695220774033518	-0.70992181642016494	0	-1.052698691347066	EUR:chr1:158027412-159913048
AK4	1	0	-0.75434453872223528	1.0260398609359687	0.55963400463188673	0.94341470274178296	0	-0.063156036749845282	EUR:chr1:65041704-66939404
AK8	1	1	1.3723393508676234	1.4832329005670497	0.24587195962293554	-1.3412777748263425	1	-0.58463046206014269	EUR:chr9:135298842-137041122
AKAP8	1	0	-0.49456687027341378	0.12988950070009683	0.45005462004308044	0.43661257554328448	0	0.7177088796678287	EUR:chr19:14486347-15648610
AKAP8L	1	0	-0.5053852805982042	0.43174225136098088	0.46512952585846296	0.90960864625904037	0	0.71487775869872383	EUR:chr19:14486347-15648610
AKNA	1	0	1.0428752671661461	0.76474360173990186	0.69511445491219737	0.19928012204816672	1	0.23150739624982522	EUR:chr9:117019801-117921960
AKTIP	1	0	0.7161506029474709	-0.39419562472078123	0.46199904576637807	0.77999242770249122	1	0.15366450973234552	EUR:chr16:53382572-55903774
ALAD	1	0	1.1097607887276797	-0.30487356025333556	0.54201612933665999	1.3589610382068835	1	-0.97202245106476048	EUR:chr9:115693145-117019801
ALDH16A1	1	1	1.2408170578612132	-0.17052862439278296	-1.352795926959645	0.39807397608655815	1	0.47188465549222747	EUR:chr19:49282227-51532567
ALDH2	1	1	0.64136621383050507	0.50670474781889641	-0.95000533409385868	1.9952163804181677	1	-0.85838088663222478	EUR:chr12:110336719-113263518
ALDH5A1	1	1	0.4516832998228188	0.49344171563182271	1.2150228618321046	1.153322320865807	1	1.4550115431966506	EUR:chr6:23936619-24852275
ALOX5AP	1	0	-0.82993759034218095	0.19945833190976214	0.61496601951183272	0.26687142904068867	0	-0.48570281056802483	EUR:chr13:30483267-32301815
ALPI	1	0	1.377018115916848	-1.3408666162941909	0.39922197262924919	-1.5424114315453052	1	-2.2699168646134993	EUR:chr2:231843389-233550003
ALPK2	1	0	0.24343966922935448	1.4551423976842495	1.0609854708850464	-0.54106601469859672	1	-0.49311042137044786	EUR:chr18:55213838-56530220
ALPL	1	0	0.81336960559041349	0.86967849763843585	0.68041862178625501	0.96754156877173336	1	-0.55803549996137247	EUR:chr1:21736588-23086883
ALPP	1	0	1.1822867300704663	-1.2577060176280153	0.43071775274435586	-1.5424114315453052	1	-2.1775564651965102	EUR:chr2:231843389-233550003
AMBP	1	0	1.0651704410199907	-0.1507203947986869	0.62732674758194706	2.338363381515546	1	0.31926958687508467	EUR:chr9:115693145-117019801
AMIGO3	1	0	-1.5443105492098244	-0.88343127792633702	-1.086071600519352	-0.35317404636178301	0	0.41344117518939183	EUR:chr3:49316972-51832015
AMN	1	0	-0.35937084038331807	-0.54866990457283338	0.10998246795421937	0.4450468838518411	0	-1.3499975532563695	EUR:chr14:103012102-105001723
AMOTL1	1	0	-0.21680205557585294	1.5647995857063413	0.54740890151923971	-0.099462454199207656	0	0.26795003471718015	EUR:chr11:94242260-95726041
AMT	1	0	-1.4631636134215797	-1.0142703257716081	-1.1263329306900263	1.0434335377430501	0	0.25703864174056507	EUR:chr3:49316972-51832015
AMZ2	1	0	0.73780751898337948	-0.65070014741994642	0.1073271347055906	0.82661328538800782	1	0.33197341401529851	EUR:chr17:64800430-67858770
ANAPC10	1	1	0.4516832998228188	1.3652326430613204	-0.058577596508330637	0.42813166860987051	1	0.49852889057336897	EUR:chr4:143443265-146178187
ANAPC5	1	1	1.1202549559386743	1.0877076876598055	0.3691578577087456	1.0434335377430501	1	0.90132615270723937	EUR:chr12:119754110-122007651
ANAPC7	1	0	0.39254277636012719	0.2489342141197016	-0.36845116584910453	0.44924672299778623	1	-1.5070684717110134	EUR:chr12:110336719-113263518
ANKLE1	1	0	-0.75420871806858203	-1.0109280222079227	-0.91205352223323077	-1.2625405033716455	0	1.6741214982580854	EUR:chr19:16374416-18409862
ANKRA2	1	0	-1.4465869788557413	-0.39534797572430563	0.49337579648468005	0.3406413111146418	0	0.70976089562548439	EUR:chr5:71240456-73759326
ANKRD49	1	0	0.017297269889471195	-1.0169805115887256	0.31669547035427253	0.25739584185197012	1	0.04738751383283854	EUR:chr11:93276157-94242260
ANKRD54	1	0	-1.4682237995053222	-0.14540923186056645	-0.40365074356569286	0.28097603287098549	0	1.5344814806553768	EUR:chr22:37570269-39307894
ANKRD9	1	0	-0.32649026713172657	-1.5556831727420803	0.08248653168873836	0.070642058443157407	0	-1.4593657373029922	EUR:chr14:101534307-103012102
ANO8	1	0	-0.78666394904297532	-0.50317647066728877	-0.90481836740576727	-0.12363681602118484	0	1.6757916218132327	EUR:chr19:16374416-18409862
ANXA2	1	0	-0.46897275122198578	0.70498111026642618	0.57767419581319668	1.3261497684000905	0	-0.51549866988033244	EUR:chr15:59694116-61265836
AP1M1	1	0	-0.33229071540142535	0.40525748349243612	0.28490174520535794	0.94341470274178296	0	0.57539724574186202	EUR:chr19:15648610-16374416
AP2A1	1	0	-1.2033055538410464	0.45218564359242119	-1.193400456373521	0.83967753658594735	0	-0.31351223231295661	EUR:chr19:49282227-51532567
APEH	1	0	-1.5659497320866953	-0.62083847350285737	-1.0774026778670875	1.0462788402264303	0	0.35871282978171742	EUR:chr3:49316972-51832015
APLP2	1	0	-0.89728964172779524	0.93300885350570228	0.54351570091649748	1.5849515756396562	0	-0.94771649799371727	EUR:chr11:128188537-130342575
APOBEC3A	1	0	-1.3661257534278275	-0.58453525673875562	-0.20995404572380688	-0.88960834055134685	0	0.62274289032535202	EUR:chr22:39307894-40545797
APOBEC3B	1	0	-1.3282530485928532	-0.58343021052963284	-0.20635185753360077	-1.0704100410848536	0	0.6294048294931438	EUR:chr22:39307894-40545797
APOBEC3C	1	0	-1.3390738214028552	-0.97729664341232503	-0.19514006512283033	0.043568336361981534	0	0.62374041376108902	EUR:chr22:39307894-40545797
APOBEC3D	1	0	-1.3498945942128353	-0.1272459515563493	-0.18399588735792155	-0.65728670848542503	0	0.61643955058217526	EUR:chr22:39307894-40545797
APOBEC3F	1	0	-1.3823569126428197	-0.39794708920807487	-0.17911366006246446	-0.66593484544572656	0	0.60917139850724633	EUR:chr22:39307894-40545797
APOBEC3G	1	0	-1.3661257534278275	0.5706667504395575	-0.18088752336778638	0.049021415809869226	0	0.59718322674864854	EUR:chr22:39307894-40545797
APOBEC3H	1	0	-1.3931776854528219	-0.90985774668152875	-0.182663091082025	-0.78303278866129922	0	0.57992668226102251	EUR:chr22:39307894-40545797
APOL1	1	0	-1.4207414436832624	-0.33073171827823539	0.23492180225438691	1.422551679556284	0	0.98084345822111629	EUR:chr22:35530985-37570269
APOL2	1	0	-1.4095938567563402	-0.37301441530855495	0.22283686852804463	0.96154531016940614	0	0.99197822225096155	EUR:chr22:35530985-37570269
APOL3	1	0	-1.4318890306101848	0.11339174251514629	0.28214107696989643	1.0204792371194538	0	1.0194474150186101	EUR:chr22:35530985-37570269
APOL4	1	0	-1.3872986829024956	-0.26989552078769052	0.21461672055739173	-0.78303278866129922	0	1.0153125753595404	EUR:chr22:35530985-37570269
APOL5	1	0	-1.4541842044640294	-0.50284489498632923	0.46544228238902824	-1.2883401064786222	0	-0.11043410759946776	EUR:chr22:35530985-37570269
APOL6	1	0	-1.4653317913909516	-0.083686131463468108	0.50412580909553173	0.88454620790070082	0	0.12228814856182074	EUR:chr22:35530985-37570269
APPL1	1	0	-0.21328820182862068	0.55248284133379344	0.65010573501767654	0.17940877335280311	0	-0.25576530422642418	EUR:chr3:56433907-58157519
AQP10	1	0	-1.1813851716733261	-1.2792125993654384	-0.32957680128904343	-1.5424114315453052	0	-1.3199611232710944	EUR:chr1:153180829-154770403
ARCN1	1	0	0.31109403212111575	0.24425038999298754	0.32683591260897016	1.0827957008497084	1	0.14563447451779235	EUR:chr11:117747110-119215476
ARF4	1	0	0.30599549376173779	0.14272315082860645	0.65378094244550666	1.4180958266444044	1	-0.21326367305057611	EUR:chr3:56433907-58157519
ARHGAP24	1	0	-0.68943053362593798	2.4352061436750922	0.80865427570486492	-0.16062752762840354	0	1.6696905185420388	EUR:chr4:84799656-86930609
ARHGAP30	1	0	-0.92730328326538281	0.024173749961441462	0.36156477779853141	0.1693757948241261	0	-0.049854753073545206	EUR:chr1:159913048-162346721
ARHGAP31	1	0	-0.83049749933317341	1.334836117665084	0.70173092132045467	-0.46312845164973759	0	-0.82945128693018411	EUR:chr3:118530251-120523055
ARHGAP32	1	0	-1.4711979166794056	2.0363897652670992	0.80865427570486492	-0.081578287825861809	0	-0.31926958687508467	EUR:chr11:128188537-130342575
ARHGAP8	1	1	1.6258415533872259	1.5181637027326829	0.77801418185472815	-0.67463198061055163	1	3.2800896636774599	EUR:chr22:44995308-46470495
ARHGEF19	1	0	0.83528998775815588	-0.31837205077610203	0.04988214790852865	-0.70102300743907542	1	2.3893776151755497	EUR:chr1:14891511-16897730
ARHGEF2	1	0	-0.6114552353122451	0.76451356007037374	-0.70291341965781817	0.22376294167290725	0	-2.4763816689185401	EUR:chr1:154770403-156336133
ARIH2	1	0	-1.6308672807172866	0.85292869790557224	-1.0487965035840683	0.70729373496059544	0	0.24432364310131349	EUR:chr3:47727212-49316972
ARL14	1	0	0.84672228621576995	-2.1969799369410978	0.27556791321586793	-0.68337867236850436	1	-0.016292640861807744	EUR:chr3:159477890-161524504
ARL4C	1	0	1.4635653985152375	-1.3208482695746186	0.93318451254983315	0.58176380588274323	1	-0.13581731826504823	EUR:chr2:235150987-236043550
ARL5B	1	0	1.4094733468912413	-0.0027052324572773038	0.97780161810665867	0.54280130177539077	1	-0.29744610479536038	EUR:chr10:18537267-19716878
ARL5C	1	0	-0.045991470608668386	-0.57370089869240759	-0.84666217766501206	-1.5424114315453052	1	0.14604958649755365	EUR:chr17:36809344-38877404
ARMC6	1	1	1.3658580840247503	0.12303874167138687	-0.38126347607230565	0.83642188266082707	1	2.8089566918192248	EUR:chr19:18409862-19877471
ARPC3	1	1	0.41417959700973006	-0.27564885198667566	-0.51292949861360027	1.5546337978415425	1	-1.8441642182169635	EUR:chr12:110336719-113263518
ARRDC2	1	0	-0.49456687027341378	-0.41763623202656419	-1.2400283790175741	0.86227580328697162	0	1.8228437968280811	EUR:chr19:16374416-18409862
ARSG	1	0	0.65117985483974516	1.533563781664071	0.24305231847862716	-0.78303278866129922	1	0.38084898407057594	EUR:chr17:64800430-67858770
ART1	1	0	0.067990466616150408	-0.11213109885738226	0.76662438816413192	-1.5424114315453052	1	0.60719476356774182	EUR:chr11:3665481-4746709
ART5	1	0	0.078808876940940839	-1.3600050989388923	0.72796239946314589	-1.3412777748263425	1	0.62890421763218995	EUR:chr11:1213590-3665481
ASB14	1	0	-0.20246979150383024	0.066807050908876189	0.64017446067638029	-0.70102300743907542	0	-0.25746318010668645	EUR:chr3:56433907-58157519
ASB2	1	1	0.83604858613665189	0.49856856824958357	0.8571010825588935	-0.95101813940956448	1	1.8301019640475262	EUR:chr14:94325285-95750867
ASB6	1	0	-0.25656184312782637	-1.110477042416615	-0.38522366393978891	0.17940877335280311	0	1.3834395788992642	EUR:chr9:132165470-133223217
ASCL2	1	0	0.20862980083853597	-1.6982393046589979	0.23244018006944805	-0.95101813940956448	1	-0.22967965307674196	EUR:chr11:1213590-3665481
ASH1L	1	0	-1.1594647895055838	1.7877856090172886	-0.34405902240619574	0.13373478497471114	0	-1.7634146832614901	EUR:chr1:154770403-156336133
ASL	1	0	-1.2843108239837528	-0.17566971034947518	0.1201888747579422	1.5648064013408349	0	0.13125892404085543	EUR:chr7:63641125-65689809
ATF4	1	0	-1.4148192310728041	-1.5468843848381855	-0.19603450945608458	1.6438478118019662	0	-1.1472043449659648	EUR:chr22:39307894-40545797
ATF6	1	0	-1.2734924136589405	1.6798584980618363	0.78223438798566358	0.8526315396242321	0	-0.1442509487337737	EUR:chr1:159913048-162346721
ATF6B	1	1	1.7123841110152358	0.22989750805001688	-3.366290136026767	0.79345777939925077	1	0.48986628568452117	EUR:chr6:31571218-32682664
ATG16L1	1	0	1.6907520153360125	1.0353299258031796	0.60687249573710644	0.51894009204864411	1	-1.0770760690020695	EUR:chr2:233550003-235150987
ATG7	1	0	-1.417055626589645	1.9615270508212923	0.87196819696728045	0.24307187866002822	0	-0.46074252501058022	EUR:chr3:11019665-13070799
ATP13A1	1	1	1.2684019618631506	-0.14445127410113684	-0.20950338800753057	0.58943902312423935	1	2.6998785470787907	EUR:chr19:18409862-19877471
ATP13A2	1	0	0.85721036992587618	0.11686793214386811	0.013100464483215042	-0.13586827715378455	1	2.3823047379544677	EUR:chr1:16897730-18662899
ATP6V1E1	1	0	0.079036802971352876	0.3827347470591379	0.034941420914748715	1.1319648946002117	1	-1.0039169484701547	EUR:chr22:17674295-18296088
ATP6V1F	1	0	0.71687301249585444	-1.5399680481332414	0.19806590703820356	1.1211737060446065	1	0.9262681854803082	EUR:chr7:126869221-128778386
ATP6V1G1	1	0	0.99828491945847886	-0.57101596588175718	0.73635406123622027	1.2533854237431963	1	0.28958476550795215	EUR:chr9:117019801-117921960
ATP8B1	1	0	0.34208138898415102	1.5005058385574641	0.79483748513370778	0.16433460720533127	1	-0.33805541716349186	EUR:chr18:55213838-56530220
ATP8B2	1	0	-1.1704249805894549	0.11043804203270062	-0.33246417993339517	-0.17315853803510961	0	-1.3225829387508847	EUR:chr1:153180829-154770403
ATXN2	1	1	0.59809257253129933	1.4538487087805299	-0.91403167259849738	0.36741594776055586	1	-1.2197276508369059	EUR:chr12:110336719-113263518
B3GALT4	1	1	1.2795531986155029	-0.81982850821466302	-0.1344460731243084	-0.72787570822561765	1	0.75541957919160252	EUR:chr6:33236497-35455756
B3GNT3	1	0	-0.58111415287180324	-0.15454869077288513	-1.136722880707578	-0.77370120825070487	0	1.7014239854404347	EUR:chr19:16374416-18409862
B4GALNT3	1	0	-1.1375444073378633	1.1786670985083085	-0.035467954204098671	-1.1755108688243088	0	-1.5557096166637656	EUR:chr12:61107-1080331
B4GALT3	1	0	-0.94894010391496364	-0.98743174178770721	0.36948728492352695	0.51894009204864411	0	-0.4293006997409437	EUR:chr1:159913048-162346721
B4GALT4	1	0	-0.76557286247320466	0.21161105690881793	0.61236839353035244	0.51492691263787738	0	-0.70063202234973743	EUR:chr3:118530251-120523055
BABAM1	1	0	-0.70011666644458592	-0.36438113532724925	-0.93059913121698268	0.9705309372925055	0	1.6735658267260209	EUR:chr19:16374416-18409862
BAG5	1	0	-0.22784854737693	-0.97508961210140011	-0.024020613442299759	0.24307187866002822	0	-0.54242572664891375	EUR:chr14:103012102-105001723
BAK1	1	1	1.1497039248955874	-0.8200286864689682	0.15343854446456229	0.14911094275663597	1	0.64668974752407482	EUR:chr6:33236497-35455756
BANK1	1	1	-1.7394424153726038	2.611750626518869	0.49768330882304895	-1.0817388028381392	0	1.6183996730553063	EUR:chr4:100678360-103221356
BARHL1	1	1	1.3832995419514946	-0.78185117580998786	0.24516745257802369	-1.5424114315453052	1	-0.46104702171056855	EUR:chr9:135298842-137041122
BARX2	1	0	-0.75651968749440046	0.94694100507663626	0.3691578577087456	-1.424273135697375	0	-0.28359361500685243	EUR:chr11:128188537-130342575
BASP1	1	0	-1.7170472369756999	1.7305482196213515	0.30990412880211748	0.50686894006456717	0	-0.7333843390903827	EUR:chr5:16963613-18051592
BAX	1	1	0.47360368199053915	-0.89426797786452827	-0.43953385077275781	0.94948206340882169	1	-1.1530399518299961	EUR:chr19:49282227-51532567
BCAM	1	0	-1.414131747881326	-0.45565623934756011	-0.45490766620511686	0.95552553676730823	0	-1.5204146512711665	EUR:chr19:44744108-46102697
BCAT2	1	1	0.369481866693807	-0.25759964051103257	-0.27508983266119563	0.24786139970718202	1	-0.74183062787488419	EUR:chr19:49282227-51532567
BCL2L12	1	1	1.0764141916032117	-0.75664364009322704	-1.1834509664306083	0.4450468838518411	1	0.44405988256751672	EUR:chr19:49282227-51532567
BCL2L13	1	0	0.057116420803610526	1.1683123321504756	0.13296171408738819	0.69662133797135584	1	-0.73445966741786406	EUR:chr22:17674295-18296088
BCL3	1	0	-1.4465869788557413	-0.45603048494921877	-0.39018586336737865	1.2459156267631173	0	-1.6432405675487187	EUR:chr19:44744108-46102697
BCL6	1	0	-0.3125529087582416	0.067281439710452237	0.63361901229659701	1.0632407835319135	0	-0.40510460368345041	EUR:chr3:186890344-188856214
BCL7A	1	0	0.38592215331961371	0.49824349341221996	0.023060184380464671	-0.040641455150152536	1	1.0217520972488248	EUR:chr12:122007651-124977980
BCL9L	1	0	0.41389137381605889	0.27115925819791825	0.29693141076513124	0.032603716527207366	1	0.08374790501285638	EUR:chr11:117747110-119215476
BDH2	1	0	-1.6312346872726706	-0.067170554790486836	0.23704625769790691	1.0688533683962624	0	1.6592963390302771	EUR:chr4:103221356-105305294
BID	1	0	-0.03056510786731486	0.46143082438687943	0.1634083743872711	0.73191117378096904	1	-0.66604886431182753	EUR:chr22:17674295-18296088
BLOC1S2	1	0	1.2323842449238029	-0.43044401420422956	0.21533296938667626	0.74580303556251748	1	0.89947810019246244	EUR:chr10:100668400-102949239
BLOC1S3	1	0	-1.2302187723597569	-1.5303380175904531	-0.62568935422862815	-0.21784061882648162	0	0.019168138516255078	EUR:chr19:44744108-46102697
BNIP2	1	0	-0.39225141363490962	0.23781708471249319	0.33960110322542891	0.8971285754813455	0	-0.72730674239090265	EUR:chr15:59694116-61265836
BPNT1	1	1	0.47909005895851664	0.3008329395163703	0.4623123325275646	0.48243807556837204	1	1.8903265988544866	EUR:chr1:219590571-221858231
BPTF	1	0	0.66200831285768846	1.5111393884012483	0.21246630686659224	0.065265379565178264	1	0.079489628272069665	EUR:chr17:64800430-67858770
BRAP	1	1	0.66300303448010789	0.51997148323474796	-0.98806612402732719	0.09724654153901223	1	-0.90235417983378841	EUR:chr12:110336719-113263518
BRD2	1	1	1.4094024723354184	-0.42509150934269074	-0.52678764572669601	1.2731289788800044	1	0.94172704508026228	EUR:chr6:32682664-33236497
BRD3	1	1	1.4052199241192149	0.41455663665991543	0.22426273430590563	0.070642058443157407	1	-0.45026327233081204	EUR:chr9:135298842-137041122
BRD4	1	0	-0.48374845994860133	1.1210622020451548	0.43262873735770568	0.53885010203840145	0	0.72998471074354498	EUR:chr19:14486347-15648610
BSN	1	0	-1.6633260550325932	1.2760695825184099	-1.0157405005722715	-1.1396717253508322	0	0.25661414969619156	EUR:chr3:49316972-51832015
BSPRY	1	0	0.92025181097002284	-0.021704465348182479	0.5587422221213314	-0.85980079717717228	1	-0.94172704508026228	EUR:chr9:115693145-117019801
BST2	1	0	-0.67847984579498299	-1.6230979936207377	-0.96283114527916613	1.578935734170162	0	1.6791459623306173	EUR:chr19:16374416-18409862
BTBD7	1	0	0.27346054196888153	1.1197176906232797	0.7551639570957982	-0.23084951236379053	1	1.4725971769172819	EUR:chr14:93132299-94325285
BTF3	1	0	-1.4249501582061384	-0.86782968101012525	0.47386676178752346	1.6553606676458306	0	0.72659349831818587	EUR:chr5:71240456-73759326
BTN1A1	1	1	0.12199453007757989	-0.68193428427064562	0.65491030654875537	-1.5120136015842425	1	2.5364998450319192	EUR:chr6:25684587-26791233
BTN2A1	1	1	0.089537527529431254	-0.13600637522288025	0.65942087344158473	0.43237797906395303	1	2.5263826904087958	EUR:chr6:25684587-26791233
BTN2A2	1	1	0.067899525830658169	-0.49185151519087694	0.7058542148640502	-0.081578287825861809	1	2.5197788490331781	EUR:chr6:25684587-26791233
BTN3A1	1	1	0.078718526680055717	-0.41710222791625845	0.68236629247698	0.60088036988254712	1	2.5230670157461637	EUR:chr6:25684587-26791233
BTN3A2	1	1	-0.12694407077516551	-0.40649919872646845	0.77510718926086031	0.66779344378501093	0	2.4535331913055942	EUR:chr6:25684587-26791233
BTN3A3	1	1	0.11117552922818234	-0.41924047032004413	0.65349849354064915	0.57791175806387796	1	2.5330985824751537	EUR:chr6:25684587-26791233
BTNL2	1	1	1.5825348372953203	-0.40614826706573026	-2.904369470196245	-1.4529663122347427	1	0.6512526775945694	EUR:chr6:31571218-32682664
C11orf54	1	0	-0.13319515362394674	0.028641312526993278	0.45572213091183189	1.2558673001937726	0	0.45785193101249516	EUR:chr11:93276157-94242260
C12orf43	1	0	1.2408170578612132	-0.35442071716115647	0.30308773613625917	0.091962404650528268	1	0.54750809272786938	EUR:chr12:119754110-122007651
C16orf74	1	0	-0.94952600024308675	0.77484843132524839	0.89317879595171679	-0.93027403655757335	0	0.37923023089402341	EUR:chr16:85148685-86156599
C17orf58	1	0	0.77029289303723136	-1.6702515668742652	0.0074994843585805705	0.22861299389183048	1	0.15144835975482718	EUR:chr17:64800430-67858770
C17orf98	1	0	-0.58161972470332257	-0.9653564159454725	-0.88003993181511786	-1.5424114315453052	0	-0.029028337222211018	EUR:chr17:36809344-38877404
C19orf44	1	0	-0.22410661215343311	0.088823991631552801	0.23279490162854088	-0.11755744074719161	0	-0.29730300863072356	EUR:chr19:16374416-18409862
C1QA	1	0	-0.27168931171239269	-1.518839512996059	0.32750996767988627	1.578935734170162	0	-1.250251736774628	EUR:chr1:21736588-23086883
C1QB	1	0	-0.26072912062852149	-0.71833923777554132	0.32717297087829111	1.6875191872625062	0	-1.1770589152996711	EUR:chr1:21736588-23086883
C1QC	1	0	-0.24976892954465033	-1.2359243916547189	0.3227864107187069	1.574912035273156	0	-1.2177137049944284	EUR:chr1:21736588-23086883
C1QTNF5	1	0	0.47340562427101562	-0.81593539950958227	0.25430516059762232	0.038095816304544595	1	-0.16094161561259862	EUR:chr11:119215476-120766806
C1QTNF6	1	0	-1.6196815440525201	-0.11493010419034824	0.08325585807637817	0.21401662162793145	0	1.404050958113046	EUR:chr22:37570269-39307894
C1orf115	1	1	0.42499800733452048	-0.67270303164308709	0.55099535962011092	1.153322320865807	1	1.8766119106906785	EUR:chr1:219590571-221858231
C1orf141	1	0	1.0414961967956542	1.4121526507533522	0.58677510874320749	-1.5424114315453052	1	0.18101627914385493	EUR:chr1:66939404-68477895
C1orf226	1	0	-1.2518555930093376	-0.088006358387702238	0.72769106520578652	-0.06977022767520083	0	-0.25265444193685255	EUR:chr1:159913048-162346721
C1orf43	1	0	-1.2142657449249177	-0.36310827676037744	-0.21130667866678288	1.435842154356473	0	-1.2872990931149766	EUR:chr1:153180829-154770403
C2	1	1	1.1390130887712606	0.58794891270380578	-9.3598406062987767	1.7408692748464547	1	0.32316178076576252	EUR:chr6:31571218-32682664
C22orf15	1	0	1.6792247012158843	-1.5867536456172424	-0.10781354303978213	-0.034881447452529551	1	1.1160389005812021	EUR:chr22:23712647-24984204
C22orf23	1	0	-1.5114974408045279	-0.60652066241060598	-0.35134291814518531	-0.84999219990435326	0	1.5023966459483726	EUR:chr22:37570269-39307894
C22orf39	1	0	0.14479794947455793	1.1302973414591031	-0.13704390198198627	0.14911094275663597	1	-0.56364333748709017	EUR:chr22:18296088-19912358
C2CD2L	1	0	0.17583437199621019	-0.23963411409754837	0.31296332155593548	0.19928012204816672	1	0.12697928094546188	EUR:chr11:117747110-119215476
C2orf16	1	1	0.23969845015746016	-0.98594019680380485	-0.2339975575353774	-0.84999219990435326	1	1.9427125095013165	EUR:chr2:26894985-28598777
C4A	1	0	1.0416473958480807	-0.059341840999817867	-7.8683986136488357	1.1638906259507675	1	0.33544732614467709	EUR:chr6:31571218-32682664
C4B	1	1	0.99837375454887511	-0.059379110057635159	-6.2624844951705319	1.1638906259507675	1	0.77080680360514464	EUR:chr6:31571218-32682664
C4orf17	1	0	0.65218462415529543	0.26055749997789318	0.83008643411374139	-1.5424114315453052	1	2.2717205897982446	EUR:chr4:99424067-100678360
C4orf36	1	1	0.55475456405277768	0.76150391452048671	0.64045895331898872	-1.1279089072535582	1	2.5993639581359895	EUR:chr4:87534648-89238028
C5orf22	1	0	-1.2581065092603803	0.016377033525027236	0.69345663007933467	0.18937660221091152	0	-0.3195577310022148	EUR:chr5:31390249-33500180
C6orf62	1	1	0.69280750366787458	-0.25721402289129053	1.1664461161713031	1.1874065960619067	1	2.2958698319058652	EUR:chr6:23936619-24852275
C9orf43	1	0	1.0986132018007575	-0.098600387684535357	0.54740890151923971	-0.77370120825070487	1	-0.93704464304463231	EUR:chr9:115693145-117019801
C9orf50	1	0	-0.22410661215343311	-0.73833277308495515	-0.42834045668019388	-1.4101251991383059	0	1.3909645792098617	EUR:chr9:132165470-133223217
C9orf78	1	0	-0.29983548442703212	-0.73635478737030768	-0.19872044300514544	1.0632407835319135	0	1.3268628829311833	EUR:chr9:132165470-133223217
CA11	1	1	0.14479794947455793	-0.7548020280161466	-0.11721992222134973	-0.54908190889440711	1	-0.76455684602806506	EUR:chr19:47150082-49282227
CABIN1	1	0	1.3723393508676234	1.5494277056024908	0.19553425898689403	0.14911094275663597	1	1.0467606007642809	EUR:chr22:23712647-24984204
CABP1	1	0	1.1640957202741591	0.140282758982849	0.32885734065713257	-1.3014043576765615	1	0.44285146241397316	EUR:chr12:119754110-122007651
CABP5	1	1	0.276320242480946	-0.35332798323032499	-0.20455339320047849	-1.5424114315453052	1	-0.10726653796696664	EUR:chr19:47150082-49282227
CACNA1I	1	0	-1.6095931416526663	1.2886467711074128	-0.095486933391372236	-1.3961064692836005	0	-1.1162941432976443	EUR:chr22:39307894-40545797
CACNB1	1	0	-0.045991470608668386	0.06401806673619985	-0.84158023027120299	-0.96149627053967945	1	0.143282645105932	EUR:chr17:36809344-38877404
CACNB2	1	0	1.3986549365664509	2.2244004612719666	1.2443883989657976	-0.040641455150152536	1	-0.26341162964926651	EUR:chr10:16551767-18537267
CACNG1	1	0	0.49958144258836312	-0.46456255046497352	0.23385865794099503	-1.5424114315453052	1	0.052870681403803299	EUR:chr17:64800430-67858770
CACNG2	1	0	-1.3984462698294178	1.4118604897562288	0.2203389529801818	-1.5424114315453052	0	1.0256825620529171	EUR:chr22:35530985-37570269
CACNG4	1	0	0.14224232799586056	0.86342027768645313	0.44626659967374716	-1.482206058210068	1	0.05149974692263707	EUR:chr17:64800430-67858770
CACNG5	1	0	-0.020184542273464778	0.62683656794644604	0.51359530343499848	-1.5424114315453052	1	-0.18407883687775795	EUR:chr17:64800430-67858770
CACNG6	1	0	-1.5006790304797375	-0.069697183035296859	-0.72600904357055307	-1.5424114315453052	0	-1.3034562924976112	EUR:chr19:52985290-54602362
CACNG7	1	0	-1.4357685685309289	0.3378831707094313	-0.79336811380308248	-1.5424114315453052	0	-1.2798106965902569	EUR:chr19:52985290-54602362
CACNG8	1	0	-1.4898606201549249	0.15178509091098188	-0.75362632497590709	-1.5271372731820223	0	-1.2910705100464619	EUR:chr19:52985290-54602362
CAD	1	1	0.43461069448063738	0.13395928734996043	-0.29858267330809246	-0.006401219552568789	1	1.959240246875978	EUR:chr2:26894985-28598777
CADM3	1	0	-1.1761267207357606	0.27045537942161124	0.68930554943503208	-1.1876456375534696	0	-1.163213174575493	EUR:chr1:158027412-159913048
CALR3	1	0	-0.24574343280303595	-0.20324972777291928	0.23633837722327869	-1.3548024460188213	0	-0.29816167705131585	EUR:chr19:16374416-18409862
CALU	1	0	0.76015610373584086	0.28990105557730461	0.15676780121691453	0.78673986823822695	1	0.91601470166479104	EUR:chr7:126869221-128778386
CAMKK2	1	1	1.098334573770954	0.76939356797127401	0.38327046410799809	0.60846083096809334	1	0.82328729075730256	EUR:chr12:119754110-122007651
CAND2	1	0	-0.90811809974576052	0.93789189744520818	0.70859797476889497	-0.79242144331295483	0	1.3385083257285944	EUR:chr3:11019665-13070799
CARD10	1	0	-1.5331342614541308	0.20576999151316719	-0.29056155174988318	0.49470211084500149	0	1.5182437030925353	EUR:chr22:37570269-39307894
CARD8	1	1	0.12287756730681557	0.93515219742424838	-0.10738711591052777	0.38063014916378046	1	-0.19341648817932808	EUR:chr19:47150082-49282227
CASC3	1	0	-0.31110040445348941	0.27435501417485664	-0.46989159752213572	0.64581158485450141	0	-0.78135282681139173	EUR:chr17:36809344-38877404
CASP14	1	0	-0.25656184312782637	-0.70676048391695867	0.25535660981883573	-1.5424114315453052	0	0.75123756793808039	EUR:chr19:14486347-15648610
CASP9	1	0	0.57224540174535765	0.36188723641628845	0.58413752244056083	0.37623804244697634	1	2.3275586585824888	EUR:chr1:14891511-16897730
CBL	1	0	0.15419282637620593	1.1708801805843423	0.37212059061519842	-0.3745438613257136	1	-0.045742848840704217	EUR:chr11:117747110-119215476
CBLC	1	0	-1.4357685685309289	0.015464506358055657	-0.40065005772677154	0.4783281929250992	0	-1.6609256254213554	EUR:chr19:44744108-46102697
CBX6	1	0	-1.4635127087177586	-0.55403645869628992	-0.21853749036347389	-0.70992181642016494	0	0.59571119282866225	EUR:chr22:37570269-39307894
CBX7	1	0	-1.3174322757828509	0.28971161523143735	-0.18488495254535176	0.33161163654635928	0	0.45132411488463953	EUR:chr22:39307894-40545797
CBY1	1	0	-1.5608996640077117	-0.19952970879760759	-0.14355449693653582	0.63841378619765898	0	1.2757842754429201	EUR:chr22:37570269-39307894
CCAR1	1	0	1.095739447472077	0.89509984984013913	0.81642955487463564	0.73191117378096904	1	0.74038923584044891	EUR:chr10:70195991-72220850
CCDC105	1	0	-0.14837773987983413	-0.44451263846717104	0.19914983821979021	-1.5424114315453052	0	0.7643734762861969	EUR:chr19:14486347-15648610
CCDC113	1	0	-0.79748235936778766	0.66137361145793638	0.88148068537240398	-1.1046502766824373	0	-0.56091732767429714	EUR:chr16:57664330-59045405
CCDC121	1	1	0.2072130761035863	-1.4543773039010235	-0.21491854779890956	-0.64868702072582451	1	1.9382142952725625	EUR:chr2:26894985-28598777
CCDC124	1	0	-0.5053852805982042	-0.54621098979744376	-1.2088127388453642	0.95853837433956268	0	1.7108130691704708	EUR:chr19:16374416-18409862
CCDC136	1	0	0.73851455811583666	0.26242460481446178	0.18719148203352812	-1.2246363491606882	1	0.91789075737373615	EUR:chr7:126869221-128778386
CCDC153	1	0	0.37060828257607242	-0.87801562840220038	0.28765829534384163	-0.92000617051240963	1	0.032041694451934506	EUR:chr11:117747110-119215476
CCDC63	1	1	0.57645575188171849	0.77132173963675765	-0.86520228708017832	-1.5424114315453052	1	-1.3710692227595382	EUR:chr12:110336719-113263518
CCDC71	1	0	-1.6741456464710287	-1.3654746417874504	-1.0108674694210193	0.18937660221091152	0	0.28972753785939875	EUR:chr3:47727212-49316972
CCDC77	1	0	-1.1265842162539923	0.6714353407491136	-0.14747189272882427	-0.38895749070245772	0	-1.1071507888238856	EUR:chr12:61107-1080331
CCNG2	1	0	-0.88402964196617717	1.9370975119738407	0.69096710083403268	-0.29079362448653651	0	-0.060412666919064988	EUR:chr4:77130707-79093979
CCNI	1	0	-0.92730328326538281	0.19775221362324119	0.82159495853540288	1.1559712261828132	0	-0.061372793585132292	EUR:chr4:77130707-79093979
CCR7	1	0	-0.48423276941339144	-0.49676925257178056	-0.18577444568234405	-0.63163084246833168	0	-0.77486698216316796	EUR:chr17:36809344-38877404
CD1A	1	0	-1.2734924136589405	-1.2981640193664346	0.73229833799780297	-1.3822146075020518	0	-1.7818605813290831	EUR:chr1:158027412-159913048
CD1B	1	0	-1.1977635413853416	-1.4085359256045293	0.70448080569163241	-1.3548024460188213	0	-1.4436625993353669	EUR:chr1:158027412-159913048
CD1C	1	0	-1.186945131060551	-1.3537728015776083	0.69897693875943112	-0.55713988146771742	0	-1.4506847612167051	EUR:chr1:158027412-159913048
CD1D	1	0	-1.3059476446333338	-1.1592889505965818	0.76236834032009071	0.29030761328157983	0	-1.7666647168910057	EUR:chr1:158027412-159913048
CD1E	1	0	-1.0679426174877684	-1.3062159179218502	0.66082817071196243	-0.8113727982236163	0	-1.4914826031478663	EUR:chr1:158027412-159913048
CD244	1	0	-0.8732112316413867	0.29525709006675643	0.33591497605872245	-0.26386240300889641	0	-0.057395484363286647	EUR:chr1:159913048-162346721
CD37	1	1	1.1860161024418794	-0.77398497804713406	-1.308165946614162	0.42387357919353502	1	0.34603893748272108	EUR:chr19:49282227-51532567
CD3D	1	0	0.11090973513624143	-1.3646618831353305	0.38523112419264577	0.33161163654635928	1	0.17809451193139833	EUR:chr11:117747110-119215476
CD3E	1	0	0.089268189516259172	-0.50158620816183042	0.40310756429689398	0.46177773340449191	1	0.1442509487337737	EUR:chr11:117747110-119215476
CD3G	1	0	0.1000889623262393	-0.55737406678297985	0.39662703176902858	-0.7644260123559129	1	0.16434049380402052	EUR:chr11:117747110-119215476
CD48	1	0	-0.82993759034218095	0.30374533711282609	0.26304901128472086	0.66415159094917364	0	-0.46013365971014375	EUR:chr1:159913048-162346721
CD5L	1	0	-1.2572647981717548	0.8504290857914808	0.72470375593288849	1.2028861247178617	0	-1.7569699339803855	EUR:chr1:156336133-158027412
CD80	1	0	-0.79803518090318903	0.35336575120276337	0.5937903223176253	-0.8113727982236163	0	-1.4155156503222928	EUR:chr3:118530251-120523055
CD81	1	0	0.2627218524625321	-0.037842959333083868	0.22533141209362337	1.8201488675398916	1	-0.48909463299767136	EUR:chr11:1213590-3665481
CDA	1	0	0.87913075209361857	0.2268969009531191	0.58178983661559747	1.0632407835319135	1	-0.55085108957923623	EUR:chr1:20469149-21736588
CDC42	1	0	0.98873266293228634	0.45547706629841572	0.56290019677658965	1.3308802505729731	1	-1.150382546548419	EUR:chr1:21736588-23086883
CDC42BPB	1	0	-0.40321160471878076	1.3271318697439709	0.16782220281475521	0.63098016271030077	0	-1.3540954207418425	EUR:chr14:103012102-105001723
CDC42EP1	1	0	-1.414131747881326	-0.70253814499687717	-0.41519872436028765	1.2003170190967736	0	1.5534178623424035	EUR:chr22:37570269-39307894
CDC6	1	0	-0.36520426850345605	-0.29115427551521383	-0.34260568221612486	-0.97204641688175619	0	-0.68185575410155641	EUR:chr17:36809344-38877404
CDH6	1	0	-1.2690667003442515	1.3881265861691394	0.72443194274471923	-0.86967247267934789	0	-0.49589524437670301	EUR:chr5:29714820-31390249
CDHR4	1	0	-1.7390631951016198	-0.69017742923187864	-0.99908619071641758	-1.3961064692836005	0	0.43862706574771637	EUR:chr3:49316972-51832015
CDKN1C	1	0	0.28435867311213497	-1.6348347176774127	0.20419979400553726	-0.11755744074719161	1	0.76657561309059208	EUR:chr11:1213590-3665481
CDON	1	0	-0.60049504422839595	1.2107847309820035	0.85178040141891753	-0.84024587985937749	0	-1.5969644316703639	EUR:chr11:124495528-126311320
CEACAM16	1	0	-1.4682237995053222	-0.50590079129631149	-0.37533906184022381	-1.2753861034403373	0	-1.6496119038117816	EUR:chr19:44744108-46102697
CEACAM19	1	0	-1.4790422098301346	-0.0078468545246651398	-0.3195063569852285	0.3406413111146418	0	-1.616374186155729	EUR:chr19:44744108-46102697
CEACAM20	1	0	-1.5655894924285241	0.17706057263518846	-0.13661067681146005	-1.3145807497409923	0	-1.6245163129730462	EUR:chr19:44744108-46102697
CECR2	1	0	0.1119173762229444	1.6768826277153717	-0.08071866927102278	-0.57338384522302643	1	-1.0157711444116926	EUR:chr22:17674295-18296088
CECR3	1	0	0.16671833164227826	-0.62759155847767134	-0.20455339320047849	-1.5424114315453052	1	-0.9272147161092249	EUR:chr22:17674295-18296088
CEL	1	1	1.4161801152030862	-0.62689021017718438	0.20383954018698414	-1.1876456375534696	1	-0.52443193034256286	EUR:chr9:135298842-137041122
CELA2A	1	0	0.53936482849374412	-0.28728612681148308	0.59961605840506615	-1.5424114315453052	1	2.3214372235973606	EUR:chr1:14891511-16897730
CELA2B	1	0	0.56128521066148651	0.10253585535385169	0.58765346824152775	-1.1876456375534696	1	2.3255084854406851	EUR:chr1:14891511-16897730
CELA3A	1	0	0.99969285401615748	-0.55269130908997166	0.56141627960343998	-1.5424114315453052	1	-1.2463725079559596	EUR:chr1:21736588-23086883
CELA3B	1	0	0.97777247184841509	-0.02422839118624754	0.56793662045677018	-1.5424114315453052	1	-1.2401453891579037	EUR:chr1:21736588-23086883
CENPA	1	1	0.3154976562831292	0.38474691814070777	-0.24361144298413953	-1.2753861034403373	1	1.9445228545090674	EUR:chr2:26894985-28598777
CENPE	1	0	-1.6420554600826507	1.0956633317282429	0.28317681092868202	-1.2246363491606882	0	1.6555117059402487	EUR:chr4:103221356-105305294
CEP55	1	0	-0.68929825611979545	0.28859771082431729	0.49583846145874944	-1.2246363491606882	0	-0.83681222147756373	EUR:chr10:93335047-95396368
CFB	1	0	1.1173762681216577	0.068418781631025868	-8.9096460106857975	2.1202048921479082	1	0.3901394292406648	EUR:chr6:31571218-32682664
CGB1	1	1	0.59416578391307806	-0.40556373620345493	-0.59490393601198521	-1.5424114315453052	1	-0.98350468018518389	EUR:chr19:49282227-51532567
CGB2	1	1	0.57224540174535765	-2.17281774874523	-0.56571546933233885	-1.5424114315453052	1	-0.94364853429843065	EUR:chr19:49282227-51532567
CGB5	1	1	0.61608616608082034	-2.116343479666416	-0.61892865660320973	-1.5424114315453052	1	-1.0032373535551025	EUR:chr19:49282227-51532567
CGB7	1	1	0.64896673933241189	-1.2179244827649054	-0.64783402123020639	-1.5424114315453052	1	-1.1732357125279194	EUR:chr19:49282227-51532567
CGB8	1	1	0.63800654824854075	-2.0753992213489698	-0.629644547206203	-1.5424114315453052	1	-1.0352277441449194	EUR:chr19:49282227-51532567
CGREF1	1	1	0.53206681664223698	-0.075117733495416811	-0.36061059420800545	1.3519888524872592	1	1.9772871989460659	EUR:chr2:26894985-28598777
CHCHD10	1	0	1.668264510132013	-1.6520444693618512	-0.10696078716104553	1.5949258813651959	1	1.1152736083276151	EUR:chr22:23712647-24984204
CHD9	1	0	0.60786602276790602	1.9311634169747895	0.62158785490603208	0.13887730318557678	1	-0.048484028101499224	EUR:chr16:52035823-53382572
CHEK1	1	0	-0.45801256013811464	0.63815549456103149	0.68653297283625769	-0.8113727982236163	0	-0.61049047816555468	EUR:chr11:124495528-126311320
CHERP	1	0	-0.21328820182862068	0.076427208825351728	0.22959995364069671	0.60088036988254712	0	-0.29315585393477067	EUR:chr19:16374416-18409862
CHGA	1	0	-0.25841061866845916	-0.46393196187888069	0.72796239946314589	-1.4675165657271294	0	-0.66587796839347368	EUR:chr14:93132299-94325285
CHMP4C	1	0	-1.4033133375565356	0.14911749110245426	0.49583846145874944	0.081339246334298773	0	-0.11277606531082776	EUR:chr8:81956395-82693739
CHRNA10	1	0	0.057172056291359991	-1.0375504466840453	0.77272533463710802	-0.99336676308912741	1	0.60818278400965842	EUR:chr11:3665481-4746709
CHRNB2	1	0	-1.0169823054153244	-0.46191754225251819	-0.54668977737765023	-1.4970374803542688	0	-1.2702431440218123	EUR:chr1:153180829-154770403
CHRND	1	0	1.4094733468912413	-0.56761882180705792	0.360572071915714	-1.5424114315453052	1	-2.3358586965980579	EUR:chr2:231843389-233550003
CHRNG	1	0	1.4202917572160538	-0.92887666943607938	0.35161363928463518	-1.4385526828579982	1	-2.3617729714726274	EUR:chr2:231843389-233550003
CHUK	1	0	1.2769745926314702	0.47441396180995127	0.20779847470745974	0.42813166860987051	1	0.89763311456880857	EUR:chr10:100668400-102949239
CIB3	1	0	-0.35392753605100624	-0.46746992899930223	0.32514969846110464	-1.5424114315453052	0	0.58755656237394949	EUR:chr19:15648610-16374416
CIB4	1	1	0.10975695394198669	0.76368228129939419	-0.098454802262650326	-1.5424114315453052	1	1.9284540192732162	EUR:chr2:24686918-26894985
CIITA	1	0	-1.1875830020629354	0.69490347538434094	0.88397585447473304	-0.20494104501434526	0	-0.08443486406212275	EUR:chr16:10426032-11520161
CILP2	1	1	1.2142596717733902	-0.75104043940569398	-0.26809982827408207	-1.3548024460188213	1	2.7443767150161924	EUR:chr19:18409862-19877471
CINP	1	0	-0.31553007604785538	-0.072876655950662339	0.08248653168873836	0.74580303556251748	0	-1.1013573373813812	EUR:chr14:101534307-103012102
CISD2	1	0	-1.7069800969426194	-0.074129335936950105	0.27764617617879245	0.41532180080646014	0	1.6528228444464454	EUR:chr4:103221356-105305294
CKB	1	0	-0.1840077830414453	-1.4365587381115363	-0.061902693143535269	0.45343510281395133	0	-0.76767807643382746	EUR:chr14:103012102-105001723
CKM	1	0	-1.2410371826845472	-0.22938722558769661	-0.63134222482347169	-1.4385526828579982	0	0.013280358826978726	EUR:chr19:44744108-46102697
CKS1B	1	1	-0.72105714615091276	-1.2162479020463126	-0.63814857489914256	0.95250677424026065	0	-0.84656732699222692	EUR:chr1:154770403-156336133
CLASRP	1	0	-1.3167660549581461	0.27558619401949874	-0.55590636484447409	0.83642188266082707	0	-0.72552432467479244	EUR:chr19:44744108-46102697
CLCNKA	1	0	0.78048903233882205	-0.2967648638065839	0.10694748972091328	-1.3014043576765615	1	2.3753490662241528	EUR:chr1:14891511-16897730
CLCNKB	1	0	0.82432979667428474	-0.38503838846432864	0.10162425406656811	-1.5424114315453052	1	2.377654861302267	EUR:chr1:14891511-16897730
CLDN23	1	0	-0.16208740087372495	-1.7945379605756113	0.73554362837924936	0.19928012204816672	0	-0.011363516542294257	EUR:chr8:7153079-9154694
CLK2	1	0	-1.0279424964991957	-0.27436661322991612	-0.54831289733832389	0.78336985535825332	0	-1.4577791952261057	EUR:chr1:154770403-156336133
CLMN	1	1	0.66294457254657713	1.4026029926485248	1.1546382679674676	0.26687142904068867	1	1.8114266964687014	EUR:chr14:95750867-96262415
CLPTM1	1	0	-1.3600396962573298	0.42509674052259211	-0.50762699294829239	1.1586155683531729	0	-1.3523852156817249	EUR:chr19:44744108-46102697
CLTCL1	1	0	0.035196038635890187	1.2438138142315853	0.14713353618859504	-0.50160265237970003	1	-1.1822752319403924	EUR:chr22:18296088-19912358
CMAS	1	0	1.3553812952672453	-0.10371566373559787	0.44373693198722702	0.99129508336687	1	0.48955758963185242	EUR:chr12:20863943-23820634
CNGB1	1	0	-0.80830076969257814	1.0521741510074754	0.90381683913691191	-1.4970374803542688	0	-0.93789445917965952	EUR:chr16:57664330-59045405
CNNM1	1	0	1.1543511364353469	0.82590914164992979	0.37999806736754382	-1.2625405033716455	1	0.35477347850054525	EUR:chr10:100668400-102949239
CNOT1	1	0	-0.77584553871818485	1.227749549595027	0.84746193450625451	0.66415159094917364	0	0.051773925993188225	EUR:chr16:57664330-59045405
CNOT3	1	0	-1.5655894924285241	-0.16640606802689725	-0.67719872069218057	0.49062497630925811	0	-1.7037572003005317	EUR:chr19:54602362-55728080
CNOT6L	1	0	-0.91648487294057046	1.2013415224197199	0.75409424826336491	0.22861299389183048	0	-0.23094493164181834	EUR:chr4:77130707-79093979
COL11A2	1	1	1.3552986082854517	0.22323935811666862	-0.20770185537016034	-0.98266957519798592	1	0.81964217870857414	EUR:chr6:32682664-33236497
COL13A1	1	0	0.85773442032648961	1.5280743277625897	1.0770024739134925	-1.1515253769195539	1	1.1281149017021117	EUR:chr10:70195991-72220850
COL27A1	1	0	0.96484215867771195	1.5018608736301491	0.77986170806660571	0.72491781202550087	1	0.28188373511044118	EUR:chr9:115693145-117019801
COMP	1	1	1.4741426642042932	-0.73932367489832973	-0.74457526056410805	-1.327871224541181	1	2.8879289735869773	EUR:chr19:18409862-19877471
COPE	1	1	1.430828832132476	-0.088741665235901185	-0.62568935422862815	1.2533854237431963	1	2.8462277757364141	EUR:chr19:18409862-19877471
COQ5	1	0	1.0873743826870828	0.25713090515114373	0.39175167420599505	1.0001087358110112	1	0.27419938611426958	EUR:chr12:119754110-122007651
COX15	1	0	1.343860114193004	-0.074433323132734944	0.17369095552494693	0.29495221667459859	1	0.74381506245438966	EUR:chr10:100668400-102949239
COX17	1	0	-0.7006482256132579	0.021393469713924342	0.5587422221213314	1.4113877012554978	0	-1.1911340585258279	EUR:chr3:118530251-120523055
COX6A1	1	0	1.0654540005193405	-1.6394638819388874	0.39792495769169028	1.7801398880417836	1	0.26412039552652289	EUR:chr12:119754110-122007651
COX7A2L	1	0	-1.1546475701492844	1.0867915323484678	0.87748139376640122	1.2308660920009888	0	0.68826099855280432	EUR:chr2:40281483-43309590
COX8C	1	0	0.29509854366765459	-2.2723960310220246	0.66644666685055132	-1.4970374803542688	1	1.4865047323179408	EUR:chr14:93132299-94325285
CPEB3	1	0	-0.5919325631965936	1.8428045671700517	0.42401370097834096	0.4110279791248429	0	1.0579550868953411	EUR:chr10:93335047-95396368
CPLX4	1	0	0.32016100681640869	0.51385362222351572	0.81849744929261015	-1.5120136015842425	1	0.070702817735054671	EUR:chr18:56530220-57630483
CPN1	1	0	1.3661552880468484	0.44329382990622768	0.15306825652495759	1.1400087920477864	1	0.70168236452105071	EUR:chr10:100668400-102949239
CPT1C	1	1	1.0654540005193405	0.017760657981006973	-1.1659781928838437	-0.99336676308912741	1	0.43410959385921977	EUR:chr19:49282227-51532567
CRAT	1	0	0.14371933888974942	-0.23798729943386945	-0.63190846412816992	1.2182111130700659	1	1.4200039458546376	EUR:chr9:130055510-132165470
CRCP	1	0	-1.3816765169069327	0.44870673248694015	0.21246630686659224	0.76640791205277092	0	-0.017388051364441392	EUR:chr7:63641125-65689809
CRLF1	1	1	1.3875150000606589	0.35797429611046849	-0.79522314687479567	-1.2883401064786222	1	2.9155900335924527	EUR:chr19:18409862-19877471
CROCC	1	0	0.84625017884202702	1.8050726997919075	0.016692150660411766	-0.38895749070245772	1	2.3870067010651064	EUR:chr1:16897730-18662899
CROCCP2	1	0	0.87365065655168295	0.13029744885180386	0.015096707473524203	1.0001087358110112	1	2.3941601353902993	EUR:chr1:16897730-18662899
CRTC1	1	1	1.4091719160965674	1.1433245874139137	-0.60995269745476699	-0.34611637760602121	1	2.83084470829816	EUR:chr19:18409862-19877471
CRX	1	1	0.33112119790027988	0.052405503321732633	-0.25512214393985533	-1.4675165657271294	1	-0.06480228550804025	EUR:chr19:47150082-49282227
CRYBB2	1	0	1.6134635547126792	-0.45553153123005757	-0.052359120792406302	-1.3014043576765615	1	0.83797862000814172	EUR:chr22:24984204-26791628
CRYBB3	1	0	1.6353839368804215	-0.8379538295485387	-0.062318751223965296	-0.83056105120184698	1	0.85265614195150607	EUR:chr22:24984204-26791628
CSF2RB	1	0	-1.3315607482679062	0.14169051728251542	0.12621062169613487	-0.2772689532940576	0	1.3482967806135651	EUR:chr22:35530985-37570269
CSF3	1	0	-0.25699654040352282	-1.6998069809524905	-0.61836638002609789	-1.3822146075020518	0	-1.1068981268195102	EUR:chr17:36809344-38877404
CSNK2A2	1	0	-0.78666394904297532	0.44965009004940798	0.85583564256119637	0.49062497630925811	0	-0.58690588385266007	EUR:chr16:57664330-59045405
CTBS	1	0	-1.7278656473005125	0.083672585557597115	0.54800712812091057	0.72140914706869153	0	-1.4621510582885877	EUR:chr1:84844495-86454751
CTDSPL	1	0	-1.1220346691117644	1.3111237529671271	0.25745771516903904	0.4110279791248429	0	-0.32143131589280466	EUR:chr3:36486842-38356116
CTRC	1	0	0.55032501957761537	-0.55844231388335441	0.59699674973629779	-1.327871224541181	1	2.3234680405463934	EUR:chr1:14891511-16897730
CUBN	1	0	1.377018115916848	2.0155389987191583	0.73500314228109076	-1.2883401064786222	1	-0.12104683279327969	EUR:chr10:16551767-18537267
CUTA	1	1	1.1821662433255717	-1.9062671263617588	0.004692615272767554	1.4091451292711226	1	0.70536467788611268	EUR:chr6:33236497-35455756
CUTC	1	0	1.3773028749737708	0.67437235514956995	0.13894204926293702	0.73539594315561607	1	0.76217504001591863	EUR:chr10:100668400-102949239
CUX2	1	1	0.53318211058251275	2.0419210881897447	-0.78473583004097425	0.50686894006456717	1	-1.1307055665618944	EUR:chr12:110336719-113263518
CWC15	1	0	-0.038440664745140268	-0.54522961864898645	0.36849882704683151	1.0434335377430501	1	0.111673891297043	EUR:chr11:94242260-95726041
CWC25	1	0	-0.57079895189332042	0.089008432174272914	-0.8722836897611892	0.57791175806387796	0	-0.042042798162792862	EUR:chr17:36809344-38877404
CWF19L1	1	0	1.2546794187776475	0.35495577188323141	0.21246630686659224	0.15927680938315789	1	0.89845273060487574	EUR:chr10:100668400-102949239
CXCL13	1	0	-0.93812169359017328	1.1554507295214433	0.81798069259001838	-0.58157074596391278	0	-0.35681541396735955	EUR:chr4:77130707-79093979
CXCR5	1	0	0.44635369224602128	-0.35699476340750552	0.2727932551023492	-1.1998770986860694	1	0.077017746722253436	EUR:chr11:117747110-119215476
CXXC4	1	0	-1.0248195599567338	0.13500233583939647	0.30308773613625917	-1.3822146075020518	0	0.94900438001910592	EUR:chr4:105305294-107501305
CYP21A2	1	1	0.98755534422408464	-1.4471098936025231	-5.955616660783444	0.032603716527207366	1	0.81715441767955321	EUR:chr6:31571218-32682664
CYP26A1	1	0	-0.62438779417098689	-1.2471739031494358	0.44753013610343534	0.49062497630925811	0	-0.92416774924553724	EUR:chr10:93335047-95396368
CYP26C1	1	0	-0.63520620449579934	-0.84619458857853291	0.45194572232965574	-1.5424114315453052	0	-0.95958161520969865	EUR:chr10:93335047-95396368
CYP4F11	1	0	-0.47293004962381091	0.0064503457304584079	0.41246415115440083	1.0491188785023953	0	0.47893584441234766	EUR:chr19:15648610-16374416
CYP4F12	1	0	-0.6460246148205897	0.069396814849877031	0.61496601951183272	1.16652137252489	0	0.41627616659542765	EUR:chr19:15648610-16374416
CYP4F2	1	0	-0.51620369092299467	-0.080500102354823175	0.45131556990874006	1.3956204580786438	0	0.45587635955763028	EUR:chr19:15648610-16374416
CYP4F22	1	0	-0.5919325631965936	0.51969045822791993	0.55814746126765602	-0.19853168183936099	0	0.46211309710840187	EUR:chr19:14486347-15648610
CYP4F3	1	0	-0.63520620449579934	-0.013374046510223262	0.60803088596869048	1.3426430686702471	0	0.44768904570075146	EUR:chr19:15648610-16374416
CYP4F8	1	0	-0.62438779417098689	-0.28448508477575674	0.58765346824152775	-1.5120136015842425	0	0.44935438189239924	EUR:chr19:15648610-16374416
CYP7A1	1	0	0.077271579888134823	-0.6133783582426664	0.45823545595948123	0.58943902312423935	1	0.39724049208937984	EUR:chr8:59068651-59728100
CYTH2	1	1	-0.03056510786731486	-0.39933687924184347	0.0062970624813742894	0.419603645285127	1	-0.6899969928587828	EUR:chr19:47150082-49282227
CYTH4	1	0	-1.5764079027533144	0.30859038953448786	-0.0057703854294057439	0.12339777452962181	0	1.477065458019059	EUR:chr22:37570269-39307894
DAG1	1	0	-1.5334909577714106	0.84538236767454522	-1.0745220506954136	0.81674160988583244	0	0.25576530422642402	EUR:chr3:49316972-51832015
DALRD3	1	0	-1.5929987106827841	-0.9141443000768168	-1.057331955047448	0.86227580328697162	0	0.27334657644649485	EUR:chr3:47727212-49316972
DAP3	1	0	-0.69913676398319247	0.63719093330982912	-0.64213055387413831	1.074445506640205	0	-2.2125795225622333	EUR:chr1:154770403-156336133
DAPP1	1	0	0.59809257253129933	0.67069933312667385	0.8941709688380598	-0.50941457891017539	1	2.2627748624818089	EUR:chr4:100678360-103221356
DAXX	1	1	1.2146285617555561	-0.56495497982802478	-0.079038358215104895	0.64949715745401293	1	0.73840982949893896	EUR:chr6:33236497-35455756
DBH	1	1	1.7121052744674758	0.022835109221282852	0.065479809251513782	0.76640791205277092	1	-1.3170223849245772	EUR:chr9:135298842-137041122
DBP	1	1	0.13383775839068673	-0.84878802080159554	-0.1090934151604986	0.22861299389183048	1	-0.75998028127387385	EUR:chr19:47150082-49282227
DCAF6	1	0	-1.7386840576253029	1.4142001760278344	0.58384422477207343	1.0938591018947177	0	-1.9328676919937664	EUR:chr1:166460517-169086324
DCDC2	1	1	0.15575814055840709	1.6338209128539178	1.3160206897468061	-0.029142972544210624	1	0.29644455935914182	EUR:chr6:23936619-24852275
DCLK3	1	0	-1.1977635413853416	0.15922801501020814	0.4227339765806426	-1.5120136015842425	0	-0.21606563210019394	EUR:chr3:36486842-38356116
DCPS	1	0	-0.56761447097678241	0.48690685810514611	0.78539322970601011	0.92814054437850002	0	-1.7537747366893142	EUR:chr11:124495528-126311320
DCST1	1	1	-0.80873867482186024	-0.20455374241109975	-0.62907900107893666	-1.0480002963675215	0	-1.182550666828577	EUR:chr1:154770403-156336133
DCST2	1	1	-0.79777848373798899	-0.29241435887896783	-0.63134222482347169	-0.77370120825070487	0	-1.2366085235774209	EUR:chr1:154770403-156336133
DDA1	1	0	-0.78666394904297532	-0.37083303879693202	-0.90481836740576727	0.14400265101987489	0	1.6757916218132327	EUR:chr19:16374416-18409862
DDI2	1	0	0.6051259749969492	0.64460499246811687	0.47728797651895966	0.28097603287098549	1	2.3337685748071388	EUR:chr1:14891511-16897730
DDIT4L	1	0	0.72791349642889447	-1.165065265999824	0.73770399332666226	-1.3684473380869764	1	2.0636403123886056	EUR:chr4:100678360-103221356
DDOST	1	0	0.95585208968067281	-0.6389009040294148	0.57266427754496063	1.2003170190967736	1	-0.57879321087193558	EUR:chr1:20469149-21736588
DDR1	1	1	1.041571804575542	0.04758774128234345	-7.628764116695737	0.12339777452962181	1	-1.6853451183856931	EUR:chr6:30798168-31571218
DDR2	1	0	-1.3059476446333338	1.497315047533986	0.87723115042436806	-0.62317329903326701	0	-0.1575445956676555	EUR:chr1:162346721-165191702
DDT	1	0	1.4490606884546775	-0.6899237741106814	0.081331941237916913	1.6476950324881818	1	1.0717118582547893	EUR:chr22:23712647-24984204
DDX17	1	0	-1.4797438679327508	0.06316032622921175	-0.2783609053815399	1.4269946356254941	0	1.3219266327819097	EUR:chr22:37570269-39307894
DDX21	1	0	1.0416473958480807	0.20036317176290513	0.86391952457191712	0.75614004600760676	1	0.73912927851806154	EUR:chr10:70195991-72220850
DDX24	1	1	0.79277258273914974	0.23621936395828771	0.88272869106340379	1.1130302373421537	1	1.8257355291103041	EUR:chr14:94325285-95750867
DDX25	1	0	-0.55665427989291116	-0.088586805422098236	0.76556129481887736	-1.2371673595673942	0	-1.6538969543981195	EUR:chr11:124495528-126311320
DDX31	1	1	1.3613791597837521	0.9576375096941826	0.25640746111609042	-0.034881447452529551	1	-0.55404062915514485	EUR:chr9:135298842-137041122
DDX49	1	1	1.4200003741145326	-0.70305392364170549	-0.60939314500342812	0.66050107733744023	1	2.8384522864649249	EUR:chr19:18409862-19877471
DDX50	1	0	1.0524658061728713	0.54975077430604613	0.86240648795101538	0.51894009204864411	1	0.73715171244312017	EUR:chr10:70195991-72220850
DDX54	1	0	-0.88402964196617717	0.18314989414426913	0.097812532507928263	0.51492691263787738	0	-0.029576199947924146	EUR:chr12:113263518-113986709
DDX6	1	0	0.45717446505602344	0.48372896203153787	0.31364245495440035	0.71436766568342425	1	0.12325374657295257	EUR:chr11:117747110-119215476
DEDD	1	0	-0.97057692456456657	-0.49604601572975404	0.37310711361563326	0.70374450736719441	0	-0.38202688600140672	EUR:chr1:159913048-162346721
DERL3	1	0	1.5586625992933454	-1.2114063635296874	-0.0021418694587621405	-0.17946261363158367	1	1.0869094094796661	EUR:chr22:23712647-24984204
DEXI	1	0	-1.1659414564429533	-0.38287945771997356	0.84160319295280472	0.8686718135833309	0	-0.081412537884417005	EUR:chr16:10426032-11520161
DGCR6	1	0	0.046156229719739351	-0.76965976688625881	0.13408450214608605	0.61223706965056268	1	-1.2813648580822352	EUR:chr22:18296088-19912358
DGKD	1	0	1.6258415533872259	1.2796195501462899	0.74846809515554724	0.09724654153901223	1	-1.2951770434856518	EUR:chr2:233550003-235150987
DGKG	1	0	-0.26923907668642444	1.8802299910436224	0.53931383011307199	-1.0480002963675215	0	0.97995792657813796	EUR:chr3:185068255-186890344
DHDH	1	1	0.46264349090668994	-0.52463175685785035	-0.43851346313975048	-1.2371673595673942	1	-1.1697008869973788	EUR:chr19:49282227-51532567
DICER1	1	1	0.67376357339595272	0.89958529070731408	1.0926591321988195	0.48243807556837204	1	1.8142588541478402	EUR:chr14:94325285-95750867
DIO2	1	0	-1.4603694586614622	1.6498970305523841	0.38196220072137266	-1.5271372731820223	0	-1.0139381474621751	EUR:chr14:80186579-81579714
DIRAS3	1	0	1.0631377424156363	-1.054737304798911	0.51511810694632754	0.14400265101987489	1	1.2442914389586912	EUR:chr1:68477895-69687616
DIS3L2	1	0	1.1606499094208635	2.1888849512719109	0.7039311560872169	0.070642058443157407	1	-2.1731798814840118	EUR:chr2:231843389-233550003
DKKL1	1	1	1.2517772489450845	-0.39638656841055209	-1.3595004130675126	-1.3961064692836005	1	0.35929690962515271	EUR:chr19:49282227-51532567
DLEC1	1	0	-1.1544899000861577	1.0280757067884403	0.27418110492832271	-0.47074653304359965	0	-0.40867393939729441	EUR:chr3:36486842-38356116
DLG5	1	0	-0.51281351555744847	1.3905847539137328	0.50167417098279621	-0.31820578596976723	0	-1.7137783189380635	EUR:chr10:78706814-80876749
DMC1	1	0	-1.5230269591727374	0.64150697770724885	-0.21537052822342712	-1.4101251991383059	0	1.3066645306405094	EUR:chr22:37570269-39307894
DMP1	1	1	0.64130657084782605	-0.35584359392419451	0.53931383011307199	-1.5424114315453052	1	2.6285482986661832	EUR:chr4:87534648-89238028
DMPK	1	0	-0.98139533488935693	-0.42569106202599216	-1.2196783339426338	0.22861299389183048	0	0.66399939459544544	EUR:chr19:46102697-47150082
DMWD	1	0	-0.98139533488935693	-0.62907428415746802	-1.2196783339426338	-0.13586827715378455	0	0.66399939459544544	EUR:chr19:46102697-47150082
DNA2	1	0	1.1173762681216577	0.73622485599549525	0.69870131463237162	-0.48609706346840675	1	0.77653164920485929	EUR:chr10:70195991-72220850
DNAH12	1	0	0.25190344213774168	1.6974380865327885	0.81176831428438212	-1.2371673595673942	1	-0.23713610370409755	EUR:chr3:56433907-58157519
DNAJB14	1	0	0.60891098285611178	0.62851607463719728	0.89168953707479959	0.081339246334298773	1	2.2610072657451417	EUR:chr4:100678360-103221356
DNAJC16	1	0	0.58320559282920692	0.82985278383550154	0.55129391717087528	0.32707680237592568	1	2.3296186618795378	EUR:chr1:14891511-16897730
DNAJC5G	1	1	0.42378223646269408	-1.001113935459246	-0.29905558999817922	-1.5424114315453052	1	1.9573772635305744	EUR:chr2:26894985-28598777
DNAJC6	1	0	-0.77598254042098636	1.5526305239844425	0.56882397795589901	-1.3014043576765615	0	-0.19648622440431049	EUR:chr1:65041704-66939404
DNAL4	1	0	-1.5013854135527551	-0.2710721913014818	-0.20590207733023075	-0.012055149518268044	0	0.80801228369436529	EUR:chr22:37570269-39307894
DNASE1L3	1	0	0.4358164176593109	0.0043946668043912196	0.27383424017715419	1.4771852128346781	1	-0.70870455487608197	EUR:chr3:58157519-60272906
DNASE2B	1	0	-1.6737735956765163	-0.23297448742578911	0.51420457543406195	-1.327871224541181	0	-1.471787914154159	EUR:chr1:84844495-86454751
DNMBP	1	0	1.1989414841430361	1.3821099515435196	0.23244018006944805	0.22861299389183048	1	0.71558500105654355	EUR:chr10:100668400-102949239
DOLK	1	0	0.25190344213774168	-1.8231023823859343	-0.69762440424638816	0.17940877335280311	1	1.4218825394380823	EUR:chr9:130055510-132165470
DOLPP1	1	0	0.067990466616150408	-0.67055666261351643	-0.6200537232780986	0.4783281929250992	1	1.4181303503013452	EUR:chr9:130055510-132165470
DPAGT1	1	0	0.1866551448061903	-0.48859038882329531	0.3105843872145187	0.68946496020657122	1	0.13167320940800425	EUR:chr11:117747110-119215476
DPM3	1	1	-0.84161924807345168	-2.6597536072945527	-0.62117947534241347	1.0405829515008636	0	-0.78526015183477693	EUR:chr1:154770403-156336133
DPYSL5	1	1	0.26135536619336874	1.1746184275539475	-0.19872044300514544	-1.5424114315453052	1	1.9373193423646131	EUR:chr2:26894985-28598777
DROSHA	1	0	-1.2800268914281228	1.3668126162655883	0.79588387358546209	0.14400265101987489	0	-0.63090761269466367	EUR:chr5:31390249-33500180
DSPP	1	1	0.63048756999842848	-0.75379101597102816	0.54141595980997492	-1.5424114315453052	1	2.6242401231286863	EUR:chr4:87534648-89238028
DTX1	1	0	-0.86239282131657424	0.47437669816377281	-0.0057703854294057439	0.72841847545893146	0	-0.07839095518468206	EUR:chr12:113263518-113986709
DUSP10	1	1	0.57645575188171849	0.46373904489427042	0.24446267684239445	0.8971285754813455	1	1.8927841079112186	EUR:chr1:221858231-222230220
DUSP12	1	0	-1.1977635413853416	-0.84134246103275667	0.58384422477207343	0.34961818026662567	0	0.066723131367006944	EUR:chr1:159913048-162346721
DYNC2LI1	1	0	-1.0789145642036335	0.36766610459819954	0.70503029185578503	0.29495221667459859	0	-0.023413217358104067	EUR:chr2:43309590-44313803
DYNLL1	1	0	1.0435336183516202	0.19228859038034671	0.40116578973319172	1.5257865549367768	1	0.26724054739926562	EUR:chr12:119754110-122007651
ECE1	1	0	0.73664826800335925	1.3464239305791399	0.78460402535644391	0.86547713969292384	1	-0.76071146031940995	EUR:chr1:20469149-21736588
ECEL1	1	0	1.3878365262416386	-0.7895098866847845	0.39175167420599505	-1.3822146075020518	1	-2.2845582984957722	EUR:chr2:231843389-233550003
ECT2	1	0	-1.7217262907101203	0.88889346380885992	0.28317681092868202	-0.72787570822561765	0	0.48170148089988263	EUR:chr3:172295731-173477285
EFCAB6	1	1	1.5176574501392335	1.9573279525832792	0.96639025366823095	-1.1396717253508322	1	3.0714665981517615	EUR:chr22:43714200-44995308
EFHD2	1	0	0.52840463740987298	-0.067170554790486836	0.60716216137864554	0.76981532799192598	1	2.3194159358629869	EUR:chr1:14891511-16897730
EFNA1	1	1	-0.87449982132504323	-0.84993190446970557	-0.61892865660320973	1.4836124668174118	0	-0.82251899079825774	EUR:chr1:154770403-156336133
EFNA3	1	1	-0.67721638181545007	0.049369622099428516	-0.64498008713950983	-0.99336676308912741	0	-1.1839291890002124	EUR:chr1:154770403-156336133
EFNA4	1	1	-0.68817657289932133	-1.0342379660481313	-0.64326983994994469	-0.21137728190805274	0	-1.1858629082097107	EUR:chr1:154770403-156336133
EGFL8	1	1	1.6745114061802615	-1.3835759109296493	-3.2764850558417757	0.40672211304685968	1	0.48193211671155389	EUR:chr6:31571218-32682664
EGR2	1	0	0.78048903233882205	1.2133933642654737	0.43961882186885742	0.09724654153901223	1	-1.0328909727133115	EUR:chr10:63341695-65794114
EHD2	1	1	0.21055909597774097	0.22254193946615433	-0.29480369048514349	0.054455192281274593	1	-0.39679609205831107	EUR:chr19:47150082-49282227
EI24	1	0	-0.40321160471878076	-0.28229139304963863	0.61871171120258239	1.3888131730856661	0	-0.74327356279549972	EUR:chr11:124495528-126311320
EIF3D	1	0	-1.3538559221217508	-0.14067273802004995	0.20275835714897134	1.1691476182472438	0	1.0111950219256427	EUR:chr22:35530985-37570269
EIF3L	1	0	-1.4790422098301346	0.45970460158642579	-0.38720694500638847	1.4046501326469263	0	1.5300530235131387	EUR:chr22:37570269-39307894
EIF4A2	1	0	-0.22592524461460728	-0.9266890024181702	0.55487285041950796	1.574912035273156	0	0.85068856300408324	EUR:chr3:185068255-186890344
EIF4E	1	0	0.67382144480489825	0.74800236815771237	0.81772226003852688	0.60467527972704138	1	2.273531736280205	EUR:chr4:99424067-100678360
EIF4E2	1	0	1.4419285778656346	0.3149881123123105	0.3691578577087456	1.099361044165829	1	-2.3551448992023007	EUR:chr2:231843389-233550003
EIF4G3	1	0	0.67088712150015428	2.1629492662103713	0.92807874506448929	0.4742072770265966	1	-0.59375048620602522	EUR:chr1:20469149-21736588
EIF5	1	0	-0.26072912062852149	-0.51151261648921098	0.0062970624813742894	1.2558673001937726	0	-1.202905081554976	EUR:chr14:103012102-105001723
ELFN2	1	0	-1.5655894924285241	0.75517744676746035	-0.068988451968384795	-1.4101251991383059	0	1.4910663677932257	EUR:chr22:37570269-39307894
ELL	1	1	1.4310936328525707	0.97785878120936998	-0.85175813940925449	0.24307187866002822	1	2.9673296318081848	EUR:chr19:18409862-19877471
ELSPBP1	1	1	0.22151928706161214	0.24069979694324967	-0.18310724970847178	-1.5424114315453052	1	-0.081687263667237373	EUR:chr19:47150082-49282227
EMCN	1	0	0.74955031707849729	2.3701128122090984	0.70887212682880385	-0.30443851655469145	1	2.0624904239035011	EUR:chr4:100678360-103221356
EMILIN1	1	1	0.59703756474996272	-0.80555076213769561	-0.38175803567820821	0.46593210738885804	1	1.9841015126060888	EUR:chr2:26894985-28598777
EML2	1	0	-1.0895794381373491	0.42266952093636539	-1.0623292359352718	0.27158737821932971	0	0.6217459861672775	EUR:chr19:46102697-47150082
EMP3	1	1	0.057116420803610526	-0.6951830392550854	-0.057747256365658639	0.79010249882777717	1	-0.54068190087552259	EUR:chr19:47150082-49282227
ENDOD1	1	0	-0.17221170786816375	0.50211738893890412	0.43231037712667658	-0.063900085721273411	0	-0.0067084879961505075	EUR:chr11:94242260-95726041
ENDOG	1	0	0.3492691350609215	-1.2850506221206832	-1.042420688323769	1.0117821019546285	1	1.5204146512711665	EUR:chr9:130055510-132165470
ENTHD1	1	0	-1.6204139144626686	1.4711786602586876	-0.081138985878414588	-1.5424114315453052	0	-0.92647845388536332	EUR:chr22:39307894-40545797
ENTPD7	1	0	1.2992697664853148	0.56918556784171415	0.19191159176821593	-0.1420207513230172	1	0.68652707596911344	EUR:chr10:100668400-102949239
EPHA2	1	0	0.75856865017107966	0.27157157779662949	0.12583483685367758	0.77999242770249122	1	2.3640055734159011	EUR:chr1:14891511-16897730
EPHX3	1	0	-0.44047481864941762	-0.94754996467170138	0.39077505727684592	-1.2371673595673942	0	0.73697207669325104	EUR:chr19:14486347-15648610
EPM2AIP1	1	0	-1.1653083104109483	-0.84567694883488753	0.35526861512700719	0.35854285802399921	0	-0.22434139196437267	EUR:chr3:36486842-38356116
EPS15L1	1	0	-0.29983548442703212	1.2746871691231625	0.26931906352361351	0.027091896421117274	0	0.46180845059505476	EUR:chr19:16374416-18409862
ERBB2	1	0	-0.18125113073357393	0.49629015666616233	-0.73377217841115405	0.77660755257067671	0	-0.92249033141009995	EUR:chr17:36809344-38877404
ERC1	1	0	-1.1923453627571974	2.4022109603850672	0.85811281100268222	-0.13586827715378455	0	0.98017923743000346	EUR:chr12:1080331-2544786
ERCC1	1	0	-1.1653083104109483	0.8965009943103075	-0.74216911184339729	0.79010249882777717	0	-0.19383498062054547	EUR:chr19:44744108-46102697
ERCC2	1	0	-1.1977635413853416	-0.04370012050435812	-0.69235048355619011	0.10776055695994285	0	-0.09130670051944223	EUR:chr19:44744108-46102697
ERLIN1	1	0	1.2881221795583924	0.41475798762918675	0.19878859846564775	1.1506688366263549	1	0.84441431350573404	EUR:chr10:100668400-102949239
ERP29	1	1	0.58727416220650885	-0.60750745202584533	-0.90285004985085593	1.496386800596238	1	-1.325213877214718	EUR:chr12:110336719-113263518
ETS1	1	0	-1.1680010921766855	1.3496585472765015	0.62818604634489839	0.78336985535825332	0	-0.21886928850656012	EUR:chr11:128188537-130342575
EXOC3L2	1	0	-1.2734924136589405	-0.02533298732664363	-0.58162937220776245	-0.25720278193313983	0	0.084984459976457122	EUR:chr19:44744108-46102697
EXOC3L4	1	0	-0.29360969388011304	-0.58652834574358104	0.038490946626266322	0.94037200551109967	0	-1.4117970681478968	EUR:chr14:103012102-105001723
EXOC6	1	0	-0.7325718974189791	1.7904067515402513	0.62417256239212238	0.23826736691223324	0	-0.52883553051802967	EUR:chr10:93335047-95396368
F11R	1	0	-1.0138505658637722	0.46850382109846694	0.37770393677317271	1.1238786234851077	0	-0.037247285235819196	EUR:chr1:159913048-162346721
FABP4	1	0	-1.3167660549581461	-1.1757955520551089	0.33557950869710079	0.17940877335280311	0	-0.16489559198101642	EUR:chr8:81956395-82693739
FABP5	1	0	-1.2734924136589405	-1.2473482629195656	0.24833562129534301	0.54280130177539077	0	-0.13858134949722836	EUR:chr8:81956395-82693739
FAM107A	1	0	0.3492691350609215	0.80511858774484135	0.39142619257478367	-0.42559503533462567	1	-0.54131582884096674	EUR:chr3:58157519-60272906
FAM110B	1	0	0.0014723737624438011	1.725186531505172	0.84109285824742697	-0.35317404636178301	1	-0.0036964944859597428	EUR:chr8:56956383-59068651
FAM118B	1	0	-0.57857466206065356	0.64502309204836494	0.78644497814443248	0.027091896421117274	0	-1.8517143494621882	EUR:chr11:124495528-126311320
FAM131C	1	0	0.80240941450654235	-0.26263032556447613	0.10504809397714154	-1.482206058210068	1	2.3707750087952428	EUR:chr1:14891511-16897730
FAM163B	1	1	1.6573043190481418	-0.86644623847843738	0.09399293223025014	-0.19853168183936099	1	-1.2234810183277642	EUR:chr9:135298842-137041122
FAM181A	1	1	0.91178159208232468	-0.56473939605985801	0.83162615531635231	-1.5424114315453052	1	1.8367177720290688	EUR:chr14:94325285-95750867
FAM20A	1	0	0.67283677087565374	0.83814476576671415	0.22817820172872999	0.88138443489763763	1	0.51065749094267943	EUR:chr17:64800430-67858770
FAM32A	1	0	-0.34310912572621577	-0.93003057487049579	0.29315909034577758	1.16652137252489	0	0.58138509847003228	EUR:chr19:15648610-16374416
FAM3D	1	0	0.37090595571052437	0.29901000521152049	0.37343583761479526	-1.2883401064786222	1	-0.52915046513413699	EUR:chr3:58157519-60272906
FAM43B	1	0	0.29824062464868833	-1.6606466321691034	0.53690846438923312	-1.2246363491606882	1	-0.57895508980217769	EUR:chr1:20469149-21736588
FAM83E	1	1	0.068076611887481708	-0.35639155520121973	-0.068153421698223998	-1.3548024460188213	1	-0.74616408659787514	EUR:chr19:47150082-49282227
FAM83F	1	0	-1.5122061863627352	0.59901028728330652	-0.27135854021440936	-0.25720278193313983	0	-0.50442842512551422	EUR:chr22:39307894-40545797
FBLIM1	1	0	0.65992693041628303	0.22759038746905608	0.33490839121871341	0.032603716527207366	1	2.34432284320846	EUR:chr1:14891511-16897730
FBXO33	1	0	-1.5903109548769137	0.34287243776777382	0.70969433905879697	-0.11150204729202418	0	-1.2854202320914712	EUR:chr14:38667725-40341990
FBXO42	1	0	0.70924779029368135	1.1968859896808268	0.17295837991320084	0.21401662162793145	1	2.3507829935342803	EUR:chr1:14891511-16897730
FBXO46	1	0	-0.93812169359017328	-0.073711549430117887	-1.2321748952190181	0.13887730318557678	0	0.67032760955046222	EUR:chr19:46102697-47150082
FCER1A	1	0	-1.0030321555389599	-0.14382716060594861	0.55069675382542305	-0.339091009506784	0	-1.2289979163344951	EUR:chr1:158027412-159913048
FCER1G	1	0	-1.0354873865133531	-1.0829474748280061	0.39012369246346651	1.3214046633842549	0	-0.52836322690963999	EUR:chr1:159913048-162346721
FCGR2A	1	0	-1.1761267207357606	-0.14079700998960648	0.5756129329598485	0.35408700511211993	0	-0.11828901811442719	EUR:chr1:159913048-162346721
FCGR2B	1	0	-1.1436714897613454	1.1340950638287635	0.55009939744187142	0.64581158485450141	0	0.12794544590414816	EUR:chr1:159913048-162346721
FCGR3A	1	0	-1.1544899000861577	1.0682873780236977	0.55248766524625526	1.2131197642889209	0	-0.084160075679045765	EUR:chr1:159913048-162346721
FCGR3B	1	0	-1.1220346691117644	-0.71912908909081441	0.5163354468825947	-0.42559503533462567	0	0.084160075679045904	EUR:chr1:159913048-162346721
FCGRT	1	1	1.1750559113580084	-0.10304480823559219	-1.2741839372764125	1.6107511787466333	1	0.46089476801890522	EUR:chr19:49282227-51532567
FCHO1	1	0	-0.63520620449579934	0.46558819006655833	-1.04171362041523	-0.39621537774727372	0	1.6859118992692002	EUR:chr19:16374416-18409862
FCHO2	1	0	-1.4033133375565356	1.3832495261181867	0.40601640575591708	0.42813166860987051	0	0.73320520015498991	EUR:chr5:71240456-73759326
FCRL1	1	0	-1.2843108239837528	0.10888205218324164	0.73013164045346146	-1.1396717253508322	0	-1.7436686334631359	EUR:chr1:156336133-158027412
FCRL2	1	0	-1.2572647981717548	0.26301327737663516	0.72416008956932421	-1.0817388028381392	0	-1.7785220757375493	EUR:chr1:156336133-158027412
FCRLA	1	0	-1.186945131060551	-0.85170307441648285	0.58355088054470672	-1.1162355411099409	0	0.12601323450421301	EUR:chr1:159913048-162346721
FCRLB	1	0	-1.2085819517101539	-0.94002621019162513	0.58736072812900852	-0.92000617051240963	0	0.068918685684216177	EUR:chr1:159913048-162346721
FDPS	1	0	-1.0937036430023788	-0.48275494733072605	-0.53214549800552036	1.3519888524872592	0	-1.4305893997875674	EUR:chr1:154770403-156336133
FECH	1	0	0.35304158006802222	0.41975472109516854	0.66812888995846098	0.016008525164763355	1	-0.42945082692728875	EUR:chr18:55213838-56530220
FETUB	1	0	-0.12846912245300768	-0.20158918524315628	0.47043920132072292	1.4642494038363751	0	0.84833180656800256	EUR:chr3:185068255-186890344
FEZ1	1	0	-0.42513198688652309	0.62987227190602513	0.64301741809315727	0.3133913603150254	0	-0.80535853326136964	EUR:chr11:124495528-126311320
FGF21	1	1	0.32016100681640869	-1.6056828385099671	-0.24361144298413953	0.44924672299778623	1	-0.83215796310299239	EUR:chr19:47150082-49282227
FHAD1	1	0	0.50648425524215268	1.4822875522215297	0.6790261705438011	-1.3412777748263425	1	2.3154015607773362	EUR:chr1:14891511-16897730
FKBP8	1	1	1.4202746320031954	-0.45684197505575674	-0.8264177086383272	1.3142593894264956	1	2.9563314854284193	EUR:chr19:18409862-19877471
FKBPL	1	1	1.7015633382052338	-2.0360370682440387	-3.3317945911685052	-0.25057192820870744	1	0.48585686285884955	EUR:chr6:31571218-32682664
FLAD1	1	1	-0.73749743277671953	-0.6355063761867682	-0.63758042056525122	0.64949715745401293	0	-0.85758959643424282	EUR:chr1:154770403-156336133
FLI1	1	0	-1.3520848784818973	1.3372150606199396	0.67456326251754961	0.10776055695994285	0	-0.21900951631477697	EUR:chr11:128188537-130342575
FLNB	1	0	0.32763231441131863	1.5350028820500257	0.47293260288832151	0.90649812797021612	1	-0.66947088067954397	EUR:chr3:56433907-58157519
FLNC	1	0	0.72769378530585649	0.19908544147299392	0.2052801342622208	-1.1279089072535582	1	0.91206468752440373	EUR:chr7:126869221-128778386
FLT3LG	1	1	1.2298568667773422	-0.47593834169477128	-1.3328271928220712	0.075999970515501863	1	0.46928472599062837	EUR:chr19:49282227-51532567
FNBP1	1	0	-0.38638276702542151	1.4972163556442331	0.03730852878294226	0.419603645285127	0	1.2711639571306201	EUR:chr9:132165470-133223217
FNDC3B	1	0	-1.7328738776370427	2.1453382725499832	0.61323467464150139	0.63098016271030077	0	0.90812885296126744	EUR:chr3:170964909-172295731
FNDC4	1	1	0.27218382421131204	-1.4568914047484871	-0.25697052814640292	1.1559712261828132	1	1.9436168857665708	EUR:chr2:26894985-28598777
FOSB	1	0	-1.1436714897613454	-0.87242347513693208	-0.96215387865753788	0.91581083752598547	0	-0.22490301058593154	EUR:chr19:44744108-46102697
FOSL2	1	1	0.03395774781631767	0.083363021596161532	0.22426273430590563	0.57791175806387796	1	1.9094670536634128	EUR:chr2:28598777-29217559
FOXA3	1	0	-0.91648487294057046	-0.63275439504480002	-1.2614010279798777	1.153322320865807	0	0.67530638288062528	EUR:chr19:46102697-47150082
FOXB1	1	0	-0.44705236905424345	0.72889687150486671	0.49337579648468005	-1.5424114315453052	0	-0.3447310465988403	EUR:chr15:59694116-61265836
FOXD1	1	0	-1.414131747881326	-1.3835759109296493	0.44847722177706945	-1.5271372731820223	0	0.75724196962336576	EUR:chr5:71240456-73759326
FOXR1	1	0	0.25157978166615902	-0.65053948682635054	0.29727396743613554	-1.5424114315453052	1	0.12946394681856946	EUR:chr11:117747110-119215476
FOXRED1	1	0	-0.49089313338972818	-0.6924640939310448	0.75007731611915018	0.94948206340882169	0	-1.8381989228148272	EUR:chr11:124495528-126311320
FOXRED2	1	0	-1.3761510959755732	-0.087658300109491591	0.21031338783888992	-0.10547044719272196	0	1.009142660779963	EUR:chr22:35530985-37570269
FRA10AC1	1	0	-0.58111415287180324	0.3397274217500178	0.41792710153059126	0.23826736691223324	0	-0.63007255745864343	EUR:chr10:95396368-96221243
FRAS1	1	0	-0.97057692456456657	2.3731464387806134	0.90011284520001356	-1.0369169251111676	0	-1.1403576966285316	EUR:chr4:77130707-79093979
FSTL1	1	0	-0.65736513437327138	0.7480937763574893	0.57354936830495773	0.84292630023306081	0	-0.73751105532586414	EUR:chr3:118530251-120523055
FUBP3	1	0	-0.45129322897420804	0.75364925314774012	0.12883897806628508	0.81674160988583244	0	1.1707869677305669	EUR:chr9:133223217-134127888
FUT1	1	1	0.30920081573255953	-0.85180738788615273	-0.23125989487699761	-1.0259130052277403	1	-0.82424834966513782	EUR:chr19:47150082-49282227
FUT2	1	1	0.23247947814548331	-0.61944864862326665	-0.1880000535105962	-1.4101251991383059	1	-0.81677213407646687	EUR:chr19:47150082-49282227
FUT4	1	0	0.0061496829625489018	-1.0051773356184452	0.3210964956887955	-0.64868702072582451	1	0.011774264705568555	EUR:chr11:94242260-95726041
FXYD2	1	0	-0.61408204313330694	0.17078452128735835	0.59874336797258876	0.78673986823822695	0	0.35973504995000877	EUR:chr11:116383348-117747110
FXYD6	1	0	-0.0081187657736939475	0.45911566270803994	0.62618039397420255	0.81674160988583244	1	0.36163445750614442	EUR:chr11:117747110-119215476
GAB4	1	0	0.22151928706161214	0.56176987266535927	-0.48709139016278863	-1.5424114315453052	1	-0.63023953334208083	EUR:chr22:16050408-17674295
GABBR1	1	1	0.66288610423040839	0.9669601032337769	-2.3001110154897622	0.075999970515501863	1	1.0057314724772974	EUR:chr6:28917608-29737971
GADD45A	1	0	1.0198546511756719	-1.4766004385100606	0.59466535443393376	1.4577403894888361	1	1.2736247432698542	EUR:chr1:66939404-68477895
GALR3	1	0	-1.4303593633685336	-1.8143119664888649	-0.43189464205801548	-1.4385526828579982	0	1.5398356686353507	EUR:chr22:37570269-39307894
GATAD2A	1	1	1.1492889236656645	1.3148600950245251	-0.22125635591980083	0.45343510281395133	1	2.7051554403450409	EUR:chr19:18409862-19877471
GATC	1	0	1.0325734272677489	-0.29813580630678238	0.40698500294228629	0.78673986823822695	1	0.26440393901223413	EUR:chr12:119754110-122007651
GBGT1	1	1	1.4490606884546775	-0.5450194874840405	0.18755499574698961	-0.73693201915635886	1	-0.54306025401709679	EUR:chr9:135298842-137041122
GCAT	1	0	-1.4519961840181366	-0.67609989569882134	-0.42732622945581961	0.94645138078509305	0	1.537599398762056	EUR:chr22:37570269-39307894
GCNT3	1	0	-0.37033103146718926	0.54627957383277892	0.31601745825478528	-1.3412777748263425	0	-0.82405607699801997	EUR:chr15:59694116-61265836
GDF1	1	1	1.4524857481683846	0.16216838355590263	-0.66044395944249734	-1.4529663122347427	1	2.86231537950035	EUR:chr19:18409862-19877471
GDF15	1	1	1.4743696362500951	-0.33471843047879662	-0.98944004376082173	1.2333846163564111	1	3.0153246150325583	EUR:chr19:18409862-19877471
GEMIN7	1	0	-1.2626740033341501	-0.45665463217571861	-0.58162937220776245	0.25263602330866858	0	-0.71523133515853099	EUR:chr19:44744108-46102697
GFI1B	1	1	1.4929014527901403	0.55952115459779062	0.1478764193971599	-1.5424114315453052	1	-0.59800158265998682	EUR:chr9:135298842-137041122
GGA1	1	0	-1.3762673117445376	0.090328964584982185	-0.4298628420111909	0.68946496020657122	0	1.5538755605857437	EUR:chr22:37570269-39307894
GGT1	1	0	1.5696227903772164	0.54441050622334086	-0.010619516459731278	0.73191117378096904	1	1.233672908524265	EUR:chr22:23712647-24984204
GGT5	1	0	1.4052199241192149	0.10244524682566217	0.11981186323843956	0.81012504683872599	1	1.0484195400384424	EUR:chr22:23712647-24984204
GHSR	1	0	-1.6994311168562757	-1.4658717778157837	0.26200193110385323	-1.5424114315453052	0	1.0036903653258151	EUR:chr3:170964909-172295731
GIGYF2	1	0	1.4743838088400278	1.5322776039172361	0.46262556618479728	0.28564891395377445	1	-2.3154015607773357	EUR:chr2:233550003-235150987
GINS2	1	0	-0.90624290900312232	-0.36571158305763546	0.82159495853540288	-0.43302865882198394	0	0.41806841139237289	EUR:chr16:85148685-86156599
GINS3	1	0	-0.65684302514540216	1.2356156530120386	0.78539322970601011	-0.82093694287225649	0	-0.49017502842520316	EUR:chr16:57664330-59045405
GIPR	1	0	-1.0679426174877684	-0.2814455015734143	-1.1705204039944308	-1.0817388028381392	0	0.68133763746062048	EUR:chr19:46102697-47150082
GJD3	1	0	-0.37602504131345821	-1.5889246320730206	-0.33680372468247483	-0.50160265237970003	0	-0.70448707057246829	EUR:chr17:36809344-38877404
GMIP	1	1	1.2900588778990592	-0.34837553367010571	-0.26996124566282542	-0.099462454199207656	1	2.7298829357413967	EUR:chr19:18409862-19877471
GMNN	1	1	0.80240941450654235	-0.5327911048896713	1.1198528275324597	0.51090321374087144	1	2.2977839404668479	EUR:chr6:23936619-24852275
GMPPB	1	0	-1.5551301406482598	-0.88071869122289059	-1.084623953005893	0.3406413111146418	0	0.41791900643693602	EUR:chr3:49316972-51832015
GNG12	1	0	0.96575078712570528	1.368576012381564	0.68514512301028418	0.82988978663259039	1	1.2626112270243024	EUR:chr1:66939404-68477895
GNG5	1	0	-1.7386840576253029	-0.76685201190800367	0.54830616881359717	1.451203657466446	0	-1.5049408421505823	EUR:chr1:84844495-86454751
GOLGA4	1	0	-1.1761267207357606	1.3177875743481087	0.35792224610741041	0.8686718135833309	0	-0.41165236630539187	EUR:chr3:36486842-38356116
GOLT1B	1	0	1.2904708333184587	-0.22641827300796744	0.75676736019545943	0.47007526847434317	1	0.67857743009945382	EUR:chr12:20863943-23820634
GON4L	1	0	-0.984101732163711	1.2259827592599104	-0.55753760398799579	0.14400265101987489	0	-2.2808518955816433	EUR:chr1:154770403-156336133
GOT1	1	0	1.1654987233622693	0.31869191054081886	0.32750996767988627	1.6399909247219586	1	0.35360732257936628	EUR:chr10:100668400-102949239
GOT2	1	0	-0.66766143547019263	0.15322854715970383	0.79300487838225597	1.6457726274150277	0	0.94215374205654678	EUR:chr16:57664330-59045405
GPLD1	1	1	0.42976291765507646	0.88723866156279685	1.2297639611698237	0.71083477517050186	1	0.94428980537076801	EUR:chr6:23936619-24852275
GPN1	1	1	0.18555616006767772	0.032057798298113262	-0.17336033594831657	0.65684186165880531	1	1.9346437533812511	EUR:chr2:26894985-28598777
GPN3	1	1	0.42499800733452048	-0.21918318949214652	-0.55427656439507611	0.60467527972704138	1	-1.8969055384530202	EUR:chr12:110336719-113263518
GPR107	1	0	-0.40801958767500235	1.0453350771607308	0.051839070633426972	0.23826736691223324	0	1.2901259349246712	EUR:chr9:132165470-133223217
GPR156	1	0	-0.66818590718327353	1.298068087314695	0.70173092132045467	-1.5271372731820223	0	-0.69295296668578488	EUR:chr3:118530251-120523055
GPR161	1	0	-1.6629551853517039	0.66348978560578709	0.54111580193447795	-1.2246363491606882	0	-1.8710658450011668	EUR:chr1:166460517-169086324
GPR4	1	0	-1.0787610278125588	-0.44950730822172569	-1.102801573084446	-0.43302865882198394	0	0.57572038463105257	EUR:chr19:46102697-47150082
GPR83	1	0	-0.027293077818217975	0.059592052392267114	0.360572071915714	-1.3684473380869764	1	0.051225571723481675	EUR:chr11:93276157-94242260
GPSM3	1	1	1.6149971557252827	-1.1897457502182429	-3.2320110699178435	0.67866744616590291	1	0.48816903399284667	EUR:chr6:31571218-32682664
GPX1	1	0	-1.5118517748945397	-2.1179625876484875	-1.0889703022218451	1.6146821418430763	0	0.30747817031713987	EUR:chr3:49316972-51832015
GPX5	1	1	0.46813345833861281	-0.69663139408375463	-0.2440704970062309	-1.5424114315453052	1	2.0411436546145301	EUR:chr6:28017819-28917608
GPX6	1	1	0.45731386690017728	0.08506408509404409	-0.21040481337000366	-1.5424114315453052	1	2.040045579416061	EUR:chr6:28017819-28917608
GRAP2	1	0	-1.5987723688426863	0.90872233495544186	-0.24820712293653416	-0.70992181642016494	0	-0.79329853418257734	EUR:chr22:39307894-40545797
GRB7	1	0	-0.21371344916355831	-0.66841626082803807	-0.73377217841115405	0.25263602330866858	0	-0.93555909086035915	EUR:chr17:36809344-38877404
GRIN2D	1	1	-0.063445681118928385	0.62205284524360971	0.038490946626266322	-1.3548024460188213	1	-0.70203265061559794	EUR:chr19:47150082-49282227
GRM4	1	0	1.0739585152256386	1.3788307219565119	0.66279658810800279	-1.5424114315453052	1	0.28587474627296666	EUR:chr6:33236497-35455756
GRP	1	0	0.29824062464868833	-0.57253869741617736	0.84058238256560946	-1.5424114315453052	1	0.039302393745802335	EUR:chr18:56530220-57630483
GRWD1	1	1	-0.0086447256995945149	-0.52722787710520436	0.0030867738018019631	0.4450468838518411	1	-0.70080702567868036	EUR:chr19:47150082-49282227
GSC	1	1	0.68458257424535029	-1.8531505107423596	1.069575215323278	-1.5424114315453052	1	1.814969172341899	EUR:chr14:94325285-95750867
GSC2	1	0	0.013275656468147835	-1.9784968314223623	0.15084496936313796	-1.5424114315453052	1	-1.2439945830147681	EUR:chr22:18296088-19912358
GSDMA	1	0	-0.28945885883350719	-0.31639197175939177	-0.58825473439211107	-1.3548024460188213	0	-1.1260478082835581	EUR:chr17:36809344-38877404
GSDMB	1	0	-0.22453422197353842	-0.29251525470005763	-0.63077615897238437	1.115749529904984	0	-1.1694295823124703	EUR:chr17:36809344-38877404
GSK3B	1	0	-0.81967672652317125	1.9282848528793872	0.84440751735395325	0.22861299389183048	0	-0.84911686797374275	EUR:chr3:118530251-120523055
GSTT1	1	0	1.4929014527901403	-0.73869295347127639	0.051056550208256266	1.2028861247178617	1	1.0814881318289966	EUR:chr22:23712647-24984204
GSTT2	1	0	1.47098107062242	-1.3693470061849486	0.075161912279040219	-0.86967247267934789	1	1.071955017006341	EUR:chr22:23712647-24984204
GTF2A1	1	0	-1.5469971228050965	0.55574186994029662	0.51389996454465348	0.027091896421117274	0	-0.97818916462224859	EUR:chr14:81579714-83138097
GTF2A2	1	0	-0.3812912225510604	-0.10454517546491211	0.32717297087829111	0.74234183849229562	0	-0.78060992684900754	EUR:chr15:59694116-61265836
GTF2H4	1	0	1.041571804575542	-1.0211287516254846	-7.7850195706106504	0.67866744616590291	1	-1.8131950901541427	EUR:chr6:30798168-31571218
GTF3C2	1	1	0.29384074024722062	0.25693322615356329	-0.27882867451615601	0.43237797906395303	1	1.9481627821262637	EUR:chr2:26894985-28598777
GTF3C4	1	1	1.4271403062869572	0.085094978758370396	0.19444820432358725	-0.3745438613257136	1	-0.56284113591801388	EUR:chr9:135298842-137041122
GTF3C5	1	1	1.4600208795385488	0.16967816498168511	0.18245928493677133	0.64211714203560788	1	-0.62490497615421292	EUR:chr9:135298842-137041122
GTPBP1	1	0	-1.5608996640077117	0.29134400744655226	-0.16059018224785826	0.40240413481205911	0	1.272085849318676	EUR:chr22:37570269-39307894
GTPBP3	1	0	-0.78666394904297532	-0.80761651394195466	-0.90481836740576727	0.081339246334298773	0	1.6757916218132327	EUR:chr19:16374416-18409862
GUSB	1	0	-1.3384028756077491	-0.023907998605133231	0.15232745797568037	1.3094773287045756	0	0.46607741991324281	EUR:chr7:63641125-65689809
GUSBP11	1	0	1.6463441279642927	0.97207251707944564	-0.1112285072020897	0.30880229785298768	1	1.1175714492335278	EUR:chr22:23712647-24984204
GYS1	1	1	0.4407231087389476	0.093238414846819426	-0.41419168239726051	0.13887730318557678	1	-1.1509133775005405	EUR:chr19:49282227-51532567
GYS2	1	0	1.2796524229936461	0.86532888171309585	0.7639655071925735	1.2998682816758187	1	0.6279034663703601	EUR:chr12:20863943-23820634
H19	1	0	0.36008754538573395	-0.97423302790240351	0.038490946626266322	1.8873385971115593	1	-0.022865443158303845	EUR:chr11:1213590-3665481
HAAO	1	0	-1.1330095684505332	0.10292836912992342	0.77193070037140121	1.602858923570686	0	1.0943539538707514	EUR:chr2:40281483-43309590
HAPLN4	1	1	1.3008873359170245	-0.87553716479910582	-0.31998465955200395	-0.093477884239779013	1	2.7688386590287557	EUR:chr19:18409862-19877471
HAX1	1	0	-1.1923453627571974	-1.4564336844248267	-0.29103241987739437	1.2409154912336549	0	-1.3040968666730559	EUR:chr1:153180829-154770403
HCG9	1	1	0.59809257253129933	-1.472618060986256	-5.2854347236681125	-1.4101251991383059	1	-0.73733137198329013	EUR:chr6:29737971-30798168
HCN3	1	0	-1.049862878666916	-0.4606612013051184	-0.53805713356068652	0.4865369838791111	0	-1.4467747543134581	EUR:chr1:154770403-156336133
HDHD3	1	0	0.93139939789694515	-1.4085359256045293	0.5360056444267628	1.057607601979716	1	-0.96982899310775106	EUR:chr9:115693145-117019801
HELZ	1	0	0.48875298457041982	1.5880844143655504	0.38882027364277477	0.23826736691223324	1	0.01437571873234542	EUR:chr17:64800430-67858770
HEPHL1	1	0	-0.20565446864893064	1.0938904654657979	0.50626832754588458	-1.3822146075020518	0	0.27149950305427822	EUR:chr11:93276157-94242260
HFE	1	1	-0.20257549540384046	-0.54013263852991877	0.81772226003852688	0.032603716527207366	0	2.4452853884578092	EUR:chr6:25684587-26791233
HHEX	1	0	-0.61356938384619641	-0.84360986325503162	0.4399359255944601	1.1822118694451833	0	0.43215477599972635	EUR:chr10:93335047-95396368
HIF1AN	1	0	1.3327125272660816	0.25132772017412991	0.17661835725623998	-0.00076803800037141131	1	0.84597975262836267	EUR:chr10:100668400-102949239
HIF3A	1	0	-0.84075600066697143	0.56344796217211002	-1.451592879009411	-1.0259130052277403	0	0.77265076022103396	EUR:chr19:46102697-47150082
HINFP	1	0	0.29486287290612356	-0.33418567455018156	0.30513529530023364	0.17940877335280311	1	0.13415939880050698	EUR:chr11:117747110-119215476
HIRA	1	0	0.089996994055224058	1.2757209218233896	-0.015887140996631046	0.38063014916378046	1	-1.3364990723493193	EUR:chr22:18296088-19912358
HJURP	1	0	1.5933863224128326	-0.041184450245334209	0.78223438798566358	-1.1998770986860694	1	-1.3503381767345946	EUR:chr2:233550003-235150987
HK1	1	0	0.94428170292487901	1.3679750429507262	0.96948779619397352	0.20912015734771949	1	1.1710587037864713	EUR:chr10:70195991-72220850
HKDC1	1	0	0.99837375454887511	0.57773702743508459	0.88347709011099562	0.086660015094070078	1	1.2026228799673802	EUR:chr10:70195991-72220850
HLA-A	1	1	0.61972939318090214	-1.2115728072794909	-4.8604785646755229	1.8624858105814093	1	-0.37203141034187281	EUR:chr6:29737971-30798168
HLA-DMA	1	1	1.4202232451454204	-0.065929137329805237	-0.57118755493126405	1.1691476182472438	1	0.95525146883113365	EUR:chr6:32682664-33236497
HLA-DMB	1	1	1.4310440179554007	-0.95646146429732404	-0.59712566390981281	0.9002581183599988	1	0.96088417170804419	EUR:chr6:32682664-33236497
HLA-DOA	1	1	1.3985816995254383	-1.0873262504908099	-0.49338576567142617	0.17440048098093763	1	0.88399301477112957	EUR:chr6:32682664-33236497
HLA-DOB	1	1	1.4851478820053672	-1.2701784008675112	-0.99356794262493398	-0.27055104213303399	1	0.93153724507558178	EUR:chr6:32682664-33236497
HLA-DQA2	1	1	1.5067894276253715	-1.0275243792378779	-1.2274787759027719	0.49062497630925811	1	0.74489871667943242	EUR:chr6:32682664-33236497
HLA-DRA	1	1	1.5717140644853183	-1.1206159624501524	-2.8136557016817987	1.8046171304780785	1	0.71948125453919975	EUR:chr6:31571218-32682664
HLA-DRB5	1	1	1.5608932916753382	-0.41918099443746032	-2.3510914060737749	1.2003170190967736	1	0.84637143640449919	EUR:chr6:31571218-32682664
HLA-F	1	1	0.69545826545450118	-0.26798725854363059	-2.7953047866604464	1.2706748772377361	1	-0.034781361895376214	EUR:chr6:28917608-29737971
HLA-F-AS1	1	1	0.70627667577929154	0.0046690746706851511	-2.8099709109166562	0.0048445468639775257	1	-0.040672557773849607	EUR:chr6:28917608-29737971
HLA-G	1	1	0.717095086104104	-1.2933359705952132	-3.8175999790185302	-1.0369169251111676	1	-0.074409048552510987	EUR:chr6:29737971-30798168
HLX	1	1	0.48990846928330706	-0.92588458426422815	0.46544228238902824	0.26687142904068867	1	1.8830217787036871	EUR:chr1:219590571-221858231
HMBS	1	0	0.20829669042617255	-0.72654037565921026	0.3088832714206135	0.49470211084500149	1	0.17531328962108828	EUR:chr11:117747110-119215476
HMGA1	1	0	-1.3603774947564862	-0.66890967180095284	0.50443203528836256	0.65317390232627215	0	0.16017885900935394	EUR:chr6:33236497-35455756
HMGB1	1	0	-0.89484805229096753	1.5111200022880054	0.74658889782719418	1.379689578618116	0	-0.22363946815935853	EUR:chr13:30483267-32301815
HMGN4	1	1	0.13281353092695544	-0.80427473554325224	0.62359849529945965	0.67866744616590291	1	2.5399307069418633	EUR:chr6:25684587-26791233
HMGXB4	1	0	-1.5322173129524634	0.41706974673519209	0.67232776010498385	-0.058052306267077552	0	0.24940478850908496	EUR:chr22:35530985-37570269
HMOX1	1	0	-1.4987745521716964	-0.36693318319549822	0.60165073477184583	1.3842581541638501	0	0.41433607562231611	EUR:chr22:35530985-37570269
HNF1A	1	0	1.2079364846096217	0.055140446026366412	0.31398192808044251	0.59326228848868523	1	0.54115732646441994	EUR:chr12:119754110-122007651
HNF1A-AS1	1	0	1.2517772489450845	-0.4552198492851009	0.29795889033368123	-0.42559503533462567	1	0.54878089193118285	EUR:chr12:119754110-122007651
HNRNPH3	1	0	1.1390130887712606	-0.47638663842016343	0.58149616606171406	1.1426807513826243	1	0.76400681388323344	EUR:chr10:69900148-70195991
HOMER3	1	1	1.398343458078624	-0.47363693001490037	-0.58770171270418359	0.091962404650528268	1	2.8233975201646846	EUR:chr19:18409862-19877471
HP1BP3	1	0	0.91201132534521012	0.53427285107025535	0.61352334479071169	1.0405829515008636	1	-0.57249169222507579	EUR:chr1:20469149-21736588
HPD	1	1	1.3065782043644183	0.058345636175024661	0.22319343813000592	2.0888182173772396	1	0.97378059034742814	EUR:chr12:122007651-124977980
HPS1	1	0	-0.18083297085422739	0.24640798772630179	0.18500889679189955	0.60088036988254712	0	-0.75341784293649716	EUR:chr10:97822357-100241302
HRC	1	1	0.83528998775815588	-1.2808500737049262	-0.91271267043227411	-0.99336676308912741	1	-1.424521030808326	EUR:chr19:49282227-51532567
HRH1	1	0	-1.3629133364998627	1.3355852735948137	0.79195685796203552	-1.0931517940764952	0	-0.40703735027866617	EUR:chr3:11019665-13070799
HSD17B11	1	1	0.5331165623540266	0.69142572554416404	0.66279658810800279	1.4707309345791446	1	2.5914176723550075	EUR:chr4:87534648-89238028
HSD17B14	1	1	0.39688234440348491	0.045183775804619943	-0.28538990570280448	0.22376294167290725	1	-0.74381506245438989	EUR:chr19:49282227-51532567
HSD17B8	1	1	1.3228362898554673	-1.7871198729967155	-0.19737698823392613	1.0204792371194538	1	0.80953127007786319	EUR:chr6:32682664-33236497
HSH2D	1	0	-0.39720117735021193	0.073516129865919835	0.35759075055419803	0.027091896421117274	0	0.57636684284714512	EUR:chr19:15648610-16374416
HSPA6	1	0	-1.1653083104109483	-1.6414979268782539	0.56616062612840712	-0.10547044719272196	0	-0.10052178433834874	EUR:chr1:159913048-162346721
HSPB7	1	0	0.79144922342269319	-1.0688514693983167	0.10656776672431746	-1.1515253769195539	1	2.373055831397382	EUR:chr1:14891511-16897730
HSPG2	1	0	0.9339317075129524	1.262775118654581	0.60484356388949323	0.3406413111146418	1	-1.1866930039479966	EUR:chr1:21736588-23086883
HSPH1	1	0	-0.74339030774379156	0.11070702901326866	0.42752838026396039	0.90338129390388111	0	-0.57846949850156804	EUR:chr13:30483267-32301815
HVCN1	1	1	0.56563734155690604	0.95469777547216439	-0.82390267326347499	-0.18579268548961117	1	-1.8479261163906249	EUR:chr12:110336719-113263518
HYLS1	1	0	-0.54569408880906201	-0.20780087747150386	0.76076979181519511	0.021560213857318659	0	-1.6830833915932242	EUR:chr11:124495528-126311320
HYOU1	1	0	0.22993823604615479	-0.41508821514205896	0.30069604611117562	0.99129508336687	1	0.1761475129560672	EUR:chr11:117747110-119215476
IAPP	1	0	1.2471971920192528	0.088147331352372377	0.84236843085031055	-0.99336676308912741	1	0.6350895125021202	EUR:chr12:20863943-23820634
IARS2	1	1	0.46827164863372622	0.67952814580086318	0.46794243085958975	0.99423859385708369	1	1.8886945799827257	EUR:chr1:219590571-221858231
IBSP	1	1	0.65212557169720164	-0.45590571620059134	0.53088131633119862	-1.5424114315453052	1	2.6329058206257225	EUR:chr4:87534648-89238028
IDE	1	0	-0.70011666644458592	1.3103881423982557	0.51907153319437294	0.42387357919353502	0	0.48847752048754844	EUR:chr10:93335047-95396368
IFI16	1	0	-1.2085819517101539	0.69718072830471234	0.70612877425188558	0.93120755888588336	0	-1.3153946554930958	EUR:chr1:158027412-159913048
IFI27	1	1	0.8252295852872763	-0.48709489678432549	0.86240648795101538	1.666787819053646	1	1.8293717997701642	EUR:chr14:94325285-95750867
IFI27L1	1	1	0.80359158358852523	0.0086370367646925184	0.8787321024140945	0.35408700511211993	1	1.8264608530152164	EUR:chr14:94325285-95750867
IFI27L2	1	1	0.84686758698604947	-1.6929329570565246	0.8588712439935976	0.41532180080646014	1	1.8308331053310398	EUR:chr14:94325285-95750867
IFI30	1	1	0.90100806162567326	-1.1583563210921992	-1.2902879342391154	1.4577403894888361	1	2.6462869859500397	EUR:chr19:16374416-18409862
IFT172	1	1	0.21804153412155158	0.54719545824492066	-0.22716099052044725	-0.21784061882648162	1	1.9391108032734241	EUR:chr2:26894985-28598777
IFT27	1	0	-1.2758228136332947	-0.16303002757074775	0.097430927559452707	0.61976179182760216	0	1.3206157263068066	EUR:chr22:35530985-37570269
IFT46	1	0	0.16501359918620806	0.18686712358831978	0.33993584137622401	0.40240413481205911	1	0.16767184869509791	EUR:chr11:117747110-119215476
IFT80	1	0	0.83590151340578978	1.4296225642666494	0.27452790458335502	0.070642058443157407	1	0.12642723995496055	EUR:chr3:159477890-161524504
IGF2	1	0	0.32763231441131863	-0.065553345082523432	0.10428778869736575	1.670578043819495	1	-0.057806886970225416	EUR:chr11:1213590-3665481
IGFL1	1	0	-0.85157441099178388	-2.0825896657870735	-1.3857125115130073	-1.5424114315453052	0	0.76822965811496435	EUR:chr19:46102697-47150082
IGFL2	1	0	-1.0571242071629559	-0.1571256099262392	-1.1796384584629991	-1.5424114315453052	0	0.71470100398020397	EUR:chr19:46102697-47150082
IGFL3	1	0	-0.8732112316413867	-1.2150764641652589	-1.3057178270822174	-1.5424114315453052	0	0.75961484408264701	EUR:chr19:46102697-47150082
IGFL4	1	0	-1.0246689761885626	0.39704042958376523	-1.199549952752144	-1.5424114315453052	0	0.68030195242207003	EUR:chr19:46102697-47150082
IGSF11	1	0	-0.84131827214315358	1.8463121390939801	0.80969287174536819	-1.4970374803542688	0	-0.041357668261888747	EUR:chr3:118530251-120523055
IGSF23	1	0	-1.5114974408045279	0.028075965984267356	-0.2611361648779072	0.18440077856624923	0	-1.6332869911438572	EUR:chr19:44744108-46102697
IKZF3	1	0	-0.33274195007347168	1.1489772348257226	-0.56954422716051556	-0.87960804296603545	0	-0.88197127249119378	EUR:chr17:36809344-38877404
IL10RA	1	0	0.013522779846310305	-0.29889849721390904	0.55218930051541748	0.58560621151926406	1	0.19885956060941873	EUR:chr11:117747110-119215476
IL12RB2	1	0	0.95493001431570312	1.0697332860691111	0.68985956591539876	-1.0931517940764952	1	1.2054492186952841	EUR:chr1:66939404-68477895
IL17RA	1	0	0.21055909597774097	0.24665847920784198	-0.29386015104344376	-0.093477884239779013	1	-0.90833565127368854	EUR:chr22:16050408-17674295
IL20RB	1	0	0.79282395837770303	0.8214586500239518	0.065091467975225262	-0.50941457891017539	1	1.7355866140530942	EUR:chr3:135456906-137371083
IL23R	1	0	0.94410924150572306	1.1037350800119146	0.68736518269334368	-1.4101251991383059	1	-0.38836724710470111	EUR:chr1:66939404-68477895
IL2RB	1	0	-1.2423800528525277	0.60902386874890824	0.064703045071761098	0.075999970515501863	0	1.3902445161909935	EUR:chr22:37570269-39307894
IL6R	1	0	-1.1485045984217126	0.81432704759562002	-0.42631255858211653	0.82988978663259039	0	-1.1933634212579061	EUR:chr1:153180829-154770403
ILVBL	1	0	-0.32147230507661295	-0.55851358308606314	0.28937905341251968	1.0434335377430501	0	0.74724964102818814	EUR:chr19:14486347-15648610
IMPA1	1	0	-1.3384028756077491	0.19467699932285359	0.40730775588283691	0.65684186165880531	0	-0.12628923573379125	EUR:chr8:81956395-82693739
IMPDH1	1	0	0.70605223968587427	-0.16640606802689725	0.10276623903838923	-0.081578287825861809	1	0.8655268491294158	EUR:chr7:126869221-128778386
IMPDH2	1	0	-1.6416868721557221	-1.1387247092370438	-1.0495062873286976	0.97351449556953662	0	0.2716415526619701	EUR:chr3:47727212-49316972
INPP5D	1	0	1.6691151946864315	1.6565260086154112	0.68208817945720035	0.18937660221091152	1	-1.4881599271799293	EUR:chr2:233550003-235150987
INS	1	0	0.31681390408652821	-2.0467980327346962	0.11603751152511349	-1.5424114315453052	1	-0.029165302080378059	EUR:chr11:1213590-3665481
INSL3	1	0	-0.55947733222220031	-1.1419113890200194	-1.1614471192043987	-1.3145807497409923	0	1.7055132177508572	EUR:chr19:16374416-18409862
INSL5	1	0	1.0306754239856519	-1.42263877493028	0.53208831961148673	-1.5424114315453052	1	0.040946599660172778	EUR:chr1:66939404-68477895
IP6K2	1	0	-1.4469342262639484	0.65655040348611493	-1.2157904260148358	0.92198807020926765	0	0.17559135048146371	EUR:chr3:47727212-49316972
IP6K3	1	1	1.1064208336556229	0.097293261551336357	0.3088832714206135	-0.39621537774727372	1	0.56396431967493343	EUR:chr6:33236497-35455756
IQCD	1	0	-0.90566646261577999	0.10741294752481703	0.12357852160825077	-1.327871224541181	0	-0.027521759156585533	EUR:chr12:113263518-113986709
IQSEC1	1	0	-0.8323188936200695	1.5896046853377532	0.68514512301028418	0.59707605504741001	0	1.3520436489726058	EUR:chr3:13070799-14816900
IQSEC3	1	0	-1.0827434519185295	1.2399772700703844	-0.63701244086001885	-1.1998770986860694	0	-1.6219603358471644	EUR:chr12:61107-1080331
IRF2BP1	1	0	-0.88402964196617717	-1.6818152828243913	-1.2886712045153221	0.45343510281395133	0	0.65057583406274344	EUR:chr19:46102697-47150082
IRF3	1	1	1.0873743826870828	-0.97276681150294508	-1.1857422524729835	1.0491188785023953	1	0.44466433579026088	EUR:chr19:49282227-51532567
IRF5	1	0	0.59784451158594099	-0.45080752943198077	0.26618669671129425	-0.00076803800037141131	1	0.9058566291191199	EUR:chr7:126869221-128778386
IRF8	1	0	-0.91706368181310238	0.049887213992007969	0.77246049451391363	0.77321519704574815	0	0.23432082199597423	EUR:chr16:85148685-86156599
IRX3	1	0	0.64035139682177988	-1.434999588459015	0.56082237892134568	-1.2371673595673942	1	-0.18435733641711796	EUR:chr16:53382572-55903774
ISYNA1	1	1	1.4419126337019463	-1.3400794121747679	-0.93793613472681014	0.44083552249901781	1	2.9786988600244215	EUR:chr19:18409862-19877471
ITGA9	1	0	-1.2410371826845472	2.1649938129611748	0.4875137801869785	-0.029142972544210624	0	-0.41567904896585184	EUR:chr3:36486842-38356116
ITLN1	1	0	-0.86239282131657424	-0.73116432686650878	0.32413723092244151	0.016008525164763355	0	-0.079077614691245884	EUR:chr1:159913048-162346721
ITLN2	1	0	-0.88402964196617717	-0.63542761148653903	0.33926630442816735	-1.212206805538584	0	-0.15990151609889677	EUR:chr1:159913048-162346721
ITPK1	1	0	-0.4208374889377845	1.6048076164000171	0.88746344076067085	0.73887281950114025	0	-0.83331983489029871	EUR:chr14:93132299-94325285
ITPR3	1	1	1.128062379275605	0.94565909866185249	0.24798387066014679	-0.47840261001302059	1	0.65362398426982626	EUR:chr6:33236497-35455756
IZUMO1	1	1	0.28728043356481719	-1.0037781214904018	-0.22170988935106789	-1.3412777748263425	1	-0.81906763016381978	EUR:chr19:47150082-49282227
JAK1	1	0	-0.95990555486045859	1.375970834013357	0.5940820457307241	1.057607601979716	0	-0.076331197111205396	EUR:chr1:65041704-66939404
JAK3	1	0	-0.57029574254699078	0.033050046871755952	-1.1554229184122506	-0.16688024605093937	0	1.704341955633156	EUR:chr19:16374416-18409862
JMJD1C	1	0	0.72791349642889447	1.9973902464063669	0.59320673729574702	0.55459424262210932	1	-1.3547806129569773	EUR:chr10:63341695-65794114
JOSD1	1	0	-1.5879515960326842	-0.25538497224385975	-0.15358217401397864	0.69304731947605303	0	1.2785695894674247	EUR:chr22:37570269-39307894
JUND	1	1	1.4960206294896308	-1.9087333929504195	-1.1137945975108714	1.5153511629446732	1	2.8791797467577682	EUR:chr19:16374416-18409862
KAAG1	1	1	0.38592215331961371	-2.1415519492983255	1.1585109664643436	-0.53309176169937322	1	0.0086252411024581744	EUR:chr6:23936619-24852275
KATNAL1	1	0	-0.90566646261577999	1.1913186149296524	0.81073088438685947	-0.54106601469859672	0	-0.47663394327065095	EUR:chr13:30483267-32301815
KATNB1	1	0	-0.71093507676939827	-0.027833081809825484	0.70420600132553601	-0.14819798400629924	0	-0.90194285459969747	EUR:chr16:57664330-59045405
KAZALD1	1	0	1.4776311573160494	-0.97472238788183485	-0.1623463448475303	-1.1998770986860694	1	0.89886276503239071	EUR:chr10:100668400-102949239
KCNA7	1	1	0.68184731258402542	-1.0748212187492929	-0.66793593459895872	-1.5424114315453052	1	-1.2407363767572743	EUR:chr19:49282227-51532567
KCNG3	1	0	-1.1438285692999088	0.65256944813097384	0.8727209657833509	-1.5424114315453052	0	0.87351900828948337	EUR:chr2:40281483-43309590
KCNJ1	1	0	-1.1246872601048463	0.25460668793344782	0.62933115681154883	-1.482206058210068	0	-0.15241783320590777	EUR:chr11:128188537-130342575
KCNJ13	1	0	1.4852022191648404	-0.60986568245655193	0.40116578973319172	-1.424273135697375	1	-2.2939640981967657	EUR:chr2:233550003-235150987
KCNJ14	1	1	-0.041525298951186035	-0.5729016968862054	0.011501915978319474	-1.1046502766824373	1	-0.68947597643039038	EUR:chr19:47150082-49282227
KCNJ4	1	0	-1.4472815495027884	0.19844578023418646	-0.31473012802383321	-1.0149874057224155	0	1.325213877214718	EUR:chr22:37570269-39307894
KCNJ5	1	0	-1.0164026799253034	0.21964217874345021	0.60077900492326197	-1.327871224541181	0	-0.21844863089189476	EUR:chr11:128188537-130342575
KCNJ8	1	0	1.3337444746176423	-0.57108840865402632	0.65152014148276916	0.92814054437850002	1	0.42779995924084163	EUR:chr12:20863943-23820634
KCNK3	1	1	0.13141386997789528	0.4621694509526082	-0.15183431674825057	-1.327871224541181	1	1.931981942813715	EUR:chr2:26894985-28598777
KCNN1	1	0	-0.54865892189740995	0.60228374292867393	-1.180400331059412	-1.4529663122347427	0	1.8072055112167595	EUR:chr19:16374416-18409862
KCNN3	1	0	-1.1265842162539923	1.5760357151016915	-0.47925345126783392	-1.3684473380869764	0	-0.70852857497525989	EUR:chr1:154770403-156336133
KCNQ1	1	0	0.1004456975905437	2.2305796933479169	0.41053218866120483	-0.60639673586813225	1	-0.53372294057696112	EUR:chr11:1213590-3665481
KCNQ1DN	1	0	0.29517708343692539	-1.8293902167846607	0.20239782218413138	-1.5424114315453052	1	0.85482429851955055	EUR:chr11:1213590-3665481
KCNQ1OT1	1	0	0.18699298018893309	1.0878336787840375	0.24692821684313274	-1.3412777748263425	1	-0.60801807272749053	EUR:chr11:1213590-3665481
KCP	1	0	0.6735899212558899	0.59404993361884817	0.25360386193401713	-1.3145807497409923	1	0.90009377611719443	EUR:chr7:126869221-128778386
KCTD17	1	0	-1.2646752267063723	-0.50019741795607864	0.085561917389488096	-0.38173375854656599	0	1.3616678010892695	EUR:chr22:35530985-37570269
KCTD6	1	0	0.39254277636012719	-0.59912221509955221	0.31838941304913532	0.4450468838518411	1	-0.45572446629131019	EUR:chr3:58157519-60272906
KCTD7	1	0	-1.5764079027533144	1.6183006217125988	0.56823245363701003	-0.36738748356092887	0	-2.6998785470787934	EUR:chr7:65689809-68234074
KDELR1	1	1	-0.05248549003505721	-0.70039277894908503	0.012301363084201584	1.268216845887397	1	-0.72855581072699005	EUR:chr19:47150082-49282227
KDELR3	1	0	-1.4635127087177586	-0.28618450175471932	-0.29386015104344376	0.3133913603150254	0	1.3215986932179262	EUR:chr22:37570269-39307894
KDM2B	1	1	0.98873266293228634	1.4772850818265979	0.46887911515256414	0.17440048098093763	1	0.93768194166123586	EUR:chr12:122007651-124977980
KDM5A	1	0	-1.115624025170121	1.2234658031704007	-0.24636747922419988	0.086660015094070078	0	-1.2380803355471075	EUR:chr12:61107-1080331
KHK	1	1	0.57538064871405414	-0.35743375732487132	-0.37238396213303931	1.4921404901421551	1	1.9801963653230283	EUR:chr2:26894985-28598777
KIAA0319	1	1	0.53936482849374412	1.1704578295602668	1.2588980072572207	-1.4675165657271294	1	1.9302149780559854	EUR:chr6:23936619-24852275
KIAA0513	1	0	-0.86295981776313579	0.84029076537704539	0.72034993985573847	-0.87960804296603545	0	0.19927850056481816	EUR:chr16:84445883-85148685
KIAA1671	1	0	1.5038616438740116	1.8438213958201	0.033361662787826395	0.4450468838518411	1	1.2745495292628433	EUR:chr22:24984204-26791628
KIF11	1	0	-0.71093507676939827	0.78812674520990611	0.5281626729952702	-0.99336676308912741	0	0.54099883768220447	EUR:chr10:93335047-95396368
KIF12	1	0	1.0540228540930683	-0.40989981065087749	0.63903605191933921	0.82988978663259039	1	0.32965969889721475	EUR:chr9:115693145-117019801
KIF17	1	0	0.92297151642908126	0.68048389642870299	0.61323467464150139	-0.53309176169937322	1	-0.53388081079520044	EUR:chr1:20469149-21736588
KIFC1	1	1	1.2038077889455541	-0.14891802135244081	-0.0017391404702631376	-1.0704100410848536	1	0.70835261701407115	EUR:chr6:33236497-35455756
KIFC3	1	0	-0.75420871806858203	1.1911276893014939	0.84185830746365775	0.83315930916849434	0	-1.0249877999602188	EUR:chr16:57664330-59045405
KLC1	1	0	-0.23880873846077916	1.4119707522145919	-0.009810443786376152	0.62724980789687312	0	-0.59538424951685309	EUR:chr14:103012102-105001723
KLC3	1	0	-1.186945131060551	-0.1616667192639176	-0.69527858107332308	-0.69217548870809664	0	-0.077978977242252487	EUR:chr19:44744108-46102697
KLF2	1	0	-0.31065389475182253	-1.5300862152785704	0.2714043621723099	0.50282403587880642	0	0.48093287979523397	EUR:chr19:16374416-18409862
KLHDC10	1	0	0.51127832910599003	0.8256612541138294	0.17698395661571287	0.42813166860987051	1	0.74237154732455546	EUR:chr7:128778386-130422414
KLHDC8B	1	0	-1.6957848293478777	-1.1712010983971413	-1.0060072548233776	0.29495221667459859	0	0.21872906500202161	EUR:chr3:47727212-49316972
KLHDC9	1	0	-0.90566646261577999	-1.8623984965567977	0.35261116803027559	-0.087516555387269102	0	-0.12697928094546174	EUR:chr1:159913048-162346721
KLHL26	1	1	1.4849711222222584	0.31365771743412324	-0.78473583004097425	-0.52515871949388326	1	2.8969050162258174	EUR:chr19:18409862-19877471
KLHL8	1	1	0.50065955980587795	0.98506218195140771	0.76290088267433287	-0.023425870031421252	1	2.5759993166569872	EUR:chr4:87534648-89238028
KPNA2	1	0	0.75946443501928806	-0.52218032366847145	0.015096707473524203	0.53091705983291126	1	0.17865092105449168	EUR:chr17:64800430-67858770
KPNA4	1	0	0.85754305902577199	0.88672625850779474	0.26025547793877601	0.38500972488861901	1	0.031356815970400014	EUR:chr3:159477890-161524504
KRT10	1	0	-0.4301289053634248	-1.2362680905719083	-0.18710948869508193	0.4742072770265966	0	-0.70518911297819453	EUR:chr17:38877404-39899810
KRT12	1	0	-0.53833663346335803	-1.0230809601646782	-0.17247679686553996	-1.5424114315453052	0	-0.75087453598714204	EUR:chr17:38877404-39899810
KRT20	1	0	-0.5491574062733382	-0.67485540128205168	-0.17601349068465957	-1.5424114315453052	0	-0.72463397980077848	EUR:chr17:38877404-39899810
KRT222	1	0	-0.50587431503337366	0.37560807843845356	-0.16586368487005379	-0.39621537774727372	0	-0.71859478493711382	EUR:chr17:36809344-38877404
KRT23	1	0	-0.63572358875328916	-0.30888285452009934	-0.19156661086655391	-0.046423157843222033	0	-0.69870839943171847	EUR:chr17:38877404-39899810
KRT24	1	0	-0.39766658693344042	-1.0426128721483303	-0.19379920985314922	-1.5424114315453052	0	-0.70923262632561312	EUR:chr17:36809344-38877404
KRT25	1	0	-0.44094967817340491	-0.85893406798797955	-0.17778437913491987	-1.5424114315453052	0	-0.67393126060772368	EUR:chr17:38877404-39899810
KRT26	1	0	-0.46259122379340917	-1.0208688307716582	-0.17424429767597155	-1.5424114315453052	0	-0.6638287313974095	EUR:chr17:38877404-39899810
KRT27	1	0	-0.49505354222337156	-1.047036358425004	-0.18177509396910899	-1.3412777748263425	0	-0.67152785728960329	EUR:chr17:38877404-39899810
KRT28	1	0	-0.45177045098340707	-0.81345013180257264	-0.1822190391859986	-1.5424114315453052	0	-0.67719926402890351	EUR:chr17:38877404-39899810
KRTCAP2	1	1	-0.85805953469925844	-1.3103682894385835	-0.62117947534241347	1.4203253698835359	0	-0.81048158573678764	EUR:chr1:154770403-156336133
KRTCAP3	1	1	0.35881148835494636	-1.3013372702036661	-0.30853942891259228	0.43237797906395303	1	1.9611100550946667	EUR:chr2:26894985-28598777
LAMB2	1	0	-1.7066044207863134	-0.47721988266770388	-1.002543482569451	0.9705309372925055	0	0.29787542984857757	EUR:chr3:47727212-49316972
LAMTOR2	1	0	-0.63337561747998739	-1.3711881044598442	-0.67429910930731329	1.2657548722236605	0	-2.4734541558011314	EUR:chr1:154770403-156336133
LAMTOR3	1	0	0.6305478035057146	-0.2486359555274992	0.8601346076555938	0.33613311330666706	1	2.2663314134751511	EUR:chr4:100678360-103221356
LASP1	1	0	-0.01893953858367407	0.65006714942873856	-0.7633299085800388	1.1211737060446065	1	-0.060549824441111212	EUR:chr17:36809344-38877404
LBX1	1	0	1.1320559625815243	-1.5927386518564146	-0.19379920985314922	-1.5424114315453052	1	0.51190567758237415	EUR:chr10:102949239-104380410
LDHB	1	0	1.322926064292852	1.311161457646395	0.70118045305411947	1.0462788402264303	1	0.6202517872318295	EUR:chr12:20863943-23820634
LEMD2	1	1	1.0956000608456207	-0.1681640431178564	0.37704794743137943	0.65684186165880531	1	0.4249512012274605	EUR:chr6:33236497-35455756
LENEP	1	1	-0.66625619073157893	-2.6329256119703248	-0.64612113191576115	-1.5424114315453052	0	-0.86095630054999328	EUR:chr1:154770403-156336133
LENG1	1	0	-1.5547710821037115	-1.1955930104400034	-0.68126583558499476	0.4110279791248429	0	-1.7084516539448633	EUR:chr19:54602362-55728080
LEP	1	0	0.64112760282590553	-0.23963411409754837	0.1611975003970228	-1.5424114315453052	1	0.78246798606402446	EUR:chr7:126869221-128778386
LEPR	1	0	-0.84089654551726156	1.7653157518907416	0.6591392853333915	1.2706748772377361	0	-0.12435742794547083	EUR:chr1:65041704-66939404
LEPROT	1	0	-0.71106853532471104	-0.28443515866687574	0.37179163254465192	0.84940327292380335	0	-0.15255634108691812	EUR:chr1:65041704-66939404
LGALS1	1	0	-1.4303593633685336	-1.2859668254439964	-0.41872769929582643	1.4707309345791446	0	1.5456862960413345	EUR:chr22:37570269-39307894
LGALS2	1	0	-1.3762673117445376	-0.45422331415789502	-0.42529944344904874	0.021560213857318659	0	1.5607804406094241	EUR:chr22:37570269-39307894
LGI1	1	0	-0.60275097352140605	0.45610695448232658	0.43071775274435586	-1.3822146075020518	0	-0.49125599631498151	EUR:chr10:95396368-96221243
LHB	1	1	0.55032501957761537	-2.3158579011512046	-0.52518331459734113	-1.424273135697375	1	-0.91893440775175361	EUR:chr19:49282227-51532567
LIG1	1	1	0.16671833164227826	0.69677606516382184	-0.13098797254756059	0.25739584185197012	1	-0.17295031725643104	EUR:chr19:47150082-49282227
LILRB3	1	0	-1.5114974408045279	0.13111269723477342	-0.70762750883784165	-0.23739553614427666	0	-1.6490783975741325	EUR:chr19:54602362-55728080
LIN7B	1	1	0.74760845908720852	-1.2974192690672748	-0.82076368498292007	-0.13586827715378455	1	-1.429067370264808	EUR:chr19:49282227-51532567
LIPF	1	0	-1.7062288266509096	-0.33856519493173687	0.35261116803027559	-1.5424114315453052	0	1.6168799362084203	EUR:chr10:89127064-91013381
LMAN1	1	0	0.33112119790027988	0.28094658160656	0.80657533080110588	1.2950411070994965	1	0.084572260643237418	EUR:chr18:56530220-57630483
LMNA	1	0	-1.1375444073378633	0.72900396180625415	-0.4834295478619221	1.2657548722236605	0	-2.2505473308803139	EUR:chr1:154770403-156336133
LMTK3	1	1	-0.019604916783443685	0.17255139106812753	0.0034883650141671668	-1.2753861034403373	1	-0.78339802927044633	EUR:chr19:47150082-49282227
LPAR2	1	1	1.3117157939349897	-1.1120844722838188	-0.29386015104344376	-0.25720278193313983	1	2.7564015441080643	EUR:chr19:18409862-19877471
LRPPRC	1	0	-1.1221905676011579	1.2246760940332559	0.7684833311526833	0.79680574201383325	0	-0.19369547937178427	EUR:chr2:43309590-44313803
LRRC20	1	0	0.86855283065127997	1.0174097822227421	1.0668669755277	0.33613311330666706	1	0.953093098900611	EUR:chr10:70195991-72220850
LRRC25	1	1	1.4635506354007195	-0.95264660081278751	-0.98258063738278922	0.075999970515501863	1	3.0026637593003538	EUR:chr19:18409862-19877471
LRRC4	1	0	0.58702373877593894	-1.1458751650242125	0.13371031525477528	-0.88960834055134685	1	0.43155362601092717	EUR:chr7:126869221-128778386
LRRC58	1	0	-0.64654436156329131	0.082309572095895137	0.57796847433223952	0.081339246334298773	0	-0.69260489112833701	EUR:chr3:118530251-120523055
LRRC8A	1	0	0.30599549376173779	0.36672382451629865	-0.73556831199473449	0.66779344378501093	1	1.4267905142105182	EUR:chr9:130055510-132165470
LRRFIP2	1	0	-1.2194003620349443	1.3630857117166544	0.42625108838215958	0.90338129390388111	0	-0.25449238127234647	EUR:chr3:36486842-38356116
LSM4	1	1	1.4960076379488461	-0.20734906668288045	-1.0630442376684806	1.0405829515008636	1	3.0421982292494354	EUR:chr19:18409862-19877471
LSM6	1	0	0.42976291765507646	0.066174077460641426	0.19517231168254939	0.63841378619765898	1	-0.031904717563547964	EUR:chr4:146178187-148521873
LY9	1	0	-0.85157441099178388	0.28209552184474812	0.32008180437213529	-0.50941457891017539	0	-0.090344391238198637	EUR:chr1:159913048-162346721
LZTS2	1	0	1.4441883965352826	-0.52935226782634937	-0.11251074753785842	0.43237797906395303	1	0.90420703600146779	EUR:chr10:100668400-102949239
MALT1	1	0	0.2653600513970748	0.97093935536191467	0.97661621684949673	0.49876844501171047	1	-0.5497360749898289	EUR:chr18:55213838-56530220
MAMSTR	1	1	0.24343966922935448	-0.89470904666016249	-0.19514006512283033	-1.2498015070218957	1	-0.82040866459503281	EUR:chr19:47150082-49282227
MANBA	1	0	-1.7286216425626018	1.3537957718351263	0.37737597121078487	0.39373156795655168	0	1.6427126251954485	EUR:chr4:103221356-105305294
MAP1B	1	0	-1.3275844652829367	1.172589841412341	-0.40866274001058961	-0.84999219990435326	0	0.17892914634742227	EUR:chr5:71240456-73759326
MAP1S	1	0	-0.5919325631965936	-0.2917588581482487	-1.0774026778670875	0.10776055695994285	0	1.687047088561302	EUR:chr19:16374416-18409862
MAPK10	1	1	0.46820255725772936	2.5068525448562862	1.0734051067593204	-0.7644260123559129	1	2.5648247769264221	EUR:chr4:86930609-87534648
MAPKAPK5	1	1	0.6305478035057146	0.68839797498655564	-0.95000533409385868	0.419603645285127	1	-0.96131871963640581	EUR:chr12:110336719-113263518
MAPRE3	1	1	0.45626761051654596	0.71642663096701931	-0.31329966327190684	0.64211714203560788	1	1.9658148088318277	EUR:chr2:26894985-28598777
MARK1	1	1	0.38172436603531479	1.3928825329091483	0.64557234554643983	-1.2371673595673942	1	1.8694917757783434	EUR:chr1:219590571-221858231
MARK3	1	0	-0.33745045821557573	1.2851122792207488	0.081331941237916913	0.65684186165880531	0	-1.1053836363421943	EUR:chr14:103012102-105001723
MARK4	1	0	-1.2951292343085434	1.7825436529231591	-0.57997673657241466	-0.00076803800037141131	0	0.04437238937973411	EUR:chr19:44744108-46102697
MAS1L	1	1	0.63042732991510175	-2.2096557205712952	-1.9790932196186803	-1.5424114315453052	1	1.3092408383370535	EUR:chr6:28917608-29737971
MASP1	1	0	-0.53995052713529268	0.92163910525768766	0.74470778755132849	1.153322320865807	0	-0.32763664523639302	EUR:chr3:186890344-188856214
MAST3	1	1	0.87937124097609243	0.6789998342398702	-1.2590140455729486	0.29495221667459859	1	2.5539616136252201	EUR:chr19:16374416-18409862
MAU2	1	1	1.1601173816836077	0.4113885034115416	-0.22261729028087554	0.40240413481205911	1	2.7132148133885452	EUR:chr19:18409862-19877471
MB	1	0	-1.4764793783178738	0.25779769728785157	0.53931383011307199	-1.1279089072535582	0	0.30073900466676373	EUR:chr22:35530985-37570269
MCAM	1	0	0.43553291943604117	-0.41645005882878966	0.25430516059762232	0.37623804244697634	1	-0.069879344551297864	EUR:chr11:117747110-119215476
MCM5	1	0	-1.5099221390986188	0.098781785404631617	0.63418997536507293	0.3133913603150254	0	0.36939179990000076	EUR:chr22:35530985-37570269
MCU	1	0	-1.641318364702123	1.6711954056043568	-0.26159959358414037	0.14400265101987489	0	-0.31207452340517433	EUR:chr10:73508512-75422550
MED22	1	1	1.5586625992933454	-0.63134291164771184	0.12508303783744068	-0.023425870031421252	1	-1.102865104476604	EUR:chr9:135298842-137041122
MED24	1	0	-0.25699654040352282	0.4891217782097898	-0.60827454814335002	0.4865369838791111	0	-1.1051314676700532	EUR:chr17:36809344-38877404
MED26	1	0	-0.18083297085422739	0.6826477773905929	0.20851737063421713	-0.18579268548961117	0	-0.28003229461359608	EUR:chr19:16374416-18409862
MEPE	1	1	0.61966856914905299	0.099964475421835827	0.55755250892625496	-1.5424114315453052	1	2.6199801106871652	EUR:chr4:87534648-89238028
METAP1	1	0	0.69545826545450118	0.84872378545630023	0.80501458581269869	0.60467527972704138	1	2.2753503713708612	EUR:chr4:99424067-100678360
METTL2B	1	0	0.79261842216580325	0.22465807447795272	0.044784428933872522	-0.040641455150152536	1	0.91643132417327711	EUR:chr7:126869221-128778386
MEX3A	1	0	-0.95122115891211945	-0.61898593065177765	-0.56899677582887886	-1.2246363491606882	0	-2.340069814306748	EUR:chr1:154770403-156336133
MFAP2	1	0	0.90105113426136096	-0.96947799862782991	-0.017510974103252672	-0.7644260123559129	1	2.3965720817497957	EUR:chr1:16897730-18662899
MFNG	1	0	-1.5547710821037115	-0.19418295037803857	-0.26531121312251599	0.15927680938315789	0	1.5130624181194432	EUR:chr22:37570269-39307894
MFRP	1	0	0.47340562427101562	-0.81593539950958227	0.25430516059762232	0.038095816304544595	1	-0.16094161561259862	EUR:chr11:119215476-120766806
MGAT3	1	0	-1.403998458262802	0.34329227692611025	-0.17822736654119417	-1.424273135697375	0	-1.1089214055285266	EUR:chr22:39307894-40545797
MIA2	1	0	-1.6119678709128222	0.037433678369792431	0.73446249805358976	0.51090321374087144	0	-0.99175432205005587	EUR:chr14:38667725-40341990
MICALL1	1	0	-1.5439526717789211	0.39280556802241851	-0.29574771193935173	-0.20494104501434526	0	1.4931501341356108	EUR:chr22:37570269-39307894
MIER1	1	0	0.97657155993568534	0.80791445566092657	0.59990686365492463	0.53488870564562641	1	0.16004018601535716	EUR:chr1:66939404-68477895
MIF	1	0	1.4161801152030862	-2.2350218623947256	0.11074043431284628	1.6629882125337589	1	1.0668619239872519	EUR:chr22:23712647-24984204
MKRN2	1	0	-0.95143193181757768	0.13818070071344327	0.70007902434833325	0.50282403587880642	0	0.76841357061883775	EUR:chr3:11019665-13070799
MLEC	1	0	1.2188966756934929	-0.30595093335396117	0.31126439530183353	0.76640791205277092	1	0.44315350676196447	EUR:chr12:119754110-122007651
MLH1	1	0	-1.186945131060551	0.90785275517097352	0.40278407686387013	0.53488870564562641	0	-0.22027176075304389	EUR:chr3:36486842-38356116
MLN	1	1	1.0847792880356186	-0.67055666261351643	0.38425105418482824	-1.5424114315453052	1	0.41448525794067614	EUR:chr6:33236497-35455756
MMAA	1	1	0.47360368199053915	0.48277118662129581	-0.1223709275257175	0.29030761328157983	1	0.0094467160095296262	EUR:chr4:146178187-148521873
MMP11	1	0	1.6573043190481418	-0.25169200841148903	-0.094639845612878054	-0.77370120825070487	1	1.1101882633181783	EUR:chr22:23712647-24984204
MMP15	1	0	-0.7325718974189791	-0.034479823933093283	0.84007176582944687	0.81012504683872599	0	-0.94814561726258739	EUR:chr16:57664330-59045405
MNDA	1	0	-1.1653083104109483	-0.15729488995368401	0.68542277637365423	0.19928012204816672	0	-1.6944793561629705	EUR:chr1:158027412-159913048
MOAP1	1	0	-0.19343987056073342	-1.6165914812879489	0.70173092132045467	0.55850517531162203	0	-0.66998485899385707	EUR:chr14:93132299-94325285
MOG	1	1	0.67370569566882188	-0.28588433193024543	-2.4819724237021497	-1.5424114315453052	1	0.046016950960310971	EUR:chr6:28917608-29737971
MORN3	1	1	1.284657822196676	-0.028083538367491039	0.27695368152709715	-1.2625405033716455	1	1.0298615755809708	EUR:chr12:122007651-124977980
MPPED1	1	1	1.604204732737623	1.1276062106489306	0.80058530300701725	0.57791175806387796	1	3.2257996055742333	EUR:chr22:43714200-44995308
MPST	1	0	-1.2869704005602169	-0.6035678597638342	0.10314674392111449	1.5869516283659728	0	1.3561529088291655	EUR:chr22:35530985-37570269
MPV17	1	1	0.4129537784447288	-0.2470649056958166	-0.3018956345476056	0.80014641852338841	1	1.9583079056144574	EUR:chr2:26894985-28598777
MPV17L2	1	1	0.92264488227527608	-1.3695513553730678	-1.2439676726782447	0.30419947506312861	1	2.6417738639626971	EUR:chr19:16374416-18409862
MPZ	1	0	-1.1003978484621617	-1.1157502518108069	0.4613723128601076	-0.63163084246833168	0	-0.47816826262639844	EUR:chr1:159913048-162346721
MPZL2	1	0	0.078447416706257045	-0.53520746293837296	0.41760619817710171	0.58560621151926406	1	0.066997557850801526	EUR:chr11:117747110-119215476
MPZL3	1	0	0.067626643896276928	0.10750297331608177	0.43517364663432856	-0.07566290381854722	1	0.036973282842735933	EUR:chr11:117747110-119215476
MRC1	1	0	1.4419285778656346	1.1681004800771999	0.85583564256119637	-0.31130671705196428	1	-0.055201499476851726	EUR:chr10:16551767-18537267
MRGPRE	1	0	0.12208251824014654	-1.2009922937610875	0.39435346549313322	-1.5424114315453052	1	0.88946985998942873	EUR:chr11:1213590-3665481
MRGPRG	1	0	0.14371933888974942	-2.4978502083354597	0.36849882704683151	-1.5424114315453052	1	0.89722353260058574	EUR:chr11:1213590-3665481
MRPL1	1	0	-0.8732112316413867	1.0760188700388613	0.68875136680786875	0.72491781202550087	0	-0.29572935183475957	EUR:chr4:77130707-79093979
MRPL23	1	0	0.33845072473613108	0.39444029896884392	0.0951396415170776	1.1769995036550049	1	0.018620413185304416	EUR:chr11:1213590-3665481
MRPL33	1	1	0.17472770204971244	1.7490360983081157	-0.16850609040575082	1.2028861247178617	1	1.9355340774642136	EUR:chr2:26894985-28598777
MRPL34	1	0	-0.78666394904297532	-0.34604640260434272	-0.90481836740576727	1.2780254431602163	0	1.6757916218132327	EUR:chr19:16374416-18409862
MRPL40	1	0	0.13383775839068673	-1.2905642687113847	-0.12839863729472351	1.2333846163564111	1	-0.5596359416375849	EUR:chr22:18296088-19912358
MRPL43	1	0	1.421893222681438	-0.16290211481409672	-0.094216447293595837	1.080017346697048	1	0.90070979341785296	EUR:chr10:100668400-102949239
MRPS27	1	0	-1.3384028756077491	1.1642923497382314	-0.25835803061911566	0.73887281950114025	0	0.13374497672524124	EUR:chr5:71240456-73759326
MRPS28	1	0	-1.3275844652829367	1.2391290024320512	0.36849882704683151	1.1373321736707733	0	1.0649289613738204	EUR:chr8:79132861-81956395
MRS2	1	1	0.41880272657120526	0.011803543107644306	1.2041514715300423	0.45343510281395133	1	0.060549824441111358	EUR:chr6:23936619-24852275
MSI1	1	0	1.0106530451000066	0.17067395717389863	0.43961882186885742	-1.0931517940764952	1	0.24319536041524756	EUR:chr12:119754110-122007651
MSL1	1	0	-0.30027963164350929	-0.33227079998129561	-0.48971144158202795	0.72491781202550087	0	-0.80252150848448756	EUR:chr17:36809344-38877404
MSL2	1	0	0.83609759967688668	0.59486294891658686	-0.10653455674595717	0.42387357919353502	1	1.7550506660123384	EUR:chr3:135456906-137371083
MSTO1	1	0	-0.65529599964772978	1.4037628033772291	-0.65986890981706103	-0.3745438613257136	0	-2.2157565990516015	EUR:chr1:154770403-156336133
MTNR1B	1	0	-0.78532898884880176	-0.28813846349124173	0.45854938137540985	-1.5424114315453052	0	1.1705153180986461	EUR:chr11:92077144-93276157
MTSS1	1	1	0.84609209916292238	1.5974473313123005	0.68236629247698	1.074445506640205	1	0.88136545249089471	EUR:chr8:125683719-126410917
MTX1	1	1	-0.92930077674437706	-1.1323906492989033	-0.59490393601198521	0.34961818026662567	0	-0.76217504001591863	EUR:chr1:154770403-156336133
MUC1	1	1	-0.90738039457665676	-1.2485698882313165	-0.60213433964828389	-0.84024587985937749	0	-0.76896546415085032	EUR:chr1:154770403-156336133
MUC21	1	0	1.1335383318022221	-0.9876806137994818	-9.3598406062987767	-1.5424114315453052	1	-3.139362874476479	EUR:chr6:30798168-31571218
MYADM	1	0	-1.4249501582061384	-0.60153022585700167	-0.80142007406522109	0.9002581183599988	0	-1.2714711344654384	EUR:chr19:52985290-54602362
MYD88	1	0	-1.1436714897613454	-1.225006265854667	0.22639947220798443	1.0911007179534018	0	-0.4115033584181404	EUR:chr3:36486842-38356116
MYH9	1	0	-1.443036617537107	1.2050144336556627	0.28903502996250435	1.2877717632051922	0	0.95676497936669735	EUR:chr22:35530985-37570269
MYL2	1	1	0.65218462415529543	-0.62533394208768245	-0.95809548327135408	-1.5424114315453052	1	-1.2562567840474252	EUR:chr12:110336719-113263518
MYO9B	1	0	-0.82993759034218095	1.4069932410504584	-0.74698454637661249	0.44924672299778623	0	1.306343101480397	EUR:chr19:16374416-18409862
MYOF	1	0	-0.72175348709418874	1.5895609154785235	0.59903431057831202	-0.3251360020311444	0	-0.6480403194074732	EUR:chr10:93335047-95396368
MYPOP	1	0	-0.89484805229096753	-0.44089483497645982	-1.2749858127311418	-0.22433128494633753	0	0.67118483071418245	EUR:chr19:46102697-47150082
NAA25	1	1	0.51154528993290993	1.0050992176598663	-0.75665322484420561	0.18937660221091152	1	-1.232209079818372	EUR:chr12:110336719-113263518
NANOS2	1	0	-0.90566646261577999	-2.0472907595110152	-1.2693799780117414	-1.5424114315453052	0	0.67101334704062199	EUR:chr19:46102697-47150082
NAP1L4	1	0	0.16535615953935226	0.58880051167554914	0.28524653892898549	0.94948206340882169	1	0.63441966362140578	EUR:chr11:1213590-3665481
NBPF1	1	0	0.81336960559041349	0.64009602328917714	0.10314674392111449	-0.17315853803510961	1	2.3662500213361621	EUR:chr1:16897730-18662899
NBPF3	1	0	0.82432979667428474	0.53797005601279968	0.67930474474443825	-1.0480002963675215	1	-0.41180138333326582	EUR:chr1:21736588-23086883
NCAN	1	1	1.2575735038452074	0.45438786230388645	-0.2783609053815399	-1.482206058210068	1	2.7625666888212406	EUR:chr19:18409862-19877471
NCEH1	1	0	-1.7105787037831981	0.99230340687640473	0.28283163077330781	-0.18579268548961117	0	0.88886000543056309	EUR:chr3:172295731-173477285
NCF4	1	0	-1.3427083351948284	-0.20811730286021884	0.12658633013626813	0.30419947506312861	0	1.347957093756222	EUR:chr22:35530985-37570269
NCK1	1	0	0.81446077902728387	1.0530357631778515	0.019480866010181522	0.70018705444177343	1	1.7474375283605865	EUR:chr3:135456906-137371083
NCS1	1	0	-0.42965640832460522	0.81992580589671693	0.097812532507928263	-0.8113727982236163	0	1.2770209697512911	EUR:chr9:132165470-133223217
NDRG4	1	0	-0.67847984579498299	0.63313865593900553	0.79928054975333274	-0.99336676308912741	0	-0.23600976672106777	EUR:chr16:57664330-59045405
NDUFA13	1	1	1.2034312137554248	-0.17653713826132625	-0.26438260910477124	1.6127179186060483	1	2.7385100149359145	EUR:chr19:18409862-19877471
NDUFA3	1	0	-1.6845920060013067	-0.94613364865972038	-0.63928540788265953	1.4402468639792609	0	-1.6898946129606842	EUR:chr19:54602362-55728080
NDUFAF3	1	0	-1.5929987106827841	-1.5353914362046805	-1.057331955047448	1.134650879975442	0	0.27377295639153348	EUR:chr3:47727212-49316972
NDUFB8	1	0	1.3215649403391594	0.064208546031646635	0.17990615047458619	1.5006213970755693	1	0.85403541346324197	EUR:chr10:100668400-102949239
NDUFB9	1	1	0.86774901519883096	0.21255409480222778	0.56290019677658965	1.5505458054113956	1	0.92479745169181027	EUR:chr8:124861459-125683719
NDUFS2	1	0	-1.0246689761885626	-0.19627267597747231	0.38816821931122991	1.3635916307086566	0	-0.52647518916671743	EUR:chr1:159913048-162346721
NECAP2	1	0	0.72568807691948811	-0.10743568962255005	0.1611975003970228	0.82988978663259039	1	2.3551448992023025	EUR:chr1:14891511-16897730
NEDD4L	1	0	0.23247947814548331	2.1349247075223872	1.1167777159955463	0.010436685107920078	1	-0.8442187791130521	EUR:chr18:55213838-56530220
NEU2	1	0	1.7123888359856152	-1.7211277617951468	0.48689564271460484	-1.5424114315453052	1	-1.4721924250172249	EUR:chr2:233550003-235150987
NEUROG3	1	0	1.0849210371472646	-2.057711541743465	0.8359817446131298	-1.5424114315453052	1	1.1759648173661588	EUR:chr10:70195991-72220850
NFKB1	1	1	-1.6853385513226373	1.2689135211673876	0.37999806736754382	0.60088036988254712	0	1.6385054766458924	EUR:chr4:103221356-105305294
NFRKB	1	0	-0.81066197758416092	0.27650226537461697	0.4748004486906342	0.24786139970718202	0	-0.54417120346315528	EUR:chr11:128188537-130342575
NGEF	1	0	1.7015704256608248	1.3835069851850301	0.57943916438712451	0.62724980789687312	1	-1.7002608430219945	EUR:chr2:233550003-235150987
NICN1	1	0	-1.4793930005792331	-0.96378632954321586	-1.1241140927731481	0.38063014916378046	0	0.25647266262682233	EUR:chr3:49316972-51832015
NINJ2	1	0	-1.1539846939636482	1.1508367878292507	0.060424995908492561	-0.006401219552568789	0	-1.49294146565666	EUR:chr12:61107-1080331
NIT1	1	0	-0.94894010391496364	-0.85389663085544887	0.36948728492352695	1.0883373684217534	0	-0.38291066033224586	EUR:chr1:159913048-162346721
NKAPL	1	1	0.38157672683115051	-2.0102444449700037	0.14527502053719324	-1.1279089072535582	1	2.0433472174928835	EUR:chr6:28017819-28917608
NKPD1	1	0	-1.2085819517101539	-0.58763785099644938	-0.64498008713950983	-1.5120136015842425	0	0.0073930394819471034	EUR:chr19:44744108-46102697
NKX2-3	1	0	1.1877938972161137	-1.406817909691108	0.23421310734391004	-1.5424114315453052	1	0.61329705724381345	EUR:chr10:100668400-102949239
NLRP12	1	0	-1.4790422098301346	0.24795972274745895	-0.76089923153583439	-1.3684473380869764	0	-1.167803558648804	EUR:chr19:52985290-54602362
NLRX1	1	0	0.32732519133610793	-0.18931416263315753	0.29350234695611194	-0.06977022767520083	1	0.05492727026483761	EUR:chr11:117747110-119215476
NOL11	1	0	0.74863597700132278	0.13815186550822145	0.043213066631343708	0.74234183849229562	1	0.24841628767619503	EUR:chr17:64800430-67858770
NOL12	1	0	-1.4519961840181366	1.0944485678617428	-0.41419168239726051	-0.029142972544210624	0	1.5416302450077588	EUR:chr22:37570269-39307894
NOS1AP	1	0	-1.2410371826845472	2.0351467150457263	0.72741969110199745	-0.99336676308912741	0	-0.12587523749038057	EUR:chr1:159913048-162346721
NOSIP	1	1	1.1531355291902878	0.33665863840499061	-1.2423909473637946	0.83642188266082707	1	0.45982929102933995	EUR:chr19:49282227-51532567
NOTCH3	1	0	-0.37556435670060906	0.47491684458397093	0.35261116803027559	-0.64868702072582451	0	0.74598324635084079	EUR:chr19:14486347-15648610
NOTCH4	1	1	1.6041763829153026	0.20774828526564104	-3.2067438751196335	0.059869801952823244	1	0.48878605347469167	EUR:chr6:31571218-32682664
NOVA2	1	0	-0.92730328326538281	0.44577302276787728	-1.2384550098663958	-0.98266957519798592	0	0.67067043887387634	EUR:chr19:46102697-47150082
NPFFR1	1	0	0.93346329260008853	0.3756716239431504	1.0125494910562527	-1.5424114315453052	1	0.97488095753885662	EUR:chr10:70195991-72220850
NPTXR	1	0	-1.4905646407427531	0.10371279684120195	-0.20905284016757697	-1.2371673595673942	0	0.64315009209814789	EUR:chr22:37570269-39307894
NR1D1	1	0	-0.25699654040352282	-0.79559520666603167	-0.58273195097342267	0.46593210738885804	0	-0.92563762583387088	EUR:chr17:36809344-38877404
NR1I2	1	0	-0.6790066799932537	0.40993122971170909	0.56200998947406389	1.1184640138135591	0	-0.96611078439268649	EUR:chr3:118530251-120523055
NR2C2AP	1	1	1.3442011679888417	-1.8535336336971282	-0.33873568717567076	0.33613311330666706	1	2.7950788999228071	EUR:chr19:18409862-19877471
NR2F6	1	0	-0.7325718974189791	-0.3556792815637973	-0.91799433735449931	1.0827957008497084	0	1.6048543509093864	EUR:chr19:16374416-18409862
NRBF2	1	0	0.73873190675370681	-0.020250746813211259	0.51937529286571193	0.84616820270580295	1	-1.4162617197118672	EUR:chr10:63341695-65794114
NRBP1	1	1	0.34798303033700306	-0.33344043506282078	-0.30000178661712273	1.071651984030682	1	1.9536715479216327	EUR:chr2:26894985-28598777
NRF1	1	0	0.55456142034595457	1.4428325406082347	0.29693141076513124	-0.093477884239779013	1	0.83312611149737414	EUR:chr7:128778386-130422414
NRSN1	1	0	0.10095718513907322	0.19590855946303695	1.1064165397965191	-1.5424114315453052	1	0.22785267686055474	EUR:chr6:23936619-24852275
NSMAF	1	0	0.088100037906078121	0.94698134543015977	0.42241390695891279	0.091962404650528268	1	0.42031060816486498	EUR:chr8:59068651-59728100
NSMCE2	1	1	0.8352636411449571	1.9348730408770687	0.79457579541346157	0.3406413111146418	1	-0.16073358181677991	EUR:chr8:125683719-126410917
NSUN6	1	0	1.4202917572160538	1.2001302518964445	0.97115355558755623	1.0491188785023953	1	-0.31106851101963207	EUR:chr10:18537267-19716878
NTF4	1	1	0.65992693041628303	-0.67510413928272583	-0.65470150001585847	-1.5424114315453052	1	-1.2392597190412871	EUR:chr19:49282227-51532567
NTN5	1	1	0.18863871381002062	-0.4986792309918141	-0.15314505468457915	-1.2371673595673942	1	-0.78824522587726153	EUR:chr19:47150082-49282227
NUBP1	1	0	-1.1984037748729377	0.1047674966816792	0.84593535700810274	0.76981532799192598	0	-0.11374057992190939	EUR:chr16:10426032-11520161
NUCB1	1	1	0.52840463740987298	0.034074028677254543	-0.46367660750544992	1.502734322736478	1	-1.191969375358739	EUR:chr19:49282227-51532567
NUDT3	1	0	-1.3820166776333354	1.2488860198083171	0.58706794163446818	0.4110279791248429	0	0.067820867659637324	EUR:chr6:33236497-35455756
NUDT9	1	1	0.57639256575152875	0.38671208628536369	0.61063461205233927	0.98243053370642275	1	2.6033994786777468	EUR:chr4:87534648-89238028
NUP188	1	0	-0.029375226307051427	0.75377887878772143	-0.60102012679786954	0.18937660221091152	1	1.4099450755257035	EUR:chr9:130055510-132165470
NUP210L	1	0	-1.2471463181765312	1.5282829046046738	0.072842829828982672	-1.327871224541181	0	-0.9951180629998837	EUR:chr1:153180829-154770403
NUP98	1	0	0.024716825316944704	1.3370753261000028	0.93075495401366137	0.58943902312423935	1	0.59130280759983589	EUR:chr11:3665481-4746709
NWD1	1	0	-0.040193636631841854	1.1391716319098941	-0.10866669261930396	-1.4970374803542688	1	-0.47985731522862368	EUR:chr19:16374416-18409862
NXNL1	1	0	-0.6460246148205897	-1.0739854463910574	-1.0080886388877117	-1.5424114315453052	0	1.6881844560474799	EUR:chr19:16374416-18409862
OAS1	1	0	-0.82993759034218095	0.10002507724505051	-0.17955696627939738	0.98243053370642275	0	-0.091719144616023582	EUR:chr12:113263518-113986709
OAS2	1	0	-0.85157441099178388	0.30891385145221856	-0.085768789352640817	0.58176380588274323	0	-0.082786228662912839	EUR:chr12:113263518-113986709
OAS3	1	0	-0.84075600066697143	0.34432984382678611	-0.11850632809051113	0.21401662162793145	0	-0.11057185292665761	EUR:chr12:113263518-113986709
OASL	1	0	1.1860161024418794	-0.1257413549711118	0.32312420835357952	0.62724980789687312	1	0.54639512062605355	EUR:chr12:119754110-122007651
OBP2B	1	1	1.481941261706291	-1.3297242415309287	0.15232745797568037	-1.5424114315453052	1	-0.53988979631813938	EUR:chr9:135298842-137041122
OCEL1	1	0	-0.71093507676939827	-1.5407334688044607	-0.92660937373386398	1.0001087358110112	0	1.516944561201149	EUR:chr19:16374416-18409862
OLFML2B	1	0	-1.2194003620349443	0.46203692912394412	0.65123734678385803	-1.0480002963675215	0	-0.040398518941958929	EUR:chr1:159913048-162346721
ONECUT2	1	0	0.37496196223574257	0.70308686576574631	0.62847239049305204	0.081339246334298773	1	-0.50427294998065264	EUR:chr18:51554175-55213838
OPA3	1	0	-1.1220346691117644	0.93113752798225402	-0.99701491612285253	-0.34611637760602121	0	0.42900047438871275	EUR:chr19:46102697-47150082
OPN1SW	1	0	0.77097687654582103	-1.4714506831102465	0.13856884478697898	-0.39621537774727372	1	0.91809940744652752	EUR:chr7:126869221-128778386
OR10C1	1	1	0.6087881470382307	-2.0055614283306022	-1.828112552962798	-1.5424114315453052	1	1.5049408421505823	EUR:chr6:28917608-29737971
OR10H1	1	0	-0.55947733222220031	-2.3033842348535734	0.51389996454465348	-1.5424114315453052	0	0.43516287512415835	EUR:chr19:15648610-16374416
OR10H2	1	0	-0.60275097352140605	-2.3686252831235537	0.57384430437715439	-1.5424114315453052	0	0.40807868965614263	EUR:chr19:15648610-16374416
OR10H3	1	0	-0.58111415287180324	-2.4293143405380255	0.5515924264932951	-1.5424114315453052	0	0.40971597512901547	EUR:chr19:15648610-16374416
OR10H4	1	0	-0.46211163929899851	-2.4293143405380255	0.39370336101626957	-1.5424114315453052	0	0.49094708982294394	EUR:chr19:15648610-16374416
OR10H5	1	0	-0.57029574254699078	-2.295179337711053	0.51785599494536472	-1.5424114315453052	0	0.44905150092094326	EUR:chr19:15648610-16374416
OR10J1	1	0	-0.99221374521416938	-2.3249940305479022	0.54171606893875723	-1.5424114315453052	0	-1.3018571925733964	EUR:chr1:158027412-159913048
OR10J5	1	0	-0.94894010391496364	-2.3530715104521427	0.43199196203905793	-1.5424114315453052	0	-1.0704970137964265	EUR:chr1:158027412-159913048
OR10K2	1	0	-1.0138505658637722	-2.4390907965035766	0.63590180685055109	-1.5424114315453052	0	-1.5734001393534101	EUR:chr1:158027412-159913048
OR10R2	1	0	-1.0571242071629559	-2.3844997746338947	0.64953966916658934	-1.5424114315453052	0	-1.5479506899451905	EUR:chr1:158027412-159913048
OR10T2	1	0	-1.0246689761885626	-2.4341870502324641	0.63932071986358574	-1.5424114315453052	0	-1.5626343654966113	EUR:chr1:158027412-159913048
OR10X1	1	0	-1.1003978484621617	-2.4054029291021846	0.66728796982726157	-1.5424114315453052	0	-1.4088361971722811	EUR:chr1:158027412-159913048
OR10Z1	1	0	-1.1544899000861577	-2.4366350191048354	0.68236629247698	-1.5424114315453052	0	-1.365831310158518	EUR:chr1:158027412-159913048
OR12D2	1	1	0.58714896416138163	-2.3656383324836545	-1.6567139322121414	-1.5424114315453052	1	1.6469490525183601	EUR:chr6:28917608-29737971
OR12D3	1	1	0.57632937272294615	-1.9091452065797732	-1.5643947838317109	-1.5424114315453052	1	1.6395545450985831	EUR:chr6:28917608-29737971
OR14J1	1	1	0.5546901898460751	-2.305449195130552	-1.3772163036432123	-1.5424114315453052	1	1.6785855929380702	EUR:chr6:28917608-29737971
OR1I1	1	0	-0.27819866377742924	-2.2237824575019358	0.27175168328157923	-1.5424114315453052	0	0.74960470258484424	EUR:chr19:14486347-15648610
OR2B2	1	1	0.067808575116608094	-2.2426070031759844	0.40213693206425449	-1.5424114315453052	1	2.1328793794530316	EUR:chr6:26791233-28017819
OR2B3	1	1	0.52223141553076846	-2.3130684576586535	-0.90876130337486094	-1.5424114315453052	1	1.7066868242700761	EUR:chr6:28917608-29737971
OR2B6	1	1	0.31665917820055933	-2.4366350191048354	0.35526861512700719	-1.4529663122347427	1	2.1355495105310753	EUR:chr6:26791233-28017819
OR2H1	1	1	0.61960773847666628	-0.876398334421022	-1.9009356172681595	-1.5424114315453052	1	1.4530414515737182	EUR:chr6:28917608-29737971
OR2H2	1	1	0.65206651279197281	-2.3435981185111712	-2.2545831997689101	-1.5424114315453052	1	0.98394889463766899	EUR:chr6:28917608-29737971
OR2J2	1	1	0.54387059840763952	-2.3596989737177481	-1.1160010717508395	-1.5424114315453052	1	1.6967851478988574	EUR:chr6:28917608-29737971
OR2J3	1	1	0.53305100696920404	-2.4415544324033847	-0.96825823275241074	-1.5424114315453052	1	1.6898946129606847	EUR:chr6:28917608-29737971
OR2W1	1	1	0.51141182409235497	-2.3693738350169622	-0.81763001973066152	-1.5424114315453052	1	1.8601432783861453	EUR:chr6:28917608-29737971
OR5V1	1	1	0.56550978128451057	0.95097464631727668	-1.5062240635404243	-1.5424114315453052	1	1.6560509169211155	EUR:chr6:28917608-29737971
OR6K2	1	0	-1.0895794381373491	-2.3047602594588787	0.66644666685055132	-1.5424114315453052	0	-1.4077290484384517	EUR:chr1:158027412-159913048
OR6K3	1	0	-1.0787610278125588	-2.3937200712051605	0.66307761950637567	-1.5424114315453052	0	-1.4973372276190873	EUR:chr1:158027412-159913048
OR6K6	1	0	-1.1220346691117644	-2.2684445139038898	0.66868929085932127	-1.5424114315453052	0	-1.5538755605857437	EUR:chr1:158027412-159913048
OR6N1	1	0	-1.2410371826845472	-2.3701231154281435	0.72443194274471923	-1.5424114315453052	0	-1.7161614150153328	EUR:chr1:158027412-159913048
OR6N2	1	0	-1.132853079436555	-2.426889502118621	0.67316639046039084	-1.5424114315453052	0	-1.5407323365797276	EUR:chr1:158027412-159913048
OR6Y1	1	0	-1.1436714897613454	-2.4077609265403388	0.67568000040101495	-1.5424114315453052	0	-1.52741028655241	EUR:chr1:158027412-159913048
OR7A10	1	0	0.024716825316944704	-2.4465054820176793	-0.22034962285135182	-1.5424114315453052	1	0.88176929653336122	EUR:chr19:14486347-15648610
OR7A17	1	0	-0.051012046956632279	-2.2985874245589812	-0.099728206670286326	-1.5424114315453052	1	0.84304624984108401	EUR:chr19:14486347-15648610
OR7A5	1	0	-0.0023292004950533607	0.50303345973157998	-0.23673928200928079	-1.5424114315453052	1	0.89038526262392026	EUR:chr19:14486347-15648610
OR7C1	1	0	-0.0023292004950533607	-2.3414284067085935	-0.23673928200928079	-1.5424114315453052	1	0.89038526262392026	EUR:chr19:14486347-15648610
ORAI1	1	1	1.2627374400289557	-0.249876014314041	0.29590335958066188	0.38937684092173319	1	1.0180672011235614	EUR:chr12:122007651-124977980
ORM1	1	0	1.0874656148738351	-1.4439518470225878	0.62043793454756369	2.3198761217260575	1	0.42990126658282224	EUR:chr9:117019801-117921960
ORM2	1	0	1.0763180279469129	-1.4520988602087095	0.6218752232226713	2.121616423512001	1	0.41941347650067856	EUR:chr9:117019801-117921960
ORMDL3	1	0	-0.23535499478354055	-0.94236949479387722	-0.61668057608699045	1.4707309345791446	0	-1.155438597899535	EUR:chr17:36809344-38877404
OSBPL5	1	0	0.15453774921453983	0.97939769144291011	0.34895092707115705	-0.48609706346840675	1	0.89640481986683052	EUR:chr11:1213590-3665481
OSCAR	1	0	-1.7278656473005125	-0.78318596225753612	-0.61331357493121674	-0.50941457891017539	0	-1.718554297477189	EUR:chr19:54602362-55728080
OTOF	1	1	-0.041841458309373358	1.166251868932372	-0.094216447293595837	-1.2625405033716455	1	1.9266990203508165	EUR:chr2:24686918-26894985
OTUB2	1	1	0.81441058443790082	0.0098983900604843918	0.86316316111647406	-1.1998770986860694	1	1.8286426095030968	EUR:chr14:94325285-95750867
OTUD4	1	1	0.48456387307441029	0.87274976490106015	-0.15576932299272769	0.57791175806387796	1	0.55643648637043674	EUR:chr4:143443265-146178187
OXER1	1	0	-1.1005525659023847	-1.9554074139716211	0.74390101087122695	0.74925644590609553	0	1.0881459801195477	EUR:chr2:40281483-43309590
OXSR1	1	0	-1.2085819517101539	1.0771182745292214	0.32784690303617237	0.57017854145523961	0	-0.36295019625755831	EUR:chr3:36486842-38356116
P2RX4	1	1	1.1421753381064168	0.064081565071153895	0.34828464909154966	0.50282403587880642	1	0.77782787934670861	EUR:chr12:119754110-122007651
P2RX7	1	1	1.1531355291902878	0.66973135055200073	0.33289357514803664	-0.18579268548961117	1	0.63894669273454707	EUR:chr12:119754110-122007651
P4HTM	1	0	-1.6092280978404374	-0.19729737841858275	-1.0566191596841554	0.45343510281395133	0	0.26525469712647171	EUR:chr3:47727212-49316972
PACSIN2	1	1	1.6582967843616192	1.6062095874824156	0.7003544430769808	0.84940327292380335	1	3.3856753434744342	EUR:chr22:42690818-43714200
PADI2	1	0	0.89009094317748971	0.66156357496572471	-0.0069814757773463687	-1.0931517940764952	1	2.3917620371133985	EUR:chr1:16897730-18662899
PADI3	1	0	-0.53473389772519087	0.3495625442027675	0.058087333412784645	-1.5424114315453052	0	1.5109154884648595	EUR:chr1:16897730-18662899
PAG1	1	0	-1.3708581065821424	1.4369366313130012	0.42880478988571558	-0.23084951236379053	0	0.15629716931215884	EUR:chr8:81956395-82693739
PARVB	1	1	1.5068390398144431	1.5800921382486288	1.0104550008618955	0.3406413111146418	1	3.056505215689965	EUR:chr22:43714200-44995308
PARVG	1	1	1.5284758604640241	0.56659488600217145	0.90825185396113717	0.55067332031079141	1	3.0871488064218742	EUR:chr22:43714200-44995308
PATE1	1	0	-0.46897275122198578	-1.409826958151426	0.7129795345132327	-1.5424114315453052	0	-0.64298173825792726	EUR:chr11:124495528-126311320
PATE2	1	0	-0.47993294230585698	-1.6239507375458959	0.71653191792640514	-1.5424114315453052	0	-0.63626243435490626	EUR:chr11:124495528-126311320
PAX2	1	0	1.388450461900693	1.1099542097316415	0.11263399115075703	-1.482206058210068	1	0.87874396118511	EUR:chr10:100668400-102949239
PBLD	1	0	0.40336118668491766	0.62715748413319372	0.61323467464150139	1.444638970696065	1	0.76071146031940995	EUR:chr10:69900148-70195991
PBX2	1	1	1.625817928535285	-1.0849219030697299	-3.2343253118689308	0.8526315396242321	1	0.48832327143135312	EUR:chr6:31571218-32682664
PBX4	1	1	1.2359165878092988	0.72480290395715286	-0.22761597561604202	-0.97204641688175619	1	2.7132148133885452	EUR:chr19:18409862-19877471
PBXIP1	1	1	-0.78681829265411785	-0.47446720196913961	-0.63247487699280824	0.92198807020926765	0	-0.85009893129197545	EUR:chr1:154770403-156336133
PCCB	1	0	0.84691601000169914	1.0528160557555051	-0.13964538803776366	1.3589610382068835	1	1.7582530505095566	EUR:chr3:135456906-137371083
PCP4L1	1	0	-1.0895794381373491	0.1388724218396889	0.4538348913029393	-0.3745438613257136	0	-0.48323953778340323	EUR:chr1:159913048-162346721
PDE12	1	0	0.27354026278732252	-0.5753017955223525	0.74685747161684424	0.26687142904068867	1	-0.16434049380402066	EUR:chr3:56433907-58157519
PDE4C	1	1	0.93346329260008853	0.58102088906883131	-1.1720369588242543	-1.1634712757314924	1	2.6508546606871737	EUR:chr19:16374416-18409862
PDE6C	1	0	-0.66766143547019263	0.67215623443236983	0.46794243085958975	-1.0149874057224155	0	-0.75614823399365116	EUR:chr10:93335047-95396368
PDGFB	1	0	-1.2416868661129021	-0.032425785549389394	-0.2385693608480613	-0.23739553614427666	0	-0.47341551601668447	EUR:chr22:39307894-40545797
PDHB	1	0	0.40336118668491766	-0.98247112177939333	0.31024428931047238	1.2409154912336549	1	-0.51221784882074362	EUR:chr3:58157519-60272906
PDXP	1	0	-1.3924949272317453	-0.76994110639668756	-0.42732622945581961	0.90338129390388111	0	1.552960489289791	EUR:chr22:37570269-39307894
PDZD3	1	0	0.38142905538607452	-1.188290847936343	0.28006786588135241	-1.3412777748263425	1	0.036562284451339848	EUR:chr11:117747110-119215476
PDZD7	1	0	1.4553359834622048	0.038287719954288403	-0.11893532912701296	-1.0259130052277403	1	0.90565029521767304	EUR:chr10:100668400-102949239
PEX26	1	0	-0.019604916783443685	0.66918180414378958	0.15935308268085061	0.3133913603150254	1	-0.5451239806414977	EUR:chr22:18296088-19912358
PFDN2	1	0	-0.99221374521416938	-0.18460752005811565	0.3760635265842921	1.2207504689019095	0	-0.3644128656090192	EUR:chr1:159913048-162346721
PFDN6	1	1	1.2579116529955205	-0.69051576611349108	-0.12151142892583996	1.1319648946002117	1	0.75160069892328119	EUR:chr6:33236497-35455756
PGAP2	1	0	0.035535235641757139	0.19239609377530165	0.89019907702107881	0.69304731947605303	1	0.62706998712935957	EUR:chr11:3665481-4746709
PGAP3	1	0	-0.17043035792357181	0.10807289232882933	-0.77982114108971956	0.68946496020657122	0	-0.79105012574746658	EUR:chr17:36809344-38877404
PGBD1	1	1	0.40321590970802162	-0.046224037897640138	0.11679299884406744	-0.41819723667778325	1	2.0455607471364416	EUR:chr6:28017819-28917608
PGLS	1	0	-0.61356938384619641	-0.64453878955975086	-1.0666234019801581	0.95552553676730823	0	1.6887539596894532	EUR:chr19:16374416-18409862
PGLYRP1	1	0	-1.0354873865133531	-1.3402761377569605	-1.1987801456356493	-1.3412777748263425	0	0.68047451589800423	EUR:chr19:46102697-47150082
PGLYRP2	1	0	-0.54865892189740995	0.23586386417084115	0.50198080368182152	1.5769252031030643	0	0.5027188679703013	EUR:chr19:14486347-15648610
PGPEP1	1	1	1.4851886370994705	0.21140133596997884	-1.0011597895385538	0.42813166860987051	1	3.0284880918279398	EUR:chr19:18409862-19877471
PHF1	1	1	1.1929870161355518	-1.0041594732170396	0.0030867738018019631	0.8686718135833309	1	0.70589150311812654	EUR:chr6:33236497-35455756
PHF19	1	0	-1.4682237995053222	-0.02394359119716049	-0.15576932299272769	-0.36738748356092887	0	-2.2270560946463602	EUR:chr9:122260297-124871322
PHF21B	1	1	1.6691151946864315	1.3499035843503455	0.67148874898663291	-1.5424114315453052	1	3.4312541563414234	EUR:chr22:44995308-46470495
PHLDA2	1	0	0.23026662148813881	-2.2612523247162537	0.2374000962736991	0.070642058443157407	1	0.57604358364742925	EUR:chr11:1213590-3665481
PHLDB1	1	0	0.33814596414608805	0.6452320567232438	0.34361396464258914	0.09724654153901223	1	0.029713167010033924	EUR:chr11:117747110-119215476
PHYHD1	1	0	0.24108503181292923	-0.041330061964850687	-0.69293573200333891	1.026250071924695	1	1.4203792636649073	EUR:chr9:130055510-132165470
PICK1	1	0	-1.3492212859325394	-0.10807067955428906	-0.49864750600439411	0.55459424262210932	0	1.3953001818535937	EUR:chr22:37570269-39307894
PIH1D1	1	1	1.2736976311128267	-0.87081787380062214	-1.3865642847276383	0.97351449556953662	1	0.47648057308994829	EUR:chr19:49282227-51532567
PIK3R2	1	1	0.89018965130088279	0.086298865730377622	-1.3245701551500977	0.18937660221091152	1	2.5611700529674333	EUR:chr19:16374416-18409862
PINK1	1	0	0.94489189859682365	-0.16294475003834766	0.58736072812900852	1.2156675495215807	1	-0.58122299120159537	EUR:chr1:20469149-21736588
PIP4K2B	1	0	-0.59244049751332473	0.33411429766233608	-0.88133580981803106	0.32252853164017126	0	-0.06397913945492624	EUR:chr17:36809344-38877404
PITPNC1	1	0	0.33715457231903778	2.049826552911032	0.42752838026396039	0.19928012204816672	1	0.052733583526538313	EUR:chr17:64800430-67858770
PIWIL3	1	0	1.7121052744674758	0.70411061311457079	-0.1228008267847045	-1.5424114315453052	1	1.2647407421733918	EUR:chr22:24984204-26791628
PIWIL4	1	0	-0.060735838598962845	0.95939597722587333	0.37770393677317271	-0.74604207705408054	1	-0.069193153117462353	EUR:chr11:94242260-95726041
PKD2	1	1	0.54393556320340219	0.88142966307936566	0.66223439706125109	0.086660015094070078	1	2.5875050912872499	EUR:chr4:87534648-89238028
PKD2L1	1	0	1.1766463102891915	0.49316901923061474	0.2654898935520475	-1.0704100410848536	1	0.86592514256227016	EUR:chr10:100668400-102949239
PKLR	1	0	-1.0608230697507872	-0.50390644022410169	-0.53698088311883407	1.16652137252489	0	-1.4417245810825672	EUR:chr1:154770403-156336133
PLA1A	1	0	-0.73311054404322029	0.27686357264525518	0.56704883665087702	0.94948206340882169	0	-1.3668758945800568	EUR:chr3:118530251-120523055
PLA2G1B	1	0	0.99969285401615748	-1.0535162330731243	0.45697922072658598	-1.0149874057224155	1	0.26185280984462123	EUR:chr12:119754110-122007651
PLA2G4C	1	1	0.19959890489389179	0.79879968193227691	-0.16850609040575082	0.25263602330866858	1	-0.12546126082017572	EUR:chr19:47150082-49282227
PLB1	1	1	-0.031013000291408063	1.6352494562163009	0.49245145034297683	-0.86967247267934789	1	1.8919636681721819	EUR:chr2:28598777-29217559
PLBD2	1	0	-0.98139533488935693	0.24898415480223918	0.30240471193464513	0.40672211304685968	0	0.31351223231295677	EUR:chr12:113263518-113986709
PLCD1	1	0	-1.0463057968381655	-0.0015980308833623716	0.19444820432358725	0.070642058443157407	0	-0.34139133015466594	EUR:chr3:36486842-38356116
PLCE1	1	0	-0.74339030774379156	2.0943441975662589	0.87196819696728045	-1.0817388028381392	0	0.45390256573555238	EUR:chr10:95396368-96221243
PLEKHA4	1	1	0.40784253548735611	0.26634061306273704	-0.3343916084851048	0.55067332031079141	1	-0.80479061023283793	EUR:chr19:49282227-51532567
PLEKHH2	1	0	-1.1113715667517823	1.3610329097712821	0.75810246751198707	-0.64868702072582451	0	-0.018346552624902542	EUR:chr2:43309590-44313803
PLEKHM2	1	0	0.62704635716469159	0.62789050491619425	0.41600084497352041	0.4865369838791111	1	2.337959072939328	EUR:chr1:14891511-16897730
PLVAP	1	0	-0.72175348709418874	0.11484949330422108	-0.92262821178519216	0.26214094686780554	0	1.6780257501493998	EUR:chr19:16374416-18409862
PMP2	1	0	-1.2951292343085434	-0.8710317606089758	0.31974345008089899	-1.4675165657271294	0	-0.17795541827200126	EUR:chr8:81956395-82693739
PMVK	1	1	-0.83065905698958054	-0.46116349169104492	-0.62568935422862815	1.0660496411322735	0	-0.8399251553911492	EUR:chr1:154770403-156336133
PNMT	1	0	-0.15960958511359169	-1.686736661543154	-0.79646087093742768	-1.424273135697375	0	0.0088990653973857782	EUR:chr17:36809344-38877404
PNN	1	0	-1.5036832907332793	-0.78624562077724158	0.66026538040566995	1.2706748772377361	0	-0.78414255199449645	EUR:chr14:38667725-40341990
PNPLA5	1	1	1.5825679120880201	-0.4562800831234663	0.84262343974555287	-1.4101251991383059	1	3.1796196822362255	EUR:chr22:43714200-44995308
POGLUT1	1	0	-0.78721440809318688	0.11091617615463616	0.5850171362404728	0.1285749809558504	0	-1.4264117565950243	EUR:chr3:118530251-120523055
POLE3	1	0	1.1209083756546021	-1.4399104437175159	0.53178664269359899	0.72841847545893146	1	-0.94986384321218209	EUR:chr9:115693145-117019801
POLR2F	1	0	-1.5223158511293182	1.0677703234849243	-0.34309000195587214	0.76981532799192598	0	1.4990194388964695	EUR:chr22:37570269-39307894
POLR3A	1	0	-0.50185332447357733	0.68606624993793264	0.43008031846538275	-0.11755744074719161	0	-1.7791881917334207	EUR:chr10:78706814-80876749
POM121L2	1	1	0.035349800801323494	0.12562225269212013	0.48782277140187924	-1.5424114315453052	1	2.142292262940928	EUR:chr6:26791233-28017819
POP5	1	0	1.1750559113580084	-1.6447051805902559	0.32312420835357952	0.86227580328697162	1	0.30389178881863471	EUR:chr12:119754110-122007651
POPDC2	1	0	-0.71146899842323807	0.19828578184871459	0.54321588393580711	-0.67463198061055163	0	-1.3176744547609018	EUR:chr3:118530251-120523055
POU4F2	1	0	0.41880272657120526	-1.4083209638380287	0.25640746111609042	-1.5424114315453052	1	0.068232539769177786	EUR:chr4:146178187-148521873
PPA1	1	0	0.91182647195048572	0.25517659729210451	1.0287594367216932	1.3402977049591591	1	0.98817865642101865	EUR:chr10:70195991-72220850
PPA2	1	0	-1.0031815582579608	1.1924191853473032	0.30001213716316694	1.0462788402264303	0	-0.3830579851165225	EUR:chr4:105305294-107501305
PPARG	1	0	-1.0922018860509943	1.4513700292573914	0.79405230477074817	0.46593210738885804	0	0.6332481124326691	EUR:chr3:11019665-13070799
PPFIA3	1	1	0.7695288412549508	0.26882671163284233	-0.83208908482320154	-0.72787570822561765	1	-1.442886741648157	EUR:chr19:49282227-51532567
PPM1G	1	1	0.3046691982651859	0.18824633830453685	-0.28398196509646595	0.93426845770724076	1	1.9490768095059614	EUR:chr2:26894985-28598777
PPM1K	1	0	0.52229756150462903	0.15104816840120569	0.70448080569163241	-0.46312845164973759	1	2.5836317239862741	EUR:chr4:87534648-89238028
PPM1L	1	0	0.81425996778580756	2.0582257708845404	0.77537165036420064	-0.93027403655757335	1	0.20277103468669505	EUR:chr3:159477890-161524504
PPM1N	1	0	-1.1003978484621617	-0.37363079448037828	-1.0255252841712252	-0.95101813940956448	0	0.12877368233335507	EUR:chr19:44744108-46102697
PPOX	1	0	-1.0030321555389599	-0.50337548464325055	0.37770393677317271	0.18440077856624923	0	-0.42779995924084163	EUR:chr1:159913048-162346721
PPP1CC	1	1	0.60891098285611178	0.031991602901337873	-0.92064084257794876	1.0146866255275124	1	-1.8058055788460519	EUR:chr12:110336719-113263518
PPP1R11	1	1	0.29501999532368828	-1.3991339312338202	-6.6748363630784686	0.99423859385708369	1	-1.4359427774587159	EUR:chr6:29737971-30798168
PPP1R13B	1	0	-0.2168883562930588	1.2546083864313224	-0.035057897183350513	0.29030761328157983	0	-0.53119882181053213	EUR:chr14:103012102-105001723
PPP1R13L	1	0	-1.1761267207357606	0.13864191717876939	-0.71649897069853385	-0.15440017527324418	0	-0.150755965909949	EUR:chr19:44744108-46102697
PPP1R15A	1	1	0.48456387307441029	-1.390475135249889	-0.43902358652640322	1.1238786234851077	1	-1.0792794742177829	EUR:chr19:49282227-51532567
PPP1R1B	1	0	-0.12714726668360732	-0.62665656931907054	-0.77247352919698187	-1.5120136015842425	0	0.039439406785918639	EUR:chr17:36809344-38877404
PPP2R3A	1	0	0.80364236870249339	1.6167811019115521	0.025442550790914613	-0.87960804296603545	1	1.7480680963492123	EUR:chr3:135456906-137371083
PPP4R4	1	1	0.78195358188975217	1.3778862889551244	0.89590599058646558	-0.25720278193313983	1	1.824287756107271	EUR:chr14:94325285-95750867
PPT2	1	1	1.6745114061802615	-0.42821429437371678	-3.2764850558417757	0.42813166860987051	1	0.48193211671155389	EUR:chr6:31571218-32682664
PPTC7	1	1	0.46827164863372622	0.65145996419691887	-0.62568935422862815	0.317966744478204	1	-1.9445228545090678	EUR:chr12:110336719-113263518
PRDM10	1	0	-0.85397580965597808	1.1785476646525785	0.5254400241262539	-0.31130671705196428	0	-0.65616875554526333	EUR:chr11:128188537-130342575
PRDM12	1	0	-0.44047481864941762	-0.14895988912642535	0.11149808990214964	-1.5120136015842425	0	1.1610614517566471	EUR:chr9:133223217-134127888
PREB	1	1	0.54289527466018028	-1.3389001131516545	-0.36109965652564568	1.0204792371194538	1	1.9753570116315251	EUR:chr2:26894985-28598777
PRIMA1	1	1	0.93341959378107575	0.88224183661281264	0.80449404441308281	-1.3145807497409923	1	1.8389410129997348	EUR:chr14:93132299-94325285
PRKAR1A	1	0	0.6186944807858713	0.4404756909072412	0.28903502996250435	1.2950411070994965	1	0.47050782601119084	EUR:chr17:64800430-67858770
PRKAR2A	1	0	-1.5010321834561042	1.1794429672770379	-1.1035324103320292	-0.052226719577656198	0	0.23741773490642143	EUR:chr3:47727212-49316972
PRKCG	1	0	-1.414131747881326	0.18740828662449832	-0.80950727277772538	-1.4675165657271294	0	-1.2829221207846859	EUR:chr19:52985290-54602362
PRM2	1	0	-1.0252714099130356	-2.5230356266962648	0.64386945313004218	-1.5424114315453052	0	-0.21676638613396715	EUR:chr16:10426032-11520161
PRMT1	1	1	1.0490137138935558	-0.40160065264557471	-1.1652222419809213	1.0291273740797553	1	0.43410959385921977	EUR:chr19:49282227-51532567
PRODH	1	0	-0.041525298951186035	0.048786914977550298	0.16561660642430456	0.73539594315561607	1	-1.2604874222645848	EUR:chr22:18296088-19912358
PRPF31	1	0	-1.6304999543773107	-0.24156773072428833	-0.65642236491416917	0.78673986823822695	0	-1.7096311698848998	EUR:chr19:54602362-55728080
PRR12	1	1	1.1092947648548253	0.34209845000607414	-1.1849781747459818	-0.31820578596976723	1	0.44496662332282305	EUR:chr19:49282227-51532567
PRR5	1	1	1.6366599637120163	0.86879714293549026	0.77484269030436115	0.66415159094917364	1	3.311339425503427	EUR:chr22:44995308-46470495
PRR5-ARHGAP8	1	1	1.5933863224128326	1.518946104387128	0.82262630889365096	-0.33209764775131578	1	3.2018567779173428	EUR:chr22:44995308-46470495
PRRG2	1	1	1.1312151470225456	-0.58993590791559758	-1.1888017266096333	-0.087516555387269102	1	0.43471140981987616	EUR:chr19:49282227-51532567
PRRT1	1	1	1.6907425653952537	-1.0092622959523412	-3.2859859608653461	-0.77370120825070487	1	0.48262417804771962	EUR:chr6:31571218-32682664
PRRT4	1	0	0.69523146687587212	-0.51966890281384182	0.12056580937554995	-1.424273135697375	1	0.85541631160036624	EUR:chr7:126869221-128778386
PRRX2	1	0	-0.27819866377742924	0.72145791587620578	-0.26067285236290089	-1.5424114315453052	0	1.3499975532563695	EUR:chr9:132165470-133223217
PRSS16	1	1	0.02453020936288796	-0.70555173657164683	0.48967563448133533	-1.2883401064786222	1	2.1409359079316257	EUR:chr6:26791233-28017819
PRSS54	1	0	-0.74339030774379156	-0.30313243212674884	0.84338825535545836	-1.1515253769195539	0	-0.55499858967323912	EUR:chr16:57664330-59045405
PRSS56	1	0	1.3986549365664509	-1.1139884991845472	0.36520014363532805	-1.5424114315453052	1	-2.3194159358629864	EUR:chr2:231843389-233550003
PSMB3	1	0	-0.60326127032330479	-0.510574467024698	-0.92196551787225467	1.4533856624540178	0	-0.087045674665080661	EUR:chr17:36809344-38877404
PSMB8	1	1	1.4635063363853851	-1.325852543345061	-0.86520228708017832	1.2853409784529271	1	0.91082026826052409	EUR:chr6:32682664-33236497
PSMB9	1	1	1.4418647907654027	-0.28298870809142762	-0.82956632408132092	0.96154531016940614	1	0.91372611367107714	EUR:chr6:32682664-33236497
PSMD12	1	0	0.70532214492950562	0.194114109688723	0.11339087093050416	0.93426845770724076	1	0.10836817763136405	EUR:chr17:64800430-67858770
PSMD3	1	0	-0.27863808602350504	-0.20199277147457795	-0.58991479315602835	1.1211737060446065	0	-1.1219279913595832	EUR:chr17:36809344-38877404
PSMD9	1	1	1.3394587776160098	0.21670541657950335	0.19589613541151496	0.54674235721434805	1	0.96240588448486342	EUR:chr12:122007651-124977980
PTCD2	1	0	-1.3492212859325394	0.4466620362173776	-0.18488495254535176	-0.21137728190805274	0	0.10231075053647574	EUR:chr5:71240456-73759326
PTGES	1	0	-0.28901707410221966	-0.32040954641155017	-0.20545240657575031	-1.1162355411099409	0	1.3288464646361167	EUR:chr9:132165470-133223217
PTH2	1	1	1.2956180132805473	-2.3693738350169622	-1.4097118352793729	-1.5424114315453052	1	0.48539474055866377	EUR:chr19:49282227-51532567
PTPN11	1	1	0.50072687960811946	1.0869597159284232	-0.76211417040696194	0.76981532799192598	1	-0.30589967793038469	EUR:chr12:110336719-113263518
PUS3	1	0	-0.50185332447357733	-0.63850542163425961	0.75355916154863156	0.72491781202550087	0	-1.6870470885613014	EUR:chr11:124495528-126311320
PVALB	1	0	-1.3204131613409837	-0.13206413202803841	0.1220727794541111	-0.33209764775131578	0	1.339850835824091	EUR:chr22:35530985-37570269
PVR	1	0	-1.4898606201549249	-0.093830616256413132	-0.28398196509646595	0.64581158485450141	0	-1.6921825383849665	EUR:chr19:44744108-46102697
PXK	1	0	0.33845072473613108	1.1001231810976957	0.41053218866120483	-0.023425870031421252	1	-0.55308317680410313	EUR:chr3:58157519-60272906
PXN	1	0	0.9339317075129524	0.69908954221775899	0.56616062612840712	0.77321519704574815	1	-0.58804473455140938	EUR:chr12:119754110-122007651
PYGO2	1	1	-0.76489791048639755	-0.91165970317815603	-0.63587700490637145	0.37623804244697634	0	-0.85088517263966901	EUR:chr1:154770403-156336133
PYHIN1	1	0	-1.2302187723597569	0.56130401144205644	0.70969433905879697	-0.31130671705196428	0	-1.3291775702957191	EUR:chr1:158027412-159913048
PYROXD1	1	0	1.2580156023440654	0.2954686778245732	0.80110694647030256	0.4742072770265966	1	0.67290075471044208	EUR:chr12:20863943-23820634
PYROXD2	1	0	-0.19165138117903982	0.26838857130324079	0.22212352284984824	0.58943902312423935	0	-0.40495599362142526	EUR:chr10:97822357-100241302
QPCTL	1	0	-1.0030321555389599	-0.50983815073339234	-1.2142375503298204	-0.017729981305854219	0	0.68064709963959269	EUR:chr19:46102697-47150082
RAB25	1	0	-0.88546001240891437	-0.67006219531217692	-0.62174260865666942	-0.012055149518268044	0	-2.398998051251211	EUR:chr1:154770403-156336133
RAB35	1	0	0.96133218522260833	0.0032616993749382053	0.50075396748311463	0.53091705983291126	1	-0.59473055372171979	EUR:chr12:119754110-122007651
RAB3A	1	1	0.91182647195048572	-0.86114835381159127	-1.241603088918084	-0.70992181642016494	1	2.6373139172390121	EUR:chr19:16374416-18409862
RAB3GAP2	1	1	0.44663482798412335	1.3214359891628	0.51876772358309897	0.20420802435511257	1	1.8854455524105267	EUR:chr1:219590571-221858231
RAB8A	1	0	-0.4188379979998148	0.010034628879053075	0.36354859114678661	1.080017346697048	0	0.55835547383714501	EUR:chr19:15648610-16374416
RABGEF1	1	0	-1.6304999543773107	1.3526593564839555	0.81435934381210084	0.36298581409320924	0	-2.607477847430169	EUR:chr7:65689809-68234074
RAC2	1	0	-1.5872263130781268	-0.11617292230143179	0.0038898689715139516	0.74234183849229562	0	1.4633482472599515	EUR:chr22:37570269-39307894
RAD52	1	0	-1.1813851716733261	0.96330581787119329	0.41182038805560001	-0.029142972544210624	0	-1.3956626676416546	EUR:chr12:1080331-2544786
RAD9B	1	1	0.45745323830891377	0.23890569176169202	-0.61219260313073975	-1.2371673595673942	1	-1.9364259384496272	EUR:chr12:110336719-113263518
RAF1	1	0	-1.2871141303741716	0.98902559018184344	0.7874961283186348	1.0434335377430501	0	0.6936493698116698	EUR:chr3:11019665-13070799
RALGDS	1	1	1.3942597330353437	0.83719164927230016	0.23137560666136184	0.60846083096809334	1	-0.5145607276477081	EUR:chr9:135298842-137041122
RAP1GAP	1	0	0.86817056100974743	0.9135191452500343	0.6656049806795804	0.50282403587880642	1	-1.1139995707526804	EUR:chr1:21736588-23086883
RAP1GDS1	1	0	-0.51632652003586321	1.6178746145755341	0.70145570768431964	0.36298581409320924	0	2.2827011772432018	EUR:chr4:97540703-99424067
RAPGEFL1	1	0	-0.34356272288347378	-0.13823279033058755	-0.45336451625621371	-0.38173375854656599	0	-0.73374268758696404	EUR:chr17:36809344-38877404
RARA	1	0	-0.38684581412343833	0.58412925261939896	-0.29574771193935173	0.60088036988254712	0	-0.67118483071418256	EUR:chr17:36809344-38877404
RASAL1	1	0	-0.8732112316413867	0.39806979860239294	0.033361662787826395	-1.2498015070218957	0	-0.038754348937567629	EUR:chr12:113263518-113986709
RASAL3	1	0	-0.53784051157259749	-0.41900259435284387	0.48473053179741732	0.010436685107920078	0	0.52678973164329201	EUR:chr19:14486347-15648610
RASD2	1	0	-1.4876269652447742	-0.40802175376782351	0.55517078221482086	-1.424273135697375	0	0.31020646522810497	EUR:chr22:35530985-37570269
RASIP1	1	1	0.2653600513970748	-0.079084062098605995	-0.20141028621140977	-0.12363681602118484	1	-0.81772806710665558	EUR:chr19:47150082-49282227
RAX	1	0	0.30920081573255953	-0.88680821328935522	0.83546985487123282	-1.5424114315453052	1	0.057532617482796478	EUR:chr18:56530220-57630483
RBFOX2	1	0	-1.521069726025541	1.9737043421870251	0.65378094244550666	0.46177773340449191	0	0.88197127249119389	EUR:chr22:35530985-37570269
RBKS	1	1	0.12058541195995198	1.2263406513691142	-0.070241705293074483	0.8526315396242321	1	1.9275757776904419	EUR:chr2:26894985-28598777
RBL2	1	0	0.69449368691156232	0.7310892508253396	0.48565874711526535	1.0491188785023953	1	0.18129462290546863	EUR:chr16:53382572-55903774
RBM28	1	0	0.68441069406587007	0.56073794357566287	0.14639035421339647	0.38937684092173319	1	0.79837218179318725	EUR:chr7:126869221-128778386
RCN3	1	1	1.1640957202741591	-0.10989919837330181	-1.2653861965643394	0.71083477517050186	1	0.45648403785763764	EUR:chr19:49282227-51532567
RCOR1	1	0	-0.42513198688652309	1.4023183490561688	0.2203389529801818	0.26687142904068867	0	-1.4355590274236136	EUR:chr14:103012102-105001723
RECQL	1	0	1.2688340126688558	0.29563320588711312	0.77775009868794498	0.46593210738885804	1	0.67909457469830814	EUR:chr12:20863943-23820634
REEP3	1	0	0.89009094317748971	1.1832438505257952	0.32986722607606661	0.44083552249901781	1	-1.2541498717054163	EUR:chr10:63341695-65794114
RELB	1	0	-1.3059476446333338	0.38445380386913502	-0.56954422716051556	0.28097603287098549	0	-0.9648016605071793	EUR:chr19:44744108-46102697
REXO4	1	1	1.5915431725449589	-0.4788890815040876	0.11565965200913982	0.35408700511211993	1	-1.1076563249828699	EUR:chr9:135298842-137041122
RFC4	1	0	-0.24758216065051586	-0.2013202452444787	0.55844486562275442	0.11820304791289835	0	0.85108181517202197	EUR:chr3:185068255-186890344
RFXANK	1	1	1.3225442519529331	-0.64366260704534717	-0.3334276429147735	0.49876844501171047	1	2.788336947966243	EUR:chr19:18409862-19877471
RGL2	1	1	1.2470908801855185	-0.82203333689651692	-0.11080129139706028	0.63841378619765898	1	0.74688769176354508	EUR:chr6:33236497-35455756
RGL4	1	0	1.3832995419514946	-0.54166516548890065	-0.11679131919114888	-0.00076803800037141131	1	1.1219279913595832	EUR:chr22:23712647-24984204
RGS3	1	0	1.0317276802392237	1.4822674258098767	0.69732257700486699	1.0434335377430501	1	-0.45253712870677715	EUR:chr9:115693145-117019801
RHOA	1	0	-1.6200476892788509	0.67834250851663913	-1.0516372757905945	1.4985055590420491	0	0.26624749101609368	EUR:chr3:49316972-51832015
RHOF	1	1	1.3175383954482895	0.1071728272697029	0.20347921612297187	-0.093477884239779013	1	1.0118800894927258	EUR:chr12:122007651-124977980
RHOG	1	0	0.046353645966547563	-0.35853233850688343	0.88472374870002035	0.82988978663259039	1	0.62990559914037669	EUR:chr11:3665481-4746709
RING1	1	1	1.3120155170454872	-1.2806679600289219	-0.19335247421542839	0.95853837433956268	1	0.80516919673081988	EUR:chr6:32682664-33236497
RIT1	1	0	-0.57857466206065356	-0.3813491513180533	-0.75302153951594208	0.086660015094070078	0	-2.403892777018632	EUR:chr1:154770403-156336133
RMI2	1	0	-1.0793752739630023	1.1711515696577313	0.66476291096510975	-0.74604207705408054	0	-0.294871302404559	EUR:chr16:10426032-11520161
RNF10	1	0	1.1092947648548253	0.52476818445568263	0.3744216589006048	0.99423859385708369	1	0.28088668595160182	EUR:chr12:119754110-122007651
RNF123	1	0	-1.6525064635941575	0.27833114451086949	-1.0487965035840683	0.73887281950114025	0	0.36748701502141695	EUR:chr3:49316972-51832015
RNF139	1	1	0.8244351831270138	-0.40550530751889541	0.57000645885142187	0.59707605504741001	1	0.93132598636528019	EUR:chr8:124861459-125683719
RNF26	1	0	0.48963678348600781	-1.601528022372718	0.2522004656589153	0.35854285802399921	1	-0.1693382218923894	EUR:chr11:117747110-119215476
RNF34	1	1	1.1312151470225456	0.24178433836501134	0.35825368220486881	0.40672211304685968	1	0.91102757349400976	EUR:chr12:119754110-122007651
RNF39	1	1	0.30583958676212381	-1.0612825987318477	-6.7200938566870159	-0.71887251379344685	1	-1.4677559852804138	EUR:chr6:29737971-30798168
RNF5	1	1	1.6474594741552671	-1.0372849231215862	-3.2506066679085048	1.2308660920009888	1	0.48678141894900012	EUR:chr6:31571218-32682664
RPGRIP1L	1	0	0.6295229388038146	1.2015371777391859	0.59145487561634269	-1.1162355411099409	1	0.089657078736142024	EUR:chr16:53382572-55903774
RPH3A	1	0	-0.81911918001739059	2.070502925858297	-0.12753633118648466	-1.482206058210068	0	-0.15435721088875912	EUR:chr12:110336719-113263518
RPL13A	1	1	1.2188966756934929	-1.1902313292704294	-1.3237464769744707	1.9358686741645081	1	0.46684062822592037	EUR:chr19:49282227-51532567
RPL18	1	1	0.089996994055224058	-1.2841355078304595	-0.083242004150713672	1.8456908919483384	1	-0.74743065237484174	EUR:chr19:47150082-49282227
RPL19	1	0	-0.045991470608668386	-1.2421345710189373	-0.83398341810690091	1.9875373236322766	1	0.13775202991481147	EUR:chr17:36809344-38877404
RPL39L	1	0	-0.36669519884802404	0.76104182143700805	0.6720481320562659	-0.3251360020311444	0	-0.28815736607812675	EUR:chr3:186890344-188856214
RPL6	1	1	0.55481893123211556	-0.378410437538583	-0.82515976307822914	1.8608145635461177	1	-0.37923023089402341	EUR:chr12:110336719-113263518
RPL7A	1	1	1.602503363628808	-1.4920200146390854	0.1137691945998425	1.9053115994032312	1	-1.0814881318289966	EUR:chr9:135298842-137041122
RPLP0	1	0	0.96133218522260833	-1.2241597725734348	0.50014024381210631	1.8757906847760917	1	-0.60604282163575407	EUR:chr12:119754110-122007651
RPP14	1	0	0.42499800733452048	-0.14641011242411378	0.28455688713653432	0.45761208566415257	1	-0.60505608256907617	EUR:chr3:58157519-60272906
RPS11	1	1	1.1969762935257506	-1.4656401984602343	-1.3114351592429017	1.9859968917415523	1	0.46516192811349083	EUR:chr19:49282227-51532567
RPS18	1	1	1.2903739714255049	-1.2324958152391787	-0.13531161035625539	2.0567763656837967	1	0.75596603266720241	EUR:chr6:33236497-35455756
RPS19BP1	1	0	-1.4256400038827843	-1.3703692949578072	-0.19469300525457528	1.1480107576067045	0	-1.1469400175984075	EUR:chr22:39307894-40545797
RPS25	1	0	0.24075900885615692	-1.5499783698263352	0.31194415324822405	1.9689493235441056	1	0.13830489907420809	EUR:chr11:117747110-119215476
RPUSD4	1	0	-0.53473389772519087	-0.64973668637642357	0.75623304706280015	0.49470211084500149	0	-1.8870675761707187	EUR:chr11:124495528-126311320
RRAS	1	1	1.1092947648548253	-1.1655355208622828	-1.1849781747459818	0.76981532799192598	1	0.44496662332282305	EUR:chr19:49282227-51532567
RSC1A1	1	0	0.61608616608082034	-1.9153489916530109	0.43898445112578421	0.57017854145523961	1	2.3358586965980597	EUR:chr1:14891511-16897730
RSPH6A	1	0	-0.98139533488935693	-0.099424403297773675	-1.2196783339426338	-1.5424114315453052	0	0.66399939459544544	EUR:chr19:46102697-47150082
RSU1	1	0	1.3661997055920576	1.785678179426867	0.8809812470027627	0.53091705983291126	1	-0.039850450358888193	EUR:chr10:16551767-18537267
RTKN2	1	0	0.70627667577929154	1.0357703817779276	0.55248766524625526	-1.3961064692836005	1	-1.2154180837195045	EUR:chr10:63341695-65794114
RTN2	1	0	-1.132853079436555	-0.49224378026138127	-0.97302004422037836	-0.3251360020311444	0	-0.22335872950603153	EUR:chr19:44744108-46102697
RTP1	1	0	-0.35586674083005876	-1.327205424057708	0.67036947459964269	-1.5424114315453052	0	-0.24418259078442761	EUR:chr3:186890344-188856214
RTP2	1	0	-0.32338136677620688	-1.2678467712921484	0.64415337753045043	-1.5424114315453052	0	-0.45359906223203134	EUR:chr3:186890344-188856214
RTP4	1	0	-0.5182936110993841	-1.3740608151127414	0.73689415241540612	0.28097603287098549	0	-0.3081959199625719	EUR:chr3:186890344-188856214
RUFY2	1	0	1.1281946784464703	0.83711023097936099	0.64840701699725278	-0.25057192820870744	1	0.74345403845903135	EUR:chr10:69900148-70195991
RUSC1	1	0	-1.0827434519185295	-0.60122881230251146	-0.53375588761194748	0.15927680938315789	0	-1.4177562280386053	EUR:chr1:154770403-156336133
RUSC1-AS1	1	0	-1.0389026875830449	-0.85872351539218672	-0.54021151673262302	0.58943902312423935	0	-1.4302085817383219	EUR:chr1:154770403-156336133
RUVBL2	1	1	0.51744444632602382	0.0080568024566777495	-0.45645210587414514	0.91271287431447545	1	-0.87753607700118508	EUR:chr19:49282227-51532567
RXFP2	1	0	-0.67847984579498299	0.80320039833101042	0.37310711361563326	-1.5424114315453052	0	-0.55691604089372182	EUR:chr13:32301815-33776903
RXFP4	1	0	-0.56761447097678241	-2.2857161826911252	-0.75665322484420561	-1.5424114315453052	0	-2.4823011713428933	EUR:chr1:154770403-156336133
RXRA	1	0	-0.39225141363490962	1.3172453640888788	0.39630240779692671	0.98834591771373725	0	-0.23784021702827027	EUR:chr9:137041122-137589364
RXRB	1	1	1.3444778354754716	-0.86379273905108422	-0.20096170702328178	0.74580303556251748	1	0.81734560426926772	EUR:chr6:32682664-33236497
SAG	1	0	1.6799336050112219	0.43461210154524194	0.62244982582569153	-1.5424114315453052	1	-1.1011062862018031	EUR:chr2:233550003-235150987
SAMD13	1	0	-1.6954104163261192	1.0872035168781806	0.54171606893875723	-1.2883401064786222	0	-1.3568400155063609	EUR:chr1:83991748-84844495
SAMM50	1	1	1.5501126811136268	0.69610581016615081	0.87848202839565592	0.80347984057227462	1	3.1209980517704428	EUR:chr22:43714200-44995308
SAR1A	1	0	0.90100806162567326	0.031163679860242596	1.0331348537040841	1.0604267767854996	1	0.99153047155604723	EUR:chr10:70195991-72220850
SARDH	1	1	1.5038616438740116	0.94753581105047213	0.14564687323115874	1.2105677433348889	1	-0.98106496133573584	EUR:chr9:135298842-137041122
SCAF1	1	1	1.1092947648548253	-0.23152825446523265	-1.1849781747459818	0.4865369838791111	1	0.44496662332282305	EUR:chr19:49282227-51532567
SCAMP3	1	1	-0.97314154107986184	-0.95526728760106594	-0.55808167051818192	0.8686718135833309	0	-1.4701722740231027	EUR:chr1:154770403-156336133
SCD	1	0	1.2435318318507254	-0.17784011537768593	0.21354182651462236	1.4314247692928403	1	0.87452195222764217	EUR:chr10:100668400-102949239
SCGN	1	1	-0.38649850984329071	0.61418426109460145	0.92051578241209242	-0.30443851655469145	0	2.401438222356274	EUR:chr6:24852275-25684587
SCHIP1	1	0	0.82508074059578762	0.72877637710756582	0.77166574633030993	0.419603645285127	1	-0.55627666330059644	EUR:chr3:159477890-161524504
SCN2B	1	0	0.045985098276272673	-0.32009573435759059	0.47106286719111029	-1.5271372731820223	1	0.072898982164759346	EUR:chr11:117747110-119215476
SCN4B	1	0	0.035164325466292556	-0.10328151402122937	0.49737596213520069	-1.2246363491606882	1	0.073036254006676807	EUR:chr11:117747110-119215476
SCUBE1	1	1	1.6474783740368286	1.4467311851440059	0.75836937326191844	-0.77370120825070487	1	3.3462012129615406	EUR:chr22:43714200-44995308
SDCBP	1	0	0.098928495924043403	0.22627994364335685	0.40827567661544789	1.3426430686702471	1	0.40867393939729452	EUR:chr8:59068651-59728100
SDHB	1	0	0.87365065655168295	0.35639050369311742	0.013100464483215042	1.5525911624765489	1	2.3846491294210828	EUR:chr1:16897730-18662899
SDHC	1	0	-1.132853079436555	0.6046471451951726	0.51998266245422664	1.197743606506996	0	-0.46455181681371488	EUR:chr1:159913048-162346721
SDS	1	0	-0.97057692456456657	0.32101482324476704	0.30103790569154515	1.6244657329622567	0	0.31365603880286674	EUR:chr12:113263518-113986709
SDSL	1	0	-1.3384028756077491	-0.2541360155461202	0.33322953041783443	1.0117821019546285	0	0.38423688306354686	EUR:chr12:113263518-113986709
SEC11C	1	0	0.28728043356481719	-0.10930246492780599	0.85228779350239503	1.4336350508126381	1	-0.0015059763746431195	EUR:chr18:56530220-57630483
SEC23A	1	0	-1.5361686647871313	0.96084344777022324	0.67148874898663291	0.9705309372925055	0	-0.76675929225464756	EUR:chr14:38667725-40341990
SEC31B	1	0	1.2100890710699583	0.50916632883018098	0.22959995364069671	0.25739584185197012	1	0.8219430843088954	EUR:chr10:100668400-102949239
SEL1L	1	0	-1.5794824968589485	0.79066372342048974	0.52937145273186437	1.0405829515008636	0	-0.79649066289663217	EUR:chr14:81579714-83138097
SEMA4A	1	0	-1.3129074646797141	0.23776641434511128	-0.50339591621394009	-0.27055104213303399	0	-2.2254244015694287	EUR:chr1:154770403-156336133
SEMA4G	1	0	1.4107456357545156	-0.23921031090904379	-0.08534741847943822	0.90960864625904037	1	0.90029907725652525	EUR:chr10:100668400-102949239
SERBP1	1	0	0.93328846869572091	0.010034628879053075	0.67958327695634912	1.074445506640205	1	1.2154180837195041	EUR:chr1:66939404-68477895
SERPINA10	1	1	0.92260059293170027	-0.62107035510545017	0.83008643411374139	1.6008795032444572	1	1.8359787051305143	EUR:chr14:94325285-95750867
SERPINA11	1	1	0.77113458104037658	-0.59313493451710642	0.88721454562170787	1.7534737817388557	1	1.8250111644452929	EUR:chr14:94325285-95750867
SERPINA12	1	1	0.7494965793416255	0.24241418407460094	0.92783526104589786	-0.78303278866129922	1	1.8214036282383814	EUR:chr14:94325285-95750867
SERPINA3	1	1	0.71703957679347685	-0.49841550381214572	1.0109206483272355	2.1797583514372687	1	1.8192504330308932	EUR:chr14:94325285-95750867
SERPINA4	1	1	0.73867757849225002	-0.71431482681191427	0.94383678442625241	1.7390601523621116	1	1.8206849583119888	EUR:chr14:94325285-95750867
SERPINA5	1	1	0.72785857764285244	0.26982376810874259	0.96328751022912429	1.7281604124814582	1	1.8199672275161609	EUR:chr14:94325285-95750867
SERPINA6	1	1	0.86850558868480054	-0.11781973696511071	0.84211338675958536	1.8046171304780785	1	1.8330324213895881	EUR:chr14:94325285-95750867
SERPINA9	1	1	0.76031558019100109	-0.21060803800490413	0.89838177064117786	-1.2883401064786222	1	1.8235653011968509	EUR:chr14:94325285-95750867
SESN3	1	0	-0.22794964250277522	0.84652076705466617	0.49214323218590744	-0.49383028007704521	0	-0.16919933956197883	EUR:chr11:94242260-95726041
SETD1B	1	1	1.3284985865321608	0.18778687454445822	0.19878859846564775	0.054455192281274593	1	1.0073219016894515	EUR:chr12:122007651-124977980
SETD6	1	0	-0.63520620449579934	-1.1440431937571329	0.76821788233280253	0.38500972488861901	0	-0.25378538012607416	EUR:chr16:57664330-59045405
SETX	1	1	1.3504189686998811	1.1041463217084195	0.29693141076513124	0.48243807556837204	1	-0.91206468752440373	EUR:chr9:134127888-135298842
SFT2D2	1	0	-1.5331342614541308	0.14928803987074699	0.50749150942501253	0.22861299389183048	0	-1.7771922062348005	EUR:chr1:166460517-169086324
SFTA2	1	0	1.0524658061728713	-2.5406073512235423	-8.1438047326678564	-1.3014043576765615	1	-2.0291978235703136	EUR:chr6:30798168-31571218
SFXN3	1	0	1.466483570389127	-0.61729167345527947	-0.15052450786428684	0.13373478497471114	1	0.90194285459969736	EUR:chr10:100668400-102949239
SGIP1	1	0	0.92246769588571875	1.7438450526600946	0.79823608345087671	-1.0149874057224155	1	-0.0097205423678157921	EUR:chr1:66939404-68477895
SGSM1	1	0	1.6244237457965505	1.3035454564067357	-0.054844000534503223	-1.2753861034403373	1	1.2801212815648084	EUR:chr22:24984204-26791628
SH2B3	1	1	0.68463985512971071	0.55153951915520605	-1.0157405005722715	0.55850517531162203	1	-1.1964385139864651	EUR:chr12:110336719-113263518
SH2D1B	1	0	-1.2626740033341501	-0.21515739569532227	0.73473283993929273	-1.0704100410848536	0	-0.2525130974116635	EUR:chr1:162346721-165191702
SH2D5	1	0	0.96681228076454395	-0.40966480284632961	0.57413919338383357	-1.4970374803542688	1	-0.55132916262145093	EUR:chr1:20469149-21736588
SH3BP1	1	0	-1.3600396962573298	0.28426902557995493	-0.43240294132031287	-0.081578287825861809	0	1.5584705521683755	EUR:chr22:37570269-39307894
SH3BP4	1	0	1.1498314990960732	1.1831028614729759	0.87397489943831885	0.47007526847434317	1	-0.16461803655196694	EUR:chr2:235150987-236043550
SH3GLB2	1	0	0.18699298018893309	-0.036937445877186864	-0.66793593459895872	0.79010249882777717	1	1.4207547816614428	EUR:chr9:130055510-132165470
SHC1	1	1	-0.77585810157024671	-0.47127873736989861	-0.63360822382773585	1.0175856636890626	0	-0.8451967741621631	EUR:chr1:154770403-156336133
SHE	1	0	-1.115624025170121	0.28577017244413311	-0.48290701938214253	-0.25720278193313983	0	-1.3202883540701582	EUR:chr1:153180829-154770403
SIN3B	1	0	-0.61356938384619641	0.63572671249718371	-0.30331729530993373	0.35408700511211993	0	-0.66212316116058056	EUR:chr19:16374416-18409862
SIRT4	1	0	0.97777247184841509	-0.54916263134915322	0.48844059887551233	-0.47074653304359965	1	0.26326989236277393	EUR:chr12:119754110-122007651
SIX5	1	0	-0.95975851423977609	-1.2426543542467741	-1.2298253437818032	0.1285749809558504	0	0.6684434541811386	EUR:chr19:46102697-47150082
SLAMF1	1	0	-1.3167660549581461	0.43374834081626595	0.25710769680329637	-0.63163084246833168	0	-0.76254119005807341	EUR:chr1:159913048-162346721
SLAMF7	1	0	-0.84075600066697143	-0.27678492301819002	0.28834679086463338	0.317966744478204	0	-0.32186384167996324	EUR:chr1:159913048-162346721
SLC10A5	1	0	-1.3600396962573298	-1.6645341961887599	0.41020999844917283	-0.15440017527324418	0	-0.12960200710760131	EUR:chr8:81956395-82693739
SLC10A6	1	1	0.59803056745030192	0.11166266676106754	0.57089282322516066	-1.327871224541181	1	2.6116000533784671	EUR:chr4:87534648-89238028
SLC10A7	1	0	0.39688234440348491	1.9137771804888024	0.45760744509314116	-0.12974036382504378	1	-0.061784293710250938	EUR:chr4:146178187-148521873
SLC16A6	1	0	0.7269790609654142	0.063827540302135291	0.10846560190850996	-1.0149874057224155	1	0.38467910741714312	EUR:chr17:64800430-67858770
SLC17A1	1	1	-0.37567950899391517	0.60817870053365986	0.90628205022346808	0.84616820270580295	0	2.4038927770186307	EUR:chr6:25684587-26791233
SLC17A2	1	1	-0.34322250644578856	-0.1668773260020979	0.88272869106340379	1.0175856636890626	0	2.4113446162281726	EUR:chr6:25684587-26791233
SLC17A3	1	1	-0.31076550389763991	0.60908643690853237	0.86517944277469105	0.93120755888588336	0	2.4189328130485572	EUR:chr6:25684587-26791233
SLC17A4	1	1	-0.33240350559639098	0.13218866733506601	0.87823192053083088	0.87185985263222321	0	2.4138585977966702	EUR:chr6:25684587-26791233
SLC17A7	1	1	1.284657822196676	-0.41828940712100049	-1.3985305186739361	-1.3145807497409923	1	0.48385508056069421	EUR:chr19:49282227-51532567
SLC1A6	1	0	-0.13755932955504369	0.91207479563392502	0.17588694147133946	-1.5424114315453052	0	0.77542163240062012	EUR:chr19:14486347-15648610
SLC22A13	1	0	-1.2843108239837528	-0.44586601335486498	0.27868443182353475	-1.4385526828579982	0	-0.37056464126752831	EUR:chr3:36486842-38356116
SLC22A14	1	0	-1.3492212859325394	0.37427240981510851	0.30786184976968423	-1.3548024460188213	0	-0.35871282978171742	EUR:chr3:36486842-38356116
SLC22A18	1	0	0.19781139051374552	0.1035620074167979	0.24587195962293554	1.026250071924695	1	0.5642853599782971	EUR:chr11:1213590-3665481
SLC22A18AS	1	0	0.25190344213774168	-0.25793721444184081	0.23066555018522233	-0.29079362448653651	1	0.56107756566280376	EUR:chr11:1213590-3665481
SLC25A1	1	0	0.024235847552019008	-1.4834418137846102	0.14824774903900614	1.3355961997516146	1	-1.1869698843100758	EUR:chr22:18296088-19912358
SLC25A16	1	0	1.1065578577968673	0.61306469876199232	0.72089472817230926	0.55067332031079141	1	0.72267723972767595	EUR:chr10:70195991-72220850
SLC25A18	1	0	0.10095718513907322	0.24369747375605919	-0.028917935981140439	1.2583451703852213	1	-1.0064127732804322	EUR:chr22:17674295-18296088
SLC25A20	1	0	-1.4902125920176685	0.48800596207270847	-1.1278136374651033	1.2780254431602163	0	0.24771036429334725	EUR:chr3:47727212-49316972
SLC25A28	1	0	1.310417353412237	-0.61139096390982794	0.18355240650454008	0.98834591771373725	1	0.68566088840215456	EUR:chr10:100668400-102949239
SLC25A34	1	0	0.63800654824854075	-1.1527841455372192	0.3599099716017784	-0.58980154450568834	1	2.3400698143067489	EUR:chr1:14891511-16897730
SLC25A42	1	1	1.279230419881116	0.60389164554419172	-0.3195063569852285	0.97946427143019898	1	2.7752214776790041	EUR:chr19:18409862-19877471
SLC27A1	1	0	-0.65684302514540216	0.39763763123706342	-0.98189609506845221	-0.058052306267077552	0	1.6853451183856936	EUR:chr19:16374416-18409862
SLC2A11	1	0	1.4381004973708285	0.21774625975925635	0.086329964763980666	-0.31820578596976723	1	1.0724415247482966	EUR:chr22:23712647-24984204
SLC2A6	1	1	1.6901848922997553	-0.78557528067244486	0.081331941237916913	-0.30443851655469145	1	-1.0819796615267308	EUR:chr9:135298842-137041122
SLC30A3	1	1	0.36963994637291164	-0.0062103182624371357	-0.28867927814031175	-1.4675165657271294	1	1.9527492978185983	EUR:chr2:26894985-28598777
SLC35D1	1	0	1.0090338783656698	0.6912992210013551	0.58384422477207343	0.87185985263222321	1	0.1985802866990892	EUR:chr1:66939404-68477895
SLC35E1	1	0	-0.20246979150383024	0.0081933675234164005	0.22639947220798443	0.29495221667459859	0	-0.29344170197455899	EUR:chr19:16374416-18409862
SLC36A4	1	0	-0.049588251672040555	0.67742703377107205	0.37014596322542914	-0.10547044719272196	1	1.2191517331044128	EUR:chr11:92077144-93276157
SLC37A4	1	0	0.31109403212111575	-0.91561624880114934	0.3058173111619778	1.4380460890499092	1	0.1192541498464169	EUR:chr11:117747110-119215476
SLC38A7	1	0	-0.6460246148205897	-0.08441732172475569	0.77113572425398957	-0.006401219552568789	0	0.95914779136318595	EUR:chr16:57664330-59045405
SLC39A12	1	0	1.4311101675408442	1.086042669575904	0.86543132336615747	-1.3412777748263425	1	-0.11677260477092627	EUR:chr10:16551767-18537267
SLC39A7	1	1	1.3336570626654696	-1.3243092994071872	-0.19782469797722269	1.1480107576067045	1	0.80972127470418898	EUR:chr6:32682664-33236497
SLC39A8	1	1	-1.663697005702633	1.6082800015178575	0.29109821062686853	0.77321519704574815	0	1.6411315391760297	EUR:chr4:103221356-105305294
SLC4A1AP	1	1	0.15307078601380386	0.26553456519213275	-0.15008811113149537	0.419603645285127	1	1.9310977067844914	EUR:chr2:26894985-28598777
SLC50A1	1	1	-0.85805953469925844	-1.4239536950820659	-0.6200537232780986	0.94341470274178296	0	-0.7871250012792691	EUR:chr1:154770403-156336133
SLC5A5	1	0	-0.53784051157259749	0.030069456382689444	-1.1865066462611	-1.4970374803542688	0	1.7072745101230666	EUR:chr19:16374416-18409862
SLC5A6	1	1	0.46709606853451124	-0.39419562472078123	-0.31807219163856298	0.76640791205277092	1	1.9648703739741837	EUR:chr2:26894985-28598777
SLC6A12	1	0	-1.0937036430023788	0.071789329970062793	-0.58162937220776245	0.98834591771373725	0	-1.6073405568063197	EUR:chr12:61107-1080331
SLC6A13	1	0	-1.1046638340862498	0.49153080931244469	-0.49759395868029005	0.58560621151926406	0	-1.5040916947282561	EUR:chr12:61107-1080331
SLC6A16	1	1	1.1421753381064168	0.35940341892481886	-1.1918662745033952	0.070642058443157407	1	0.31840531341197797	EUR:chr19:49282227-51532567
SLCO1A2	1	0	1.2255603713696501	1.4922009903126943	0.91414869807609722	-0.64868702072582451	1	0.6212477657677804	EUR:chr12:20863943-23820634
SLCO1B3	1	0	1.2147419610448595	1.9458710578667964	0.99900983050026526	1.2998682816758187	1	0.57410529033586355	EUR:chr12:20863943-23820634
SLCO1C1	1	0	1.2039235507200692	0.7358667419204814	1.1117146113929559	-1.4529663122347427	1	0.50800773058225379	EUR:chr12:18087873-20863943
SLMAP	1	0	0.29517708343692539	1.5800035076155665	0.65801250361773611	0.317966744478204	1	-0.79011446853786049	EUR:chr3:56433907-58157519
SMAD1	1	0	0.46264349090668994	0.95245804862922845	-0.1180774266248681	0.4865369838791111	1	0.4870896967637281	EUR:chr4:146178187-148521873
SMARCB1	1	0	1.5805829814610877	0.58256045002862544	-0.013048862063457428	0.78673986823822695	1	1.0891364359415396	EUR:chr22:23712647-24984204
SMARCE1	1	0	-0.51669508784335383	0.041432922589186891	-0.16102906645759793	0.98834591771373725	0	-0.71824035518866136	EUR:chr17:36809344-38877404
SMC4	1	0	0.86836383183577415	0.36158528667395817	0.17515523607416419	0.29030761328157983	1	0.09433165584278734	EUR:chr3:159477890-161524504
SMO	1	0	0.61948605720592331	0.077426330466713322	0.22817820172872999	0.42813166860987051	1	0.86294128044353025	EUR:chr7:128778386-130422414
SND1	1	0	0.5437406475359744	2.2962341509776789	0.43039906308996234	1.071651984030682	1	0.41195040950619305	EUR:chr7:126869221-128778386
SNRNP70	1	1	0.71472788583561697	0.029571567494018878	-0.71590621304904922	1.4468303204619117	1	-1.3060218072307053	EUR:chr19:49282227-51532567
SNRPD2	1	0	-1.0463057968381655	-1.1338940388836807	-1.1972414927936956	1.2974565918627223	0	0.68202850032535312	EUR:chr19:46102697-47150082
SNRPD3	1	0	1.5257820260417538	0.68719766526247961	0.00027318898529404953	1.2003170190967736	1	1.2301641446484872	EUR:chr22:23712647-24984204
SNX17	1	1	0.40212532042676352	-0.93699056406808345	-0.3047400506398768	1.026250071924695	1	1.9545954627109217	EUR:chr2:26894985-28598777
SOX10	1	0	-1.4898606201549249	-0.22138798229799497	-0.37189190462609079	-1.4385526828579982	0	1.4994406551750856	EUR:chr22:37570269-39307894
SOX14	1	0	0.38172436603531479	-2.545298929189447	0.044391713608533924	-1.5424114315453052	1	1.0240622193965485	EUR:chr3:137371083-139954597
SPACA4	1	1	0.079036802971352876	-2.4132911698495745	-0.073169272657668677	-1.5424114315453052	1	-0.74453740146529679	EUR:chr19:47150082-49282227
SPARCL1	1	1	0.58721156660092633	0.73180976769479067	0.60077900492326197	0.57791175806387796	1	2.607477847430173	EUR:chr4:87534648-89238028
SPATA16	1	0	-1.6771359430024311	1.8661213135749801	0.25780766724970566	-1.5424114315453052	0	-0.074820914144617973	EUR:chr3:172295731-173477285
SPATA21	1	0	0.73664826800335925	0.62590362348024597	0.15935308268085061	-0.8113727982236163	1	2.3595520801065621	EUR:chr1:14891511-16897730
SPDEF	1	0	-1.4252950433870775	-0.14295425082390481	0.60106962723359125	-1.4675165657271294	0	0.073173527224870735	EUR:chr6:33236497-35455756
SPECC1L	1	0	1.3942597330353437	1.451024262851613	0.13520660841865351	0.28564891395377445	1	1.1525078195726848	EUR:chr22:23712647-24984204
SPEN	1	0	0.67088712150015428	1.0956051333498911	0.25605724374435462	0.36741594776055586	1	2.346465361003534	EUR:chr1:14891511-16897730
SPHK2	1	1	0.1119173762229444	-0.51520931099785083	-0.094216447293595837	0.44083552249901781	1	-0.75396347134159969	EUR:chr19:47150082-49282227
SPP1	1	1	0.6088495682996774	-0.81474146973545791	0.56941531298700054	0.80347984057227462	1	2.615767120743107	EUR:chr4:87534648-89238028
SPP2	1	0	1.6582967843616192	0.13111269723477342	0.68292239297964852	1.6818928880489434	1	-0.72445597975909914	EUR:chr2:233550003-235150987
SPPL3	1	0	1.0216132361838779	1.4240367821862694	0.40956544945190948	0.36741594776055586	1	0.49697926936201181	EUR:chr12:119754110-122007651
SPTA1	1	0	-1.2951292343085434	0.94346380316713752	0.74524544305597495	-1.3822146075020518	0	-1.4317331005466376	EUR:chr1:158027412-159913048
SQLE	1	1	0.90023438925270483	0.049240169736819238	0.48039268483735698	0.59707605504741001	1	0.15712875973877852	EUR:chr8:125683719-126410917
SRGN	1	0	0.9767369338992723	-0.22281527406302512	0.8944189288460036	1.3473230730583965	1	0.75523747815783027	EUR:chr10:70195991-72220850
SRSF9	1	0	1.0764141916032117	-0.77767113534459864	0.39370336101626957	1.228343428737616	1	0.2631281603650335	EUR:chr12:119754110-122007651
SSBP4	1	1	1.4527316345513439	-0.27067976794199644	-0.94262035005230571	0.55459424262210932	1	2.9904666636359285	EUR:chr19:18409862-19877471
SSR2	1	0	-0.62241542639611624	-0.48320723209318006	-0.68534192159087315	1.4203253698835359	0	-2.461951355180565	EUR:chr1:154770403-156336133
SST	1	0	-0.29089599272233302	-2.0815583386914946	0.62388555113792588	-1.5424114315453052	0	-0.3442952140906177	EUR:chr3:186890344-188856214
SSX2IP	1	0	-1.7170472369756999	0.57512597103161212	0.54621186701168034	-0.13586827715378455	0	-1.747437528360587	EUR:chr1:84844495-86454751
ST14	1	0	-0.9189465577637258	0.63362363278480405	0.55636202928680423	0.24786139970718202	0	-1.0356957771320374	EUR:chr11:128188537-130342575
ST3GAL4	1	0	-0.5895348531445247	1.0270221015703893	0.82365708396231252	0.50282403587880642	0	-1.7288354509936363	EUR:chr11:124495528-126311320
ST6GAL1	1	0	-0.52912206911734938	1.4570008749865688	0.74255559984971053	1.6303060960644284	0	-0.052870681403803438	EUR:chr3:185068255-186890344
ST8SIA1	1	0	1.3445628849424547	2.1688584001435407	0.41214229763857951	-1.4529663122347427	1	0.39368747919201236	EUR:chr12:20863943-23820634
ST8SIA6	1	0	1.4743838088400278	1.3912532885411966	0.78223438798566358	-1.1279089072535582	1	0.091169222608906378	EUR:chr10:16551767-18537267
STAC	1	0	-1.2518555930093376	1.552690220164495	0.54800712812091057	-1.1515253769195539	0	-0.27391509409718745	EUR:chr3:35283458-36486842
STAC2	1	0	-0.045991470608668386	-0.28864027915346124	-0.81450165948390474	-1.5424114315453052	1	0.13001620280762927	EUR:chr17:36809344-38877404
STAG1	1	0	0.78200554805289058	2.2525696084860325	0.2714043621723099	0.19928012204816672	1	1.7263999046999399	EUR:chr3:135456906-137371083
STAM	1	0	1.4527469881904471	0.89966036330364207	0.78591917875080763	-0.017729981305854219	1	-0.14051680024856464	EUR:chr10:16551767-18537267
STIM1	1	0	0.013898414992154282	1.8245940414298596	1.1440546172889516	0.72841847545893146	1	0.54290160168545265	EUR:chr11:3665481-4746709
STK19	1	0	1.074102626822474	-0.49499524622538654	-8.3532272985393252	0.35854285802399921	1	0.39620368054139549	EUR:chr6:31571218-32682664
STOX1	1	0	1.020010575198478	0.85666863497461143	0.86895405147408222	-1.2625405033716455	1	0.72019083749251445	EUR:chr10:70195991-72220850
STT3A	1	0	-0.41417179580265195	0.31294570042568159	0.64273331909091846	1.0547832400968487	0	-0.62590384741637195	EUR:chr11:124495528-126311320
SUGP2	1	1	1.3766865420427155	0.50749045472746046	-0.40065005772677154	0.63841378619765898	1	2.8161037021818993	EUR:chr19:18409862-19877471
SULT2A1	1	1	0.25439986031322565	-0.25933731398990334	-0.19961662243901634	1.9085569288367417	1	-0.053144880142191091	EUR:chr19:47150082-49282227
SULT2B1	1	1	0.013275656468147835	0.5792669036953525	-0.026875807409489503	-1.2883401064786222	1	-0.71011318522166123	EUR:chr19:47150082-49282227
SULT4A1	1	1	1.5717495017632297	0.41009328529547284	0.84974943876752451	-1.4385526828579982	1	3.1588517358768584	EUR:chr22:43714200-44995308
SUN2	1	0	-1.5338477319827175	0.75405102161180382	-0.19782469797722269	1.2028861247178617	0	1.096599176715227	EUR:chr22:37570269-39307894
SUPT7L	1	1	0.16389924403176914	-0.41603532959239214	-0.16322505240399374	0.59707605504741001	1	1.9328676919937657	EUR:chr2:26894985-28598777
SUPV3L1	1	0	0.98755534422408464	0.19828578184871459	0.88646765900066016	0.60846083096809334	1	0.9951180629998837	EUR:chr10:70195991-72220850
SURF1	1	1	1.6244237457965505	-1.1603784481870838	0.11036148999563186	1.1612553630712972	1	-1.0846877606968244	EUR:chr9:135298842-137041122
SURF2	1	1	1.6134635547126792	-1.2127389221691083	0.11225543497685679	0.62351036573022134	1	-1.0807513268154763	EUR:chr9:135298842-137041122
SURF4	1	1	1.5367422171256251	-0.32413273419306071	0.12733751793377504	1.3659016992413684	1	-1.0736589060484005	EUR:chr9:135298842-137041122
SURF6	1	1	1.5257820260417538	-1.0528386957929969	0.13258729974988512	0.55459424262210932	1	-1.1063930146826775	EUR:chr9:135298842-137041122
SUSD2	1	0	1.4600208795385488	-0.80407861133846681	0.073616180732264211	-0.44049845580206315	1	1.0627591235790217	EUR:chr22:23712647-24984204
SYDE1	1	0	-0.28901707410221966	-0.83061181888025681	0.281450265015525	-0.34611637760602121	0	0.7485172352469539	EUR:chr19:14486347-15648610
SYMPK	1	0	-1.0138505658637722	0.58783636691254559	-1.2080390641610783	0.72841847545893146	0	0.66690363590887392	EUR:chr19:46102697-47150082
SYN2	1	0	-0.9297750157816691	1.6368235615024358	0.73959224306324622	-1.5120136015842425	0	0.6570179569782032	EUR:chr3:11019665-13070799
SYNGAP1	1	1	1.1713454705155697	0.31560665072852589	0.047138969863699524	-0.50160265237970003	1	0.69069197294633278	EUR:chr6:33236497-35455756
SYNGR1	1	0	-1.2957907301628688	0.36104579597754483	-0.23491101378552579	-0.25720278193313983	0	-1.0734153025183963	EUR:chr22:39307894-40545797
SYNGR4	1	1	0.00231546538427666	-0.47869629683756787	-0.013454063678153019	-1.4385526828579982	1	-0.52113589588105003	EUR:chr19:47150082-49282227
SYT11	1	0	-0.55665427989291116	0.10852253056949179	-0.76515501683350995	-0.7644260123559129	0	-2.416387928416837	EUR:chr1:154770403-156336133
TAB1	1	0	-1.3066115029728709	0.395989053387173	-0.19872044300514544	0.26214094686780554	0	-1.0453409422488888	EUR:chr22:39307894-40545797
TACR2	1	0	1.0091921648736655	-0.41799244065185265	0.87171720586924961	-1.3412777748263425	1	1.1756915127438783	EUR:chr10:70195991-72220850
TACR3	1	0	-1.0356385608061094	1.3789112906397423	0.19263669358502181	-1.5424114315453052	0	1.6674872670112875	EUR:chr4:103221356-105305294
TAF1D	1	0	-0.13319515362394674	0.68673115789816852	0.45572213091183189	0.79345777939925077	0	0.45906855558295706	EUR:chr11:93276157-94242260
TAP1	1	1	1.4526855635754048	-0.71895349653406704	-0.84411945699354662	0.86227580328697162	1	0.90750869090635267	EUR:chr6:32682664-33236497
TAP2	1	1	1.4743271091953871	0.0892542841839358	-0.8793923334358168	0.4742072770265966	1	0.91061300216256924	EUR:chr6:32682664-33236497
TAPBP	1	1	1.2362701073755384	-0.32161367898298537	-0.089143219793031497	1.1612553630712972	1	0.7398491103192012	EUR:chr6:33236497-35455756
TATDN1	1	1	0.85692055718088767	0.63602884167527074	0.60397333926478192	0.61223706965056268	1	0.92165259514863851	EUR:chr8:124861459-125683719
TBC1D13	1	0	0.33845072473613108	0.030964845778113821	-1.0073945836846534	0.1285749809558504	1	1.5474971761246186	EUR:chr9:130055510-132165470
TBCCD1	1	0	-0.13929758047097296	0.07106606358706051	0.48905821985600345	0.15420229153778112	0	0.9786310680764243	EUR:chr3:185068255-186890344
TBX19	1	0	-1.7062288266509096	0.31025246209521701	0.57590753988855903	-0.65728670848542503	0	-1.698520430599423	EUR:chr1:166460517-169086324
TCAP	1	0	-0.13796803949360945	-1.7266327503601286	-0.79769942457389142	-0.96149627053967945	0	0.023960998583284706	EUR:chr17:36809344-38877404
TCF23	1	1	0.5104099006063284	-1.2314702126518238	-0.34066967160800715	-1.5424114315453052	1	1.9715185689553418	EUR:chr2:26894985-28598777
TCF7L2	1	0	0.83609759967688668	1.7527914719334901	0.28903502996250435	0.57405001954846724	1	0.042179826500915611	EUR:chr10:112561493-115328432
TCTA	1	0	-1.4631636134215797	-1.2730578266147099	-1.1263329306900263	0.74580303556251748	0	0.25788776488119836	EUR:chr3:49316972-51832015
TCTN1	1	1	0.52236370025772239	0.35541256754544065	-0.76576378704373349	0.32252853164017126	1	-1.8411733808272124	EUR:chr12:110336719-113263518
TDP2	1	1	0.6051259749969492	-0.20680724349820076	1.1811536873197748	0.93426845770724076	1	1.9990218838497704	EUR:chr6:23936619-24852275
TDRD10	1	0	-1.1046638340862498	0.55579215912838587	-0.51771479767896078	-0.23084951236379053	0	-1.3665275340833918	EUR:chr1:153180829-154770403
TDRD9	1	0	-0.14016701870598261	1.321708769594016	-0.10185249930153495	-1.2246363491606882	0	-0.42675001408036339	EUR:chr14:103012102-105001723
TEAD2	1	1	1.2079364846096217	-0.015694675188785038	-1.3204554307681398	0.054455192281274593	1	0.34778371366695893	EUR:chr19:49282227-51532567
TECPR2	1	0	-0.41417179580265195	1.4112151377761766	0.20600001037433421	-0.47840261001302059	0	-1.2062990004259138	EUR:chr14:101534307-103012102
TECTB	1	0	0.85773442032648961	-0.035743796572477844	0.22212352284984824	-1.1876456375534696	1	0.44602495018104582	EUR:chr10:112561493-115328432
TEKT3	1	0	-1.601139412894879	0.40645910928407364	0.34628437255878075	-1.327871224541181	0	-0.21536498415074354	EUR:chr17:15019097-16412342
TEPP	1	0	-0.70011666644458592	-0.49821776769658049	0.83008643411374139	-1.4970374803542688	0	-1.0651703640661689	EUR:chr16:57664330-59045405
TET1	1	0	1.0632842164976617	1.3791471932922854	0.85785993081666734	-1.3548024460188213	1	0.77931088742605736	EUR:chr10:70195991-72220850
TET2	1	0	-1.0140005591073584	1.3798084860113178	0.3020631051388824	-0.2772689532940576	0	-0.37937734915404486	EUR:chr4:105305294-107501305
TFPT	1	0	-1.6737735956765163	-0.72194403029524401	-0.64555052145687408	0.29495221667459859	0	-1.6950549595755939	EUR:chr19:54602362-55728080
TH	1	0	0.30599549376173779	-0.79462606559933424	0.13033921923366595	-1.1162355411099409	1	-0.028754409136956954	EUR:chr11:1213590-3665481
THADA	1	0	-1.0897335650530091	2.2766862175593063	0.73283961566905009	0.016008525164763355	0	1.1445646682744153	EUR:chr2:43309590-44313803
THBS3	1	1	-0.9183405856605279	-0.3889169133509105	-0.59490393601198521	0.4450468838518411	0	-0.7614430462850349	EUR:chr1:154770403-156336133
THRA	1	0	-0.32192117726349156	0.35918705561458908	-0.5531908287842745	0.11820304791289835	0	-0.91372611367107714	EUR:chr17:36809344-38877404
THY1	1	0	0.50045755629598787	-0.82858473618807715	0.24939047164636755	-0.052226719577656198	1	-0.74345403845903157	EUR:chr11:119215476-120766806
TIGD1	1	0	1.4311101675408442	-1.7013778559347819	0.34428192848735362	-0.62317329903326701	1	-2.3730558313973842	EUR:chr2:231843389-233550003
TIMMDC1	1	0	-0.77639363528320682	0.13410423972771937	0.58090868490705205	0.88454620790070082	0	-1.4649477690847656	EUR:chr3:118530251-120523055
TIMP4	1	0	-0.77817660353030904	-0.97349957065888304	0.57708549814768373	-1.2498015070218957	0	0.66212316116058056	EUR:chr3:11019665-13070799
TIPRL	1	0	-1.5223158511293182	-0.018623006360418446	0.49522310282621568	0.66050107733744023	0	-1.7858931846324917	EUR:chr1:166460517-169086324
TIRAP	1	0	-0.52377370664131973	-0.26666891922250574	0.75569857939271989	-0.081578287825861809	0	-1.7825306710761559	EUR:chr11:124495528-126311320
TLX1	1	0	1.4887787442429716	-0.76238079462653241	-0.17468643715802415	-1.1998770986860694	1	0.68116497255733444	EUR:chr10:100668400-102949239
TMC4	1	0	-1.5872263130781268	-0.41007611359315077	-0.669091246894437	-0.17946261363158367	0	-1.7102218209046121	EUR:chr19:54602362-55728080
TMEM116	1	1	0.54400052090730322	1.0009546942379992	-0.79584190527884635	0.38500972488861901	1	-1.1429846830703214	EUR:chr12:110336719-113263518
TMEM120B	1	1	1.2736976311128267	0.88296548545589248	0.28421196469849619	-0.19214896890006133	1	1.0043702694521779	EUR:chr12:122007651-124977980
TMEM143	1	1	0.024235847552019008	0.27474147866774046	-0.029326632644624907	0.25263602330866858	1	-0.53167183587359546	EUR:chr19:47150082-49282227
TMEM161A	1	1	1.3550296260068069	-0.10989919837330181	-0.36452672167399586	0.73191117378096904	1	2.8019503447679548	EUR:chr19:18409862-19877471
TMEM171	1	0	-1.3708581065821424	-0.50856798801115943	0.26931906352361351	-0.38895749070245772	0	0.84695920565844607	EUR:chr5:71240456-73759326
TMEM174	1	0	-1.3816765169069327	-1.8768770761390163	0.27937627831473988	-1.5424114315453052	0	0.83370737552903873	EUR:chr5:71240456-73759326
TMEM214	1	1	0.58620910673199744	-0.71755019596469083	-0.37583203822208033	0.98539107512610491	1	1.9831223877808468	EUR:chr2:26894985-28598777
TMEM236	1	0	1.4635653985152375	0.59991306312026005	0.78170738899266723	-1.5271372731820223	1	-0.2141040839743904	EUR:chr10:16551767-18537267
TMEM25	1	0	0.28404210009612141	-0.24459579976737542	0.30683986322519519	0.38063014916378046	1	0.22013149407566959	EUR:chr11:117747110-119215476
TMEM39A	1	0	-0.80885595371319119	0.43639544698929855	0.60426345967615092	0.46177773340449191	0	-0.89701879805039664	EUR:chr3:118530251-120523055
TMEM40	1	0	-0.97308884785348626	0.3668309598975153	0.7058542148640502	-1.4529663122347427	0	0.61362756041538613	EUR:chr3:11019665-13070799
TMEM45B	1	0	-0.79983351956621762	0.52598884132114065	0.46387797013407445	0.67866744616590291	0	-0.19216121376934572	EUR:chr11:128188537-130342575
TMEM51	1	0	0.51744444632602382	0.85732607557080198	0.66616614738793756	-0.040641455150152536	1	2.3174040801513915	EUR:chr1:14891511-16897730
TMEM59L	1	1	1.4957995802402018	-0.38061342058228392	-0.79151494103561715	-1.3822146075020518	1	2.9061207110271372	EUR:chr19:18409862-19877471
TMEM82	1	0	0.64896673933241189	-1.0696816839594157	0.34928397599635069	0.82661328538800782	1	2.3421910330049771	EUR:chr1:14891511-16897730
TMPRSS13	1	0	0.0027020070363081793	0.19692445138575024	0.59057832158468671	-1.212206805538584	1	0.12077101023965864	EUR:chr11:117747110-119215476
TMPRSS4	1	0	0.024343552656290426	0.53754105957810061	0.5447144826363971	-1.3822146075020518	1	0.054790157209087122	EUR:chr11:117747110-119215476
TMPRSS6	1	0	-1.2535276397794501	0.5249950242588336	0.084409247455188866	1.1925838024881352	0	1.3623600802049816	EUR:chr22:35530985-37570269
TNC	1	0	0.98713733253155656	1.1371497464201623	0.75061341184569197	-0.41083491920601256	1	0.27519458288169241	EUR:chr9:117019801-117921960
TNFAIP2	1	0	-0.28264950279624185	-0.35897221028672271	0.021867848417113919	1.0405829515008636	0	-1.3974778534191552	EUR:chr14:103012102-105001723
TNFSF15	1	0	1.0205800933123015	-0.028871218404476415	0.71461994470211332	-1.3014043576765615	1	0.38040740712933147	EUR:chr9:117019801-117921960
TNFSF8	1	0	0.94254698482386745	0.38298655623417732	0.80423371871617821	-0.77370120825070487	1	0.21186332252277953	EUR:chr9:117019801-117921960
TNNT3	1	0	0.37090595571052437	-0.11790015956642839	0.025045702951651271	-1.2498015070218957	1	-0.094331655842787202	EUR:chr11:1213590-3665481
TNP2	1	0	-1.0685545011530222	-1.9441172936503539	0.65632104175462858	-1.5424114315453052	0	-0.22265695983146477	EUR:chr16:10426032-11520161
TNPO1	1	0	-1.3924949272317453	1.1580617631355572	0.37475014916125776	0.55459424262210932	0	0.17656467056155356	EUR:chr5:71240456-73759326
TNPO3	1	0	0.60866528439592116	1.1567496736873588	0.28110476217139968	0.56629727453214351	1	0.89599568874342062	EUR:chr7:126869221-128778386
TNRC6B	1	0	-1.5446685047927196	1.977154151434904	-0.20860240215037454	-0.27055104213303399	0	-0.4969792693620117	EUR:chr22:39307894-40545797
TNS4	1	0	-0.47341199660338928	0.11088630146994513	-0.16894685891265074	-1.4675165657271294	0	-0.76694299729129933	EUR:chr17:36809344-38877404
TOM1	1	0	-1.5433648998793856	0.60117833405991161	0.6834783261837295	0.97946427143019898	0	0.17545231835557665	EUR:chr22:35530985-37570269
TOMM22	1	0	-1.5771308232227039	-1.5800085038058134	-0.15752090791668791	1.0117821019546285	0	1.2788796815872816	EUR:chr22:37570269-39307894
TOMM40	1	0	-1.4033133375565356	-0.40878416192781392	-0.46574594921825258	0.81674160988583244	0	-1.6093366990899447	EUR:chr19:44744108-46102697
TOMM40L	1	0	-1.0679426174877684	-1.2130724225259453	0.40116578973319172	0.86227580328697162	0	-0.53467036161557935	EUR:chr1:159913048-162346721
TOP2A	1	0	-0.40848735974344258	0.21326061593899168	-0.30379142538474002	-0.84999219990435326	0	-0.71064178492980679	EUR:chr17:36809344-38877404
TOR1A	1	0	-0.32147230507661295	-0.53127612386790546	-0.18889104772092524	0.8686718135833309	0	1.3248845081998053	EUR:chr9:132165470-133223217
TOR1B	1	0	-0.31065389475182253	-0.77738695734258267	-0.19112041456922288	0.53488870564562641	0	1.3258730468876725	EUR:chr9:132165470-133223217
TOX	1	0	0.05561466385222625	2.0352276847343425	0.66110950160333581	-0.99336676308912741	1	0.3329862227461311	EUR:chr8:59728100-62329099
TP53AIP1	1	0	-0.98391730587145154	-0.75076592146314591	0.5652719884789541	-1.3684473380869764	0	-0.30833948893438418	EUR:chr11:128188537-130342575
TPCN1	1	0	-0.91648487294057046	0.95893936049696638	0.22568750072685095	0.60467527972704138	0	-0.039987466376018736	EUR:chr12:113263518-113986709
TPD52	1	0	-1.3059476446333338	1.9277264661341507	0.32683591260897016	0.62724980789687312	0	0.51674996553243491	EUR:chr8:79132861-81956395
TPM3	1	0	-1.23618612709266	0.43659116733856285	-0.16762486866447965	1.1822118694451833	0	-1.2613969276530486	EUR:chr1:153180829-154770403
TPM4	1	0	-0.45129322897420804	0.36790149452926529	0.3793428920526043	1.1822118694451833	0	0.64618358715840374	EUR:chr19:15648610-16374416
TPRX1	1	1	0.34756148452608665	-0.17359186219686179	-0.2736897149356044	-1.5424114315453052	1	-0.067134772983522439	EUR:chr19:47150082-49282227
TPST1	1	0	-1.5547710821037115	1.7453767293087481	0.52906933191758354	0.53091705983291126	0	-2.3255084854406842	EUR:chr7:63641125-65689809
TRAF1	1	0	-1.4574053891805316	0.14051277297021128	-0.1693877325772562	0.13373478497471114	0	-2.1688445322312266	EUR:chr9:122260297-124871322
TRAF3	1	0	-0.43609217797039429	1.3802854141678917	0.24622411245038087	-0.29079362448653651	0	-1.3160453288670158	EUR:chr14:103012102-105001723
TRAFD1	1	1	0.47909005895851664	0.17760867044904632	-0.69762440424638816	0.4450468838518411	1	-1.1450919653942546	EUR:chr12:110336719-113263518
TRANK1	1	0	-1.2302187723597569	1.2837981146492354	0.47199797151557221	0.1693757948241261	0	-0.14867921658576616	EUR:chr3:36486842-38356116
TRAPPC4	1	0	0.26240055447613919	-0.88998074797976723	0.31160430553114343	0.81674160988583244	1	0.13609367435140582	EUR:chr11:117747110-119215476
TRAPPC6A	1	0	-1.2194003620349443	-0.28999681751247958	-0.63758042056525122	0.84292630023306081	0	0.0067084879961503687	EUR:chr19:44744108-46102697
TRAPPC6B	1	0	-1.5578255808230399	0.013975103646101845	0.67958327695634912	0.61223706965056268	0	-0.7658411548908316	EUR:chr14:38667725-40341990
TRDMT1	1	0	1.3878365262416386	0.75898471211748642	0.6028124019208505	-1.1515253769195539	1	-0.12283990483456637	EUR:chr10:16551767-18537267
TREH	1	0	0.40307060100605679	0.0020926531452879361	0.3156783588949148	0.317966744478204	1	0.038343322979001594	EUR:chr11:117747110-119215476
TRIAP1	1	0	1.0544938094354914	-1.7001208996364399	0.40051807785960603	0.99717647083095529	1	0.26284471222284395	EUR:chr12:119754110-122007651
TRIM27	1	1	0.48977264121548386	-0.047140546614863069	-0.662745949097298	0.90338129390388111	1	1.9960021037134634	EUR:chr6:28017819-28917608
TRIM38	1	1	-0.32158450474701544	0.067407894038618354	0.86794824279151606	0.51894009204864411	0	2.4163879284168361	EUR:chr6:25684587-26791233
TRIM46	1	1	-0.89642020349278562	-0.50530194332908163	-0.60548101479740513	-1.3548024460188213	0	-0.79630266610552425	EUR:chr1:154770403-156336133
TRIM54	1	1	0.32632611430109448	0.089008432174272914	-0.28492047296652251	-1.424273135697375	1	1.9518287056322265	EUR:chr2:26894985-28598777
TRIM59	1	0	0.87918460464575432	0.67080039545032277	0.14713353618859504	-1.1634712757314924	1	0.12918783364065203	EUR:chr3:159477890-161524504
TRIOBP	1	0	-1.5006790304797375	0.97871088520196736	-0.34648379897300546	0.39807397608655815	0	1.5208497017935523	EUR:chr22:37570269-39307894
TRMT61A	1	0	-0.20592816520918764	-0.8003617128287368	-0.056917289158162826	0.021560213857318659	0	-0.7643734762861969	EUR:chr14:103012102-105001723
TRPM4	1	1	0.84625017884202702	0.68179434025440222	-0.92064084257794876	-0.15440017527324418	1	-1.4252767097618022	EUR:chr19:49282227-51532567
TRPM5	1	0	0.21944821116334839	-0.14299579552141431	0.23350414053819663	-1.424273135697375	1	-0.48662729738974736	EUR:chr11:1213590-3665481
TRPM8	1	0	1.5825679120880201	1.1710008097610893	0.7895966365941588	0.72491781202550087	1	-1.2292893166810832	EUR:chr2:233550003-235150987
TSEN2	1	0	-0.94060347379963438	0.69723652722205698	0.71707783283626114	-0.13586827715378455	0	0.75943216352389342	EUR:chr3:11019665-13070799
TSEN34	1	0	-1.6196815440525201	-1.3634443516822337	-0.66505080995915089	0.59326228848868523	0	-1.6189070836017245	EUR:chr19:54602362-55728080
TSHR	1	0	-1.5145117487512227	1.6542797615647742	0.48782277140187924	-1.0817388028381392	0	-1.0114233250393461	EUR:chr14:80186579-81579714
TSKS	1	0	-0.12920682762211141	0.042445822572462148	-1.2423909473637946	-1.2498015070218957	0	0.049032307014623341	EUR:chr19:49282227-51532567
TSPAN15	1	0	0.95510011324966937	0.7111293889172059	0.91071115956290727	-0.034881447452529551	1	1.1653702964904702	EUR:chr10:70195991-72220850
TSPAN32	1	0	0.24108503181292923	-0.24630433703754698	0.22639947220798443	-0.73693201915635886	1	-0.30446534606102987	EUR:chr11:1213590-3665481
TSPAN33	1	0	0.63030683001590337	0.054819191875358227	0.23102061252782957	0.60088036988254712	1	0.86254401261302061	EUR:chr7:128778386-130422414
TSPAN5	1	0	0.68463985512971071	1.6419029766861633	0.80032442604513521	-0.87960804296603545	1	2.2771765633193937	EUR:chr4:99424067-100678360
TSSC4	1	0	0.27354026278732252	-1.4509621619928865	0.21533296938667626	0.62351036573022134	1	-0.49403826979480675	EUR:chr11:1213590-3665481
TSSK2	1	0	0.00231546538427666	-1.9321410545235245	0.15417889782239441	-1.2753861034403373	1	-1.2460748819106944	EUR:chr22:18296088-19912358
TSSK6	1	1	1.1926027557374816	-1.4018998627157813	-0.2629905774333523	-1.1634712757314924	1	2.7298829357413967	EUR:chr19:18409862-19877471
TST	1	0	-1.2981179874871391	-0.71790078138136892	0.10618796568373901	1.7005675739691002	0	1.355809595459617	EUR:chr22:35530985-37570269
TTC29	1	0	0.40784253548735611	1.826404673513002	0.30649907540377386	-1.5424114315453052	1	0.18616793301354334	EUR:chr4:146178187-148521873
TTF1	1	1	1.3284985865321608	0.25814321413494273	0.32177264716228088	-0.17946261363158367	1	-0.95438758733734697	EUR:chr9:134127888-135298842
TTLL1	1	1	1.7015402825813442	0.61983490791115725	0.63647206513510146	-0.74604207705408054	1	3.5519925865046096	EUR:chr22:42690818-43714200
TTLL12	1	1	1.6799336050112219	-0.064802310429540655	0.64017446067638029	0.44083552249901781	1	3.4853130798655805	EUR:chr22:42690818-43714200
TTLL7	1	0	-1.6629551853517039	1.3808481540608437	0.48720473729698016	-0.93027403655757335	0	-0.90276565779247631	EUR:chr1:83991748-84844495
TUBA8	1	0	-0.063445681118928385	0.37306194776156593	0.18136551636005069	-0.48609706346840675	1	-0.52521753956964123	EUR:chr22:18296088-19912358
TULP2	1	1	0.50648425524215268	-0.17532301265187605	-0.44720477069799652	-1.3548024460188213	1	-1.1132360153796297	EUR:chr19:49282227-51532567
TXN2	1	0	-1.365003509048651	-0.30600227446042622	0.20959519041188218	1.2829063383703356	0	1.009598373527224	EUR:chr22:35530985-37570269
TYSND1	1	0	0.92264488227527608	-0.72547724237857436	1.027375570988204	-0.029142972544210624	1	0.99669166804070486	EUR:chr10:70195991-72220850
UAP1	1	0	-1.2843108239837528	0.4160453883406971	0.80397335634076561	1.2926218154241154	0	0.020263606594286897	EUR:chr1:162346721-165191702
UBA52	1	1	1.3986366303044222	-1.0345024406511167	-0.80763785232853846	1.3842581541638501	1	2.9353520227454162	EUR:chr19:18409862-19877471
UBAP2L	1	0	-1.2252259360087887	0.64141699400459795	-0.20141028621140977	0.79010249882777717	0	-1.2690170660726199	EUR:chr1:153180829-154770403
UBD	1	1	0.64124692135353734	-1.2480460971497316	-2.188985456850264	1.3705114331869375	1	0.97951544880214281	EUR:chr6:28917608-29737971
UBE2D3	1	0	-1.7178008697525997	0.9283323155981934	0.3020631051388824	1.5111570612910437	0	1.6506803270908676	EUR:chr4:103221356-105305294
UBE2H	1	0	0.66276914844588775	1.3092865566454708	0.19698133968450784	0.84292630023306081	1	0.85127849061975813	EUR:chr7:128778386-130422414
UBE2Q1	1	0	-1.0060221143314534	-0.58387203869769566	-0.5526482001042865	0.79680574201383325	0	-1.2727010452367771	EUR:chr1:153180829-154770403
UBE4A	1	0	0.12173050794624356	0.44216781188777587	0.40310756429689398	0.73539594315561607	1	0.075232792429232517	EUR:chr11:117747110-119215476
UBQLN4	1	0	-0.64433580856385864	-0.14453452747366785	-0.67256152388881041	0.49876844501171047	0	-2.4647966018323655	EUR:chr1:154770403-156336133
UBR7	1	0	0.26264154111950599	-0.005271751257542783	0.70228122565937068	0.30419947506312861	1	1.1922479991991128	EUR:chr14:93132299-94325285
UCN	1	1	0.44543915249860266	-2.356010008529843	-0.3118703049772894	-0.51726646431793644	1	1.9629867449606364	EUR:chr2:26894985-28598777
UFC1	1	0	-1.0571242071629559	-1.0008606836274485	0.39565298872279647	1.1796078989305243	0	-0.43110286585482849	EUR:chr1:159913048-162346721
UGT1A10	1	0	1.5068390398144431	1.3963557745775184	0.85962936583250749	1.8988002842307146	1	-1.4405643644789357	EUR:chr2:233550003-235150987
UGT1A3	1	0	1.5717495017632297	0.52611080063053806	0.79300487838225597	1.8507486897705119	1	-1.4836179021299256	EUR:chr2:233550003-235150987
UGT1A4	1	0	1.5609310914384393	0.68783335645681676	0.80006351224923011	1.8708148611314295	1	-1.4795151838199061	EUR:chr2:233550003-235150987
UGT1A5	1	0	1.5501126811136268	0.76548437988859064	0.80371295727651149	1.8490646081421485	1	-1.4758439120738369	EUR:chr2:233550003-235150987
UGT1A6	1	0	1.5392942707888364	0.99915680808983609	0.81798069259001838	1.9326806351156158	1	-1.4705758242605904	EUR:chr2:233550003-235150987
UGT1A7	1	0	1.5284758604640241	1.0852677978178806	0.82494474477423674	1.8557898773893069	1	-1.4673541026966519	EUR:chr2:233550003-235150987
UGT1A8	1	0	1.4960206294896308	-0.41284347701031898	0.87848202839565592	1.9020593942666306	1	-1.4181303503013452	EUR:chr2:233550003-235150987
UGT1A9	1	0	1.5176574501392335	1.1658876846485133	0.83188265083434787	1.8574666009315355	1	-1.4609559613012681	EUR:chr2:233550003-235150987
UHMK1	1	0	-1.2951292343085434	0.28665043600269735	0.819272313497027	0.70729373496059544	0	0.010678940496331838	EUR:chr1:162346721-165191702
UNC119B	1	0	1.1969762935257506	-0.40381280171729927	0.31771202229506018	-0.27055104213303399	1	0.45253712870677715	EUR:chr12:119754110-122007651
UNC13A	1	0	-0.68929825611979545	1.049945316588158	-0.93659996550270741	-1.4970374803542688	0	1.6808302418304253	EUR:chr19:16374416-18409862
UPB1	1	0	1.5477024082094741	0.776196687467399	-0.0017391404702631376	1.5525911624765489	1	1.2310399151045615	EUR:chr22:23712647-24984204
UPF1	1	1	1.4633142061863498	0.37463305667278618	-0.68825892607412598	0.73191117378096904	1	2.8706455173622096	EUR:chr19:18409862-19877471
UPK1B	1	0	-0.74393131685322245	0.26880237704376886	0.61986270591835246	-1.4675165657271294	0	-0.25986977666694439	EUR:chr3:118530251-120523055
UPK2	1	0	0.35978750976609231	0.31048302198006184	0.26966677675381034	-1.5424114315453052	1	0.10368710092705721	EUR:chr11:117747110-119215476
USE1	1	0	-0.81911918001739059	-1.2354091308022097	-0.9074460563752641	0.84940327292380335	0	1.4069919068522061	EUR:chr19:16374416-18409862
USF1	1	0	-0.89484805229096753	-0.92313294269304258	0.34261156594351633	0.93426845770724076	0	-0.045468750157804869	EUR:chr1:159913048-162346721
USHBP1	1	0	-0.74339030774379156	0.31540052646748945	-0.91733330284327441	-0.6147620985344987	0	1.658754221139483	EUR:chr19:16374416-18409862
USP19	1	0	-1.7174240122247488	-0.42227984909027805	-1.0032357178112701	0.48243807556837204	0	0.29658761905065228	EUR:chr3:47727212-49316972
USP2	1	0	0.42471214662603901	0.13274060871037754	0.26688323722327889	0.18937660221091152	1	-0.28074427317226075	EUR:chr11:119215476-120766806
USP21	1	0	-0.94894010391496364	-0.97680564495070854	0.36948728492352695	0.20420802435511257	0	-0.4341095938592196	EUR:chr1:159913048-162346721
USP40	1	0	1.6474783740368286	1.0844330963468196	0.70283136616847497	0.4783281929250992	1	-1.3455836286632148	EUR:chr2:233550003-235150987
USP48	1	0	0.90105113426136096	1.194644860991946	0.6310474931173683	0.5624061691525849	1	-1.1211576432540657	EUR:chr1:21736588-23086883
USPL1	1	0	-0.84075600066697143	0.48431777059672232	0.65744885500685968	0.419603645285127	0	-0.33921530619305362	EUR:chr13:30483267-32301815
UTP15	1	0	-1.4357685685309289	-0.23110888873808433	0.4906013698049066	-0.081578287825861809	0	0.70940869409426743	EUR:chr5:71240456-73759326
VARS2	1	0	1.041571804575542	-0.15611071065363355	-7.7850195706106504	0.56629727453214351	1	-1.8131950901541427	EUR:chr6:30798168-31571218
VASP	1	0	-1.1112162587869521	-0.068828898052509371	-1.0087829548667331	0.95250677424026065	0	0.1257372428735708	EUR:chr19:44744108-46102697
VAV2	1	1	1.3065782043644183	1.7984406695994628	0.40956544945190948	0.80014641852338841	1	-0.52506039180522557	EUR:chr9:135298842-137041122
VGLL4	1	0	-0.96226038983554296	1.5388507595048686	0.7409398125508242	0.46177773340449191	0	-0.11842688730941195	EUR:chr3:11019665-13070799
VILL	1	0	-1.0354873865133531	-0.11850359700689966	0.17552112498862113	-0.64868702072582451	0	-0.33718579884189676	EUR:chr3:36486842-38356116
VIM	1	0	1.4960206294896308	-0.67088648400089668	0.58589633154201137	1.5525911624765489	1	-0.3274921927997721	EUR:chr10:16551767-18537267
VKORC1L1	1	0	-1.4574053891805316	1.0413575271978421	0.32008180437213529	0.43661257554328448	0	0.53735733324668178	EUR:chr7:63641125-65689809
VPREB3	1	0	1.695664987841691	-1.9704257382187222	-0.11080129139706028	-0.60639673586813225	1	1.1169325684796862	EUR:chr22:23712647-24984204
VPS11	1	0	0.21911746323617468	-0.34329304854965453	0.31194415324822405	0.43237797906395303	1	0.17781632805543035	EUR:chr11:117747110-119215476
VPS26A	1	0	0.96591852357448182	0.61110153859484972	0.91071115956290727	0.70018705444177343	1	0.80839185540704861	EUR:chr10:70195991-72220850
VPS29	1	1	0.44663482798412335	-0.54306102401962175	-0.60939314500342812	1.1506688366263549	1	-1.9310977067844919	EUR:chr12:110336719-113263518
VPS52	1	1	1.3011947442354852	-0.018764412470049847	-0.13964538803776366	0.78336985535825332	1	0.75687729048477759	EUR:chr6:33236497-35455756
VSTM5	1	0	-0.14991653401434119	0.28476973315876541	0.45760744509314116	-1.5424114315453052	0	0.3978331475414455	EUR:chr11:93276157-94242260
VTI1A	1	0	0.81446077902728387	2.1657148542478701	0.58706794163446818	-0.23739553614427666	1	0.13015427299435098	EUR:chr10:112561493-115328432
VWA5B1	1	0	-0.63337561747998739	0.81094092412777041	0.61034549025617435	-1.5424114315453052	0	-0.8955867075442332	EUR:chr1:20469149-21736588
WDR20	1	0	-0.27168931171239269	1.0328172099027488	0.021072530153737931	0.21401662162793145	0	-0.65871778319343344	EUR:chr14:101534307-103012102
WDR46	1	1	1.2687324258055008	-0.58623274752082166	-0.1223709275257175	0.59326228848868523	1	0.75178230158558657	EUR:chr6:33236497-35455756
WDR5	1	1	1.3394587776160098	0.075332932832068183	0.3149999734407391	0.50282403587880642	1	-0.26171113055624662	EUR:chr9:135298842-137041122
WDR6	1	0	-1.5767693235251308	-0.70831738143786693	-1.0580450254620164	0.97649226614501561	0	0.2707893371220228	EUR:chr3:47727212-49316972
WIPF2	1	0	-0.35438349569347594	0.82118557569837092	-0.331501219017167	0.059869801952823244	0	-0.66348746298930172	EUR:chr17:36809344-38877404
WIPI1	1	0	0.68366522889359704	0.38027528174693737	0.2063598432946474	0.50686894006456717	1	0.49635975508594049	EUR:chr17:64800430-67858770
WIZ	1	0	-0.52702210124780702	0.18689419077631725	0.47666640841474028	0.28564891395377445	0	0.52804842331026225	EUR:chr19:14486347-15648610
WLS	1	0	1.0523169696056562	1.3839358923945091	0.54531358199532642	0.43237797906395303	1	1.2304559632794869	EUR:chr1:68477895-69687616
WNK1	1	0	-1.1704249805894549	1.5111636203563583	0.33725623683720268	0.64581158485450141	0	-1.3589051887374617	EUR:chr12:61107-1080331
WNT4	1	0	1.0325734272677489	0.13717082538227807	0.55069675382542305	-0.94061104700266285	1	-0.99939503415980735	EUR:chr1:21736588-23086883
WNT8B	1	0	1.2212366579968807	-0.057629411695631592	0.22675535510873313	-1.482206058210068	1	0.82964441931602395	EUR:chr10:100668400-102949239
XRCC3	1	0	-0.19496797412531647	-0.16983999683191592	-0.062734903000617959	0.032603716527207366	0	-0.57491265002385239	EUR:chr14:103012102-105001723
YJEFN3	1	1	1.2250881297913334	-0.033794535388037783	-0.26949571550381396	-0.29079362448653651	1	2.7503394201915539	EUR:chr19:18409862-19877471
YY1AP1	1	0	-0.71009695506706361	0.21639288903079101	-0.63928540788265953	0.84292630023306081	0	-2.2000896472345475	EUR:chr1:154770403-156336133
ZBTB10	1	0	-1.2626740033341501	0.46173393640111865	0.17039207582155363	0.11820304791289835	0	0.25505807377657447	EUR:chr8:79132861-81956395
ZBTB17	1	0	0.69280750366787458	0.33021454585984589	0.18173017782278589	0.28097603287098549	1	2.3617729714726292	EUR:chr1:14891511-16897730
ZBTB40	1	0	1.0106530451000066	0.97632649643742353	0.5518908876029528	-0.06977022767520083	1	-1.0615558173708728	EUR:chr1:21736588-23086883
ZBTB44	1	0	-1.00557422190736	1.0564900970486892	0.62904494571263803	0.13887730318557678	0	-1.1533061404369289	EUR:chr11:128188537-130342575
ZBTB7B	1	1	-0.8196988659057094	-0.26224218057933535	-0.62794842780633509	0.78336985535825332	0	-0.84695920565844607	EUR:chr1:154770403-156336133
ZBTB9	1	1	1.1605246977055894	-1.5525662228905679	0.052230206618891308	-0.44049845580206315	1	0.68947597643039038	EUR:chr6:33236497-35455756
ZC3HC1	1	0	0.52209910191599218	0.30513938426167769	0.11225543497685679	0.37623804244697634	1	0.76162600645669809	EUR:chr7:128778386-130422414
ZDHHC6	1	0	0.86855283065127997	-0.22702041558309927	0.16304007902851919	0.75614004600760676	1	0.36485181834220265	EUR:chr10:112561493-115328432
ZDHHC7	1	0	-0.88460136338313999	0.39671074060868888	0.67568000040101495	0.52294280683368799	0	0.25166513608565322	EUR:chr16:84445883-85148685
ZFAND1	1	0	-1.3816765169069327	0.26717020491236415	0.44342047990041628	0.75614004600760676	0	-0.13208751737577143	EUR:chr8:81956395-82693739
ZFP36L2	1	0	-1.0572765625048826	-1.2843184436901114	0.67148874898663291	1.16652137252489	0	1.1514445329570449	EUR:chr2:43309590-44313803
ZFP57	1	1	0.68452528710725746	-0.72344366463353538	-2.5130567892090792	-1.3145807497409923	1	0.043276081935005491	EUR:chr6:28917608-29737971
ZFYVE21	1	0	-0.17304759195759611	-0.16799235653372016	-0.064400447914112577	0.77321519704574815	0	-0.5665342738916439	EUR:chr14:103012102-105001723
ZKSCAN3	1	1	0.42485509258489268	-0.11340938161744941	0.019878910590381816	-0.6147620985344987	1	2.0356776998033568	EUR:chr6:28017819-28917608
ZKSCAN4	1	1	0.37075713539271499	-0.32597475541974441	0.16451282025524444	-0.31820578596976723	1	2.0764728721299068	EUR:chr6:28017819-28917608
ZNF101	1	1	1.246745045827242	-0.32056650041876428	-0.20365481698222654	-0.33209764775131578	1	2.6946757792396294	EUR:chr19:18409862-19877471
ZNF114	1	1	0.046156229719739351	1.2643660680945006	-0.051531569521780618	-1.482206058210068	1	-0.51362323787422925	EUR:chr19:47150082-49282227
ZNF14	1	1	1.1168035496117905	0.010749487409670154	-0.079458292759898325	-0.84024587985937749	1	2.6895449461549772	EUR:chr19:18409862-19877471
ZNF165	1	1	0.32747876963899486	-0.73500906851391812	0.30445302763273485	-0.54908190889440711	1	2.1107752721609057	EUR:chr6:28017819-28917608
ZNF180	1	0	-1.5872263130781268	0.078953727065606327	-0.10610842461990745	-0.27055104213303399	0	-1.635369043014997	EUR:chr19:44744108-46102697
ZNF184	1	1	0.056988983678172553	0.0021614697318566526	0.43167349207593897	-0.44800478005195782	1	2.1645495677176836	EUR:chr6:26791233-28017819
ZNF229	1	0	-1.614272338890125	0.25517659729210451	-0.088299034325438883	-1.0149874057224155	0	-1.6325080439259783	EUR:chr19:44744108-46102697
ZNF253	1	1	1.019347427450191	0.19617602943575302	0.22354993894261285	-0.3251360020311444	1	2.6794908016537207	EUR:chr19:19877471-20905757
ZNF285	1	0	-1.614272338890125	-0.11105419619939766	-0.088299034325438883	-1.0369169251111676	0	-1.6325080439259783	EUR:chr19:44744108-46102697
ZNF296	1	0	-1.2518555930093376	-1.137967916134013	-0.5843870535976573	-1.1634712757314924	0	-0.721255892414009	EUR:chr19:44744108-46102697
ZNF311	1	1	0.50059223265391939	-0.57800174291616169	-0.72303188494943316	-0.94061104700266285	1	2.0030768297992254	EUR:chr6:28917608-29737971
ZNF319	1	0	-0.72175348709418874	-1.0391455140261272	0.83649349259657735	-0.56524037652057402	0	-1.0639639705759796	EUR:chr16:57664330-59045405
ZNF365	1	0	0.717095086104104	1.9950130786447549	0.71161141276833473	-1.4970374803542688	1	-1.1737808342318465	EUR:chr10:63341695-65794114
ZNF391	1	1	0.046169392239737025	0.20945870420419982	0.47821993684286773	-1.3684473380869764	1	2.1546804587408581	EUR:chr6:26791233-28017819
ZNF486	1	1	0.97603359537837386	0.3073877683277832	0.57826270599537655	-1.1396717253508322	1	2.6601594570976022	EUR:chr19:19877471-20905757
ZNF506	1	1	1.0301758854681562	0.36640232889141555	0.038490946626266322	-0.21784061882648162	1	2.6844839543113288	EUR:chr19:19877471-20905757
ZNF512	1	1	0.196384618085643	0.65351494507305996	-0.17071098501935175	0.28564891395377445	1	1.9337549602095891	EUR:chr2:26894985-28598777
ZNF513	1	1	0.39129686240882022	-1.4130640430678185	-0.307113746478686	0.67142667684276491	1	1.9564483136390489	EUR:chr2:26894985-28598777
ZNF532	1	0	0.25439986031322565	1.3196916308427344	1.0011173258320112	-0.29760090947951401	1	-0.65854771497869657	EUR:chr18:55213838-56530220
ZNF572	1	1	0.91106284727064812	-0.99946928570023152	0.44626659967374716	-1.0704100410848536	1	0.18728244934919322	EUR:chr8:125683719-126410917
ZNF618	1	0	0.95369457175078964	1.6086729223074532	0.79221891879441431	-0.31130671705196428	1	0.20696534685855913	EUR:chr9:115693145-117019801
ZNF626	1	0	0.80364236870249339	0.47839078665591928	0.82957290848686338	-0.59807671414342678	1	2.5575492216846443	EUR:chr19:19877471-20905757
ZNF682	1	1	0.99769051141428244	0.49513028083297567	0.54141595980997492	-0.39621537774727372	1	2.6697004316260231	EUR:chr19:19877471-20905757
ZNF70	1	0	1.695664987841691	-0.65650637169724968	-0.11080129139706028	-1.1634712757314924	1	1.1169325684796862	EUR:chr22:23712647-24984204
ZNF704	1	0	-1.3924949272317453	1.8488761152320092	0.5172479258525392	-0.54106601469859672	0	0.35754503689153327	EUR:chr8:79132861-81956395
ZNF761	1	0	-1.641318364702123	0.12623749319886668	-0.67140404063366277	-0.17315853803510961	0	-1.3053796228774641	EUR:chr19:52985290-54602362
ZNF765	1	0	-1.6954104163261192	0.40028854972218414	-0.65642236491416917	-0.82093694287225649	0	-1.3742301125121914	EUR:chr19:52985290-54602362
ZNF813	1	0	-1.5764079027533144	0.36745205128080438	-0.68184758341174889	-1.1396717253508322	0	-1.3089183245963467	EUR:chr19:52985290-54602362
ZNF827	1	0	0.4407231087389476	1.6116517342658756	0.025442550790914613	-1.1396717253508322	1	0.050540150526986127	EUR:chr4:146178187-148521873
ZNF839	1	0	-0.30456988496398418	0.09765806419352889	0.073229545736311144	0.1285749809558504	0	-1.0697688648606851	EUR:chr14:101534307-103012102
ZNF85	1	0	-0.91662955146293446	0.16023740696126629	0.81435934381210084	-1.0931517940764952	0	2.3016376073786571	EUR:chr19:20905757-22732896
ZNF90	1	1	0.98686205339633915	0.606924891553135	0.56438292329152717	-1.3822146075020518	1	2.66489962171456	EUR:chr19:19877471-20905757
ZNF93	1	1	1.0085189694322476	0.339127969348056	0.36387901974962017	-0.99336676308912741	1	2.6745635722988181	EUR:chr19:19877471-20905757
ZPBP2	1	0	-0.20289267635355618	-0.63874268669188383	-0.70409081501872206	-1.5424114315453052	0	-1.0436873321756344	EUR:chr17:36809344-38877404
ZSCAN12	1	1	0.43567468402330617	-0.05480849914370213	-0.011024185673312027	-0.71887251379344685	1	2.0378567797461624	EUR:chr6:28017819-28917608
ZSCAN16	1	1	0.33829836107743039	-1.0749606023944134	0.27695368152709715	-0.17946261363158367	1	2.0824207130623509	EUR:chr6:28017819-28917608
ZSCAN23	1	1	0.44649427546174175	-0.50543498040591539	-0.10952023626331311	-1.4529663122347427	1	2.0389499585453641	EUR:chr6:28017819-28917608
