gene_symbol	intercept	high	S	stratum5	Y	EAS_ld_block
ABCA8	1	0	0.012300831780409093	1	0.039339224369101783	ASN:chr17:64800166-67858770
ABCC2	1	0	1.3550077011199262	1	0.13639186983834678	ASN:chr10:100365649-102471756
ABCC9	1	0	1.3121076539680614	1	-0.26193248541597042	ASN:chr12:21757656-24562053
ABCE1	1	1	0.49552406415828149	1	-0.95258661451270754	ASN:chr4:145025810-148834277
ABCG2	1	1	0.48984055895650241	1	-1.4989013223396588	ASN:chr4:87214993-89236855
ABCG4	1	0	0.34896673695609015	1	0.83664349354968526	ASN:chr11:118900987-120771784
ABCG5	1	0	-1.046457561655485	0	0.67871803146904786	ASN:chr2:42336744-44322128
ABCG8	1	0	-1.0680955633542581	0	0.62890913799474113	ASN:chr2:42336744-44322128
ABHD1	1	1	0.55372373267814556	1	0.002814126366559149	ASN:chr2:26209579-29456860
ABHD6	1	0	0.41417959700973006	1	-1.1498174705066373	ASN:chr3:56847831-59704331
ABHD8	1	0	-0.78666394904297532	0	1.5247258482516113	ASN:chr19:16749208-20221313
ABT1	1	1	0.14363253177633098	1	0.36228202058382725	ASN:chr6:26141757-26697553
ACAD10	1	1	0.61972939318090214	1	2.1494452242690678	ASN:chr12:109270450-113028429
ACADS	1	0	1.2298568667773422	1	0.15748441619356887	ASN:chr12:119859279-122015993
ACOT13	1	1	0.62704635716469159	1	-0.1931727766360482	ASN:chr6:24397129-26141757
ACOX2	1	0	0.38172436603531479	1	-1.1298409158598042	ASN:chr3:56847831-59704331
ACRV1	1	0	-0.44705236905424345	0	0.88801161848018395	ASN:chr11:124496119-126773879
ACSL5	1	0	0.84691601000169914	1	-1.0495585144146855	ASN:chr10:112170486-115752990
ACTL7A	1	0	-1.3304279624459887	0	1.137934427501079	ASN:chr9:110368474-112864469
ACTL7B	1	0	-1.3087710464100801	0	1.1392468279418675	ASN:chr9:110368474-112864469
ADAM15	1	1	-0.73749743277671953	0	0.58256496029027527	ASN:chr1:153397055-156616039
ADAMTS13	1	1	1.5805829814610877	1	-0.63662335586525876	ASN:chr9:134722557-136612240
ADAMTS15	1	0	-0.8214904356021262	0	-0.38111006770908873	ASN:chr11:130049774-131429519
ADAMTS4	1	0	-0.98139533488935693	0	0.064357397297920588	ASN:chr1:159953315-162888864
ADAMTS8	1	0	-0.87563272569188666	0	-0.20759889315164723	ASN:chr11:130049774-131429519
ADAMTSL2	1	1	1.5477024082094741	1	-0.96104820650596468	ASN:chr9:134722557-136612240
ADAR	1	0	-1.0717832608346585	0	0.88252718527983187	ASN:chr1:153397055-156616039
ADH1A	1	0	0.76036872740328776	1	2.2131199696477672	ASN:chr4:99040831-101711689
ADH4	1	0	0.79282395837770303	1	2.2243832102681074	ASN:chr4:99040831-101711689
ADH5	1	0	0.7711871377281001	1	2.2005822983599108	ASN:chr4:99040831-101711689
ADH6	1	0	0.78200554805289058	1	2.2276537341978067	ASN:chr4:99040831-101711689
ADH7	1	0	0.70627667577929154	1	2.2083775883843018	ASN:chr4:99040831-101711689
ADIPOQ	1	0	-0.23675370263255058	0	0.27531041229125019	ASN:chr3:186230742-188951597
ADO	1	0	0.79144922342269319	1	1.188425191397859	ASN:chr10:64198067-66313715
ADORA2A	1	0	1.5915431725449589	1	0.64826633290128244	ASN:chr22:23398337-25209349
ADPRH	1	0	-0.75475208966322449	0	-1.3526188195520694	ASN:chr3:118903462-120523073
AFF1	1	1	0.47902155810710489	1	-1.7813022402770184	ASN:chr4:87214993-89236855
AGBL5	1	1	0.56455219069608886	1	0.16555088071129143	ASN:chr2:26209579-29456860
AGER	1	1	1.636638701345287	1	3.3105895089069963	ASN:chr6:31571894-32682590
AGMAT	1	0	0.59416578391307806	1	0.43120430393424319	ASN:chr1:14893157-17875820
AGPAT1	1	1	1.6582802469652693	1	3.3849398005981626	ASN:chr6:31571894-32682590
AHCYL2	1	0	0.57620296596593679	1	-0.38672544826301786	ASN:chr7:126869221-129589868
AIFM2	1	0	0.89018965130088279	1	-0.85114674351049346	ASN:chr10:71054709-72673145
AIM2	1	0	-1.2194003620349443	0	0.42188271884285045	ASN:chr1:157982579-159953315
AK4	1	0	-0.75434453872223528	0	-1.119248935627903	ASN:chr1:65041376-66774011
AK8	1	1	1.3723393508676234	1	-1.4103588995283811	ASN:chr9:134722557-136612240
AKAP8	1	0	-0.49456687027341378	0	-0.27887658294943563	ASN:chr19:12500149-15648148
AKAP8L	1	0	-0.5053852805982042	0	-0.27374240840476938	ASN:chr19:12500149-15648148
AKNA	1	0	1.0428752671661461	1	1.2207528056751142	ASN:chr9:116400502-119530000
AKTIP	1	0	0.7161506029474709	1	-1.8066907241916577	ASN:chr16:51214363-54450244
ALAD	1	0	1.1097607887276797	1	0.79735232329348227	ASN:chr9:112864469-116400502
ALDH16A1	1	1	1.2408170578612132	1	0.17767097636118068	ASN:chr19:49093112-51334271
ALDH2	1	1	0.64136621383050507	1	2.1371611710030609	ASN:chr12:109270450-113028429
ALDH5A1	1	1	0.4516832998228188	1	0.058855989290876737	ASN:chr6:24397129-26141757
ALOX5AP	1	0	-0.82993759034218095	0	1.1184788348271892	ASN:chr13:30625939-32301388
ALPI	1	0	1.377018115916848	1	0.60466774946325097	ASN:chr2:232191250-233550713
ALPK2	1	0	0.24343966922935448	1	-0.14609743814307588	ASN:chr18:54958664-57377707
ALPL	1	0	0.81336960559041349	1	1.0163258123923149	ASN:chr1:20304720-22145806
ALPP	1	0	1.1822867300704663	1	0.64285585818854662	ASN:chr2:232191250-233550713
AMBP	1	0	1.0651704410199907	1	1.3129155958064203	ASN:chr9:116400502-119530000
AMIGO3	1	0	-1.5443105492098244	0	0.4187337408924845	ASN:chr3:47793553-51831792
AMN	1	0	-0.35937084038331807	0	-0.34912042303854707	ASN:chr14:101357468-103390025
AMOTL1	1	0	-0.21680205557585294	0	-0.9704581374661635	ASN:chr11:92731401-94987750
AMT	1	0	-1.4631636134215797	0	0.17390685686720389	ASN:chr3:47793553-51831792
AMZ2	1	0	0.73780751898337948	1	0.98284332206363667	ASN:chr17:64800166-67858770
ANAPC10	1	1	0.4516832998228188	1	-1.2095509232347645	ASN:chr4:145025810-148834277
ANAPC5	1	1	1.1202549559386743	1	0.0089915862176927781	ASN:chr12:119859279-122015993
ANAPC7	1	0	0.39254277636012719	1	2.0613867750564188	ASN:chr12:109270450-113028429
ANKLE1	1	0	-0.75420871806858203	0	1.5291300726597858	ASN:chr19:16749208-20221313
ANKRA2	1	0	-1.4465869788557413	0	0.56943930364272	ASN:chr5:71419711-73759199
ANKRD49	1	0	0.017297269889471195	1	-0.99200750093976831	ASN:chr11:92731401-94987750
ANKRD54	1	0	-1.4682237995053222	0	1.942463194081921	ASN:chr22:37977990-40527060
ANKRD9	1	0	-0.32649026713172657	0	-0.035080771538319115	ASN:chr14:101357468-103390025
ANO8	1	0	-0.78666394904297532	0	1.5247258482516113	ASN:chr19:16749208-20221313
ANXA2	1	0	-0.46897275122198578	0	-0.45650277256795585	ASN:chr15:59909705-61292486
AP1M1	1	0	-0.33229071540142535	0	0.32485574531885536	ASN:chr19:15648148-16749208
AP2A1	1	0	-1.2033055538410464	0	-0.21897397898620602	ASN:chr19:49093112-51334271
APEH	1	0	-1.5659497320866953	0	0.36081655972350696	ASN:chr3:47793553-51831792
APLP2	1	0	-0.89728964172779524	0	0.81597821451308727	ASN:chr11:128188777-130049774
APOBEC3A	1	0	-1.3661257534278275	0	-0.62123216590176156	ASN:chr22:37977990-40527060
APOBEC3B	1	0	-1.3282530485928532	0	-0.27559557653176098	ASN:chr22:37977990-40527060
APOBEC3C	1	0	-1.3390738214028552	0	-0.46841867797890574	ASN:chr22:37977990-40527060
APOBEC3D	1	0	-1.3498945942128353	0	-0.45680749310232671	ASN:chr22:37977990-40527060
APOBEC3F	1	0	-1.3823569126428197	0	-0.45635042819670868	ASN:chr22:37977990-40527060
APOBEC3G	1	0	-1.3661257534278275	0	-0.43648303017195261	ASN:chr22:37977990-40527060
APOBEC3H	1	0	-1.3931776854528219	0	-0.44601559593564594	ASN:chr22:37977990-40527060
APOL1	1	0	-1.4207414436832624	0	1.8031914046200441	ASN:chr22:36453608-37977990
APOL2	1	0	-1.4095938567563402	0	1.8038895029561408	ASN:chr22:36453608-37977990
APOL3	1	0	-1.4318890306101848	0	1.8095061944128883	ASN:chr22:36453608-37977990
APOL4	1	0	-1.3872986829024956	0	1.808096667734336	ASN:chr22:36453608-37977990
APOL5	1	0	-1.4541842044640294	0	-1.0316302901770105	ASN:chr22:34860926-36453608
APOL6	1	0	-1.4653317913909516	0	-0.95626658274066212	ASN:chr22:34860926-36453608
APPL1	1	0	-0.21328820182862068	0	-0.2052149851916662	ASN:chr3:56847831-59704331
AQP10	1	0	-1.1813851716733261	0	0.80815165259944655	ASN:chr1:153397055-156616039
ARCN1	1	0	0.31109403212111575	1	-0.096033487981285776	ASN:chr11:117901740-118900987
ARF4	1	0	0.30599549376173779	1	-0.52148882695329823	ASN:chr3:56847831-59704331
ARHGAP24	1	0	-0.68943053362593798	0	-2.2582176724034038	ASN:chr4:84922154-87214993
ARHGAP30	1	0	-0.92730328326538281	0	-0.05060716384816176	ASN:chr1:159953315-162888864
ARHGAP31	1	0	-0.83049749933317341	0	-1.3633188707694524	ASN:chr3:118903462-120523073
ARHGAP32	1	0	-1.4711979166794056	0	-0.25242582781422201	ASN:chr11:128188777-130049774
ARHGAP8	1	1	1.6258415533872259	1	2.6453804142540016	ASN:chr22:44994946-46915049
ARHGEF19	1	0	0.83528998775815588	1	0.33848925428055371	ASN:chr1:14893157-17875820
ARHGEF2	1	0	-0.6114552353122451	0	-1.4070266172979866	ASN:chr1:153397055-156616039
ARIH2	1	0	-1.6308672807172866	0	-0.020386642022546652	ASN:chr3:47793553-51831792
ARL14	1	0	0.84672228621576995	1	-0.63259384928543427	ASN:chr3:159155377-161620009
ARL4C	1	0	1.4635653985152375	1	1.3441012045611116	ASN:chr2:234883167-236066960
ARL5B	1	0	1.4094733468912413	1	-0.057068423221359875	ASN:chr10:18537267-20311057
ARL5C	1	0	-0.045991470608668386	1	-1.1547501138856924	ASN:chr17:36495389-38649589
ARMC6	1	1	1.3658580840247503	1	0.72187326666100526	ASN:chr19:16749208-20221313
ARPC3	1	1	0.41417959700973006	1	2.1021268130337369	ASN:chr12:109270450-113028429
ARRDC2	1	0	-0.49456687027341378	0	1.386993999553501	ASN:chr19:16749208-20221313
ARSG	1	0	0.65117985483974516	1	0.92317777805919032	ASN:chr17:64800166-67858770
ART1	1	0	0.067990466616150408	1	-0.48240527824989182	ASN:chr11:2739889-4466102
ART5	1	0	0.078808876940940839	1	-0.42984886292797958	ASN:chr11:2739889-4466102
ASB14	1	0	-0.20246979150383024	0	-0.2653435773158857	ASN:chr3:56847831-59704331
ASB2	1	1	0.83604858613665189	1	1.1724445555849425	ASN:chr14:94325285-95947052
ASB6	1	0	-0.25656184312782637	0	2.5750725658831857	ASN:chr9:132047808-133641809
ASCL2	1	0	0.20862980083853597	1	-0.81349122876195512	ASN:chr11:70855-2739889
ASH1L	1	0	-1.1594647895055838	0	0.57817869214834161	ASN:chr1:153397055-156616039
ASL	1	0	-1.2843108239837528	0	0.21208946320167929	ASN:chr7:63624322-67371495
ATF4	1	0	-1.4148192310728041	0	-1.0332676928653155	ASN:chr22:37977990-40527060
ATF6	1	0	-1.2734924136589405	0	-0.65931530119547821	ASN:chr1:159953315-162888864
ATF6B	1	1	1.7123841110152358	1	3.7684056854726791	ASN:chr6:31571894-32682590
ATG16L1	1	0	1.6907520153360125	1	0.46811231689817684	ASN:chr2:233550713-234883167
ATG7	1	0	-1.417055626589645	0	-0.16582922386474616	ASN:chr3:11019488-12860229
ATP13A1	1	1	1.2684019618631506	1	0.22896803976615965	ASN:chr19:16749208-20221313
ATP13A2	1	0	0.85721036992587618	1	0.62907643938230706	ASN:chr1:14893157-17875820
ATP6V1E1	1	0	0.079036802971352876	1	-0.53807432183645765	ASN:chr22:17581547-18557031
ATP6V1F	1	0	0.71687301249585444	1	0.44965768982137388	ASN:chr7:126869221-129589868
ATP6V1G1	1	0	0.99828491945847886	1	1.1757262846084879	ASN:chr9:116400502-119530000
ATP8B1	1	0	0.34208138898415102	1	0.71211027016729733	ASN:chr18:54958664-57377707
ATP8B2	1	0	-1.1704249805894549	0	0.81062786713056334	ASN:chr1:153397055-156616039
ATXN2	1	1	0.59809257253129933	1	2.2036843598732947	ASN:chr12:109270450-113028429
B3GALT4	1	1	1.2795531986155029	1	2.8375969129437872	ASN:chr6:33209310-35757007
B3GNT3	1	0	-0.58111415287180324	0	1.3605426387613062	ASN:chr19:16749208-20221313
B4GALNT3	1	0	-1.1375444073378633	0	-0.18730197147599606	ASN:chr12:61107-1739022
B4GALT3	1	0	-0.94894010391496364	0	0.08362877469366925	ASN:chr1:159953315-162888864
B4GALT4	1	0	-0.76557286247320466	0	-1.429163368206197	ASN:chr3:118903462-120523073
BABAM1	1	0	-0.70011666644458592	0	1.531786909690517	ASN:chr19:16749208-20221313
BAG5	1	0	-0.22784854737693	0	0.40632796156588347	ASN:chr14:103390025-105001894
BAK1	1	1	1.1497039248955874	1	2.7555249873849554	ASN:chr6:33209310-35757007
BANK1	1	1	-1.7394424153726038	0	-0.116741854251042	ASN:chr4:101711689-102707193
BARHL1	1	1	1.3832995419514946	1	-1.3615824961365419	ASN:chr9:134722557-136612240
BARX2	1	0	-0.75651968749440046	0	-0.46092538882985173	ASN:chr11:128188777-130049774
BASP1	1	0	-1.7170472369756999	0	1.684634319491761	ASN:chr5:13611631-17400372
BAX	1	1	0.47360368199053915	1	0.66546945527285306	ASN:chr19:49093112-51334271
BCAM	1	0	-1.414131747881326	0	0.73260290765468927	ASN:chr19:43862455-45579043
BCAT2	1	1	0.369481866693807	1	0.28301779208645261	ASN:chr19:49093112-51334271
BCL2L12	1	1	1.0764141916032117	1	0.67164891700357543	ASN:chr19:49093112-51334271
BCL2L13	1	0	0.057116420803610526	1	-0.53506228157283597	ASN:chr22:17581547-18557031
BCL3	1	0	-1.4465869788557413	0	0.82771605369471957	ASN:chr19:43862455-45579043
BCL6	1	0	-0.3125529087582416	0	1.1085272598033908	ASN:chr3:186230742-188951597
BCL7A	1	0	0.38592215331961371	1	0.43678503794647783	ASN:chr12:122015993-124721969
BCL9L	1	0	0.41389137381605889	1	0.17098091367185983	ASN:chr11:117901740-118900987
BDH2	1	0	-1.6312346872726706	0	0.078119810086107924	ASN:chr4:102707193-105305539
BID	1	0	-0.03056510786731486	1	-0.51991678319185142	ASN:chr22:17581547-18557031
BLOC1S2	1	0	1.2323842449238029	1	0.19667045418693843	ASN:chr10:100365649-102471756
BLOC1S3	1	0	-1.2302187723597569	0	0.79546729073051792	ASN:chr19:45579043-47334409
BNIP2	1	0	-0.39225141363490962	0	0.15915248205182062	ASN:chr15:59909705-61292486
BPNT1	1	1	0.47909005895851664	1	-1.0842398015943797	ASN:chr1:220125116-221151629
BPTF	1	0	0.66200831285768846	1	0.59513615258288122	ASN:chr17:64800166-67858770
BRAP	1	1	0.66300303448010789	1	2.1794397725408956	ASN:chr12:109270450-113028429
BRD2	1	1	1.4094024723354184	1	2.9448506156490639	ASN:chr6:32682590-33209310
BRD3	1	1	1.4052199241192149	1	-1.1519470661782858	ASN:chr9:136612240-138198537
BRD4	1	0	-0.48374845994860133	0	-0.28787919717345978	ASN:chr19:12500149-15648148
BSN	1	0	-1.6633260550325932	0	0.3431447130834373	ASN:chr3:47793553-51831792
BSPRY	1	0	0.92025181097002284	1	0.80378275060499982	ASN:chr9:112864469-116400502
BST2	1	0	-0.67847984579498299	0	1.5380286041763349	ASN:chr19:16749208-20221313
BTBD7	1	0	0.27346054196888153	1	0.81904606626072396	ASN:chr14:92916399-94325285
BTF3	1	0	-1.4249501582061384	0	0.36653627344241979	ASN:chr5:71419711-73759199
BTN1A1	1	1	0.12199453007757989	1	0.36638946502483094	ASN:chr6:26141757-26697553
BTN2A1	1	1	0.089537527529431254	1	0.35277026287596081	ASN:chr6:26141757-26697553
BTN2A2	1	1	0.067899525830658169	1	0.4031991125908575	ASN:chr6:26141757-26697553
BTN3A1	1	1	0.078718526680055717	1	0.36404160150956044	ASN:chr6:26141757-26697553
BTN3A2	1	1	-0.12694407077516551	0	0.45482756614248693	ASN:chr6:26141757-26697553
BTN3A3	1	1	0.11117552922818234	1	0.35218597387647105	ASN:chr6:26141757-26697553
BTNL2	1	1	1.5825348372953203	1	3.178842947771606	ASN:chr6:31571894-32682590
C11orf54	1	0	-0.13319515362394674	0	-1.6015497846635478	ASN:chr11:92731401-94987750
C12orf43	1	0	1.2408170578612132	1	0.24379033097631844	ASN:chr12:119859279-122015993
C16orf74	1	0	-0.94952600024308675	0	0.75031200710386792	ASN:chr16:85374253-86981136
C17orf58	1	0	0.77029289303723136	1	0.62941109499447634	ASN:chr17:64800166-67858770
C17orf98	1	0	-0.58161972470332257	0	-0.60763699531199267	ASN:chr17:36495389-38649589
C19orf44	1	0	-0.22410661215343311	0	0.32210743830957461	ASN:chr19:15648148-16749208
C1QA	1	0	-0.27168931171239269	0	1.036785774997649	ASN:chr1:22145806-23916165
C1QB	1	0	-0.26072912062852149	0	1.0377260996919806	ASN:chr1:22145806-23916165
C1QC	1	0	-0.24976892954465033	0	1.0379613242730925	ASN:chr1:22145806-23916165
C1QTNF5	1	0	0.47340562427101562	1	0.87918861897466138	ASN:chr11:118900987-120771784
C1QTNF6	1	0	-1.6196815440525201	0	1.8858886067931386	ASN:chr22:36453608-37977990
C1orf115	1	1	0.42499800733452048	1	-0.78664519491154594	ASN:chr1:220125116-221151629
C1orf141	1	0	1.0414961967956542	1	-0.27060841444183836	ASN:chr1:66774011-68477862
C1orf226	1	0	-1.2518555930093376	0	-0.83605924000859366	ASN:chr1:159953315-162888864
C1orf43	1	0	-1.2142657449249177	0	0.74631616083707708	ASN:chr1:153397055-156616039
C2	1	1	1.1390130887712606	1	1.1169406198783365	ASN:chr6:31571894-32682590
C22orf15	1	0	1.6792247012158843	1	-0.53712262504051866	ASN:chr22:23398337-25209349
C22orf23	1	0	-1.5114974408045279	0	1.9237880094067608	ASN:chr22:37977990-40527060
C22orf39	1	0	0.14479794947455793	1	-0.51834602326352108	ASN:chr22:18557031-19912242
C2CD2L	1	0	0.17583437199621019	1	0.85985574660849906	ASN:chr11:118900987-120771784
C2orf16	1	1	0.23969845015746016	1	-0.37403406760571273	ASN:chr2:26209579-29456860
C4A	1	0	1.0416473958480807	1	1.397486741851566	ASN:chr6:31571894-32682590
C4B	1	1	0.99837375454887511	1	2.3163953535505648	ASN:chr6:31571894-32682590
C4orf17	1	0	0.65218462415529543	1	2.1975012691360312	ASN:chr4:99040831-101711689
C4orf36	1	1	0.55475456405277768	1	-1.654757426648334	ASN:chr4:87214993-89236855
C5orf22	1	0	-1.2581065092603803	0	-0.019150932025303279	ASN:chr5:31391126-33500818
C6orf62	1	1	0.69280750366787458	1	-0.2206615535790285	ASN:chr6:24397129-26141757
C9orf43	1	0	1.0986132018007575	1	0.79433762688531107	ASN:chr9:112864469-116400502
C9orf50	1	0	-0.22410661215343311	0	2.582707204731379	ASN:chr9:132047808-133641809
C9orf78	1	0	-0.29983548442703212	0	2.5675851348046645	ASN:chr9:132047808-133641809
CA11	1	1	0.14479794947455793	1	0.26562797383806491	ASN:chr19:49093112-51334271
CABIN1	1	0	1.3723393508676234	1	0.32297506094056733	ASN:chr22:23398337-25209349
CABP1	1	0	1.1640957202741591	1	0.088175574591423708	ASN:chr12:119859279-122015993
CABP5	1	1	0.276320242480946	1	-0.11149134931189014	ASN:chr19:47334409-49093112
CACNA1I	1	0	-1.6095931416526663	0	-1.1246583333464422	ASN:chr22:37977990-40527060
CACNB1	1	0	-0.045991470608668386	1	-1.1484891170228451	ASN:chr17:36495389-38649589
CACNB2	1	0	1.3986549365664509	1	0.10707226006897136	ASN:chr10:16679279-18537267
CACNG1	1	0	0.49958144258836312	1	0.81559527305548241	ASN:chr17:64800166-67858770
CACNG2	1	0	-1.3984462698294178	0	1.8429653923561502	ASN:chr22:36453608-37977990
CACNG4	1	0	0.14224232799586056	1	0.75724230419180505	ASN:chr17:64800166-67858770
CACNG5	1	0	-0.020184542273464778	1	0.71299500192026866	ASN:chr17:64800166-67858770
CACNG6	1	0	-1.5006790304797375	0	-1.5108274438518148	ASN:chr19:52985347-54734184
CACNG7	1	0	-1.4357685685309289	0	-1.7894104325285818	ASN:chr19:52985347-54734184
CACNG8	1	0	-1.4898606201549249	0	-1.7411694059245515	ASN:chr19:52985347-54734184
CAD	1	1	0.43461069448063738	1	-0.17000592570658779	ASN:chr2:26209579-29456860
CADM3	1	0	-1.1761267207357606	0	0.41768500514915091	ASN:chr1:157982579-159953315
CALR3	1	0	-0.24574343280303595	0	0.32037291947438806	ASN:chr19:15648148-16749208
CALU	1	0	0.76015610373584086	1	1.6863388167593323	ASN:chr7:126869221-129589868
CAMKK2	1	1	1.098334573770954	1	0.11245831238331426	ASN:chr12:119859279-122015993
CAND2	1	0	-0.90811809974576052	0	0.57752982169901568	ASN:chr3:11019488-12860229
CARD10	1	0	-1.5331342614541308	0	1.9460982782985985	ASN:chr22:36453608-37977990
CARD8	1	1	0.12287756730681557	1	-0.12088925708181258	ASN:chr19:47334409-49093112
CASC3	1	0	-0.31110040445348941	0	-0.33079470348634188	ASN:chr17:36495389-38649589
CASP14	1	0	-0.25656184312782637	0	-0.27930476096542556	ASN:chr19:12500149-15648148
CASP9	1	0	0.57224540174535765	1	0.45315363513632806	ASN:chr1:14893157-17875820
CBL	1	0	0.15419282637620593	1	0.83450262383183915	ASN:chr11:118900987-120771784
CBLC	1	0	-1.4357685685309289	0	0.80910345563995056	ASN:chr19:43862455-45579043
CBX6	1	0	-1.4635127087177586	0	-0.59300718808038899	ASN:chr22:37977990-40527060
CBX7	1	0	-1.3174322757828509	0	-0.45482756614248693	ASN:chr22:37977990-40527060
CBY1	1	0	-1.5608996640077117	0	-0.78216384180063758	ASN:chr22:37977990-40527060
CCAR1	1	0	1.095739447472077	1	-0.21630325870431091	ASN:chr10:68757629-71054709
CCDC105	1	0	-0.14837773987983413	0	-0.29102843431347597	ASN:chr19:12500149-15648148
CCDC113	1	0	-0.79748235936778766	0	-0.37801199030941596	ASN:chr16:56907578-58867358
CCDC121	1	1	0.2072130761035863	1	-0.46995114377206665	ASN:chr2:26209579-29456860
CCDC124	1	0	-0.5053852805982042	0	1.3816261255176323	ASN:chr19:16749208-20221313
CCDC136	1	0	0.73851455811583666	1	1.3898732812905226	ASN:chr7:126869221-129589868
CCDC153	1	0	0.37060828257607242	1	0.86224226380666769	ASN:chr11:118900987-120771784
CCDC63	1	1	0.57645575188171849	1	2.2211363073934507	ASN:chr12:109270450-113028429
CCDC71	1	0	-1.6741456464710287	0	0.26150631395543034	ASN:chr3:47793553-51831792
CCDC77	1	0	-1.1265842162539923	0	0.55801431203293972	ASN:chr12:61107-1739022
CCNG2	1	0	-0.88402964196617717	0	0.85608707619135593	ASN:chr4:77718852-78969420
CCNI	1	0	-0.92730328326538281	0	0.93714174309588116	ASN:chr4:77718852-78969420
CCR7	1	0	-0.48423276941339144	0	1.2141281417268324	ASN:chr17:38649589-39900528
CD1A	1	0	-1.2734924136589405	0	0.69855491128068559	ASN:chr1:157982579-159953315
CD1B	1	0	-1.1977635413853416	0	0.69697891186619287	ASN:chr1:157982579-159953315
CD1C	1	0	-1.186945131060551	0	0.69995725760174232	ASN:chr1:157982579-159953315
CD1D	1	0	-1.3059476446333338	0	0.75962155252323083	ASN:chr1:157982579-159953315
CD1E	1	0	-1.0679426174877684	0	0.75140386306868778	ASN:chr1:157982579-159953315
CD244	1	0	-0.8732112316413867	0	0.47609210363940652	ASN:chr1:159953315-162888864
CD37	1	1	1.1860161024418794	1	0.020112037177114576	ASN:chr19:49093112-51334271
CD3D	1	0	0.11090973513624143	1	-1.2207528056751142	ASN:chr11:117901740-118900987
CD3E	1	0	0.089268189516259172	1	-1.2553141742521114	ASN:chr11:117901740-118900987
CD3G	1	0	0.1000889623262393	1	-0.4514809729255595	ASN:chr11:117901740-118900987
CD48	1	0	-0.82993759034218095	0	0.40081787584681944	ASN:chr1:159953315-162888864
CD5L	1	0	-1.2572647981717548	0	0.36374825988587045	ASN:chr1:156616039-157982579
CD80	1	0	-0.79803518090318903	0	-1.3256979732278185	ASN:chr3:118903462-120523073
CD81	1	0	0.2627218524625321	1	-0.79584407097099685	ASN:chr11:70855-2739889
CDA	1	0	0.87913075209361857	1	1.1466328196395215	ASN:chr1:20304720-22145806
CDC42	1	0	0.98873266293228634	1	1.1564898902648304	ASN:chr1:22145806-23916165
CDC42BPB	1	0	-0.40321160471878076	0	-0.36374825988587056	ASN:chr14:103390025-105001894
CDC42EP1	1	0	-1.414131747881326	0	1.9609018715333102	ASN:chr22:36453608-37977990
CDC6	1	0	-0.36520426850345605	0	0.099205877484808219	ASN:chr17:36495389-38649589
CDH6	1	0	-1.2690667003442515	0	0.13182089572830619	ASN:chr5:29594524-31391126
CDHR4	1	0	-1.7390631951016198	0	0.46642811508432264	ASN:chr3:47793553-51831792
CDKN1C	1	0	0.28435867311213497	1	-0.83820290119675378	ASN:chr11:2739889-4466102
CDON	1	0	-0.60049504422839595	0	0.12988253190527937	ASN:chr11:124496119-126773879
CEACAM16	1	0	-1.4682237995053222	0	0.85569108135292349	ASN:chr19:43862455-45579043
CEACAM19	1	0	-1.4790422098301346	0	0.83683830820190097	ASN:chr19:43862455-45579043
CEACAM20	1	0	-1.5655894924285241	0	0.63595105496184889	ASN:chr19:43862455-45579043
CECR2	1	0	0.1119173762229444	1	-0.6443756462775484	ASN:chr22:17581547-18557031
CECR3	1	0	0.16671833164227826	1	-0.61284611716845294	ASN:chr22:17581547-18557031
CEL	1	1	1.4161801152030862	1	-1.2081257283289593	ASN:chr9:134722557-136612240
CELA2A	1	0	0.53936482849374412	1	0.44298503265524602	ASN:chr1:14893157-17875820
CELA2B	1	0	0.56128521066148651	1	0.45589345860661962	ASN:chr1:14893157-17875820
CELA3A	1	0	0.99969285401615748	1	1.2018838220342603	ASN:chr1:22145806-23916165
CELA3B	1	0	0.97777247184841509	1	1.2222000566295574	ASN:chr1:22145806-23916165
CENPA	1	1	0.3154976562831292	1	0.22868620835847445	ASN:chr2:26209579-29456860
CENPE	1	0	-1.6420554600826507	0	0.29246085857777998	ASN:chr4:102707193-105305539
CEP55	1	0	-0.68929825611979545	0	-0.78328270482040585	ASN:chr10:92107336-95362627
CFB	1	0	1.1173762681216577	1	1.0656482163869412	ASN:chr6:31571894-32682590
CGB1	1	1	0.59416578391307806	1	0.41289660872990336	ASN:chr19:49093112-51334271
CGB2	1	1	0.57224540174535765	1	0.43497358762640631	ASN:chr19:49093112-51334271
CGB5	1	1	0.61608616608082034	1	0.42443495762070133	ASN:chr19:49093112-51334271
CGB7	1	1	0.64896673933241189	1	0.42638853593295833	ASN:chr19:49093112-51334271
CGB8	1	1	0.63800654824854075	1	0.43045118350991435	ASN:chr19:49093112-51334271
CGREF1	1	1	0.53206681664223698	1	0.044835067611363577	ASN:chr2:26209579-29456860
CHCHD10	1	0	1.668264510132013	1	-0.53585445211481542	ASN:chr22:23398337-25209349
CHD9	1	0	0.60786602276790602	1	-1.4752609981331957	ASN:chr16:51214363-54450244
CHEK1	1	0	-0.45801256013811464	0	0.88740091933596776	ASN:chr11:124496119-126773879
CHERP	1	0	-0.21328820182862068	0	0.32152915794023035	ASN:chr19:15648148-16749208
CHGA	1	0	-0.25841061866845916	0	0.62690289184011383	ASN:chr14:92916399-94325285
CHMP4C	1	0	-1.4033133375565356	0	0.13680755284781454	ASN:chr8:82016264-83727741
CHRNA10	1	0	0.057172056291359991	1	-0.53221324102427459	ASN:chr11:2739889-4466102
CHRNB2	1	0	-1.0169823054153244	0	0.88841893529934723	ASN:chr1:153397055-156616039
CHRND	1	0	1.4094733468912413	1	0.49648689518593303	ASN:chr2:232191250-233550713
CHRNG	1	0	1.4202917572160538	1	0.50083945111050698	ASN:chr2:232191250-233550713
CHUK	1	0	1.2769745926314702	1	0.12490038996972268	ASN:chr10:100365649-102471756
CIB3	1	0	-0.35392753605100624	0	0.30552393773530395	ASN:chr19:15648148-16749208
CIB4	1	1	0.10975695394198669	1	0.086521986834222075	ASN:chr2:26209579-29456860
CIITA	1	0	-1.1875830020629354	0	1.3837684916261941	ASN:chr16:10868121-12612116
CILP2	1	1	1.2142596717733902	1	0.17739206700485438	ASN:chr19:16749208-20221313
CINP	1	0	-0.31553007604785538	0	-0.10030954975897999	ASN:chr14:101357468-103390025
CISD2	1	0	-1.7069800969426194	0	-0.15012229929879961	ASN:chr4:102707193-105305539
CKB	1	0	-0.1840077830414453	0	0.4259375659838362	ASN:chr14:103390025-105001894
CKM	1	0	-1.2410371826845472	0	0.81120000725669106	ASN:chr19:45579043-47334409
CKS1B	1	1	-0.72105714615091276	0	0.60862793431294526	ASN:chr1:153397055-156616039
CLASRP	1	0	-1.3167660549581461	0	0.569277874623066	ASN:chr19:43862455-45579043
CLCNKA	1	0	0.78048903233882205	1	0.35935187333492391	ASN:chr1:14893157-17875820
CLCNKB	1	0	0.82432979667428474	1	0.30135542228591794	ASN:chr1:14893157-17875820
CLDN23	1	0	-0.16208740087372495	0	0.24959247417396044	ASN:chr8:7153079-9099581
CLK2	1	0	-1.0279424964991957	0	0.59792426093118878	ASN:chr1:153397055-156616039
CLMN	1	1	0.66294457254657713	1	1.2277231021702755	ASN:chr14:94325285-95947052
CLPTM1	1	0	-1.3600396962573298	0	0.67733603720846181	ASN:chr19:43862455-45579043
CLTCL1	1	0	0.035196038635890187	1	-0.53617141448249794	ASN:chr22:18557031-19912242
CMAS	1	0	1.3553812952672453	1	0.27474015094187088	ASN:chr12:21757656-24562053
CNGB1	1	0	-0.80830076969257814	0	-0.35277026287596081	ASN:chr16:56907578-58867358
CNNM1	1	0	1.1543511364353469	1	0.37079717051113753	ASN:chr10:100365649-102471756
CNOT1	1	0	-0.77584553871818485	0	-0.53047428644024297	ASN:chr16:56907578-58867358
CNOT3	1	0	-1.5655894924285241	0	-1.432985457086301	ASN:chr19:52985347-54734184
CNOT6L	1	0	-0.91648487294057046	0	1.2067029831285054	ASN:chr4:77718852-78969420
COL11A2	1	1	1.3552986082854517	1	2.8960641573833237	ASN:chr6:32682590-33209310
COL13A1	1	0	0.85773442032648961	1	-0.78945407848246307	ASN:chr10:71054709-72673145
COL27A1	1	0	0.96484215867771195	1	1.2132679763233847	ASN:chr9:116400502-119530000
COMP	1	1	1.4741426642042932	1	0.53632991586658929	ASN:chr19:16749208-20221313
COPE	1	1	1.430828832132476	1	0.59398945252148616	ASN:chr19:16749208-20221313
COQ5	1	0	1.0873743826870828	1	-0.39561681198010357	ASN:chr12:119859279-122015993
COX15	1	0	1.343860114193004	1	0.29762258147346132	ASN:chr10:100365649-102471756
COX17	1	0	-0.7006482256132579	0	-1.4051820805663597	ASN:chr3:118903462-120523073
COX6A1	1	0	1.0654540005193405	1	-0.46107805325779128	ASN:chr12:119859279-122015993
COX7A2L	1	0	-1.1546475701492844	0	2.2798304936292912	ASN:chr2:42336744-44322128
COX8C	1	0	0.29509854366765459	1	0.76862845181972883	ASN:chr14:92916399-94325285
CPEB3	1	0	-0.5919325631965936	0	0.35262417934285023	ASN:chr10:92107336-95362627
CPLX4	1	0	0.32016100681640869	1	-0.56911646043704844	ASN:chr18:54958664-57377707
CPN1	1	0	1.3661552880468484	1	-0.11660364246324346	ASN:chr10:100365649-102471756
CPT1C	1	1	1.0654540005193405	1	-0.37668535445036538	ASN:chr19:49093112-51334271
CRAT	1	0	0.14371933888974942	1	0.58990044881526171	ASN:chr9:130597604-132047808
CRCP	1	0	-1.3816765169069327	0	-0.049370150688279074	ASN:chr7:63624322-67371495
CRLF1	1	1	1.3875150000606589	1	1.1019534082436087	ASN:chr19:16749208-20221313
CROCC	1	0	0.84625017884202702	1	0.62656876288251528	ASN:chr1:14893157-17875820
CROCCP2	1	0	0.87365065655168295	1	0.46841867797890574	ASN:chr1:14893157-17875820
CRTC1	1	1	1.4091719160965674	1	0.54474992881711093	ASN:chr19:16749208-20221313
CRX	1	1	0.33112119790027988	1	-0.37874929765276594	ASN:chr19:47334409-49093112
CRYBB2	1	0	1.6134635547126792	1	0.84132784857052201	ASN:chr22:25209349-26524344
CRYBB3	1	0	1.6353839368804215	1	0.82829626382387167	ASN:chr22:25209349-26524344
CSF2RB	1	0	-1.3315607482679062	0	1.8883321034161813	ASN:chr22:36453608-37977990
CSF3	1	0	-0.25699654040352282	0	-0.33195487966981485	ASN:chr17:36495389-38649589
CSNK2A2	1	0	-0.78666394904297532	0	-0.43859792264827779	ASN:chr16:56907578-58867358
CTBS	1	0	-1.7278656473005125	0	1.315520123328799	ASN:chr1:83991644-86012417
CTDSPL	1	0	-1.1220346691117644	0	-0.45878921242110965	ASN:chr3:35283408-38353505
CTRC	1	0	0.55032501957761537	1	0.42383418268746292	ASN:chr1:14893157-17875820
CUBN	1	0	1.377018115916848	1	-0.83781285830078955	ASN:chr10:16679279-18537267
CUTA	1	1	1.1821662433255717	1	2.7743498659147079	ASN:chr6:33209310-35757007
CUTC	1	0	1.3773028749737708	1	0.25143392467982389	ASN:chr10:100365649-102471756
CUX2	1	1	0.53318211058251275	1	2.2179126530745732	ASN:chr12:109270450-113028429
CWC15	1	0	-0.038440664745140268	1	-0.91188523526993803	ASN:chr11:92731401-94987750
CWC25	1	0	-0.57079895189332042	0	-0.60203288862447568	ASN:chr17:36495389-38649589
CWF19L1	1	0	1.2546794187776475	1	0.1476238274992886	ASN:chr10:100365649-102471756
CXCL13	1	0	-0.93812169359017328	0	0.73116743353583935	ASN:chr4:77718852-78969420
CXCR5	1	0	0.44635369224602128	1	0.011737220059555162	ASN:chr11:117901740-118900987
CXXC4	1	0	-1.0248195599567338	0	0.59628363573602317	ASN:chr4:105305539-107501341
CYP21A2	1	1	0.98755534422408464	1	2.2529757331863292	ASN:chr6:31571894-32682590
CYP26A1	1	0	-0.62438779417098689	0	-0.78160477734736744	ASN:chr10:92107336-95362627
CYP26C1	1	0	-0.63520620449579934	0	-0.77732670042132157	ASN:chr10:92107336-95362627
CYP4F11	1	0	-0.47293004962381091	0	-0.29045563193066837	ASN:chr19:15648148-16749208
CYP4F12	1	0	-0.6460246148205897	0	-0.046346654908934706	ASN:chr19:15648148-16749208
CYP4F2	1	0	-0.51620369092299467	0	-0.21869277730336645	ASN:chr19:15648148-16749208
CYP4F22	1	0	-0.5919325631965936	0	-0.17976323869721428	ASN:chr19:12500149-15648148
CYP4F3	1	0	-0.63520620449579934	0	0.024505910790164554	ASN:chr19:15648148-16749208
CYP4F8	1	0	-0.62438779417098689	0	-0.048270646911901659	ASN:chr19:15648148-16749208
CYP7A1	1	0	0.077271579888134823	1	-0.16040382186504734	ASN:chr8:59047312-60470380
CYTH2	1	1	-0.03056510786731486	1	0.24647809683180624	ASN:chr19:47334409-49093112
CYTH4	1	0	-1.5764079027533144	0	1.9057606183298375	ASN:chr22:36453608-37977990
DAG1	1	0	-1.5334909577714106	0	0.22023960120020364	ASN:chr3:47793553-51831792
DALRD3	1	0	-1.5929987106827841	0	0.074953239370556882	ASN:chr3:47793553-51831792
DAP3	1	0	-0.69913676398319247	0	-0.2306594110236857	ASN:chr1:153397055-156616039
DAPP1	1	0	0.59809257253129933	1	2.2021306802912246	ASN:chr4:99040831-101711689
DAXX	1	1	1.2146285617555561	1	2.7942124494623797	ASN:chr6:33209310-35757007
DBH	1	1	1.7121052744674758	1	-0.95301888203314622	ASN:chr9:134722557-136612240
DBP	1	1	0.13383775839068673	1	0.26463267983940497	ASN:chr19:49093112-51334271
DCAF6	1	0	-1.7386840576253029	0	-0.72687001715752098	ASN:chr1:164954020-168175845
DCDC2	1	1	0.15575814055840709	1	-0.47547720291658158	ASN:chr6:23199920-24397129
DCLK3	1	0	-1.1977635413853416	0	0.31806172511504466	ASN:chr3:35283408-38353505
DCPS	1	0	-0.56761447097678241	0	-2.4443188082185801	ASN:chr11:124496119-126773879
DCST1	1	1	-0.80873867482186024	0	0.58223966792993587	ASN:chr1:153397055-156616039
DCST2	1	1	-0.79777848373798899	0	0.59267989375213115	ASN:chr1:153397055-156616039
DDA1	1	0	-0.78666394904297532	0	1.5247258482516113	ASN:chr19:16749208-20221313
DDI2	1	0	0.6051259749969492	1	0.59218907125952946	ASN:chr1:14893157-17875820
DDIT4L	1	0	0.72791349642889447	1	2.1779663339947679	ASN:chr4:99040831-101711689
DDOST	1	0	0.95585208968067281	1	1.0620221499467613	ASN:chr1:20304720-22145806
DDR1	1	1	1.041571804575542	1	1.3220707933673082	ASN:chr6:30458591-31054923
DDR2	1	0	-1.3059476446333338	0	-0.68512671291455851	ASN:chr1:159953315-162888864
DDT	1	0	1.4490606884546775	1	-0.40349692772338497	ASN:chr22:23398337-25209349
DDX17	1	0	-1.4797438679327508	0	-0.83956905680922866	ASN:chr22:37977990-40527060
DDX21	1	0	1.0416473958480807	1	-0.039339224369101922	ASN:chr10:68757629-71054709
DDX24	1	1	0.79277258273914974	1	1.1516805810393569	ASN:chr14:94325285-95947052
DDX25	1	0	-0.55665427989291116	0	0.41708593384746667	ASN:chr11:124496119-126773879
DDX31	1	1	1.3613791597837521	1	-1.3393736318960325	ASN:chr9:134722557-136612240
DDX49	1	1	1.4200003741145326	1	0.57396536689696354	ASN:chr19:16749208-20221313
DDX50	1	0	1.0524658061728713	1	-0.11605081755878317	ASN:chr10:68757629-71054709
DDX54	1	0	-0.88402964196617717	0	0.74142839189442422	ASN:chr12:113028429-114181109
DDX6	1	0	0.45717446505602344	1	-0.061743995833771735	ASN:chr11:117901740-118900987
DEDD	1	0	-0.97057692456456657	0	-0.0043241531608335668	ASN:chr1:159953315-162888864
DERL3	1	0	1.5586625992933454	1	-0.45026528448037784	ASN:chr22:23398337-25209349
DEXI	1	0	-1.1659414564429533	0	1.3902340025391771	ASN:chr16:10868121-12612116
DGCR6	1	0	0.046156229719739351	1	-0.56734188143112674	ASN:chr22:18557031-19912242
DGKD	1	0	1.6258415533872259	1	1.4073960995974124	ASN:chr2:233550713-234883167
DGKG	1	0	-0.26923907668642444	0	-0.42849421118931186	ASN:chr3:184112682-186230742
DHDH	1	1	0.46264349090668994	1	0.6661548042780242	ASN:chr19:49093112-51334271
DICER1	1	1	0.67376357339595272	1	1.274871087741912	ASN:chr14:94325285-95947052
DIO2	1	0	-1.4603694586614622	0	-0.56363715484343502	ASN:chr14:78561980-81000021
DIRAS3	1	0	1.0631377424156363	1	-0.65420585568849665	ASN:chr1:68477862-69687902
DIS3L2	1	0	1.1606499094208635	1	0.53870905717081696	ASN:chr2:232191250-233550713
DKKL1	1	1	1.2517772489450845	1	0.012149072261614774	ASN:chr19:49093112-51334271
DLEC1	1	0	-1.1544899000861577	0	0.16235085055902704	ASN:chr3:35283408-38353505
DLG5	1	0	-0.51281351555744847	0	-0.2261505400662	ASN:chr10:79466701-80464093
DMC1	1	0	-1.5230269591727374	0	-0.84250182358593761	ASN:chr22:37977990-40527060
DMP1	1	1	0.64130657084782605	1	-1.0339702855526065	ASN:chr4:87214993-89236855
DMPK	1	0	-0.98139533488935693	0	-0.51913124312196113	ASN:chr19:45579043-47334409
DMWD	1	0	-0.98139533488935693	0	-0.51913124312196113	ASN:chr19:45579043-47334409
DNA2	1	0	1.1173762681216577	1	-0.24562913720981794	ASN:chr10:68757629-71054709
DNAH12	1	0	0.25190344213774168	1	-0.34664118875773547	ASN:chr3:56847831-59704331
DNAJB14	1	0	0.60891098285611178	1	2.1990391743877242	ASN:chr4:99040831-101711689
DNAJC16	1	0	0.58320559282920692	1	0.44677387615421915	ASN:chr1:14893157-17875820
DNAJC5G	1	1	0.42378223646269408	1	-0.18339169724272777	ASN:chr2:26209579-29456860
DNAJC6	1	0	-0.77598254042098636	0	-1.0304624081746072	ASN:chr1:65041376-66774011
DNAL4	1	0	-1.5013854135527551	0	-0.57866550477275747	ASN:chr22:37977990-40527060
DNASE1L3	1	0	0.4358164176593109	1	-0.85430615474575311	ASN:chr3:56847831-59704331
DNASE2B	1	0	-1.6737735956765163	0	1.3090254225613238	ASN:chr1:83991644-86012417
DNMBP	1	0	1.1989414841430361	1	0.017366068716475218	ASN:chr10:100365649-102471756
DOLK	1	0	0.25190344213774168	1	0.51693343207518461	ASN:chr9:130597604-132047808
DOLPP1	1	0	0.067990466616150408	1	0.56251116546340019	ASN:chr9:130597604-132047808
DPAGT1	1	0	0.1866551448061903	1	0.87445053617496216	ASN:chr11:118900987-120771784
DPM3	1	1	-0.84161924807345168	0	0.57996434292643706	ASN:chr1:153397055-156616039
DPYSL5	1	1	0.26135536619336874	1	0.23094137026633407	ASN:chr2:26209579-29456860
DROSHA	1	0	-1.2800268914281228	0	-0.061193860381224423	ASN:chr5:31391126-33500818
DSPP	1	1	0.63048756999842848	1	-0.98574007403611363	ASN:chr4:87214993-89236855
DTX1	1	0	-0.86239282131657424	0	0.69732898424645429	ASN:chr12:113028429-114181109
DUSP10	1	1	0.57645575188171849	1	1.3207561219935715	ASN:chr1:221151629-223654495
DUSP12	1	0	-1.1977635413853416	0	-0.70663731308364552	ASN:chr1:159953315-162888864
DYNC2LI1	1	0	-1.0789145642036335	0	0.79829590269779094	ASN:chr2:42336744-44322128
DYNLL1	1	0	1.0435336183516202	1	-0.41214927902605009	ASN:chr12:119859279-122015993
ECE1	1	0	0.73664826800335925	1	1.0483686660535667	ASN:chr1:20304720-22145806
ECEL1	1	0	1.3878365262416386	1	0.45163298087059933	ASN:chr2:232191250-233550713
ECT2	1	0	-1.7217262907101203	0	0.076880625661840951	ASN:chr3:172048457-175051223
EFCAB6	1	1	1.5176574501392335	1	2.6190660830379433	ASN:chr22:42690818-44994946
EFHD2	1	0	0.52840463740987298	1	0.41813440700701887	ASN:chr1:14893157-17875820
EFNA1	1	1	-0.87449982132504323	0	0.57607075121265372	ASN:chr1:153397055-156616039
EFNA3	1	1	-0.67721638181545007	0	0.58061412894629982	ASN:chr1:153397055-156616039
EFNA4	1	1	-0.68817657289932133	0	0.58321573003638494	ASN:chr1:153397055-156616039
EGFL8	1	1	1.6745114061802615	1	3.4563001557183894	ASN:chr6:31571894-32682590
EGR2	1	0	0.78048903233882205	1	1.1834333188820323	ASN:chr10:64198067-66313715
EHD2	1	1	0.21055909597774097	1	-0.36991505566420313	ASN:chr19:47334409-49093112
EI24	1	0	-0.40321160471878076	0	1.0335018337420143	ASN:chr11:124496119-126773879
EIF3D	1	0	-1.3538559221217508	0	1.8574088238335815	ASN:chr22:36453608-37977990
EIF3L	1	0	-1.4790422098301346	0	1.9406552351387298	ASN:chr22:37977990-40527060
EIF4A2	1	0	-0.22592524461460728	0	0.24435602943024984	ASN:chr3:186230742-188951597
EIF4E	1	0	0.67382144480489825	1	2.1453144886659272	ASN:chr4:99040831-101711689
EIF4E2	1	0	1.4419285778656346	1	0.50863560512423345	ASN:chr2:232191250-233550713
EIF4G3	1	0	0.67088712150015428	1	0.90773222259351283	ASN:chr1:20304720-22145806
EIF5	1	0	-0.26072912062852149	0	-0.35905902864536882	ASN:chr14:103390025-105001894
ELFN2	1	0	-1.5655894924285241	0	1.9142675358068728	ASN:chr22:36453608-37977990
ELL	1	1	1.4310936328525707	1	1.0807869497658251	ASN:chr19:16749208-20221313
ELSPBP1	1	1	0.22151928706161214	1	-0.11826233170010335	ASN:chr19:47334409-49093112
EMCN	1	0	0.74955031707849729	1	2.15501056263001	ASN:chr4:101711689-102707193
EMILIN1	1	1	0.59703756474996272	1	0.13362124842742057	ASN:chr2:26209579-29456860
EML2	1	0	-1.0895794381373491	0	1.2164263193435194	ASN:chr19:45579043-47334409
EMP3	1	1	0.057116420803610526	1	0.2313643435654405	ASN:chr19:47334409-49093112
ENDOD1	1	0	-0.17221170786816375	0	-0.23842005764490068	ASN:chr11:92731401-94987750
ENDOG	1	0	0.3492691350609215	1	0.73152616072789856	ASN:chr9:130597604-132047808
ENTHD1	1	0	-1.6204139144626686	0	-0.8710351889304595	ASN:chr22:37977990-40527060
ENTPD7	1	0	1.2992697664853148	1	0.31560794096623174	ASN:chr10:100365649-102471756
EPHA2	1	0	0.75856865017107966	1	0.27816306648274708	ASN:chr1:14893157-17875820
EPHX3	1	0	-0.44047481864941762	0	-0.28116079199411803	ASN:chr19:12500149-15648148
EPM2AIP1	1	0	-1.1653083104109483	0	0.393984406331163	ASN:chr3:35283408-38353505
EPS15L1	1	0	-0.29983548442703212	0	0.32181828467256868	ASN:chr19:15648148-16749208
ERBB2	1	0	-0.18125113073357393	0	-0.41170099169480667	ASN:chr17:36495389-38649589
ERC1	1	0	-1.1923453627571974	0	-0.32095098507288949	ASN:chr12:61107-1739022
ERCC1	1	0	-1.1653083104109483	0	0.8537131161642848	ASN:chr19:45579043-47334409
ERCC2	1	0	-1.1977635413853416	0	0.84642349014019602	ASN:chr19:45579043-47334409
ERLIN1	1	0	1.2881221795583924	1	0.11701828451964259	ASN:chr10:100365649-102471756
ERP29	1	1	0.58727416220650885	1	2.0270083835432855	ASN:chr12:109270450-113028429
ETS1	1	0	-1.1680010921766855	0	-0.43467181811699085	ASN:chr11:128188777-130049774
EXOC3L2	1	0	-1.2734924136589405	0	0.76237219389984001	ASN:chr19:45579043-47334409
EXOC3L4	1	0	-0.29360969388011304	0	-0.42023273445040299	ASN:chr14:103390025-105001894
EXOC6	1	0	-0.7325718974189791	0	-0.66512689796969005	ASN:chr10:92107336-95362627
F11R	1	0	-1.0138505658637722	0	-0.1861844606174172	ASN:chr1:159953315-162888864
FABP4	1	0	-1.3167660549581461	0	0.89188709914634157	ASN:chr8:82016264-83727741
FABP5	1	0	-1.2734924136589405	0	1.1059931984389131	ASN:chr8:82016264-83727741
FAM107A	1	0	0.3492691350609215	1	-1.3387007038752796	ASN:chr3:56847831-59704331
FAM110B	1	0	0.0014723737624438011	1	0.22277190648975936	ASN:chr8:57212083-59047312
FAM118B	1	0	-0.57857466206065356	0	-2.4335707827689581	ASN:chr11:124496119-126773879
FAM131C	1	0	0.80240941450654235	1	0.30092449650626346	ASN:chr1:14893157-17875820
FAM163B	1	1	1.6573043190481418	1	-0.94183716718953792	ASN:chr9:134722557-136612240
FAM181A	1	1	0.91178159208232468	1	1.1751784506491711	ASN:chr14:94325285-95947052
FAM20A	1	0	0.67283677087565374	1	0.83976434981486625	ASN:chr17:64800166-67858770
FAM32A	1	0	-0.34310912572621577	0	0.32268582641435989	ASN:chr19:15648148-16749208
FAM3D	1	0	0.37090595571052437	1	-1.4299261158061192	ASN:chr3:56847831-59704331
FAM43B	1	0	0.29824062464868833	1	1.1490202151256577	ASN:chr1:20304720-22145806
FAM83E	1	1	0.068076611887481708	1	0.23573750694739015	ASN:chr19:49093112-51334271
FAM83F	1	0	-1.5122061863627352	0	-0.72633378435896856	ASN:chr22:37977990-40527060
FBLIM1	1	0	0.65992693041628303	1	0.49400394216388777	ASN:chr1:14893157-17875820
FBXO33	1	0	-1.5903109548769137	0	0.89045773461344147	ASN:chr14:35858508-40256601
FBXO42	1	0	0.70924779029368135	1	0.36345494955912772	ASN:chr1:14893157-17875820
FBXO46	1	0	-0.93812169359017328	0	-0.53680550089513701	ASN:chr19:45579043-47334409
FCER1A	1	0	-1.0030321555389599	0	0.39368771819437109	ASN:chr1:157982579-159953315
FCER1G	1	0	-1.0354873865133531	0	0.023132778449443597	ASN:chr1:159953315-162888864
FCGR2A	1	0	-1.1761267207357606	0	-0.71742706549611979	ASN:chr1:159953315-162888864
FCGR2B	1	0	-1.1436714897613454	0	-0.74758627132672606	ASN:chr1:159953315-162888864
FCGR3A	1	0	-1.1544899000861577	0	-0.75687664649375141	ASN:chr1:159953315-162888864
FCGR3B	1	0	-1.1220346691117644	0	-0.77472960689024906	ASN:chr1:159953315-162888864
FCGRT	1	1	1.1750559113580084	1	0.5783409477934196	ASN:chr19:49093112-51334271
FCHO1	1	0	-0.63520620449579934	0	1.350224005645966	ASN:chr19:16749208-20221313
FCHO2	1	0	-1.4033133375565356	0	-0.11618902045331111	ASN:chr5:71419711-73759199
FCRL1	1	0	-1.2843108239837528	0	0.34766179103784545	ASN:chr1:156616039-157982579
FCRL2	1	0	-1.2572647981717548	0	0.44722896759530228	ASN:chr1:156616039-157982579
FCRLA	1	0	-1.186945131060551	0	-0.7204489332730557	ASN:chr1:159953315-162888864
FCRLB	1	0	-1.2085819517101539	0	-0.70593266778595143	ASN:chr1:159953315-162888864
FDPS	1	0	-1.0937036430023788	0	0.57671907539838763	ASN:chr1:153397055-156616039
FECH	1	0	0.35304158006802222	1	0.69470551911211242	ASN:chr18:54958664-57377707
FETUB	1	0	-0.12846912245300768	0	0.36918017980216	ASN:chr3:186230742-188951597
FEZ1	1	0	-0.42513198688652309	0	1.0096758792778864	ASN:chr11:124496119-126773879
FGF21	1	1	0.32016100681640869	1	0.2815892441955084	ASN:chr19:49093112-51334271
FHAD1	1	0	0.50648425524215268	1	0.42563696747432822	ASN:chr1:14893157-17875820
FKBP8	1	1	1.4202746320031954	1	1.078083007471629	ASN:chr19:16749208-20221313
FKBPL	1	1	1.7015633382052338	1	3.6388835622139935	ASN:chr6:31571894-32682590
FLAD1	1	1	-0.73749743277671953	0	0.60252660621728105	ASN:chr1:153397055-156616039
FLI1	1	0	-1.3520848784818973	0	-0.31863936396437514	ASN:chr11:128188777-130049774
FLNB	1	0	0.32763231441131863	1	-0.75122182489103795	ASN:chr3:56847831-59704331
FLNC	1	0	0.72769378530585649	1	0.751585926149689	ASN:chr7:126869221-129589868
FLT3LG	1	1	1.2298568667773422	1	0.27901930327004987	ASN:chr19:49093112-51334271
FNBP1	1	0	-0.38638276702542151	0	2.5188353474990048	ASN:chr9:132047808-133641809
FNDC3B	1	0	-1.7328738776370427	0	0.037828082794290389	ASN:chr3:168270619-172048457
FNDC4	1	1	0.27218382421131204	1	-0.24350751101416362	ASN:chr2:26209579-29456860
FOSB	1	0	-1.1436714897613454	0	0.91730778309647565	ASN:chr19:45579043-47334409
FOSL2	1	1	0.03395774781631767	1	-1.59075447866507	ASN:chr2:26209579-29456860
FOXA3	1	0	-0.91648487294057046	0	-0.15845740105997241	ASN:chr19:45579043-47334409
FOXB1	1	0	-0.44705236905424345	0	-0.37270941064799251	ASN:chr15:59909705-61292486
FOXD1	1	0	-1.414131747881326	0	0.28859468110104686	ASN:chr5:71419711-73759199
FOXR1	1	0	0.25157978166615902	1	0.18115851699740906	ASN:chr11:117901740-118900987
FOXRED1	1	0	-0.49089313338972818	0	-2.472496424326287	ASN:chr11:124496119-126773879
FOXRED2	1	0	-1.3761510959755732	0	1.8551024422273299	ASN:chr22:36453608-37977990
FRA10AC1	1	0	-0.58111415287180324	0	-0.65046976141545176	ASN:chr10:95362627-97064851
FRAS1	1	0	-0.97057692456456657	0	1.2388830058435665	ASN:chr4:78969420-80322665
FSTL1	1	0	-0.65736513437327138	0	-0.085006405969506246	ASN:chr3:118903462-120523073
FUBP3	1	0	-0.45129322897420804	0	2.4873558291737257	ASN:chr9:132047808-133641809
FUT1	1	1	0.30920081573255953	1	0.28988292483125544	ASN:chr19:49093112-51334271
FUT2	1	1	0.23247947814548331	1	0.28087518586927579	ASN:chr19:49093112-51334271
FUT4	1	0	0.0061496829625489018	1	-0.992681323587429	ASN:chr11:92731401-94987750
FXYD2	1	0	-0.61408204313330694	0	-1.7654284507038953	ASN:chr11:116383543-117901740
FXYD6	1	0	-0.0081187657736939475	1	-1.7131104415859921	ASN:chr11:116383543-117901740
GAB4	1	0	0.22151928706161214	1	-0.76678526190813001	ASN:chr22:16050408-17581547
GABBR1	1	1	0.66288610423040839	1	-0.35964474884502529	ASN:chr6:28901402-29688046
GADD45A	1	0	1.0198546511756719	1	-0.54618356970334669	ASN:chr1:66774011-68477862
GALR3	1	0	-1.4303593633685336	0	1.9506786029673391	ASN:chr22:37977990-40527060
GATAD2A	1	1	1.1492889236656645	1	-0.074127302320111069	ASN:chr19:16749208-20221313
GATC	1	0	1.0325734272677489	1	-0.44162260706674861	ASN:chr12:119859279-122015993
GBGT1	1	1	1.4490606884546775	1	-1.1926078217989411	ASN:chr9:134722557-136612240
GCAT	1	0	-1.4519961840181366	0	1.947925506372493	ASN:chr22:37977990-40527060
GCNT3	1	0	-0.37033103146718926	0	0.17209538474474123	ASN:chr15:58828306-59909705
GDF1	1	1	1.4524857481683846	1	0.58012676646522698	ASN:chr19:16749208-20221313
GDF15	1	1	1.4743696362500951	1	1.0971793937027197	ASN:chr19:16749208-20221313
GEMIN7	1	0	-1.2626740033341501	0	0.53379550648650809	ASN:chr19:45579043-47334409
GFI1B	1	1	1.4929014527901403	1	-1.3067652734794613	ASN:chr9:134722557-136612240
GGA1	1	0	-1.3762673117445376	0	1.9618414865775577	ASN:chr22:37977990-40527060
GGT1	1	0	1.5696227903772164	1	0.50052824037859167	ASN:chr22:23398337-25209349
GGT5	1	0	1.4052199241192149	1	0.43905136891076968	ASN:chr22:23398337-25209349
GHSR	1	0	-1.6994311168562757	0	0.16708192738033892	ASN:chr3:172048457-175051223
GIGYF2	1	0	1.4743838088400278	1	0.54172702189280042	ASN:chr2:233550713-234883167
GINS2	1	0	-0.90624290900312232	0	0.8102465877573406	ASN:chr16:85374253-86981136
GINS3	1	0	-0.65684302514540216	0	0.010776239209634619	ASN:chr16:56907578-58867358
GIPR	1	0	-1.0679426174877684	0	0.026016409834181544	ASN:chr19:45579043-47334409
GJD3	1	0	-0.37602504131345821	0	0.15720644793948815	ASN:chr17:36495389-38649589
GMIP	1	1	1.2900588778990592	1	0.2563959355460198	ASN:chr19:16749208-20221313
GMNN	1	1	0.80240941450654235	1	-0.17808936631872968	ASN:chr6:24397129-26141757
GMPPB	1	0	-1.5551301406482598	0	0.42263309133387439	ASN:chr3:47793553-51831792
GNG12	1	0	0.96575078712570528	1	-0.56798697589499159	ASN:chr1:66774011-68477862
GNG5	1	0	-1.7386840576253029	0	1.314542380388436	ASN:chr1:83991644-86012417
GOLGA4	1	0	-1.1761267207357606	0	-0.99583180746016708	ASN:chr3:35283408-38353505
GOLT1B	1	0	1.2904708333184587	1	-0.36418828406773701	ASN:chr12:20523761-21757656
GON4L	1	0	-0.984101732163711	0	-0.28130360365599116	ASN:chr1:153397055-156616039
GOT1	1	0	1.1654987233622693	1	0.40602980499228486	ASN:chr10:100365649-102471756
GOT2	1	0	-0.66766143547019263	0	-0.42593756598383631	ASN:chr16:56907578-58867358
GPLD1	1	1	0.42976291765507646	1	-0.18981722859255151	ASN:chr6:24397129-26141757
GPN1	1	1	0.18555616006767772	1	-0.44753241334990568	ASN:chr2:26209579-29456860
GPN3	1	1	0.42499800733452048	1	2.1186708754141299	ASN:chr12:109270450-113028429
GPR107	1	0	-0.40801958767500235	0	2.5027856292283817	ASN:chr9:132047808-133641809
GPR156	1	0	-0.66818590718327353	0	-0.90421443267032975	ASN:chr3:118903462-120523073
GPR161	1	0	-1.6629551853517039	0	-1.1275050059471381	ASN:chr1:164954020-168175845
GPR4	1	0	-1.0787610278125588	0	1.2181541779499605	ASN:chr19:45579043-47334409
GPR83	1	0	-0.027293077818217975	1	-1.0055706986190234	ASN:chr11:92731401-94987750
GPSM3	1	1	1.6149971557252827	1	3.2509861093565684	ASN:chr6:31571894-32682590
GPX1	1	0	-1.5118517748945397	0	-0.015718551817138819	ASN:chr3:47793553-51831792
GPX5	1	1	0.46813345833861281	1	-0.4690315320939682	ASN:chr6:26697553-28901402
GPX6	1	1	0.45731386690017728	1	-0.44950581709944909	ASN:chr6:26697553-28901402
GRAP2	1	0	-1.5987723688426863	0	-0.89659646962878825	ASN:chr22:37977990-40527060
GRB7	1	0	-0.21371344916355831	0	-0.35627853523718067	ASN:chr17:36495389-38649589
GRIN2D	1	1	-0.063445681118928385	1	0.25895027940727222	ASN:chr19:47334409-49093112
GRM4	1	0	1.0739585152256386	1	2.7150535218374166	ASN:chr6:33209310-35757007
GRP	1	0	0.29824062464868833	1	-0.42263309133387428	ASN:chr18:54958664-57377707
GRWD1	1	1	-0.0086447256995945149	1	0.25256754851525209	ASN:chr19:47334409-49093112
GSC	1	1	0.68458257424535029	1	0.81578672883048953	ASN:chr14:94325285-95947052
GSC2	1	0	0.013275656468147835	1	-0.5793148016879871	ASN:chr22:18557031-19912242
GSDMA	1	0	-0.28945885883350719	0	-0.30969776892168993	ASN:chr17:36495389-38649589
GSDMB	1	0	-0.22453422197353842	0	-0.31445387712697936	ASN:chr17:36495389-38649589
GSK3B	1	0	-0.81967672652317125	0	-1.3830536641630085	ASN:chr3:118903462-120523073
GSTT1	1	0	1.4929014527901403	1	-0.38199590365836106	ASN:chr22:23398337-25209349
GSTT2	1	0	1.47098107062242	1	-0.40632796156588347	ASN:chr22:23398337-25209349
GTF2A1	1	0	-1.5469971228050965	0	-1.5234103314117269	ASN:chr14:81000021-83137833
GTF2A2	1	0	-0.3812912225510604	0	0.18897867690121919	ASN:chr15:59909705-61292486
GTF2H4	1	0	1.041571804575542	1	1.3711839051309489	ASN:chr6:30458591-31054923
GTF3C2	1	1	0.29384074024722062	1	-0.18464826245353594	ASN:chr2:26209579-29456860
GTF3C4	1	1	1.4271403062869572	1	-1.4166962923955086	ASN:chr9:134722557-136612240
GTF3C5	1	1	1.4600208795385488	1	-1.2613739447332104	ASN:chr9:134722557-136612240
GTPBP1	1	0	-1.5608996640077117	0	-0.58256496029027527	ASN:chr22:37977990-40527060
GTPBP3	1	0	-0.78666394904297532	0	1.5247258482516113	ASN:chr19:16749208-20221313
GUSB	1	0	-1.3384028756077491	0	0.22854529946735222	ASN:chr7:63624322-67371495
GUSBP11	1	0	1.6463441279642927	1	-0.52905269784584696	ASN:chr22:23398337-25209349
GYS1	1	1	0.4407231087389476	1	0.38746521895870939	ASN:chr19:49093112-51334271
GYS2	1	0	1.2796524229936461	1	-0.39013015348020125	ASN:chr12:21757656-24562053
H19	1	0	0.36008754538573395	1	-0.44480288057679973	ASN:chr11:70855-2739889
HAAO	1	0	-1.1330095684505332	0	2.3306847473025454	ASN:chr2:42336744-44322128
HAPLN4	1	1	1.3008873359170245	1	0.081700356926823772	ASN:chr19:16749208-20221313
HAX1	1	0	-1.1923453627571974	0	0.80549048969050907	ASN:chr1:153397055-156616039
HCG9	1	1	0.59809257253129933	1	0.8529228647809115	ASN:chr6:29688046-30458591
HCN3	1	0	-1.049862878666916	0	0.58500662227310485	ASN:chr1:153397055-156616039
HDHD3	1	0	0.93139939789694515	1	0.80511078923015633	ASN:chr9:112864469-116400502
HELZ	1	0	0.48875298457041982	1	0.78926662591865404	ASN:chr17:64800166-67858770
HEPHL1	1	0	-0.20565446864893064	0	-1.543878606523206	ASN:chr11:92731401-94987750
HFE	1	1	-0.20257549540384046	0	-0.069310325692861469	ASN:chr6:24397129-26141757
HHEX	1	0	-0.61356938384619641	0	-0.78814249233850264	ASN:chr10:92107336-95362627
HIF1AN	1	0	1.3327125272660816	1	0.27103562009270948	ASN:chr10:100365649-102471756
HIF3A	1	0	-0.84075600066697143	0	-0.75322561665277921	ASN:chr19:45579043-47334409
HINFP	1	0	0.29486287290612356	1	0.83294802707821491	ASN:chr11:118900987-120771784
HIRA	1	0	0.089996994055224058	1	-0.52306216053961341	ASN:chr22:18557031-19912242
HJURP	1	0	1.5933863224128326	1	1.4942738673477178	ASN:chr2:233550713-234883167
HK1	1	0	0.94428170292487901	1	-0.075641559282573434	ASN:chr10:68757629-71054709
HKDC1	1	0	0.99837375454887511	1	0.12517709317320069	ASN:chr10:68757629-71054709
HLA-A	1	1	0.61972939318090214	1	0.66564076321006671	ASN:chr6:29688046-30458591
HLA-DMA	1	1	1.4202232451454204	1	2.9555049165209946	ASN:chr6:32682590-33209310
HLA-DMB	1	1	1.4310440179554007	1	2.9665056576621929	ASN:chr6:32682590-33209310
HLA-DOA	1	1	1.3985816995254383	1	2.9345204614183125	ASN:chr6:32682590-33209310
HLA-DOB	1	1	1.4851478820053672	1	3.0276782716846324	ASN:chr6:32682590-33209310
HLA-DQA2	1	1	1.5067894276253715	1	3.0557017278182443	ASN:chr6:32682590-33209310
HLA-DRA	1	1	1.5717140644853183	1	3.1580706070237792	ASN:chr6:31571894-32682590
HLA-DRB5	1	1	1.5608932916753382	1	3.1385775789981065	ASN:chr6:31571894-32682590
HLA-F	1	1	0.69545826545450118	1	-0.86204319988601008	ASN:chr6:29688046-30458591
HLA-F-AS1	1	1	0.70627667577929154	1	-0.85906132859034379	ASN:chr6:29688046-30458591
HLA-G	1	1	0.717095086104104	1	0.19765023337218462	ASN:chr6:29688046-30458591
HLX	1	1	0.48990846928330706	1	-0.5103548991011041	ASN:chr1:220125116-221151629
HMBS	1	0	0.20829669042617255	1	0.88272983875114164	ASN:chr11:118900987-120771784
HMGA1	1	0	-1.3603774947564862	0	2.5904954192383096	ASN:chr6:33209310-35757007
HMGB1	1	0	-0.89484805229096753	0	1.0822651634924991	ASN:chr13:30625939-32301388
HMGN4	1	1	0.13281353092695544	1	0.34343592529254408	ASN:chr6:26141757-26697553
HMGXB4	1	0	-1.5322173129524634	0	-0.92023881700880705	ASN:chr22:34860926-36453608
HMOX1	1	0	-1.4987745521716964	0	-1.0483686660535667	ASN:chr22:34860926-36453608
HNF1A	1	0	1.2079364846096217	1	0.41439196072208301	ASN:chr12:119859279-122015993
HNF1A-AS1	1	0	1.2517772489450845	1	0.44404526564802704	ASN:chr12:119859279-122015993
HNRNPH3	1	0	1.1390130887712606	1	-0.22826349529509657	ASN:chr10:68757629-71054709
HOMER3	1	1	1.398343458078624	1	0.59300718808038899	ASN:chr19:16749208-20221313
HP1BP3	1	0	0.91201132534521012	1	1.0889465949487405	ASN:chr1:20304720-22145806
HPD	1	1	1.3065782043644183	1	0.33616427935636861	ASN:chr12:122015993-124721969
HPS1	1	0	-0.18083297085422739	0	0.40826686143967428	ASN:chr10:97064851-100365649
HRC	1	1	0.83528998775815588	1	0.3836207156728389	ASN:chr19:49093112-51334271
HRH1	1	0	-1.3629133364998627	0	-0.34649541792755045	ASN:chr3:11019488-12860229
HSD17B11	1	1	0.5331165623540266	1	-0.98551695337182366	ASN:chr4:87214993-89236855
HSD17B14	1	1	0.39688234440348491	1	0.39250131180402009	ASN:chr19:49093112-51334271
HSD17B8	1	1	1.3228362898554673	1	2.8740401874257948	ASN:chr6:32682590-33209310
HSH2D	1	0	-0.39720117735021193	0	0.30696258503480767	ASN:chr19:15648148-16749208
HSPA6	1	0	-1.1653083104109483	0	-0.7274064590458742	ASN:chr1:159953315-162888864
HSPB7	1	0	0.79144922342269319	1	0.38317748485506137	ASN:chr1:14893157-17875820
HSPG2	1	0	0.9339317075129524	1	1.304833302127274	ASN:chr1:22145806-23916165
HSPH1	1	0	-0.74339030774379156	0	0.99741076177245647	ASN:chr13:30625939-32301388
HVCN1	1	1	0.56563734155690604	1	2.1929184799676915	ASN:chr12:109270450-113028429
HYLS1	1	0	-0.54569408880906201	0	0.75870594879093511	ASN:chr11:124496119-126773879
HYOU1	1	0	0.22993823604615479	1	0.9284458550994944	ASN:chr11:118900987-120771784
IAPP	1	0	1.2471971920192528	1	-0.28416104625426275	ASN:chr12:20523761-21757656
IARS2	1	1	0.46827164863372622	1	-1.1097969638639946	ASN:chr1:220125116-221151629
IBSP	1	1	0.65212557169720164	1	-1.0894434513309199	ASN:chr4:87214993-89236855
IDE	1	0	-0.70011666644458592	0	-0.092310609018209866	ASN:chr10:92107336-95362627
IFI16	1	0	-1.2085819517101539	0	0.43723812432738435	ASN:chr1:157982579-159953315
IFI27	1	1	0.8252295852872763	1	1.180672754029813	ASN:chr14:94325285-95947052
IFI27L1	1	1	0.80359158358852523	1	1.176548697782851	ASN:chr14:94325285-95947052
IFI27L2	1	1	0.84686758698604947	1	1.1803971921129086	ASN:chr14:94325285-95947052
IFI30	1	1	0.90100806162567326	1	1.1311413115952071	ASN:chr19:16749208-20221313
IFT172	1	1	0.21804153412155158	1	-0.23785516818149088	ASN:chr2:26209579-29456860
IFT27	1	0	-1.2758228136332947	0	1.8940778531091045	ASN:chr22:36453608-37977990
IFT46	1	0	0.16501359918620806	1	-0.11480709092711396	ASN:chr11:117901740-118900987
IFT80	1	0	0.83590151340578978	1	-0.71104932725206837	ASN:chr3:159155377-161620009
IGF2	1	0	0.32763231441131863	1	-0.83469709023197258	ASN:chr11:70855-2739889
IGFL1	1	0	-0.85157441099178388	0	-0.23891439833619635	ASN:chr19:45579043-47334409
IGFL2	1	0	-1.0571242071629559	0	-0.25441038043537501	ASN:chr19:45579043-47334409
IGFL3	1	0	-0.8732112316413867	0	-0.27873386830905755	ASN:chr19:45579043-47334409
IGFL4	1	0	-1.0246689761885626	0	-0.24916764444974784	ASN:chr19:45579043-47334409
IGSF11	1	0	-0.84131827214315358	0	-1.377005959747065	ASN:chr3:116898042-118903462
IGSF23	1	0	-1.5114974408045279	0	0.74016408334690997	ASN:chr19:43862455-45579043
IKZF3	1	0	-0.33274195007347168	0	-0.29504073741364911	ASN:chr17:36495389-38649589
IL10RA	1	0	0.013522779846310305	1	-1.3668040054141499	ASN:chr11:116383543-117901740
IL12RB2	1	0	0.95493001431570312	1	-0.2815892441955084	ASN:chr1:66774011-68477862
IL17RA	1	0	0.21055909597774097	1	-0.60417339373988277	ASN:chr22:16050408-17581547
IL20RB	1	0	0.79282395837770303	1	0.63645525367312572	ASN:chr3:135268752-137727495
IL23R	1	0	0.94410924150572306	1	-0.18841971629203713	ASN:chr1:66774011-68477862
IL2RB	1	0	-1.2423800528525277	0	1.8867018544751584	ASN:chr22:36453608-37977990
IL6R	1	0	-1.1485045984217126	0	0.85075241446076244	ASN:chr1:153397055-156616039
ILVBL	1	0	-0.32147230507661295	0	-0.28573362772500072	ASN:chr19:12500149-15648148
IMPA1	1	0	-1.3384028756077491	0	0.33427657490539076	ASN:chr8:82016264-83727741
IMPDH1	1	0	0.70605223968587427	1	1.8566389322392549	ASN:chr7:126869221-129589868
IMPDH2	1	0	-1.6416868721557221	0	0.078257504614726511	ASN:chr3:47793553-51831792
INPP5D	1	0	1.6691151946864315	1	0.50348670570028131	ASN:chr2:233550713-234883167
INS	1	0	0.31681390408652821	1	-0.7947140688086286	ASN:chr11:70855-2739889
INSL3	1	0	-0.55947733222220031	0	1.3654079611278078	ASN:chr19:16749208-20221313
INSL5	1	0	1.0306754239856519	1	-0.38022453071805035	ASN:chr1:66774011-68477862
IP6K2	1	0	-1.4469342262639484	0	-0.10486350469581251	ASN:chr3:47793553-51831792
IP6K3	1	1	1.1064208336556229	1	2.7318532319903177	ASN:chr6:33209310-35757007
IQCD	1	0	-0.90566646261577999	0	0.74613481477029409	ASN:chr12:113028429-114181109
IQSEC1	1	0	-0.8323188936200695	0	0.6228979455794208	ASN:chr3:12860229-14816750
IQSEC3	1	0	-1.0827434519185295	0	-0.0048732560768147484	ASN:chr12:61107-1739022
IRF2BP1	1	0	-0.88402964196617717	0	-0.14956700290147235	ASN:chr19:45579043-47334409
IRF3	1	1	1.0873743826870828	1	0.67070317700080018	ASN:chr19:49093112-51334271
IRF5	1	0	0.59784451158594099	1	0.011050804112468473	ASN:chr7:126869221-129589868
IRF8	1	0	-0.91706368181310238	0	0.56395899733068267	ASN:chr16:85374253-86981136
IRX3	1	0	0.64035139682177988	1	-0.99358045552178387	ASN:chr16:51214363-54450244
ISYNA1	1	1	1.4419126337019463	1	1.0906867704733791	ASN:chr19:16749208-20221313
ITGA9	1	0	-1.2410371826845472	0	-0.84035042110361491	ASN:chr3:35283408-38353505
ITLN1	1	0	-0.86239282131657424	0	0.43557724553113836	ASN:chr1:159953315-162888864
ITLN2	1	0	-0.88402964196617717	0	0.46949128830276027	ASN:chr1:159953315-162888864
ITPK1	1	0	-0.4208374889377845	0	0.59759600725600293	ASN:chr14:92916399-94325285
ITPR3	1	1	1.128062379275605	1	2.743496971220678	ASN:chr6:33209310-35757007
IZUMO1	1	1	0.28728043356481719	1	0.29016926648426034	ASN:chr19:49093112-51334271
JAK1	1	0	-0.95990555486045859	0	-1.6531403641479565	ASN:chr1:65041376-66774011
JAK3	1	0	-0.57029574254699078	0	1.3647109357995788	ASN:chr19:16749208-20221313
JMJD1C	1	0	0.72791349642889447	1	1.0685591894617277	ASN:chr10:64198067-66313715
JOSD1	1	0	-1.5879515960326842	0	-0.67010165469797611	ASN:chr22:37977990-40527060
JUND	1	1	1.4960206294896308	1	1.1017015181601044	ASN:chr19:16749208-20221313
KAAG1	1	1	0.38592215331961371	1	-0.3221074383095745	ASN:chr6:23199920-24397129
KATNAL1	1	0	-0.90566646261577999	0	1.2198856810249978	ASN:chr13:30625939-32301388
KATNB1	1	0	-0.71093507676939827	0	-0.34416408331642734	ASN:chr16:56907578-58867358
KAZALD1	1	0	1.4776311573160494	1	0.42473540253035619	ASN:chr10:102471756-106139565
KCNA7	1	1	0.68184731258402542	1	0.41573857013224652	ASN:chr19:49093112-51334271
KCNG3	1	0	-1.1438285692999088	0	2.2948536731031393	ASN:chr2:42336744-44322128
KCNJ1	1	0	-1.1246872601048463	0	-0.32586889721958417	ASN:chr11:128188777-130049774
KCNJ13	1	0	1.4852022191648404	1	0.54459070453068614	ASN:chr2:233550713-234883167
KCNJ14	1	1	-0.041525298951186035	1	0.24534619003544944	ASN:chr19:47334409-49093112
KCNJ4	1	0	-1.4472815495027884	0	-0.85608707619135593	ASN:chr22:37977990-40527060
KCNJ5	1	0	-1.0164026799253034	0	-0.40066912412580785	ASN:chr11:128188777-130049774
KCNJ8	1	0	1.3337444746176423	1	-0.36154919309688005	ASN:chr12:21757656-24562053
KCNK3	1	1	0.13141386997789528	1	0.1417976142701998	ASN:chr2:26209579-29456860
KCNN1	1	0	-0.54865892189740995	0	1.3759439325377258	ASN:chr19:16749208-20221313
KCNN3	1	0	-1.1265842162539923	0	0.64083178046346234	ASN:chr1:153397055-156616039
KCNQ1	1	0	0.1004456975905437	1	-0.82173677364520004	ASN:chr11:70855-2739889
KCNQ1DN	1	0	0.29517708343692539	1	-0.84819249239214722	ASN:chr11:2739889-4466102
KCNQ1OT1	1	0	0.18699298018893309	1	-0.89290919042724426	ASN:chr11:70855-2739889
KCP	1	0	0.6735899212558899	1	0.43361593626351991	ASN:chr7:126869221-129589868
KCTD17	1	0	-1.2646752267063723	0	1.884265843178913	ASN:chr22:36453608-37977990
KCTD6	1	0	0.39254277636012719	1	-1.2175778211534416	ASN:chr3:56847831-59704331
KCTD7	1	0	-1.5764079027533144	0	1.0087621477399771	ASN:chr7:63624322-67371495
KDELR1	1	1	-0.05248549003505721	1	0.26207455313803507	ASN:chr19:47334409-49093112
KDELR3	1	0	-1.4635127087177586	0	-0.84524562547510673	ASN:chr22:37977990-40527060
KDM2B	1	1	0.98873266293228634	1	-0.089967233590414572	ASN:chr12:122015993-124721969
KDM5A	1	0	-1.115624025170121	0	0.51285838783312987	ASN:chr12:61107-1739022
KHK	1	1	0.57538064871405414	1	0.066558496675640608	ASN:chr2:26209579-29456860
KIAA0319	1	1	0.53936482849374412	1	0.003363226095511557	ASN:chr6:24397129-26141757
KIAA0513	1	0	-0.86295981776313579	0	1.0521814253570845	ASN:chr16:84445738-85374253
KIAA1671	1	0	1.5038616438740116	1	0.71813750302076174	ASN:chr22:25209349-26524344
KIF11	1	0	-0.71093507676939827	0	-0.75998797235540838	ASN:chr10:92107336-95362627
KIF12	1	0	1.0540228540930683	1	1.3109680292509218	ASN:chr9:116400502-119530000
KIF17	1	0	0.92297151642908126	1	1.061057554562796	ASN:chr1:20304720-22145806
KIFC1	1	1	1.2038077889455541	1	2.7874687515725904	ASN:chr6:33209310-35757007
KIFC3	1	0	-0.75420871806858203	0	-0.32630320753430925	ASN:chr16:56907578-58867358
KLC1	1	0	-0.23880873846077916	0	0.33195487966981502	ASN:chr14:103390025-105001894
KLC3	1	0	-1.186945131060551	0	0.84681637271428178	ASN:chr19:45579043-47334409
KLF2	1	0	-0.31065389475182253	0	0.31907266287359409	ASN:chr19:15648148-16749208
KLHDC10	1	0	0.51127832910599003	1	0.013933789847736215	ASN:chr7:129589868-131635483
KLHDC8B	1	0	-1.6957848293478777	0	0.24195234868007806	ASN:chr3:47793553-51831792
KLHDC9	1	0	-0.90566646261577999	0	-0.01558126072970451	ASN:chr1:159953315-162888864
KLHL26	1	1	1.4849711222222584	1	0.61558134705911793	ASN:chr19:16749208-20221313
KLHL8	1	1	0.50065955980587795	1	-1.2069873367345858	ASN:chr4:87214993-89236855
KPNA2	1	0	0.75946443501928806	1	0.9647582007815485	ASN:chr17:64800166-67858770
KPNA4	1	0	0.85754305902577199	1	-0.8250120815128007	ASN:chr3:159155377-161620009
KRT10	1	0	-0.4301289053634248	0	1.2650321510348461	ASN:chr17:38649589-39900528
KRT12	1	0	-0.53833663346335803	0	1.2397706391323013	ASN:chr17:38649589-39900528
KRT20	1	0	-0.5491574062733382	0	1.2538064154928197	ASN:chr17:38649589-39900528
KRT222	1	0	-0.50587431503337366	0	1.2262660412110047	ASN:chr17:38649589-39900528
KRT23	1	0	-0.63572358875328916	0	1.2607658827808059	ASN:chr17:38649589-39900528
KRT24	1	0	-0.39766658693344042	0	1.2754901283660343	ASN:chr17:38649589-39900528
KRT25	1	0	-0.44094967817340491	0	1.2739434417910185	ASN:chr17:38649589-39900528
KRT26	1	0	-0.46259122379340917	0	1.2662553224614614	ASN:chr17:38649589-39900528
KRT27	1	0	-0.49505354222337156	0	1.267173945807706	ASN:chr17:38649589-39900528
KRT28	1	0	-0.45177045098340707	0	1.2674803913338182	ASN:chr17:38649589-39900528
KRTCAP2	1	1	-0.85805953469925844	0	0.63192326409439314	ASN:chr1:153397055-156616039
KRTCAP3	1	1	0.35881148835494636	1	-0.18129806418194333	ASN:chr2:26209579-29456860
LAMB2	1	0	-1.7066044207863134	0	0.25115056925792872	ASN:chr3:47793553-51831792
LAMTOR2	1	0	-0.63337561747998739	0	-1.3759439325377258	ASN:chr1:153397055-156616039
LAMTOR3	1	0	0.6305478035057146	1	2.2195215970943911	ASN:chr4:99040831-101711689
LASP1	1	0	-0.01893953858367407	1	-0.84093678117781168	ASN:chr17:36495389-38649589
LBX1	1	0	1.1320559625815243	1	0.64133755349130739	ASN:chr10:102471756-106139565
LDHB	1	0	1.322926064292852	1	-0.38332522009278092	ASN:chr12:21757656-24562053
LEMD2	1	1	1.0956000608456207	1	2.7261674667966322	ASN:chr6:33209310-35757007
LENEP	1	1	-0.66625619073157893	0	0.60269121138546977	ASN:chr1:153397055-156616039
LENG1	1	0	-1.5547710821037115	0	-1.4372140775676991	ASN:chr19:52985347-54734184
LEP	1	0	0.64112760282590553	1	1.8310939062166387	ASN:chr7:126869221-129589868
LEPR	1	0	-0.84089654551726156	0	-1.0241799781644907	ASN:chr1:65041376-66774011
LEPROT	1	0	-0.71106853532471104	0	-1.0673451848409605	ASN:chr1:65041376-66774011
LGALS1	1	0	-1.4303593633685336	0	1.9470110797598723	ASN:chr22:37977990-40527060
LGALS2	1	0	-1.3762673117445376	0	1.9627828368850366	ASN:chr22:37977990-40527060
LGI1	1	0	-0.60275097352140605	0	-0.21925519798534523	ASN:chr10:95362627-97064851
LHB	1	1	0.55032501957761537	1	0.37226800373678381	ASN:chr19:49093112-51334271
LIG1	1	1	0.16671833164227826	1	-0.13375975496301576	ASN:chr19:47334409-49093112
LILRB3	1	0	-1.5114974408045279	0	-1.4391447017921868	ASN:chr19:54734184-55660892
LIN7B	1	1	0.74760845908720852	1	0.40096663643728669	ASN:chr19:49093112-51334271
LIPF	1	0	-1.7062288266509096	0	-0.062156609677610039	ASN:chr10:89149284-90787308
LMAN1	1	0	0.33112119790027988	1	-0.52873693451376935	ASN:chr18:54958664-57377707
LMNA	1	0	-1.1375444073378633	0	-1.2568247921769613	ASN:chr1:153397055-156616039
LMTK3	1	1	-0.019604916783443685	1	0.24817654980860615	ASN:chr19:47334409-49093112
LPAR2	1	1	1.3117157939349897	1	0.27359989602270984	ASN:chr19:16749208-20221313
LRPPRC	1	0	-1.1221905676011579	0	0.86843029331164101	ASN:chr2:42336744-44322128
LRRC20	1	0	0.86855283065127997	1	-0.68842860827339292	ASN:chr10:71054709-72673145
LRRC25	1	1	1.4635506354007195	1	1.096177520120146	ASN:chr19:16749208-20221313
LRRC4	1	0	0.58702373877593894	1	1.7983291493120848	ASN:chr7:126869221-129589868
LRRC58	1	0	-0.64654436156329131	0	-0.74595349323787674	ASN:chr3:118903462-120523073
LRRC8A	1	0	0.30599549376173779	1	0.56460285764057772	ASN:chr9:130597604-132047808
LRRFIP2	1	0	-1.2194003620349443	0	-0.72937520665532052	ASN:chr3:35283408-38353505
LSM4	1	1	1.4960076379488461	1	1.1047288270916527	ASN:chr19:16749208-20221313
LSM6	1	0	0.42976291765507646	1	-0.40275245692548894	ASN:chr4:145025810-148834277
LY9	1	0	-0.85157441099178388	0	0.35642480815761618	ASN:chr1:159953315-162888864
LZTS2	1	0	1.4441883965352826	1	0.46291086609870408	ASN:chr10:102471756-106139565
MALT1	1	0	0.2653600513970748	1	-0.1916345493959678	ASN:chr18:54958664-57377707
MAMSTR	1	1	0.24343966922935448	1	0.28816537303978818	ASN:chr19:49093112-51334271
MANBA	1	0	-1.7286216425626018	0	-0.11853881141886181	ASN:chr4:102707193-105305539
MAP1B	1	0	-1.3275844652829367	0	-0.54522768457353865	ASN:chr5:67851517-71419711
MAP1S	1	0	-0.5919325631965936	0	1.3724150018839212	ASN:chr19:16749208-20221313
MAPK10	1	1	0.46820255725772936	1	-1.5650149303730077	ASN:chr4:87214993-89236855
MAPKAPK5	1	1	0.6305478035057146	1	2.1265063967982689	ASN:chr12:109270450-113028429
MAPRE3	1	1	0.45626761051654596	1	0.26321128561820428	ASN:chr2:26209579-29456860
MARK1	1	1	0.38172436603531479	1	-0.81962214676729495	ASN:chr1:220125116-221151629
MARK3	1	0	-0.33745045821557573	0	0.283303570892592	ASN:chr14:103390025-105001894
MARK4	1	0	-1.2951292343085434	0	0.79772966982248339	ASN:chr19:45579043-47334409
MAS1L	1	1	0.63042732991510175	1	-0.081700356926823633	ASN:chr6:28901402-29688046
MASP1	1	0	-0.53995052713529268	0	0.93246688980188297	ASN:chr3:186230742-188951597
MAST3	1	1	0.87937124097609243	1	0.70364498648866169	ASN:chr19:16749208-20221313
MAU2	1	1	1.1601173816836077	1	-0.074677921366971114	ASN:chr19:16749208-20221313
MB	1	0	-1.4764793783178738	0	-0.89168279268414197	ASN:chr22:34860926-36453608
MCAM	1	0	0.43553291943604117	1	0.85945846979889129	ASN:chr11:118900987-120771784
MCM5	1	0	-1.5099221390986188	0	-1.0569689919293697	ASN:chr22:34860926-36453608
MCU	1	0	-1.641318364702123	0	-0.35014190739523676	ASN:chr10:73730459-75699350
MED22	1	1	1.5586625992933454	1	-0.58957375511182419	ASN:chr9:134722557-136612240
MED24	1	0	-0.25699654040352282	0	-0.30193007706992742	ASN:chr17:36495389-38649589
MED26	1	0	-0.18083297085422739	0	0.76292301436142995	ASN:chr19:15648148-16749208
MEPE	1	1	0.61966856914905299	1	-1.0971793937027197	ASN:chr4:87214993-89236855
METAP1	1	0	0.69545826545450118	1	2.1578184528898157	ASN:chr4:99040831-101711689
METTL2B	1	0	0.79261842216580325	1	1.8683047444888468	ASN:chr7:126869221-129589868
MEX3A	1	0	-0.95122115891211945	0	-1.3223998184660255	ASN:chr1:153397055-156616039
MFAP2	1	0	0.90105113426136096	1	0.63259384928543427	ASN:chr1:14893157-17875820
MFNG	1	0	-1.5547710821037115	0	1.9415584213102979	ASN:chr22:36453608-37977990
MFRP	1	0	0.47340562427101562	1	0.87918861897466138	ASN:chr11:118900987-120771784
MGAT3	1	0	-1.403998458262802	0	-0.97951113037910598	ASN:chr22:37977990-40527060
MIA2	1	0	-1.6119678709128222	0	0.72561913199721506	ASN:chr14:35858508-40256601
MICALL1	1	0	-1.5439526717789211	0	1.9255378701499477	ASN:chr22:37977990-40527060
MIER1	1	0	0.97657155993568534	1	-0.34926632704922655	ASN:chr1:66774011-68477862
MIF	1	0	1.4161801152030862	1	-0.41573857013224669	ASN:chr22:23398337-25209349
MKRN2	1	0	-0.95143193181757768	0	0.12974409610447668	ASN:chr3:11019488-12860229
MLEC	1	0	1.2188966756934929	1	0.14138164264711459	ASN:chr12:119859279-122015993
MLH1	1	0	-1.186945131060551	0	0.30149907664514897	ASN:chr3:35283408-38353505
MLN	1	1	1.0847792880356186	1	2.7205684900926794	ASN:chr6:33209310-35757007
MMAA	1	1	0.47360368199053915	1	-0.46031483848510429	ASN:chr4:145025810-148834277
MMP11	1	0	1.6573043190481418	1	-0.52432176012660225	ASN:chr22:23398337-25209349
MMP15	1	0	-0.7325718974189791	0	-0.35335467233381251	ASN:chr16:56907578-58867358
MNDA	1	0	-1.1653083104109483	0	0.88030038410068123	ASN:chr1:157982579-159953315
MOAP1	1	0	-0.19343987056073342	0	0.80302450753865839	ASN:chr14:92916399-94325285
MOG	1	1	0.67370569566882188	1	-0.52778996057957928	ASN:chr6:28901402-29688046
MORN3	1	1	1.284657822196676	1	0.30193007706992742	ASN:chr12:122015993-124721969
MPPED1	1	1	1.604204732737623	1	2.6736648894302202	ASN:chr22:42690818-44994946
MPST	1	0	-1.2869704005602169	0	1.8794270965987521	ASN:chr22:36453608-37977990
MPV17	1	1	0.4129537784447288	1	-0.19135492053217576	ASN:chr2:26209579-29456860
MPV17L2	1	1	0.92264488227527608	1	1.1223359984108576	ASN:chr19:16749208-20221313
MPZ	1	0	-1.1003978484621617	0	0.0214850769847399	ASN:chr1:159953315-162888864
MPZL2	1	0	0.078447416706257045	1	-1.2403629377500724	ASN:chr11:117901740-118900987
MPZL3	1	0	0.067626643896276928	1	-1.2204636621574778	ASN:chr11:117901740-118900987
MRC1	1	0	1.4419285778656346	1	-0.4254866826426647	ASN:chr10:16679279-18537267
MRGPRE	1	0	0.12208251824014654	1	-0.13694611910076718	ASN:chr11:2739889-4466102
MRGPRG	1	0	0.14371933888974942	1	-0.10182729894548093	ASN:chr11:2739889-4466102
MRPL1	1	0	-0.8732112316413867	0	1.2184425081529964	ASN:chr4:77718852-78969420
MRPL23	1	0	0.33845072473613108	1	-0.6525065020464117	ASN:chr11:70855-2739889
MRPL33	1	1	0.17472770204971244	1	0.029174921894482075	ASN:chr2:26209579-29456860
MRPL34	1	0	-0.78666394904297532	0	1.5247258482516113	ASN:chr19:16749208-20221313
MRPL40	1	0	0.13383775839068673	1	-0.55641102838717227	ASN:chr22:18557031-19912242
MRPL43	1	0	1.421893222681438	1	0.42368401286187429	ASN:chr10:102471756-106139565
MRPS27	1	0	-1.3384028756077491	0	-0.60351448235236382	ASN:chr5:71419711-73759199
MRPS28	1	0	-1.3275844652829367	0	-0.48271372831221987	ASN:chr8:79751440-82016264
MRS2	1	1	0.41880272657120526	1	-0.19975040053655452	ASN:chr6:24397129-26141757
MSI1	1	0	1.0106530451000066	1	-0.57121600386452265	ASN:chr12:119859279-122015993
MSL1	1	0	-0.30027963164350929	0	-0.33965242745674629	ASN:chr17:36495389-38649589
MSL2	1	0	0.83609759967688668	1	-0.023132778449443597	ASN:chr3:135268752-137727495
MSTO1	1	0	-0.65529599964772978	0	-0.064082282016600822	ASN:chr1:153397055-156616039
MTNR1B	1	0	-0.78532898884880176	0	-0.96782349026388659	ASN:chr11:90954609-92731401
MTSS1	1	1	0.84609209916292238	1	0.86543194751350772	ASN:chr8:123780420-126401023
MTX1	1	1	-0.92930077674437706	0	0.61408883389362789	ASN:chr1:153397055-156616039
MUC1	1	1	-0.90738039457665676	0	0.62874185420833595	ASN:chr1:153397055-156616039
MUC21	1	0	1.1335383318022221	1	0.70910634065179845	ASN:chr6:30458591-31054923
MYADM	1	0	-1.4249501582061384	0	-2.0060385440470081	ASN:chr19:52985347-54734184
MYD88	1	0	-1.1436714897613454	0	0.28258916720389676	ASN:chr3:35283408-38353505
MYH9	1	0	-1.443036617537107	0	1.799021156986464	ASN:chr22:36453608-37977990
MYL2	1	1	0.65218462415529543	1	2.242673863840599	ASN:chr12:109270450-113028429
MYO9B	1	0	-0.82993759034218095	0	1.3942139320134319	ASN:chr19:16749208-20221313
MYOF	1	0	-0.72175348709418874	0	-0.7020633623050635	ASN:chr10:92107336-95362627
MYPOP	1	0	-0.89484805229096753	0	-0.14290699209399252	ASN:chr19:45579043-47334409
NAA25	1	1	0.51154528993290993	1	2.0174620596281523	ASN:chr12:109270450-113028429
NANOS2	1	0	-0.90566646261577999	0	-0.13528349682305824	ASN:chr19:45579043-47334409
NAP1L4	1	0	0.16535615953935226	1	-0.26392191607658588	ASN:chr11:2739889-4466102
NBPF1	1	0	0.81336960559041349	1	0.32514518322040631	ASN:chr1:14893157-17875820
NBPF3	1	0	0.82432979667428474	1	1.0500348700289621	ASN:chr1:20304720-22145806
NCAN	1	1	1.2575735038452074	1	0.25880832723517511	ASN:chr19:16749208-20221313
NCEH1	1	0	-1.7105787037831981	0	-0.0045987044455023558	ASN:chr3:172048457-175051223
NCF4	1	0	-1.3427083351948284	0	1.8891491134765794	ASN:chr22:36453608-37977990
NCK1	1	0	0.81446077902728387	1	0.6695862570707749	ASN:chr3:135268752-137727495
NCS1	1	0	-0.42965640832460522	0	2.4903946624588462	ASN:chr9:132047808-133641809
NDRG4	1	0	-0.67847984579498299	0	0.026977667188016495	ASN:chr16:56907578-58867358
NDUFA13	1	1	1.2034312137554248	1	0.16958812324223357	ASN:chr19:16749208-20221313
NDUFA3	1	0	-1.6845920060013067	0	-1.229767377061624	ASN:chr19:52985347-54734184
NDUFAF3	1	0	-1.5929987106827841	0	0.077155989709144113	ASN:chr3:47793553-51831792
NDUFB8	1	0	1.3215649403391594	1	0.2537014970190592	ASN:chr10:100365649-102471756
NDUFB9	1	1	0.86774901519883096	1	0.89885581946186976	ASN:chr8:123780420-126401023
NDUFS2	1	0	-1.0246689761885626	0	0.021347771223972245	ASN:chr1:159953315-162888864
NECAP2	1	0	0.72568807691948811	1	0.19149473309239518	ASN:chr1:14893157-17875820
NEDD4L	1	0	0.23247947814548331	1	-0.33326061225978892	ASN:chr18:54958664-57377707
NEU2	1	0	1.7123888359856152	1	0.5350622815728362	ASN:chr2:233550713-234883167
NEUROG3	1	0	1.0849210371472646	1	-0.19569086376256023	ASN:chr10:71054709-72673145
NFKB1	1	1	-1.6853385513226373	0	-0.056655934077944614	ASN:chr4:102707193-105305539
NFRKB	1	0	-0.81066197758416092	0	0.66872765601738193	ASN:chr11:128188777-130049774
NGEF	1	0	1.7015704256608248	1	0.54268108808380688	ASN:chr2:233550713-234883167
NICN1	1	0	-1.4793930005792331	0	0.17544008658418195	ASN:chr3:47793553-51831792
NINJ2	1	0	-1.1539846939636482	0	-0.12815226241795555	ASN:chr12:61107-1739022
NIT1	1	0	-0.94894010391496364	0	-0.0092661462101479367	ASN:chr1:159953315-162888864
NKAPL	1	1	0.38157672683115051	1	-0.24336610833821481	ASN:chr6:26697553-28901402
NKPD1	1	0	-1.2085819517101539	0	0.7986735335142241	ASN:chr19:45579043-47334409
NKX2-3	1	0	1.1877938972161137	1	0.4475324133499059	ASN:chr10:100365649-102471756
NLRP12	1	0	-1.4790422098301346	0	-1.96846778901332	ASN:chr19:52985347-54734184
NLRX1	1	0	0.32732519133610793	1	0.84230608047390476	ASN:chr11:118900987-120771784
NOL11	1	0	0.74863597700132278	1	0.72098288687258238	ASN:chr17:64800166-67858770
NOL12	1	0	-1.4519961840181366	0	1.9451870954645032	ASN:chr22:37977990-40527060
NOS1AP	1	0	-1.2410371826845472	0	-0.63393587397658979	ASN:chr1:159953315-162888864
NOSIP	1	1	1.1531355291902878	1	0.6135916335014745	ASN:chr19:49093112-51334271
NOTCH3	1	0	-0.37556435670060906	0	-0.3101298514110401	ASN:chr19:12500149-15648148
NOTCH4	1	1	1.6041763829153026	1	3.2250324770624634	ASN:chr6:31571894-32682590
NOVA2	1	0	-0.92730328326538281	0	-0.24223506183641608	ASN:chr19:45579043-47334409
NPFFR1	1	0	0.93346329260008853	1	-0.90194416649808229	ASN:chr10:71054709-72673145
NPTXR	1	0	-1.4905646407427531	0	-0.59480844419932588	ASN:chr22:37977990-40527060
NR1D1	1	0	-0.25699654040352282	0	-0.40558263779075732	ASN:chr17:36495389-38649589
NR1I2	1	0	-0.6790066799932537	0	-1.4040776493942531	ASN:chr3:118903462-120523073
NR2C2AP	1	1	1.3442011679888417	1	0.34620389835040838	ASN:chr19:16749208-20221313
NR2F6	1	0	-0.7325718974189791	0	1.4993235944887513	ASN:chr19:16749208-20221313
NRBF2	1	0	0.73873190675370681	1	1.0644379724273945	ASN:chr10:64198067-66313715
NRBP1	1	1	0.34798303033700306	1	-0.16555088071129156	ASN:chr2:26209579-29456860
NRF1	1	0	0.55456142034595457	1	-0.20059071363652953	ASN:chr7:126869221-129589868
NRSN1	1	0	0.10095718513907322	1	-0.47624585694199073	ASN:chr6:23199920-24397129
NSMAF	1	0	0.088100037906078121	1	-0.18143761489705951	ASN:chr8:59047312-60470380
NSMCE2	1	1	0.8352636411449571	1	1.0533760536693184	ASN:chr8:123780420-126401023
NSUN6	1	0	1.4202917572160538	1	-0.066558496675640746	ASN:chr10:18537267-20311057
NTF4	1	1	0.65992693041628303	1	0.41558890967496359	ASN:chr19:49093112-51334271
NTN5	1	1	0.18863871381002062	1	0.25951814030959486	ASN:chr19:49093112-51334271
NUBP1	1	0	-1.1984037748729377	0	1.4051820805663591	ASN:chr16:8961640-10868121
NUCB1	1	1	0.52840463740987298	1	0.67595533538837493	ASN:chr19:49093112-51334271
NUDT3	1	0	-1.3820166776333354	0	2.6065602362181184	ASN:chr6:33209310-35757007
NUDT9	1	1	0.57639256575152875	1	-0.55352871441369367	ASN:chr4:87214993-89236855
NUP188	1	0	-0.029375226307051427	1	0.48070962203769274	ASN:chr9:130597604-132047808
NUP210L	1	0	-1.2471463181765312	0	0.42278319437885925	ASN:chr1:153397055-156616039
NUP98	1	0	0.024716825316944704	1	-0.56283280388544299	ASN:chr11:2739889-4466102
NWD1	1	0	-0.040193636631841854	1	0.96126607517853668	ASN:chr19:16749208-20221313
NXNL1	1	0	-0.6460246148205897	0	1.5447833098955339	ASN:chr19:16749208-20221313
OAS1	1	0	-0.82993759034218095	0	0.74704179070010346	ASN:chr12:113028429-114181109
OAS2	1	0	-0.85157441099178388	0	0.69156365776976692	ASN:chr12:113028429-114181109
OAS3	1	0	-0.84075600066697143	0	0.70981257114952778	ASN:chr12:113028429-114181109
OASL	1	0	1.1860161024418794	1	0.23333876767160081	ASN:chr12:119859279-122015993
OBP2B	1	1	1.481941261706291	1	-1.2460116139305297	ASN:chr9:134722557-136612240
OCEL1	1	0	-0.71093507676939827	0	1.4826370597473286	ASN:chr19:16749208-20221313
OLFML2B	1	0	-1.2194003620349443	0	-0.48040146949251811	ASN:chr1:159953315-162888864
ONECUT2	1	0	0.37496196223574257	1	0.70452442751035071	ASN:chr18:54958664-57377707
OPA3	1	0	-1.1220346691117644	0	1.210978579201194	ASN:chr19:45579043-47334409
OPN1SW	1	0	0.77097687654582103	1	1.5493259053398964	ASN:chr7:126869221-129589868
OR10C1	1	1	0.6087881470382307	1	-0.33689063824832172	ASN:chr6:28901402-29688046
OR10H1	1	0	-0.55947733222220031	0	-0.17864726810632078	ASN:chr19:15648148-16749208
OR10H2	1	0	-0.60275097352140605	0	-0.094930276290196375	ASN:chr19:15648148-16749208
OR10H3	1	0	-0.58111415287180324	0	-0.10596781776054395	ASN:chr19:15648148-16749208
OR10H4	1	0	-0.46211163929899851	0	-0.29547090773787421	ASN:chr19:15648148-16749208
OR10H5	1	0	-0.57029574254699078	0	-0.17042375784909874	ASN:chr19:15648148-16749208
OR10J1	1	0	-0.99221374521416938	0	0.50566944937923164	ASN:chr1:157982579-159953315
OR10J5	1	0	-0.94894010391496364	0	0.84269759898406138	ASN:chr1:157982579-159953315
OR10K2	1	0	-1.0138505658637722	0	0.77676973943283267	ASN:chr1:157982579-159953315
OR10R2	1	0	-1.0571242071629559	0	0.71317201524005414	ASN:chr1:157982579-159953315
OR10T2	1	0	-1.0246689761885626	0	0.77844134648705099	ASN:chr1:157982579-159953315
OR10X1	1	0	-1.1003978484621617	0	0.65982719149654756	ASN:chr1:157982579-159953315
OR10Z1	1	0	-1.1544899000861577	0	0.66375744831929961	ASN:chr1:157982579-159953315
OR12D2	1	1	0.58714896416138163	1	-0.36404160150956044	ASN:chr6:28901402-29688046
OR12D3	1	1	0.57632937272294615	1	-0.40468854652395758	ASN:chr6:28901402-29688046
OR14J1	1	1	0.5546901898460751	1	-0.38998202902780826	ASN:chr6:28901402-29688046
OR1I1	1	0	-0.27819866377742924	0	-0.27844845605557633	ASN:chr19:12500149-15648148
OR2B2	1	1	0.067808575116608094	1	-0.024505910790164554	ASN:chr6:26697553-28901402
OR2B3	1	1	0.52223141553076846	1	-0.36918017980216	ASN:chr6:28901402-29688046
OR2B6	1	1	0.31665917820055933	1	-0.078395200627106143	ASN:chr6:26697553-28901402
OR2H1	1	1	0.61960773847666628	1	-0.22389783324835971	ASN:chr6:28901402-29688046
OR2H2	1	1	0.65206651279197281	1	-0.33819853259112753	ASN:chr6:28901402-29688046
OR2J2	1	1	0.54387059840763952	1	-0.39517150606165985	ASN:chr6:28901402-29688046
OR2J3	1	1	0.53305100696920404	1	-0.37756970454682315	ASN:chr6:28901402-29688046
OR2W1	1	1	0.51141182409235497	1	-0.38761319853363108	ASN:chr6:28901402-29688046
OR5V1	1	1	0.56550978128451057	1	-0.43316356348540969	ASN:chr6:28901402-29688046
OR6K2	1	0	-1.0895794381373491	0	0.90711062057476877	ASN:chr1:157982579-159953315
OR6K3	1	0	-1.0787610278125588	0	0.91209329873400879	ASN:chr1:157982579-159953315
OR6K6	1	0	-1.1220346691117644	0	0.9196100732967778	ASN:chr1:157982579-159953315
OR6N1	1	0	-1.2410371826845472	0	0.8698321960144455	ASN:chr1:157982579-159953315
OR6N2	1	0	-1.132853079436555	0	0.92739018101974535	ASN:chr1:157982579-159953315
OR6Y1	1	0	-1.1436714897613454	0	0.66444201738329778	ASN:chr1:157982579-159953315
OR7A10	1	0	0.024716825316944704	1	-0.38007697022201048	ASN:chr19:12500149-15648148
OR7A17	1	0	-0.051012046956632279	1	-0.32572414077701756	ASN:chr19:12500149-15648148
OR7A5	1	0	-0.0023292004950533607	1	-0.38413791356898613	ASN:chr19:12500149-15648148
OR7C1	1	0	-0.0023292004950533607	1	-0.38413791356898613	ASN:chr19:12500149-15648148
ORAI1	1	1	1.2627374400289557	1	0.30725039065378068	ASN:chr12:122015993-124721969
ORM1	1	0	1.0874656148738351	1	1.2601582866261185	ASN:chr9:116400502-119530000
ORM2	1	0	1.0763180279469129	1	1.2598546629299778	ASN:chr9:116400502-119530000
ORMDL3	1	0	-0.23535499478354055	0	-0.30307968603183416	ASN:chr17:36495389-38649589
OSBPL5	1	0	0.15453774921453983	1	-0.046209233557778423	ASN:chr11:2739889-4466102
OSCAR	1	0	-1.7278656473005125	0	-1.2061345684371614	ASN:chr19:52985347-54734184
OTOF	1	1	-0.041841458309373358	1	-0.12393200391989738	ASN:chr2:26209579-29456860
OTUB2	1	1	0.81441058443790082	1	1.1697193956097589	ASN:chr14:94325285-95947052
OTUD4	1	1	0.48456387307441029	1	-0.96235610369747648	ASN:chr4:145025810-148834277
OXER1	1	0	-1.1005525659023847	0	2.3327654294627376	ASN:chr2:42336744-44322128
OXSR1	1	0	-1.2085819517101539	0	0.29303399618423986	ASN:chr3:35283408-38353505
P2RX4	1	1	1.1421753381064168	1	0.13611476092893213	ASN:chr12:119859279-122015993
P2RX7	1	1	1.1531355291902878	1	0.15804038923061509	ASN:chr12:119859279-122015993
P4HTM	1	0	-1.6092280978404374	0	0.044285425083004752	ASN:chr3:47793553-51831792
PACSIN2	1	1	1.6582967843616192	1	2.6835880088614399	ASN:chr22:42690818-44994946
PADI2	1	0	0.89009094317748971	1	0.47532350583136573	ASN:chr1:14893157-17875820
PADI3	1	0	-0.53473389772519087	0	-0.83722803282057234	ASN:chr1:14893157-17875820
PAG1	1	0	-1.3708581065821424	0	1.1009462669830197	ASN:chr8:82016264-83727741
PARVB	1	1	1.5068390398144431	1	2.6148518884249063	ASN:chr22:42690818-44994946
PARVG	1	1	1.5284758604640241	1	2.6276367119344064	ASN:chr22:42690818-44994946
PATE1	1	0	-0.46897275122198578	0	0.88313525449151298	ASN:chr11:124496119-126773879
PATE2	1	0	-0.47993294230585698	0	0.86762997186100455	ASN:chr11:124496119-126773879
PAX2	1	0	1.388450461900693	1	0.30710648466451057	ASN:chr10:102471756-106139565
PBLD	1	0	0.40336118668491766	1	-0.27245999672218679	ASN:chr10:68757629-71054709
PBX2	1	1	1.625817928535285	1	3.279333544592713	ASN:chr6:31571894-32682590
PBX4	1	1	1.2359165878092988	1	0.28916717461492658	ASN:chr19:16749208-20221313
PBXIP1	1	1	-0.78681829265411785	0	0.61276330304971571	ASN:chr1:153397055-156616039
PCCB	1	0	0.84691601000169914	1	0.13583766247128712	ASN:chr3:135268752-137727495
PCP4L1	1	0	-1.0895794381373491	0	0.017091479413937388	ASN:chr1:159953315-162888864
PDE12	1	0	0.27354026278732252	1	-0.66975803651102261	ASN:chr3:56847831-59704331
PDE4C	1	1	0.93346329260008853	1	1.1029616684947554	ASN:chr19:16749208-20221313
PDE6C	1	0	-0.66766143547019263	0	-0.69540464169169081	ASN:chr10:95362627-97064851
PDGFB	1	0	-1.2416868661129021	0	-0.63628716946424224	ASN:chr22:37977990-40527060
PDHB	1	0	0.40336118668491766	1	-1.2961990977356415	ASN:chr3:56847831-59704331
PDXP	1	0	-1.3924949272317453	0	1.9543725534873726	ASN:chr22:37977990-40527060
PDZD3	1	0	0.38142905538607452	1	0.85213314568684839	ASN:chr11:118900987-120771784
PDZD7	1	0	1.4553359834622048	1	0.46367499694459674	ASN:chr10:102471756-106139565
PEX26	1	0	-0.019604916783443685	1	-0.61990078241185553	ASN:chr22:18557031-19912242
PFDN2	1	0	-0.99221374521416938	0	-0.0040496022021120374	ASN:chr1:159953315-162888864
PFDN6	1	1	1.2579116529955205	1	2.8225383320474968	ASN:chr6:33209310-35757007
PGAP2	1	0	0.035535235641757139	1	-0.53252958741357559	ASN:chr11:2739889-4466102
PGAP3	1	0	-0.17043035792357181	0	-0.50520151608779906	ASN:chr17:36495389-38649589
PGBD1	1	1	0.40321590970802162	1	-0.29862716702078107	ASN:chr6:26697553-28901402
PGLS	1	0	-0.61356938384619641	0	1.5116875688309279	ASN:chr19:16749208-20221313
PGLYRP1	1	0	-1.0354873865133531	0	-0.25100889910990171	ASN:chr19:45579043-47334409
PGLYRP2	1	0	-0.54865892189740995	0	-0.21714647648827151	ASN:chr19:12500149-15648148
PGPEP1	1	1	1.4851886370994705	1	1.1006946560995974	ASN:chr19:16749208-20221313
PHF1	1	1	1.1929870161355518	1	2.7808494865990325	ASN:chr6:33209310-35757007
PHF19	1	0	-1.4682237995053222	0	1.6288695601181487	ASN:chr9:122117725-124681439
PHF21B	1	1	1.6691151946864315	1	2.6688004011253255	ASN:chr22:44994946-46915049
PHLDA2	1	0	0.23026662148813881	1	-0.25086723399955241	ASN:chr11:2739889-4466102
PHLDB1	1	0	0.33814596414608805	1	-0.11204388681550029	ASN:chr11:117901740-118900987
PHYHD1	1	0	0.24108503181292923	1	0.537439803212304	ASN:chr9:130597604-132047808
PICK1	1	0	-1.3492212859325394	0	1.9299385042226074	ASN:chr22:37977990-40527060
PIH1D1	1	1	1.2736976311128267	1	0.060781270954500095	ASN:chr19:49093112-51334271
PIK3R2	1	1	0.89018965130088279	1	1.14135075960295	ASN:chr19:16749208-20221313
PINK1	1	0	0.94489189859682365	1	1.0724546301303957	ASN:chr1:20304720-22145806
PIP4K2B	1	0	-0.59244049751332473	0	-0.55368872216252263	ASN:chr17:36495389-38649589
PITPNC1	1	0	0.33715457231903778	1	0.91668072922195931	ASN:chr17:64800166-67858770
PIWIL3	1	0	1.7121052744674758	1	0.54666169942512721	ASN:chr22:23398337-25209349
PIWIL4	1	0	-0.060735838598962845	1	-0.98062065110942609	ASN:chr11:92731401-94987750
PKD2	1	1	0.54393556320340219	1	-1.2233597032356636	ASN:chr4:87214993-89236855
PKD2L1	1	0	1.1766463102891915	1	0.17000592570658779	ASN:chr10:100365649-102471756
PKLR	1	0	-1.0608230697507872	0	0.58549537299941234	ASN:chr1:153397055-156616039
PLA1A	1	0	-0.73311054404322029	0	-1.3178064277814974	ASN:chr3:118903462-120523073
PLA2G1B	1	0	0.99969285401615748	1	-0.56299364493168391	ASN:chr12:119859279-122015993
PLA2G4C	1	1	0.19959890489389179	1	-0.10224127110764493	ASN:chr19:47334409-49093112
PLB1	1	1	-0.031013000291408063	1	-1.2213313990942063	ASN:chr2:26209579-29456860
PLBD2	1	0	-0.98139533488935693	0	0.61375735010614985	ASN:chr12:113028429-114181109
PLCD1	1	0	-1.0463057968381655	0	-0.41798459700898555	ASN:chr3:35283408-38353505
PLCE1	1	0	-0.74339030774379156	0	0.46918477314326396	ASN:chr10:95362627-97064851
PLEKHA4	1	1	0.40784253548735611	1	0.52605506940156055	ASN:chr19:49093112-51334271
PLEKHH2	1	0	-1.1113715667517823	0	0.90009012803642352	ASN:chr2:42336744-44322128
PLEKHM2	1	0	0.62704635716469159	1	0.53934400961936313	ASN:chr1:14893157-17875820
PLVAP	1	0	-0.72175348709418874	0	1.531343352475498	ASN:chr19:16749208-20221313
PMP2	1	0	-1.2951292343085434	0	0.89413693262458716	ASN:chr8:82016264-83727741
PMVK	1	1	-0.83065905698958054	0	0.61011546461206856	ASN:chr1:153397055-156616039
PNMT	1	0	-0.15960958511359169	0	-0.55033152646737649	ASN:chr17:36495389-38649589
PNN	1	0	-1.5036832907332793	0	0.51458140184034962	ASN:chr14:35858508-40256601
PNPLA5	1	1	1.5825679120880201	1	2.6639982571547201	ASN:chr22:42690818-44994946
POGLUT1	1	0	-0.78721440809318688	0	-1.3022648918672008	ASN:chr3:118903462-120523073
POLE3	1	0	1.1209083756546021	1	0.81540384717170822	ASN:chr9:112864469-116400502
POLR2F	1	0	-1.5223158511293182	0	1.920305856117132	ASN:chr22:37977990-40527060
POLR3A	1	0	-0.50185332447357733	0	0.50224050043061386	ASN:chr10:79466701-80464093
POM121L2	1	1	0.035349800801323494	1	0.47732244561699261	ASN:chr6:26697553-28901402
POP5	1	0	1.1750559113580084	1	0.019013632754119832	ASN:chr12:119859279-122015993
POPDC2	1	0	-0.71146899842323807	0	-1.3841261706632877	ASN:chr3:118903462-120523073
POU4F2	1	0	0.41880272657120526	1	-0.43180697639673454	ASN:chr4:145025810-148834277
PPA1	1	0	0.91182647195048572	1	-0.83937379581896698	ASN:chr10:71054709-72673145
PPA2	1	0	-1.0031815582579608	0	0.031234975913483232	ASN:chr4:105305539-107501341
PPARG	1	0	-1.0922018860509943	0	-0.40692438312591761	ASN:chr3:11019488-12860229
PPFIA3	1	1	0.7695288412549508	1	0.39903343933617785	ASN:chr19:49093112-51334271
PPM1G	1	1	0.3046691982651859	1	-0.10127536319407464	ASN:chr2:26209579-29456860
PPM1K	1	0	0.52229756150462903	1	-1.6451191824591462	ASN:chr4:87214993-89236855
PPM1L	1	0	0.81425996778580756	1	-0.36624266450350373	ASN:chr3:159155377-161620009
PPM1N	1	0	-1.1003978484621617	0	1.0654060427520058	ASN:chr19:45579043-47334409
PPOX	1	0	-1.0030321555389599	0	0.041674802929933648	ASN:chr1:159953315-162888864
PPP1CC	1	1	0.60891098285611178	1	2.2260154959638947	ASN:chr12:109270450-113028429
PPP1R11	1	1	0.29501999532368828	1	1.0464679897693048	ASN:chr6:29688046-30458591
PPP1R13B	1	0	-0.2168883562930588	0	0.34445539760662142	ASN:chr14:103390025-105001894
PPP1R13L	1	0	-1.1761267207357606	0	0.86603099371072145	ASN:chr19:45579043-47334409
PPP1R15A	1	1	0.48456387307441029	1	0.75340792947552371	ASN:chr19:49093112-51334271
PPP1R1B	1	0	-0.12714726668360732	0	-0.76127124624310361	ASN:chr17:36495389-38649589
PPP2R3A	1	0	0.80364236870249339	1	-0.55849557677780226	ASN:chr3:135268752-137727495
PPP4R4	1	1	0.78195358188975217	1	1.1675455059558937	ASN:chr14:94325285-95947052
PPT2	1	1	1.6745114061802615	1	3.4563001557183894	ASN:chr6:31571894-32682590
PPTC7	1	1	0.46827164863372622	1	2.1291474969943476	ASN:chr12:109270450-113028429
PRDM10	1	0	-0.85397580965597808	0	0.66461320830105519	ASN:chr11:128188777-130049774
PRDM12	1	0	-0.44047481864941762	0	2.4965422336377614	ASN:chr9:132047808-133641809
PREB	1	1	0.54289527466018028	1	-0.013247355065086484	ASN:chr2:26209579-29456860
PRIMA1	1	1	0.93341959378107575	1	-0.090518571121891198	ASN:chr14:92916399-94325285
PRKAR1A	1	0	0.6186944807858713	1	0.88435237363096342	ASN:chr17:64800166-67858770
PRKAR2A	1	0	-1.5010321834561042	0	-0.093689301158503963	ASN:chr3:47793553-51831792
PRKCG	1	0	-1.414131747881326	0	-2.0091281147608191	ASN:chr19:52985347-54734184
PRM2	1	0	-1.0252714099130356	0	1.4329854570863005	ASN:chr16:10868121-12612116
PRMT1	1	1	1.0490137138935558	1	-0.37668535445036538	ASN:chr19:49093112-51334271
PRODH	1	0	-0.041525298951186035	1	-0.60615170437627364	ASN:chr22:18557031-19912242
PRPF31	1	0	-1.6304999543773107	0	-1.3454574710431473	ASN:chr19:52985347-54734184
PRR12	1	1	1.1092947648548253	1	0.67070317700080018	ASN:chr19:49093112-51334271
PRR5	1	1	1.6366599637120163	1	2.6545743274965505	ASN:chr22:44994946-46915049
PRR5-ARHGAP8	1	1	1.5933863224128326	1	2.6319954706208222	ASN:chr22:44994946-46915049
PRRG2	1	1	1.1312151470225456	1	0.65063938666080723	ASN:chr19:49093112-51334271
PRRT1	1	1	1.6907425653952537	1	3.5512873810192511	ASN:chr6:31571894-32682590
PRRT4	1	0	0.69523146687587212	1	1.8535703193019479	ASN:chr7:126869221-129589868
PRRX2	1	0	-0.27819866377742924	0	2.5713108315763997	ASN:chr9:132047808-133641809
PRSS16	1	1	0.02453020936288796	1	0.11729472373033192	ASN:chr6:26697553-28901402
PRSS54	1	0	-0.74339030774379156	0	-0.35583976219491514	ASN:chr16:56907578-58867358
PRSS56	1	0	1.3986549365664509	1	0.49183385430149357	ASN:chr2:232191250-233550713
PSMB3	1	0	-0.60326127032330479	0	-0.56218958522332962	ASN:chr17:36495389-38649589
PSMB8	1	1	1.4635063363853851	1	3.0018480187748806	ASN:chr6:32682590-33209310
PSMB9	1	1	1.4418647907654027	1	2.9778775521446597	ASN:chr6:32682590-33209310
PSMD12	1	0	0.70532214492950562	1	0.83255969237110428	ASN:chr17:64800166-67858770
PSMD3	1	0	-0.27863808602350504	0	-0.31676242530543613	ASN:chr17:36495389-38649589
PSMD9	1	1	1.3394587776160098	1	0.37653799142335559	ASN:chr12:122015993-124721969
PTCD2	1	0	-1.3492212859325394	0	-0.60648165336998006	ASN:chr5:71419711-73759199
PTGES	1	0	-0.28901707410221966	0	2.5566170350146082	ASN:chr9:132047808-133641809
PTH2	1	1	1.2956180132805473	1	0.0067951289405288589	ASN:chr19:49093112-51334271
PTPN11	1	1	0.50072687960811946	1	0.14068841093205328	ASN:chr12:109270450-113028429
PUS3	1	0	-0.50185332447357733	0	0.7594383808491616	ASN:chr11:124496119-126773879
PVALB	1	0	-1.3204131613409837	0	1.8924298281134719	ASN:chr22:36453608-37977990
PVR	1	0	-1.4898606201549249	0	0.78458928563102337	ASN:chr19:43862455-45579043
PXK	1	0	0.33845072473613108	1	-1.3109680292509218	ASN:chr3:56847831-59704331
PXN	1	0	0.9339317075129524	1	-0.66016854776734635	ASN:chr12:119859279-122015993
PYGO2	1	1	-0.76489791048639755	0	0.61690917749213614	ASN:chr1:153397055-156616039
PYHIN1	1	0	-1.2302187723597569	0	0.54937346751102623	ASN:chr1:157982579-159953315
PYROXD1	1	0	1.2580156023440654	1	-0.34270794931773257	ASN:chr12:20523761-21757656
PYROXD2	1	0	-0.19165138117903982	0	0.12642237651227373	ASN:chr10:97064851-100365649
QPCTL	1	0	-1.0030321555389599	0	-0.49044002055380359	ASN:chr19:45579043-47334409
RAB25	1	0	-0.88546001240891437	0	-1.3657567226945622	ASN:chr1:153397055-156616039
RAB35	1	0	0.96133218522260833	1	-0.97023832631306717	ASN:chr12:119859279-122015993
RAB3A	1	1	0.91182647195048572	1	1.1215632305547512	ASN:chr19:16749208-20221313
RAB3GAP2	1	1	0.44663482798412335	1	-1.1082735333691685	ASN:chr1:220125116-221151629
RAB8A	1	0	-0.4188379979998148	0	0.25200069611667852	ASN:chr19:15648148-16749208
RABGEF1	1	0	-1.6304999543773107	0	0.82212164607668703	ASN:chr7:63624322-67371495
RAC2	1	0	-1.5872263130781268	0	1.9007219288421657	ASN:chr22:36453608-37977990
RAD52	1	0	-1.1813851716733261	0	-0.037553339162294079	ASN:chr12:61107-1739022
RAD9B	1	1	0.45745323830891377	1	2.1251913895694767	ASN:chr12:109270450-113028429
RAF1	1	0	-1.2871141303741716	0	0.50660564836227051	ASN:chr3:11019488-12860229
RALGDS	1	1	1.3942597330353437	1	-1.1873133287306525	ASN:chr9:134722557-136612240
RAP1GAP	1	0	0.86817056100974743	1	1.0110480593658762	ASN:chr1:20304720-22145806
RAP1GDS1	1	0	-0.51632652003586321	0	0.97155789733870179	ASN:chr4:99040831-101711689
RAPGEFL1	1	0	-0.34356272288347378	0	-0.14332305405240719	ASN:chr17:36495389-38649589
RARA	1	0	-0.38684581412343833	0	0.17850778745317483	ASN:chr17:36495389-38649589
RASAL1	1	0	-0.8732112316413867	0	0.70311758302178806	ASN:chr12:113028429-114181109
RASAL3	1	0	-0.53784051157259749	0	-0.25852443853245244	ASN:chr19:12500149-15648148
RASD2	1	0	-1.4876269652447742	0	-0.95800282061081865	ASN:chr22:34860926-36453608
RASIP1	1	1	0.2653600513970748	1	0.29403721878754346	ASN:chr19:49093112-51334271
RAX	1	0	0.30920081573255953	1	-0.57639488302142661	ASN:chr18:54958664-57377707
RBFOX2	1	0	-1.521069726025541	0	-0.56718064470913565	ASN:chr22:34860926-36453608
RBKS	1	1	0.12058541195995198	1	0.0056969132575762933	ASN:chr2:26209579-29456860
RBL2	1	0	0.69449368691156232	1	-1.7819734607195414	ASN:chr16:51214363-54450244
RBM28	1	0	0.68441069406587007	1	1.8422157839697209	ASN:chr7:126869221-129589868
RCN3	1	1	1.1640957202741591	1	0.58451801125164859	ASN:chr19:49093112-51334271
RCOR1	1	0	-0.42513198688652309	0	-0.26150631395543017	ASN:chr14:101357468-103390025
RECQL	1	0	1.2688340126688558	1	-0.34970408371004652	ASN:chr12:20523761-21757656
REEP3	1	0	0.89009094317748971	1	1.175452323531434	ASN:chr10:64198067-66313715
RELB	1	0	-1.3059476446333338	0	0.67923661355736276	ASN:chr19:43862455-45579043
REXO4	1	1	1.5915431725449589	1	-0.64826633290128244	ASN:chr9:134722557-136612240
RFC4	1	0	-0.24758216065051586	0	0.27345738919718693	ASN:chr3:186230742-188951597
RFXANK	1	1	1.3225442519529331	1	0.42128259185566902	ASN:chr19:16749208-20221313
RGL2	1	1	1.2470908801855185	1	2.8152426544741012	ASN:chr6:33209310-35757007
RGL4	1	0	1.3832995419514946	1	-0.53268778059333644	ASN:chr22:23398337-25209349
RGS3	1	0	1.0317276802392237	1	0.87404820156774843	ASN:chr9:112864469-116400502
RHOA	1	0	-1.6200476892788509	0	-0.02491785938485119	ASN:chr3:47793553-51831792
RHOF	1	1	1.3175383954482895	1	0.31705111230963634	ASN:chr12:122015993-124721969
RHOG	1	0	0.046353645966547563	1	-0.52637038626157229	ASN:chr11:2739889-4466102
RING1	1	1	1.3120155170454872	1	2.8614659878551443	ASN:chr6:32682590-33209310
RIT1	1	0	-0.57857466206065356	0	-1.4284014511653322	ASN:chr1:153397055-156616039
RMI2	1	0	-1.0793752739630023	0	1.4118449534788091	ASN:chr16:10868121-12612116
RNF10	1	0	1.1092947648548253	1	-0.388501254387632	ASN:chr12:119859279-122015993
RNF123	1	0	-1.6525064635941575	0	0.39279786154642282	ASN:chr3:47793553-51831792
RNF139	1	1	0.8244351831270138	1	0.88699397037598615	ASN:chr8:123780420-126401023
RNF26	1	0	0.48963678348600781	1	0.88354081543768903	ASN:chr11:118900987-120771784
RNF34	1	1	1.1312151470225456	1	-0.03769071062266123	ASN:chr12:119859279-122015993
RNF39	1	1	0.30583958676212381	1	1.059131319624655	ASN:chr6:29688046-30458591
RNF5	1	1	1.6474594741552671	1	3.3454581029854702	ASN:chr6:31571894-32682590
RPGRIP1L	1	0	0.6295229388038146	1	-1.5539006982988921	ASN:chr16:51214363-54450244
RPH3A	1	0	-0.81911918001739059	0	0.84113229879448204	ASN:chr12:109270450-113028429
RPL13A	1	1	1.2188966756934929	1	0.3033671508098395	ASN:chr19:49093112-51334271
RPL18	1	1	0.089996994055224058	1	0.2470441685829568	ASN:chr19:49093112-51334271
RPL19	1	0	-0.045991470608668386	1	-1.1405611935550388	ASN:chr17:36495389-38649589
RPL39L	1	0	-0.36669519884802404	0	0.94205108894242273	ASN:chr3:186230742-188951597
RPL6	1	1	0.55481893123211556	1	0.20815998366823416	ASN:chr12:109270450-113028429
RPL7A	1	1	1.602503363628808	1	-0.57980193468648134	ASN:chr9:134722557-136612240
RPLP0	1	0	0.96133218522260833	1	-0.76770653084300555	ASN:chr12:119859279-122015993
RPP14	1	0	0.42499800733452048	1	-1.1770974156280083	ASN:chr3:56847831-59704331
RPS11	1	1	1.1969762935257506	1	0.35467003533197056	ASN:chr19:49093112-51334271
RPS18	1	1	1.2903739714255049	1	2.8453743599818466	ASN:chr6:33209310-35757007
RPS19BP1	1	0	-1.4256400038827843	0	-1.0864663349793238	ASN:chr22:37977990-40527060
RPS25	1	0	0.24075900885615692	1	0.38376847602352487	ASN:chr11:117901740-118900987
RPUSD4	1	0	-0.53473389772519087	0	-2.438909578377928	ASN:chr11:124496119-126773879
RRAS	1	1	1.1092947648548253	1	0.67070317700080018	ASN:chr19:49093112-51334271
RSC1A1	1	0	0.61608616608082034	1	0.5541688304978184	ASN:chr1:14893157-17875820
RSPH6A	1	0	-0.98139533488935693	0	-0.51913124312196113	ASN:chr19:45579043-47334409
RSU1	1	0	1.3661997055920576	1	-0.53411211988227214	ASN:chr10:16679279-18537267
RTKN2	1	0	0.70627667577929154	1	1.1548838187504491	ASN:chr10:62085190-64198067
RTN2	1	0	-1.132853079436555	0	0.91940057283220822	ASN:chr19:45579043-47334409
RTP1	1	0	-0.35586674083005876	0	0.94333552591777703	ASN:chr3:186230742-188951597
RTP2	1	0	-0.32338136677620688	0	1.0926795955211153	ASN:chr3:186230742-188951597
RTP4	1	0	-0.5182936110993841	0	0.98173138033467389	ASN:chr3:186230742-188951597
RUFY2	1	0	1.1281946784464703	1	-0.18227499349221774	ASN:chr10:68757629-71054709
RUSC1	1	0	-1.0827434519185295	0	0.5492138400555836	ASN:chr1:153397055-156616039
RUSC1-AS1	1	0	-1.0389026875830449	0	0.55625077872704864	ASN:chr1:153397055-156616039
RUVBL2	1	1	0.51744444632602382	1	0.37094421768907915	ASN:chr19:49093112-51334271
RXFP2	1	0	-0.67847984579498299	0	-0.12669913270086985	ASN:chr13:32301388-34095663
RXFP4	1	0	-0.56761447097678241	0	-1.4026077333497136	ASN:chr1:153397055-156616039
RXRA	1	0	-0.39225141363490962	0	-1.2463100152597719	ASN:chr9:136612240-138198537
RXRB	1	1	1.3444778354754716	1	2.8870859159601285	ASN:chr6:32682590-33209310
SAG	1	0	1.6799336050112219	1	0.8890301870481282	ASN:chr2:233550713-234883167
SAMD13	1	0	-1.6954104163261192	0	1.2997050436826765	ASN:chr1:83991644-86012417
SAMM50	1	1	1.5501126811136268	1	2.6408660212093427	ASN:chr22:42690818-44994946
SAR1A	1	0	0.90100806162567326	1	-0.84230608047390476	ASN:chr10:71054709-72673145
SARDH	1	1	1.5038616438740116	1	-0.89188709914634157	ASN:chr9:134722557-136612240
SCAF1	1	1	1.1092947648548253	1	0.67070317700080018	ASN:chr19:49093112-51334271
SCAMP3	1	1	-0.97314154107986184	0	0.59825257904564733	ASN:chr1:153397055-156616039
SCD	1	0	1.2435318318507254	1	0.12185728106188068	ASN:chr10:100365649-102471756
SCGN	1	1	-0.38649850984329071	0	-0.2656279738380648	ASN:chr6:24397129-26141757
SCHIP1	1	0	0.82508074059578762	1	1.9177094392432241	ASN:chr3:159155377-161620009
SCN2B	1	0	0.045985098276272673	1	-1.2300598361169346	ASN:chr11:117901740-118900987
SCN4B	1	0	0.035164325466292556	1	-1.2219104016680138	ASN:chr11:117901740-118900987
SCUBE1	1	1	1.6474783740368286	1	2.6785934803454023	ASN:chr22:42690818-44994946
SDCBP	1	0	0.098928495924043403	1	-0.16429849490741086	ASN:chr8:59047312-60470380
SDHB	1	0	0.87365065655168295	1	0.52023108904615034	ASN:chr1:14893157-17875820
SDHC	1	0	-1.132853079436555	0	-0.051981713826789219	ASN:chr1:159953315-162888864
SDS	1	0	-0.97057692456456657	0	0.61127336653081665	ASN:chr12:113028429-114181109
SDSL	1	0	-1.3384028756077491	0	0.60582182135889051	ASN:chr12:113028429-114181109
SEC11C	1	0	0.28728043356481719	1	-0.49105938443019981	ASN:chr18:54958664-57377707
SEC23A	1	0	-1.5361686647871313	0	-0.083077766767245834	ASN:chr14:35858508-40256601
SEC31B	1	0	1.2100890710699583	1	0.098378202647985691	ASN:chr10:100365649-102471756
SEL1L	1	0	-1.5794824968589485	0	-1.39530320842649	ASN:chr14:81000021-83137833
SEMA4A	1	0	-1.3129074646797141	0	-1.3581220088907029	ASN:chr1:153397055-156616039
SEMA4G	1	0	1.4107456357545156	1	0.28430397911267902	ASN:chr10:102471756-106139565
SERBP1	1	0	0.93328846869572091	1	-0.32080645862591239	ASN:chr1:66774011-68477862
SERPINA10	1	1	0.92260059293170027	1	1.1288019732554622	ASN:chr14:94325285-95947052
SERPINA11	1	1	0.77113458104037658	1	1.0325656098667249	ASN:chr14:94325285-95947052
SERPINA12	1	1	0.7494965793416255	1	1.0200140523391352	ASN:chr14:94325285-95947052
SERPINA3	1	1	0.71703957679347685	1	0.91563643961356	ASN:chr14:94325285-95947052
SERPINA4	1	1	0.73867757849225002	1	0.96650868278453117	ASN:chr14:94325285-95947052
SERPINA5	1	1	0.72785857764285244	1	0.94269311302575653	ASN:chr14:94325285-95947052
SERPINA6	1	1	0.86850558868480054	1	1.1316620058211506	ASN:chr14:94325285-95947052
SERPINA9	1	1	0.76031558019100109	1	1.0316302901770105	ASN:chr14:94325285-95947052
SESN3	1	0	-0.22794964250277522	0	-0.14692997173139921	ASN:chr11:92731401-94987750
SETD1B	1	1	1.3284985865321608	1	0.36067005629881271	ASN:chr12:122015993-124721969
SETD6	1	0	-0.63520620449579934	0	-0.15289947928767011	ASN:chr16:56907578-58867358
SETX	1	1	1.3504189686998811	1	-1.022557787112147	ASN:chr9:134722557-136612240
SFT2D2	1	0	-1.5331342614541308	0	-1.0685591894617277	ASN:chr1:168175845-170169621
SFTA2	1	0	1.0524658061728713	1	1.2187309396860073	ASN:chr6:30458591-31054923
SFXN3	1	0	1.466483570389127	1	0.43482269792206635	ASN:chr10:102471756-106139565
SGIP1	1	0	0.92246769588571875	1	-1.0436240428011152	ASN:chr1:66774011-68477862
SGSM1	1	0	1.6244237457965505	1	0.69348287084717675	ASN:chr22:23398337-25209349
SH2B3	1	1	0.68463985512971071	1	2.2359359145537487	ASN:chr12:109270450-113028429
SH2D1B	1	0	-1.2626740033341501	0	-0.82039067750882966	ASN:chr1:159953315-162888864
SH2D5	1	0	0.96681228076454395	1	1.1057401827482827	ASN:chr1:20304720-22145806
SH3BP1	1	0	-1.3600396962573298	0	1.9590278184313519	ASN:chr22:37977990-40527060
SH3BP4	1	0	1.1498314990960732	1	1.3884322016136559	ASN:chr2:234883167-236066960
SH3GLB2	1	0	0.18699298018893309	1	0.49044002055380348	ASN:chr9:130597604-132047808
SHC1	1	1	-0.77585810157024671	0	0.61607915616474185	ASN:chr1:153397055-156616039
SHE	1	0	-1.115624025170121	0	0.8748530123820516	ASN:chr1:153397055-156616039
SIN3B	1	0	-0.61356938384619641	0	1.1174530644267406	ASN:chr19:16749208-20221313
SIRT4	1	0	0.97777247184841509	1	-0.5967756545920252	ASN:chr12:119859279-122015993
SIX5	1	0	-0.95975851423977609	0	-0.53000030459148828	ASN:chr19:45579043-47334409
SLAMF1	1	0	-1.3167660549581461	0	0.35964474884502545	ASN:chr1:159953315-162888864
SLAMF7	1	0	-0.84075600066697143	0	0.36536202697242182	ASN:chr1:159953315-162888864
SLC10A5	1	0	-1.3600396962573298	0	0.32340896340437775	ASN:chr8:82016264-83727741
SLC10A6	1	1	0.59803056745030192	1	-0.83003856991853797	ASN:chr4:87214993-89236855
SLC10A7	1	0	0.39688234440348491	1	-0.25030062387091995	ASN:chr4:145025810-148834277
SLC16A6	1	0	0.7269790609654142	1	0.9859632437841318	ASN:chr17:64800166-67858770
SLC17A1	1	1	-0.37567950899391517	0	-0.30552393773530395	ASN:chr6:24397129-26141757
SLC17A2	1	1	-0.34322250644578856	0	-0.16819566171317674	ASN:chr6:24397129-26141757
SLC17A3	1	1	-0.31076550389763991	0	-0.19037633717820926	ASN:chr6:24397129-26141757
SLC17A4	1	1	-0.33240350559639098	0	-0.29905779589871423	ASN:chr6:24397129-26141757
SLC17A7	1	1	1.284657822196676	1	0.034393985904101552	ASN:chr19:49093112-51334271
SLC1A6	1	0	-0.13755932955504369	0	-0.29475398753067317	ASN:chr19:12500149-15648148
SLC22A13	1	0	-1.2843108239837528	0	0.34926632704922639	ASN:chr3:35283408-38353505
SLC22A14	1	0	-1.3492212859325394	0	0.23347983268732231	ASN:chr3:35283408-38353505
SLC22A18	1	0	0.19781139051374552	1	-0.81158158157233007	ASN:chr11:2739889-4466102
SLC22A18AS	1	0	0.25190344213774168	1	-0.82250664032496301	ASN:chr11:2739889-4466102
SLC25A1	1	0	0.024235847552019008	1	-0.53347894659152262	ASN:chr22:18557031-19912242
SLC25A16	1	0	1.1065578577968673	1	-0.44298503265524602	ASN:chr10:68757629-71054709
SLC25A18	1	0	0.10095718513907322	1	-0.60038822169568462	ASN:chr22:17581547-18557031
SLC25A20	1	0	-1.4902125920176685	0	-0.034668698192919199	ASN:chr3:47793553-51831792
SLC25A28	1	0	1.310417353412237	1	0.33907078352449282	ASN:chr10:100365649-102471756
SLC25A34	1	0	0.63800654824854075	1	0.49369378738139674	ASN:chr1:14893157-17875820
SLC25A42	1	1	1.279230419881116	1	0.74813097367241077	ASN:chr19:16749208-20221313
SLC27A1	1	0	-0.65684302514540216	0	1.5018628598406722	ASN:chr19:16749208-20221313
SLC2A11	1	0	1.4381004973708285	1	-0.41903346423480631	ASN:chr22:23398337-25209349
SLC2A6	1	1	1.6901848922997553	1	-0.66718341492228528	ASN:chr9:134722557-136612240
SLC30A3	1	1	0.36963994637291164	1	-0.17711317144725047	ASN:chr2:26209579-29456860
SLC35D1	1	0	1.0090338783656698	1	-0.24265916788328268	ASN:chr1:66774011-68477862
SLC35E1	1	0	-0.20246979150383024	0	0.31950602169633624	ASN:chr19:15648148-16749208
SLC36A4	1	0	-0.049588251672040555	1	-1.3812696804690481	ASN:chr11:92731401-94987750
SLC37A4	1	0	0.31109403212111575	1	0.55448897369483863	ASN:chr11:118900987-120771784
SLC38A7	1	0	-0.6460246148205897	0	-0.38288203946338328	ASN:chr16:56907578-58867358
SLC39A12	1	0	1.4311101675408442	1	-0.4985065500509262	ASN:chr10:16679279-18537267
SLC39A7	1	1	1.3336570626654696	1	2.8740401874257948	ASN:chr6:32682590-33209310
SLC39A8	1	1	-1.663697005702633	0	-0.088175574591423847	ASN:chr4:102707193-105305539
SLC4A1AP	1	1	0.15307078601380386	1	-0.76017122054001685	ASN:chr2:26209579-29456860
SLC50A1	1	1	-0.85805953469925844	0	0.57688119431766305	ASN:chr1:153397055-156616039
SLC5A5	1	0	-0.53784051157259749	0	1.3755902681205154	ASN:chr19:16749208-20221313
SLC5A6	1	1	0.46709606853451124	1	-0.16109911906966926	ASN:chr2:26209579-29456860
SLC6A12	1	0	-1.0937036430023788	0	0.083904288168158703	ASN:chr12:61107-1739022
SLC6A13	1	0	-1.1046638340862498	0	0.23206939109782207	ASN:chr12:61107-1739022
SLC6A16	1	1	1.1421753381064168	1	0.015169389219174229	ASN:chr19:49093112-51334271
SLCO1A2	1	0	1.2255603713696501	1	-0.19877021344863072	ASN:chr12:20523761-21757656
SLCO1B3	1	0	1.2147419610448595	1	-0.14942818601471639	ASN:chr12:20523761-21757656
SLCO1C1	1	0	1.2039235507200692	1	0.074815579659886208	ASN:chr12:20523761-21757656
SLMAP	1	0	0.29517708343692539	1	-0.6548861262042136	ASN:chr3:56847831-59704331
SMAD1	1	0	0.46264349090668994	1	-0.59104437306631119	ASN:chr4:145025810-148834277
SMARCB1	1	0	1.5805829814610877	1	-0.45894172692475765	ASN:chr22:23398337-25209349
SMARCE1	1	0	-0.51669508784335383	0	1.2069873367345858	ASN:chr17:38649589-39900528
SMC4	1	0	0.86836383183577415	1	-0.96170194946638621	ASN:chr3:159155377-161620009
SMO	1	0	0.61948605720592331	1	-0.6280728949067208	ASN:chr7:126869221-129589868
SND1	1	0	0.5437406475359744	1	1.745561454127367	ASN:chr7:126869221-129589868
SNRNP70	1	1	0.71472788583561697	1	0.39992549841044089	ASN:chr19:49093112-51334271
SNRPD2	1	0	-1.0463057968381655	0	-0.34474674113161835	ASN:chr19:45579043-47334409
SNRPD3	1	0	1.5257820260417538	1	0.51552187163088015	ASN:chr22:23398337-25209349
SNX17	1	1	0.40212532042676352	1	-0.19891022846190587	ASN:chr2:26209579-29456860
SOX10	1	0	-1.4898606201549249	0	1.9264150161717242	ASN:chr22:37977990-40527060
SOX14	1	0	0.38172436603531479	1	0.65522637512377502	ASN:chr3:135268752-137727495
SPACA4	1	1	0.079036802971352876	1	0.24011518337954341	ASN:chr19:49093112-51334271
SPARCL1	1	1	0.58721156660092633	1	-0.87003260738946908	ASN:chr4:87214993-89236855
SPATA16	1	0	-1.6771359430024311	0	0.10389733570213516	ASN:chr3:172048457-175051223
SPATA21	1	0	0.73664826800335925	1	0.27416997892345263	ASN:chr1:14893157-17875820
SPDEF	1	0	-1.4252950433870775	0	2.6024806928094129	ASN:chr6:33209310-35757007
SPECC1L	1	0	1.3942597330353437	1	0.37609595138426188	ASN:chr22:23398337-25209349
SPEN	1	0	0.67088712150015428	1	0.52700117705910809	ASN:chr1:14893157-17875820
SPHK2	1	1	0.1119173762229444	1	0.25100889910990187	ASN:chr19:49093112-51334271
SPP1	1	1	0.6088495682996774	1	-1.2112644067265723	ASN:chr4:87214993-89236855
SPP2	1	0	1.6582967843616192	1	1.4748535645552412	ASN:chr2:234883167-236066960
SPPL3	1	0	1.0216132361838779	1	0.42338370186773766	ASN:chr12:119859279-122015993
SPTA1	1	0	-1.2951292343085434	0	0.63427155852732076	ASN:chr1:157982579-159953315
SQLE	1	1	0.90023438925270483	1	0.64184349063061996	ASN:chr8:123780420-126401023
SRGN	1	0	0.9767369338992723	1	0.046621500239588387	ASN:chr10:68757629-71054709
SRSF9	1	0	1.0764141916032117	1	-0.45132897541191069	ASN:chr12:119859279-122015993
SSBP4	1	1	1.4527316345513439	1	1.0911845704954073	ASN:chr19:16749208-20221313
SSR2	1	0	-0.62241542639611624	0	-1.3636666393218595	ASN:chr1:153397055-156616039
SST	1	0	-0.29089599272233302	0	1.0901892405821931	ASN:chr3:186230742-188951597
SSX2IP	1	0	-1.7170472369756999	0	1.3184609243211893	ASN:chr1:83991644-86012417
ST14	1	0	-0.9189465577637258	0	0.79527894295286083	ASN:chr11:128188777-130049774
ST3GAL4	1	0	-0.5895348531445247	0	-2.4053828415556833	ASN:chr11:124496119-126773879
ST6GAL1	1	0	-0.52912206911734938	0	0.71618467025249077	ASN:chr3:186230742-188951597
ST8SIA1	1	0	1.3445628849424547	1	0.30624318215587509	ASN:chr12:21757656-24562053
ST8SIA6	1	0	1.4743838088400278	1	-0.18576545405783443	ASN:chr10:16679279-18537267
STAC	1	0	-1.2518555930093376	0	0.083215516377658311	ASN:chr3:35283408-38353505
STAC2	1	0	-0.045991470608668386	1	-1.1236254363252949	ASN:chr17:36495389-38649589
STAG1	1	0	0.78200554805289058	1	0.41229872653971544	ASN:chr3:135268752-137727495
STAM	1	0	1.4527469881904471	1	-0.18297290661049892	ASN:chr10:16679279-18537267
STIM1	1	0	0.013898414992154282	1	-0.0974126671355042	ASN:chr11:2739889-4466102
STK19	1	0	1.074102626822474	1	1.0318640354723019	ASN:chr6:31571894-32682590
STOX1	1	0	1.020010575198478	1	-0.16318547944012157	ASN:chr10:68757629-71054709
STT3A	1	0	-0.41417179580265195	0	1.0085338464216653	ASN:chr11:124496119-126773879
SUGP2	1	1	1.3766865420427155	1	0.71512063926783598	ASN:chr19:16749208-20221313
SULT2A1	1	1	0.25439986031322565	1	-0.1748825009752788	ASN:chr19:47334409-49093112
SULT2B1	1	1	0.013275656468147835	1	0.24732723413576735	ASN:chr19:47334409-49093112
SULT4A1	1	1	1.5717495017632297	1	2.6592567717103943	ASN:chr22:42690818-44994946
SUN2	1	0	-1.5338477319827175	0	-0.58305301445360436	ASN:chr22:37977990-40527060
SUPT7L	1	1	0.16389924403176914	1	-0.52968438283554053	ASN:chr2:26209579-29456860
SUPV3L1	1	0	0.98755534422408464	1	0.090105065402919363	ASN:chr10:68757629-71054709
SURF1	1	1	1.6244237457965505	1	-0.57947716407441541	ASN:chr9:134722557-136612240
SURF2	1	1	1.6134635547126792	1	-0.56992367977285585	ASN:chr9:134722557-136612240
SURF4	1	1	1.5367422171256251	1	-0.55496929508304593	ASN:chr9:134722557-136612240
SURF6	1	1	1.5257820260417538	1	-0.63881032475814403	ASN:chr9:134722557-136612240
SUSD2	1	0	1.4600208795385488	1	0.46199426568665258	ASN:chr22:23398337-25209349
SYDE1	1	0	-0.28901707410221966	0	-0.2835893728378735	ASN:chr19:12500149-15648148
SYMPK	1	0	-1.0138505658637722	0	-0.50535748155579407	ASN:chr19:45579043-47334409
SYN2	1	0	-0.9297750157816691	0	-0.39873615689664799	ASN:chr3:11019488-12860229
SYNGAP1	1	1	1.1713454705155697	1	2.7679653760267384	ASN:chr6:33209310-35757007
SYNGR1	1	0	-1.2957907301628688	0	-0.77639856593851819	ASN:chr22:37977990-40527060
SYNGR4	1	1	0.00231546538427666	1	0.25242582781422213	ASN:chr19:47334409-49093112
SYT11	1	0	-0.55665427989291116	0	-0.34023418631941349	ASN:chr1:153397055-156616039
TAB1	1	0	-1.3066115029728709	0	-0.8454418547915068	ASN:chr22:37977990-40527060
TACR2	1	0	1.0091921648736655	1	-0.031372317464577082	ASN:chr10:71054709-72673145
TACR3	1	0	-1.0356385608061094	0	0.97199813044434169	ASN:chr4:102707193-105305539
TAF1D	1	0	-0.13319515362394674	0	-1.5936802631884837	ASN:chr11:92731401-94987750
TAP1	1	1	1.4526855635754048	1	2.9896480984655254	ASN:chr6:32682590-33209310
TAP2	1	1	1.4743271091953871	1	3.0145117872218878	ASN:chr6:32682590-33209310
TAPBP	1	1	1.2362701073755384	1	2.8080938146290944	ASN:chr6:33209310-35757007
TATDN1	1	1	0.85692055718088767	1	0.8811096244413118	ASN:chr8:123780420-126401023
TBC1D13	1	0	0.33845072473613108	1	0.63695961423367753	ASN:chr9:130597604-132047808
TBCCD1	1	0	-0.13929758047097296	0	0.33950700570841874	ASN:chr3:186230742-188951597
TBX19	1	0	-1.7062288266509096	0	-1.098935327448346	ASN:chr1:168175845-170169621
TCAP	1	0	-0.13796803949360945	0	-0.59039060746045424	ASN:chr17:36495389-38649589
TCF23	1	1	0.5104099006063284	1	-0.10541564515878282	ASN:chr2:26209579-29456860
TCF7L2	1	0	0.83609759967688668	1	-1.0057983195365712	ASN:chr10:112170486-115752990
TCTA	1	0	-1.4631636134215797	0	0.17530068507508617	ASN:chr3:47793553-51831792
TCTN1	1	1	0.52236370025772239	1	2.1750335635727884	ASN:chr12:109270450-113028429
TDP2	1	1	0.6051259749969492	1	-0.086384198595246903	ASN:chr6:24397129-26141757
TDRD10	1	0	-1.1046638340862498	0	0.88618051280227705	ASN:chr1:153397055-156616039
TDRD9	1	0	-0.14016701870598261	0	0.57769201650594193	ASN:chr14:103390025-105001894
TEAD2	1	1	1.2079364846096217	1	0.017915251270453996	ASN:chr19:49093112-51334271
TECPR2	1	0	-0.41417179580265195	0	-0.0047359802165346078	ASN:chr14:101357468-103390025
TECTB	1	0	0.85773442032648961	1	-1.1743573603986719	ASN:chr10:112170486-115752990
TEKT3	1	0	-1.601139412894879	0	-0.98306585626399479	ASN:chr17:14215665-15280576
TEPP	1	0	-0.70011666644458592	0	-0.39843890969198736	ASN:chr16:56907578-58867358
TET1	1	0	1.0632842164976617	1	-0.26278497115925559	ASN:chr10:68757629-71054709
TET2	1	0	-1.0140005591073584	0	0.32760650822319964	ASN:chr4:105305539-107501341
TFPT	1	0	-1.6737735956765163	0	-1.2817076068817597	ASN:chr19:52985347-54734184
TH	1	0	0.30599549376173779	1	-0.77565653963753456	ASN:chr11:70855-2739889
THADA	1	0	-1.0897335650530091	0	2.341190738068867	ASN:chr2:42336744-44322128
THBS3	1	1	-0.9183405856605279	0	0.62173171861990484	ASN:chr1:153397055-156616039
THRA	1	0	-0.32192117726349156	0	-0.31344441476072465	ASN:chr17:36495389-38649589
THY1	1	0	0.50045755629598787	1	0.90959913681592131	ASN:chr11:118900987-120771784
TIGD1	1	0	1.4311101675408442	1	0.50333088731284303	ASN:chr2:232191250-233550713
TIMMDC1	1	0	-0.77639363528320682	0	-1.3148681550448251	ASN:chr3:118903462-120523073
TIMP4	1	0	-0.77817660353030904	0	-0.34052510892539029	ASN:chr3:11019488-12860229
TIPRL	1	0	-1.5223158511293182	0	-1.0668600232076488	ASN:chr1:164954020-168175845
TIRAP	1	0	-0.52377370664131973	0	-2.4695890512062162	ASN:chr11:124496119-126773879
TLX1	1	0	1.4887787442429716	1	0.6295784492358697	ASN:chr10:102471756-106139565
TMC4	1	0	-1.5872263130781268	0	-1.433368818922419	ASN:chr19:52985347-54734184
TMEM116	1	1	0.54400052090730322	1	2.0730151969789192	ASN:chr12:109270450-113028429
TMEM120B	1	1	1.2736976311128267	1	0.3081139603387556	ASN:chr12:122015993-124721969
TMEM143	1	1	0.024235847552019008	1	0.24181099935491271	ASN:chr19:47334409-49093112
TMEM161A	1	1	1.3550296260068069	1	0.7778839026453247	ASN:chr19:16749208-20221313
TMEM171	1	0	-1.3708581065821424	0	-0.072475579343220728	ASN:chr5:71419711-73759199
TMEM174	1	0	-1.3816765169069327	0	0.023407401345428097	ASN:chr5:71419711-73759199
TMEM214	1	1	0.58620910673199744	1	0.20031059356084255	ASN:chr2:26209579-29456860
TMEM236	1	0	1.4635653985152375	1	-0.13126702727059203	ASN:chr10:16679279-18537267
TMEM25	1	0	0.28404210009612141	1	-0.15901345971265807	ASN:chr11:117901740-118900987
TMEM39A	1	0	-0.80885595371319119	0	-1.2739434417910189	ASN:chr3:118903462-120523073
TMEM40	1	0	-0.97308884785348626	0	0.63276154002890972	ASN:chr3:11019488-12860229
TMEM45B	1	0	-0.79983351956621762	0	0.60978478575037942	ASN:chr11:128188777-130049774
TMEM51	1	0	0.51744444632602382	1	0.54841591254678634	ASN:chr1:14893157-17875820
TMEM59L	1	1	1.4957995802402018	1	1.1075127818052619	ASN:chr19:16749208-20221313
TMEM82	1	0	0.64896673933241189	1	0.49757414947160711	ASN:chr1:14893157-17875820
TMPRSS13	1	0	0.0027020070363081793	1	-1.6257736798049289	ASN:chr11:116383543-117901740
TMPRSS4	1	0	0.024343552656290426	1	-1.2271399651439516	ASN:chr11:117901740-118900987
TMPRSS6	1	0	-1.2535276397794501	0	1.8834563185856594	ASN:chr22:36453608-37977990
TNC	1	0	0.98713733253155656	1	1.1164284684701289	ASN:chr9:116400502-119530000
TNFAIP2	1	0	-0.28264950279624185	0	-0.27359989602270984	ASN:chr14:103390025-105001894
TNFSF15	1	0	1.0205800933123015	1	1.1195057834487805	ASN:chr9:116400502-119530000
TNFSF8	1	0	0.94254698482386745	1	1.1037186001354868	ASN:chr9:116400502-119530000
TNNT3	1	0	0.37090595571052437	1	-0.84897956809126407	ASN:chr11:70855-2739889
TNP2	1	0	-1.0685545011530222	0	1.4253620437672514	ASN:chr16:10868121-12612116
TNPO1	1	0	-1.3924949272317453	0	-0.040713067305043954	ASN:chr5:71419711-73759199
TNPO3	1	0	0.60866528439592116	1	-0.0013041059889786458	ASN:chr7:126869221-129589868
TNRC6B	1	0	-1.5446685047927196	0	-0.66804112997643428	ASN:chr22:37977990-40527060
TNS4	1	0	-0.47341199660338928	0	1.2121224836191504	ASN:chr17:38649589-39900528
TOM1	1	0	-1.5433648998793856	0	-0.91647179134721135	ASN:chr22:34860926-36453608
TOMM22	1	0	-1.5771308232227039	0	-0.74522845220003908	ASN:chr22:37977990-40527060
TOMM40	1	0	-1.4033133375565356	0	0.67699074078451815	ASN:chr19:43862455-45579043
TOMM40L	1	0	-1.0679426174877684	0	0.028350935442877197	ASN:chr1:159953315-162888864
TOP2A	1	0	-0.40848735974344258	0	0.16276815082642784	ASN:chr17:36495389-38649589
TOR1A	1	0	-0.32147230507661295	0	2.5638947408902082	ASN:chr9:132047808-133641809
TOR1B	1	0	-0.31065389475182253	0	2.560238937758673	ASN:chr9:132047808-133641809
TOX	1	0	0.05561466385222625	1	0.03906446477473409	ASN:chr8:59047312-60470380
TP53AIP1	1	0	-0.98391730587145154	0	-0.37153248665458016	ASN:chr11:128188777-130049774
TPCN1	1	0	-0.91648487294057046	0	0.60995011684408174	ASN:chr12:113028429-114181109
TPD52	1	0	-1.3059476446333338	0	0.85430615474575311	ASN:chr8:79751440-82016264
TPM3	1	0	-1.23618612709266	0	0.6594859120942097	ASN:chr1:153397055-156616039
TPM4	1	0	-0.45129322897420804	0	0.60483256754236847	ASN:chr19:15648148-16749208
TPRX1	1	1	0.34756148452608665	1	-0.36888628529491552	ASN:chr19:47334409-49093112
TPST1	1	0	-1.5547710821037115	0	0.36624266450350385	ASN:chr7:63624322-67371495
TRAF1	1	0	-1.4574053891805316	0	1.6247451742112347	ASN:chr9:122117725-124681439
TRAF3	1	0	-0.43609217797039429	0	-0.33311550283977154	ASN:chr14:101357468-103390025
TRAFD1	1	1	0.47909005895851664	1	2.0111985329067292	ASN:chr12:109270450-113028429
TRANK1	1	0	-1.2302187723597569	0	0.41379370891438955	ASN:chr3:35283408-38353505
TRAPPC4	1	0	0.26240055447613919	1	0.3923530498774136	ASN:chr11:117901740-118900987
TRAPPC6A	1	0	-1.2194003620349443	0	0.79320897581803385	ASN:chr19:45579043-47334409
TRAPPC6B	1	0	-1.5578255808230399	0	0.28116079199411786	ASN:chr14:35858508-40256601
TRDMT1	1	0	1.3878365262416386	1	-0.32037291947438806	ASN:chr10:16679279-18537267
TREH	1	0	0.40307060100605679	1	-0.1015513272027911	ASN:chr11:117901740-118900987
TRIAP1	1	0	1.0544938094354914	1	-0.45330575815345819	ASN:chr12:119859279-122015993
TRIM27	1	1	0.48977264121548386	1	-0.48518298601684429	ASN:chr6:26697553-28901402
TRIM38	1	1	-0.32158450474701544	0	-0.05033226540915036	ASN:chr6:24397129-26141757
TRIM46	1	1	-0.89642020349278562	0	0.63108543198147293	ASN:chr1:153397055-156616039
TRIM54	1	1	0.32632611430109448	1	-0.18325209679510807	ASN:chr2:26209579-29456860
TRIM59	1	0	0.87918460464575432	1	-0.97707441904088366	ASN:chr3:159155377-161620009
TRIOBP	1	0	-1.5006790304797375	0	1.9370582312435516	ASN:chr22:37977990-40527060
TRMT61A	1	0	-0.20592816520918764	0	0.42293330695014514	ASN:chr14:103390025-105001894
TRPM4	1	1	0.84625017884202702	1	0.36286842266888197	ASN:chr19:49093112-51334271
TRPM5	1	0	0.21944821116334839	1	-0.84289340668643364	ASN:chr11:70855-2739889
TRPM8	1	0	1.5825679120880201	1	1.4818135099803358	ASN:chr2:233550713-234883167
TSEN2	1	0	-0.94060347379963438	0	-0.014071077581779296	ASN:chr3:11019488-12860229
TSEN34	1	0	-1.6196815440525201	0	-1.386993999553501	ASN:chr19:52985347-54734184
TSHR	1	0	-1.5145117487512227	0	-1.4997461341572773	ASN:chr14:81000021-83137833
TSKS	1	0	-0.12920682762211141	0	-0.30106813221997697	ASN:chr19:49093112-51334271
TSPAN15	1	0	0.95510011324966937	1	-0.076329915034243551	ASN:chr10:71054709-72673145
TSPAN32	1	0	0.24108503181292923	1	-0.83023231501589057	ASN:chr11:70855-2739889
TSPAN33	1	0	0.63030683001590337	1	-0.63780057546416169	ASN:chr7:126869221-129589868
TSPAN5	1	0	0.68463985512971071	1	2.1318035329214386	ASN:chr4:99040831-101711689
TSSC4	1	0	0.27354026278732252	1	-0.8102465877573406	ASN:chr11:70855-2739889
TSSK2	1	0	0.00231546538427666	1	-0.59284353297796832	ASN:chr22:18557031-19912242
TSSK6	1	1	1.1926027557374816	1	0.16582922386474602	ASN:chr19:16749208-20221313
TST	1	0	-1.2981179874871391	0	1.8810351221774888	ASN:chr22:36453608-37977990
TTC29	1	0	0.40784253548735611	1	-0.22643220889469748	ASN:chr4:145025810-148834277
TTF1	1	1	1.3284985865321608	1	-1.3191159861322297	ASN:chr9:134722557-136612240
TTLL1	1	1	1.7015402825813442	1	2.6937826299601775	ASN:chr22:42690818-44994946
TTLL12	1	1	1.6799336050112219	1	2.6886503912473225	ASN:chr22:42690818-44994946
TTLL7	1	0	-1.6629551853517039	0	1.3093488472906925	ASN:chr1:83991644-86012417
TUBA8	1	0	-0.063445681118928385	1	-0.65013056705690064	ASN:chr22:18557031-19912242
TULP2	1	1	0.50648425524215268	1	0.71352610893827029	ASN:chr19:49093112-51334271
TXN2	1	0	-1.365003509048651	0	1.8558701395657586	ASN:chr22:36453608-37977990
TYSND1	1	0	0.92264488227527608	1	-0.8529228647809115	ASN:chr10:71054709-72673145
UAP1	1	0	-1.2843108239837528	0	-0.76531258361212917	ASN:chr1:159953315-162888864
UBA52	1	1	1.3986366303044222	1	1.0921809826008679	ASN:chr19:16749208-20221313
UBAP2L	1	0	-1.2252259360087887	0	0.72027099438311637	ASN:chr1:153397055-156616039
UBD	1	1	0.64124692135353734	1	-0.28644867091171805	ASN:chr6:28901402-29688046
UBE2D3	1	0	-1.7178008697525997	0	-0.16012572471326111	ASN:chr4:102707193-105305539
UBE2H	1	0	0.66276914844588775	1	-0.17655542163599289	ASN:chr7:129589868-131635483
UBE2Q1	1	0	-1.0060221143314534	0	0.89209144284370268	ASN:chr1:153397055-156616039
UBE4A	1	0	0.12173050794624356	1	-0.54634293239872889	ASN:chr11:117901740-118900987
UBQLN4	1	0	-0.64433580856385864	0	-1.3791346861436298	ASN:chr1:153397055-156616039
UBR7	1	0	0.26264154111950599	1	0.80872264650869474	ASN:chr14:92916399-94325285
UCN	1	1	0.44543915249860266	1	-0.19555093762336723	ASN:chr2:26209579-29456860
UFC1	1	0	-1.0571242071629559	0	0.012560926524437872	ASN:chr1:159953315-162888864
UGT1A10	1	0	1.5068390398144431	1	1.4631429830449307	ASN:chr2:233550713-234883167
UGT1A3	1	0	1.5717495017632297	1	1.4917632291141627	ASN:chr2:233550713-234883167
UGT1A4	1	0	1.5609310914384393	1	1.4880148100559683	ASN:chr2:233550713-234883167
UGT1A5	1	0	1.5501126811136268	1	1.4859413571997457	ASN:chr2:233550713-234883167
UGT1A6	1	0	1.5392942707888364	1	1.4814021117065876	ASN:chr2:233550713-234883167
UGT1A7	1	0	1.5284758604640241	1	1.4785293189084132	ASN:chr2:233550713-234883167
UGT1A8	1	0	1.4960206294896308	1	1.4555780123425623	ASN:chr2:233550713-234883167
UGT1A9	1	0	1.5176574501392335	1	1.4768931865144173	ASN:chr2:233550713-234883167
UHMK1	1	0	-1.2951292343085434	0	-0.73080880040953722	ASN:chr1:159953315-162888864
UNC119B	1	0	1.1969762935257506	1	0.15303836906971841	ASN:chr12:119859279-122015993
UNC13A	1	0	-0.68929825611979545	0	1.4345201702213763	ASN:chr19:16749208-20221313
UPB1	1	0	1.5477024082094741	1	0.50504556290797753	ASN:chr22:23398337-25209349
UPF1	1	1	1.4633142061863498	1	0.52684345970979651	ASN:chr19:16749208-20221313
UPK1B	1	0	-0.74393131685322245	0	-1.4410807051089867	ASN:chr3:116898042-118903462
UPK2	1	0	0.35978750976609231	1	0.20773915964681161	ASN:chr11:117901740-118900987
USE1	1	0	-0.81911918001739059	0	1.467964337818243	ASN:chr19:16749208-20221313
USF1	1	0	-0.89484805229096753	0	-0.13500642958836467	ASN:chr1:159953315-162888864
USHBP1	1	0	-0.74339030774379156	0	1.5108274438518143	ASN:chr19:16749208-20221313
USP19	1	0	-1.7174240122247488	0	0.24124565033401307	ASN:chr3:47793553-51831792
USP2	1	0	0.42471214662603901	1	0.88151446106096587	ASN:chr11:118900987-120771784
USP21	1	0	-0.94894010391496364	0	0.030822954784860131	ASN:chr1:159953315-162888864
USP40	1	0	1.6474783740368286	1	1.4900946800063712	ASN:chr2:233550713-234883167
USP48	1	0	0.90105113426136096	1	1.226557245106749	ASN:chr1:20304720-22145806
USPL1	1	0	-0.84075600066697143	0	1.1080198782623309	ASN:chr13:30625939-32301388
UTP15	1	0	-1.4357685685309289	0	0.57137761142966126	ASN:chr5:71419711-73759199
VARS2	1	0	1.041571804575542	1	1.3711839051309489	ASN:chr6:30458591-31054923
VASP	1	0	-1.1112162587869521	0	1.191769627284669	ASN:chr19:45579043-47334409
VAV2	1	1	1.3065782043644183	1	-1.1019534082436087	ASN:chr9:136612240-138198537
VGLL4	1	0	-0.96226038983554296	0	-0.1296056627901066	ASN:chr3:11019488-12860229
VILL	1	0	-1.0354873865133531	0	-0.4759383615908534	ASN:chr3:35283408-38353505
VIM	1	0	1.4960206294896308	1	-0.30883377728104083	ASN:chr10:16679279-18537267
VKORC1L1	1	0	-1.4574053891805316	0	0.31056199180793154	ASN:chr7:63624322-67371495
VPREB3	1	0	1.695664987841691	1	-0.5285001466081356	ASN:chr22:23398337-25209349
VPS11	1	0	0.21911746323617468	1	0.91542770149951069	ASN:chr11:118900987-120771784
VPS26A	1	0	0.96591852357448182	1	0.12476204195533384	ASN:chr10:68757629-71054709
VPS29	1	1	0.44663482798412335	1	2.1238800470774963	ASN:chr12:109270450-113028429
VPS52	1	1	1.3011947442354852	1	2.8533278252734684	ASN:chr6:33209310-35757007
VSTM5	1	0	-0.14991653401434119	0	-1.5917282266991775	ASN:chr11:92731401-94987750
VTI1A	1	0	0.81446077902728387	1	-0.74396057205249599	ASN:chr10:112170486-115752990
VWA5B1	1	0	-0.63337561747998739	0	1.152480282014978	ASN:chr1:20304720-22145806
WDR20	1	0	-0.27168931171239269	0	-0.17962373015805802	ASN:chr14:101357468-103390025
WDR46	1	1	1.2687324258055008	1	2.829987411131532	ASN:chr6:33209310-35757007
WDR5	1	1	1.3394587776160098	1	-1.2904962218506393	ASN:chr9:136612240-138198537
WDR6	1	0	-1.5767693235251308	0	0.072613215310657495	ASN:chr3:47793553-51831792
WIPF2	1	0	-0.35438349569347594	0	0.085006405969506108	ASN:chr17:36495389-38649589
WIPI1	1	0	0.68366522889359704	1	0.94633861536043973	ASN:chr17:64800166-67858770
WIZ	1	0	-0.52702210124780702	0	-0.26377977933364094	ASN:chr19:12500149-15648148
WLS	1	0	1.0523169696056562	1	-0.58696246537626018	ASN:chr1:68477862-69687902
WNK1	1	0	-1.1704249805894549	0	-0.050744614500510037	ASN:chr12:61107-1739022
WNT4	1	0	1.0325734272677489	1	1.0734310361012773	ASN:chr1:22145806-23916165
WNT8B	1	0	1.2212366579968807	1	0.093689301158503963	ASN:chr10:100365649-102471756
XRCC3	1	0	-0.19496797412531647	0	0.3297799144970468	ASN:chr14:103390025-105001894
YJEFN3	1	1	1.2250881297913334	1	0.17056304183841925	ASN:chr19:16749208-20221313
YY1AP1	1	0	-0.71009695506706361	0	-0.20605623061119691	ASN:chr1:153397055-156616039
ZBTB10	1	0	-1.2626740033341501	0	1.1342700920446287	ASN:chr8:79751440-82016264
ZBTB17	1	0	0.69280750366787458	1	0.55577011541937049	ASN:chr1:14893157-17875820
ZBTB40	1	0	1.0106530451000066	1	0.89865023448954418	ASN:chr1:22145806-23916165
ZBTB44	1	0	-1.00557422190736	0	0.43769130048550109	ASN:chr11:130049774-131429519
ZBTB7B	1	1	-0.8196988659057094	0	0.59546392489223487	ASN:chr1:153397055-156616039
ZBTB9	1	1	1.1605246977055894	1	2.7616917577608375	ASN:chr6:33209310-35757007
ZC3HC1	1	0	0.52209910191599218	1	-0.14998347086633151	ASN:chr7:129589868-131635483
ZDHHC6	1	0	0.86855283065127997	1	-1.0400809354709761	ASN:chr10:112170486-115752990
ZDHHC7	1	0	-0.88460136338313999	0	1.0758765397533738	ASN:chr16:84445738-85374253
ZFAND1	1	0	-1.3816765169069327	0	0.23729035460750014	ASN:chr8:82016264-83727741
ZFP36L2	1	0	-1.0572765625048826	0	2.3519616777471462	ASN:chr2:42336744-44322128
ZFP57	1	1	0.68452528710725746	1	-0.58810441113480072	ASN:chr6:28901402-29688046
ZFYVE21	1	0	-0.17304759195759611	0	0.32905527314580163	ASN:chr14:103390025-105001894
ZKSCAN3	1	1	0.42485509258489268	1	-0.33572854916296374	ASN:chr6:26697553-28901402
ZKSCAN4	1	1	0.37075713539271499	1	-0.16082099086079851	ASN:chr6:26697553-28901402
ZNF101	1	1	1.246745045827242	1	0.21841159291246118	ASN:chr19:16749208-20221313
ZNF114	1	1	0.046156229719739351	1	-0.0022650274860943152	ASN:chr19:47334409-49093112
ZNF14	1	1	1.1168035496117905	1	-0.18967746072392849	ASN:chr19:16749208-20221313
ZNF165	1	1	0.32747876963899486	1	-0.010638957064151723	ASN:chr6:26697553-28901402
ZNF180	1	0	-1.5872263130781268	0	0.54045570005316534	ASN:chr19:43862455-45579043
ZNF184	1	1	0.056988983678172553	1	0.97398151516821696	ASN:chr6:26697553-28901402
ZNF229	1	0	-1.614272338890125	0	0.52518821753217371	ASN:chr19:43862455-45579043
ZNF253	1	1	1.019347427450191	1	0.022308920146223453	ASN:chr19:16749208-20221313
ZNF285	1	0	-1.614272338890125	0	0.52518821753217371	ASN:chr19:43862455-45579043
ZNF296	1	0	-1.2518555930093376	0	0.55097051313057566	ASN:chr19:45579043-47334409
ZNF311	1	1	0.50059223265391939	1	-0.39888479370989027	ASN:chr6:28901402-29688046
ZNF319	1	0	-0.72175348709418874	0	-0.37050310020298965	ASN:chr16:56907578-58867358
ZNF365	1	0	0.717095086104104	1	1.1554188447875737	ASN:chr10:62085190-64198067
ZNF391	1	1	0.046169392239737025	1	1.0126513460742126	ASN:chr6:26697553-28901402
ZNF486	1	1	0.97603359537837386	1	0.072750852653667736	ASN:chr19:20221313-21822864
ZNF506	1	1	1.0301758854681562	1	-0.062706777943213846	ASN:chr19:16749208-20221313
ZNF512	1	1	0.196384618085643	1	-0.40334801568530992	ASN:chr2:26209579-29456860
ZNF513	1	1	0.39129686240882022	1	-0.17028447716592576	ASN:chr2:26209579-29456860
ZNF532	1	0	0.25439986031322565	1	-0.44374229105097579	ASN:chr18:54958664-57377707
ZNF572	1	1	0.91106284727064812	1	0.70259037505769406	ASN:chr8:123780420-126401023
ZNF618	1	0	0.95369457175078964	1	1.2457133235091062	ASN:chr9:116400502-119530000
ZNF626	1	0	0.80364236870249339	1	0.7351186273464867	ASN:chr19:20221313-21822864
ZNF682	1	1	0.99769051141428244	1	0.12946723195942642	ASN:chr19:16749208-20221313
ZNF70	1	0	1.695664987841691	1	-0.5285001466081356	ASN:chr22:23398337-25209349
ZNF704	1	0	-1.3924949272317453	0	1.1108140167829115	ASN:chr8:79751440-82016264
ZNF761	1	0	-1.641318364702123	0	-0.42473540253035608	ASN:chr19:52985347-54734184
ZNF765	1	0	-1.6954104163261192	0	-0.39235304987741371	ASN:chr19:52985347-54734184
ZNF813	1	0	-1.5764079027533144	0	-0.44874660890085533	ASN:chr19:52985347-54734184
ZNF827	1	0	0.4407231087389476	1	-0.36228202058382741	ASN:chr4:145025810-148834277
ZNF839	1	0	-0.30456988496398418	0	-0.11439255493953766	ASN:chr14:101357468-103390025
ZNF85	1	0	-0.91662955146293446	0	0.74197060131022363	ASN:chr19:20221313-21822864
ZNF90	1	1	0.98686205339633915	1	0.11936830503122897	ASN:chr19:16749208-20221313
ZNF93	1	1	1.0085189694322476	1	0.0974126671355042	ASN:chr19:16749208-20221313
ZPBP2	1	0	-0.20289267635355618	0	-0.48688231743795557	ASN:chr17:36495389-38649589
ZSCAN12	1	1	0.43567468402330617	1	-0.3406705810353049	ASN:chr6:26697553-28901402
ZSCAN16	1	1	0.33829836107743039	1	-0.016542304654184197	ASN:chr6:26697553-28901402
ZSCAN23	1	1	0.44649427546174175	1	-0.38657751953019698	ASN:chr6:26697553-28901402
