comparison_id	region_code	trait	n_variants	coverage_eligible	regional_gate_pass	fit_status	primary_result	highest_robust_label_allowed	absolute_direction_resolved	sample_overlap_resolved	finite_reference_sensitivity_completed	HCC_s	liver_s	HCC_flip_warnings	liver_flip_warnings	HCC_converged	liver_converged	HCC_credible_sets	liver_credible_sets	HCC_effective_N	liver_effective_N	HCC_effective_N_converged	liver_effective_N_converged	HCC_effective_N_CS	liver_effective_N_CS	HCC_L_cap_reached	liver_L_cap_reached	max_PIP_global_sign_difference	max_posterior_global_sign_difference	global_sign_symmetry_pass	HCC_N_sensitivity_max_PIP_difference	liver_N_sensitivity_max_PIP_difference	warnings	result_origin	fit_directory	n_HCC_signals	n_liver_signals	robust_label_allowed	classification_scope	conditional_primary_state	conditional_primary_has_shared_pair	conditional_primary_has_distinct_signal	conditional_primary_has_unresolved_signal	conditional_primary_reason	conditional_prior_screen_state	conditional_prior_screen_has_shared_pair	conditional_prior_screen_has_distinct_signal	conditional_prior_screen_has_unresolved_signal	conditional_prior_screen_reason	pair_path	genotype_path	HCC_N	liver_N	pair_unchanged	fit_object_path	resolution_disposition	region_id	n_candidate_events	n_candidate_genes	n_events_with_minimum_in_region	n_events_verified_minimum_in_pair
EUR:chr2:24686918-26894985__AIH	R01	AIH	4504	True	True	unresolved_no_credible_signal	False	False	False	False	False	0.105996005297436	0.111595903341016	0	0	True	True	0	0	32691.670209500098	3278.4435797986098	True	True	0	0	False	False	0		True	0	0		reused_unchanged_input	analysis_hbsn_restructure/14_shared_signal_resolution/independent_resolution/conditional_fits															analysis_hbsn_restructure/15_remaining_obstacle_audit/corrected_inputs/R01/AIH.tsv.gz	analysis_hbsn_restructure/14_shared_signal_resolution/paired_inputs/R01/reference_dosages.tsv.gz	1566825	485234	True	analysis_hbsn_restructure/14_shared_signal_resolution/independent_resolution/conditional_fits/R01/AIH.fits.rds	unresolved_no_credible_signal	EUR:chr2:24686918-26894985	0	0	0	0
EUR:chr2:24686918-26894985__ALP	R01	ALP	4515	True	True	unresolved_no_credible_signal	False	False	False	False	False	0.109984589448129	0.096567710889435998	0	0	True	True	0	1	32691.670209500098	437438	True	True	0	1	False	False	0		True	0	0		reused_unchanged_input	analysis_hbsn_restructure/14_shared_signal_resolution/independent_resolution/conditional_fits															analysis_hbsn_restructure/15_remaining_obstacle_audit/corrected_inputs/R01/ALP.tsv.gz	analysis_hbsn_restructure/14_shared_signal_resolution/paired_inputs/R01/reference_dosages.tsv.gz	1566825	437438	True	analysis_hbsn_restructure/14_shared_signal_resolution/independent_resolution/conditional_fits/R01/ALP.fits.rds	unresolved_no_credible_signal	EUR:chr2:24686918-26894985	40	40	0	0
EUR:chr2:24686918-26894985__ALT	R01	ALT	4520	True	True	not_evaluable_pair_LD_diagnostic_gate	False	False	False	False	False	0.110282240148851	0.087997642732112205	0	1																			reused_unchanged_input	analysis_hbsn_restructure/14_shared_signal_resolution/independent_resolution/conditional_fits															analysis_hbsn_restructure/15_remaining_obstacle_audit/corrected_inputs/R01/ALT.tsv.gz	analysis_hbsn_restructure/14_shared_signal_resolution/paired_inputs/R01/reference_dosages.tsv.gz	1566825	437267	True		not_evaluable_pair_LD_diagnostic_gate	EUR:chr2:24686918-26894985	0	0	0	0
EUR:chr2:24686918-26894985__AST	R01	AST	4469	True	True	unresolved_no_credible_signal	False	False	False	False	False	0.10402870984547299	0.088309899978230702	0	0	True	True	0	0	32691.670209500098	342990	True	True	0	0	False	False	0		True	0	0		reused_unchanged_input	analysis_hbsn_restructure/14_shared_signal_resolution/independent_resolution/conditional_fits															analysis_hbsn_restructure/15_remaining_obstacle_audit/corrected_inputs/R01/AST.tsv.gz	analysis_hbsn_restructure/14_shared_signal_resolution/paired_inputs/R01/reference_dosages.tsv.gz	1566825	342990	True	analysis_hbsn_restructure/14_shared_signal_resolution/independent_resolution/conditional_fits/R01/AST.fits.rds	unresolved_no_credible_signal	EUR:chr2:24686918-26894985	0	0	0	0
EUR:chr2:24686918-26894985__BILI	R01	BILI	4462	True	True	unresolved_no_credible_signal	False	False	False	False	False	0.104633500909248	0.12846952493556599	0	0	True	True	0	1	32691.670209500098	342829	True	True	0	1	False	False	0		True	0	0		reused_unchanged_input	analysis_hbsn_restructure/14_shared_signal_resolution/independent_resolution/conditional_fits															analysis_hbsn_restructure/15_remaining_obstacle_audit/corrected_inputs/R01/BILI.tsv.gz	analysis_hbsn_restructure/14_shared_signal_resolution/paired_inputs/R01/reference_dosages.tsv.gz	1566825	342829	True	analysis_hbsn_restructure/14_shared_signal_resolution/independent_resolution/conditional_fits/R01/BILI.fits.rds	unresolved_no_credible_signal	EUR:chr2:24686918-26894985	0	0	0	0
EUR:chr2:24686918-26894985__CIRR	R01	CIRR	4356	True	True	not_evaluable_pair_LD_diagnostic_gate	False	False	False	False	False	0.096112064660849095	0.12984344344320201	1	1																		"`aes_string()` was deprecated in ggplot2 3.0.0.
ℹ Please use tidy evaluation idioms with `aes()`.
ℹ See also `vignette(""ggplot2-in-packages"")` for more information.
ℹ The deprecated feature was likely used in the susieR package.
  Please report the issue at <https://github.com/stephenslab/susieR/issues>."	reused_unchanged_input	analysis_hbsn_restructure/14_shared_signal_resolution/independent_resolution/conditional_fits															analysis_hbsn_restructure/15_remaining_obstacle_audit/corrected_inputs/R01/CIRR.tsv.gz	analysis_hbsn_restructure/14_shared_signal_resolution/paired_inputs/R01/reference_dosages.tsv.gz	1566825	1577830	True		not_evaluable_pair_LD_diagnostic_gate	EUR:chr2:24686918-26894985	0	0	0	0
EUR:chr2:24686918-26894985__GGT	R01	GGT	4514	True	True	not_evaluable_pair_LD_diagnostic_gate	False	False	False	False	False	0.109966446180815	0.101528165930554	0	1																			reused_unchanged_input	analysis_hbsn_restructure/14_shared_signal_resolution/independent_resolution/conditional_fits															analysis_hbsn_restructure/15_remaining_obstacle_audit/corrected_inputs/R01/GGT.tsv.gz	analysis_hbsn_restructure/14_shared_signal_resolution/paired_inputs/R01/reference_dosages.tsv.gz	1566825	437194	True		not_evaluable_pair_LD_diagnostic_gate	EUR:chr2:24686918-26894985	40	40	0	0
EUR:chr2:24686918-26894985__LIVER_FAT	R01	LIVER_FAT	4351	True	True	not_evaluable_pair_LD_diagnostic_gate	False	False	False	False	False	0.095974099891679196	0.061531515246062998	0	1																			reused_unchanged_input	analysis_hbsn_restructure/14_shared_signal_resolution/independent_resolution/conditional_fits															analysis_hbsn_restructure/15_remaining_obstacle_audit/corrected_inputs/R01/LIVER_FAT.tsv.gz	analysis_hbsn_restructure/14_shared_signal_resolution/paired_inputs/R01/reference_dosages.tsv.gz	1566825	32858	True		not_evaluable_pair_LD_diagnostic_gate	EUR:chr2:24686918-26894985	40	40	0	0
EUR:chr2:24686918-26894985__NAFLD	R01	NAFLD	3635	True	True	unresolved_no_credible_signal	False	False	False	False	False	0.051867205329089297	0.048766191454325501	0	0	True	True	0	0	32691.670209500098	33370.569345015603	True	True	0	0	False	False	0		True	0	0		reused_unchanged_input	analysis_hbsn_restructure/14_shared_signal_resolution/independent_resolution/conditional_fits															analysis_hbsn_restructure/15_remaining_obstacle_audit/corrected_inputs/R01/NAFLD.tsv.gz	analysis_hbsn_restructure/14_shared_signal_resolution/paired_inputs/R01/reference_dosages.tsv.gz	1566825	778614	True	analysis_hbsn_restructure/14_shared_signal_resolution/independent_resolution/conditional_fits/R01/NAFLD.fits.rds	unresolved_no_credible_signal	EUR:chr2:24686918-26894985	40	40	0	0
EUR:chr2:24686918-26894985__PBC	R01	PBC	2186	False	True	not_evaluable_coverage	False	False	False	False	False																							reused_unchanged_input	analysis_hbsn_restructure/14_shared_signal_resolution/independent_resolution/conditional_fits															analysis_hbsn_restructure/15_remaining_obstacle_audit/corrected_inputs/R01/PBC.tsv.gz	analysis_hbsn_restructure/14_shared_signal_resolution/paired_inputs/R01/reference_dosages.tsv.gz	1566825	24510	True		not_evaluable_coverage	EUR:chr2:24686918-26894985	0	0	0	0
EUR:chr2:24686918-26894985__PSC	R01	PSC	3562	False	True	not_evaluable_coverage	False	False	False	False	False																							reused_unchanged_input	analysis_hbsn_restructure/14_shared_signal_resolution/independent_resolution/conditional_fits															analysis_hbsn_restructure/15_remaining_obstacle_audit/corrected_inputs/R01/PSC.tsv.gz	analysis_hbsn_restructure/14_shared_signal_resolution/paired_inputs/R01/reference_dosages.tsv.gz	1566825	14890	True		not_evaluable_coverage	EUR:chr2:24686918-26894985	0	0	0	0
EUR:chr2:26894985-28598777__AIH	R02	AIH	2885	True	True	unresolved_no_credible_signal	False	False	False	False	False	0.062551029977462494	0.079286675673843801	0	0	True	True	0	0	32691.670209500098	3278.4435797986098	True	True	0	0	False	False	0		True	0.00069390055475610001	0		reused_unchanged_input	analysis_hbsn_restructure/14_shared_signal_resolution/independent_resolution/conditional_fits															analysis_hbsn_restructure/15_remaining_obstacle_audit/corrected_inputs/R02/AIH.tsv.gz	analysis_hbsn_restructure/14_shared_signal_resolution/paired_inputs/R02/reference_dosages.tsv.gz	1566825	485234	True	analysis_hbsn_restructure/14_shared_signal_resolution/independent_resolution/conditional_fits/R02/AIH.fits.rds	unresolved_no_credible_signal	EUR:chr2:26894985-28598777	0	0	0	0
EUR:chr2:26894985-28598777__ALP	R02	ALP	2896	True	True	unresolved_no_credible_signal	False	False	False	False	False	0.062839479945321297	0.085440082392485905	0	0	True	True	0	4	32691.670209500098	437438	True	True	0	4	False	False	0		True	0.00069440861039000003	0		reused_unchanged_input	analysis_hbsn_restructure/14_shared_signal_resolution/independent_resolution/conditional_fits															analysis_hbsn_restructure/15_remaining_obstacle_audit/corrected_inputs/R02/ALP.tsv.gz	analysis_hbsn_restructure/14_shared_signal_resolution/paired_inputs/R02/reference_dosages.tsv.gz	1566825	437438	True	analysis_hbsn_restructure/14_shared_signal_resolution/independent_resolution/conditional_fits/R02/ALP.fits.rds	unresolved_no_credible_signal	EUR:chr2:26894985-28598777	46	46	46	46
EUR:chr2:26894985-28598777__ALT	R02	ALT	2898	True	True	unresolved_no_credible_signal	False	False	False	False	False	0.063126528242205299	0.031074520491805001	0	0	True	True	0	0	32691.670209500098	437267	True	True	0	0	False	False	0		True	0.00069442093135940004	0		reused_unchanged_input	analysis_hbsn_restructure/14_shared_signal_resolution/independent_resolution/conditional_fits															analysis_hbsn_restructure/15_remaining_obstacle_audit/corrected_inputs/R02/ALT.tsv.gz	analysis_hbsn_restructure/14_shared_signal_resolution/paired_inputs/R02/reference_dosages.tsv.gz	1566825	437267	True	analysis_hbsn_restructure/14_shared_signal_resolution/independent_resolution/conditional_fits/R02/ALT.fits.rds	unresolved_no_credible_signal	EUR:chr2:26894985-28598777	0	0	0	0
EUR:chr2:26894985-28598777__AST	R02	AST	2865	True	True	unresolved_no_credible_signal	False	False	False	False	False	0.061191017570739303	0.027847889751529801	0	0	True	True	0	2	32691.670209500098	342990	True	True	0	2	False	False	0		True	0.00069344767561639999	0		reused_unchanged_input	analysis_hbsn_restructure/14_shared_signal_resolution/independent_resolution/conditional_fits															analysis_hbsn_restructure/15_remaining_obstacle_audit/corrected_inputs/R02/AST.tsv.gz	analysis_hbsn_restructure/14_shared_signal_resolution/paired_inputs/R02/reference_dosages.tsv.gz	1566825	342990	True	analysis_hbsn_restructure/14_shared_signal_resolution/independent_resolution/conditional_fits/R02/AST.fits.rds	unresolved_no_credible_signal	EUR:chr2:26894985-28598777	0	0	0	0
EUR:chr2:26894985-28598777__BILI	R02	BILI	2837	True	True	unresolved_no_credible_signal	False	False	False	False	False	0.0618897288469024	0.047530658040783803	0	0	True	True	0	0	32691.670209500098	342829	True	True	0	0	False	False	0		True	0.00069315656605019999	0		reused_unchanged_input	analysis_hbsn_restructure/14_shared_signal_resolution/independent_resolution/conditional_fits															analysis_hbsn_restructure/15_remaining_obstacle_audit/corrected_inputs/R02/BILI.tsv.gz	analysis_hbsn_restructure/14_shared_signal_resolution/paired_inputs/R02/reference_dosages.tsv.gz	1566825	342829	True	analysis_hbsn_restructure/14_shared_signal_resolution/independent_resolution/conditional_fits/R02/BILI.fits.rds	unresolved_no_credible_signal	EUR:chr2:26894985-28598777	0	0	0	0
EUR:chr2:26894985-28598777__CIRR	R02	CIRR	2796	True	True	unresolved_no_credible_signal	False	False	False	False	False	0.057422367435575501	0.094701431063357294	0	0	True	True	0	0	32691.670209500098	60313.167060229302	True	True	0	0	False	False	0		True	0.00069262186094220005	2.5585951202167202e-06	"`aes_string()` was deprecated in ggplot2 3.0.0.
ℹ Please use tidy evaluation idioms with `aes()`.
ℹ See also `vignette(""ggplot2-in-packages"")` for more information.
ℹ The deprecated feature was likely used in the susieR package.
  Please report the issue at <https://github.com/stephenslab/susieR/issues>."	reused_unchanged_input	analysis_hbsn_restructure/14_shared_signal_resolution/independent_resolution/conditional_fits															analysis_hbsn_restructure/15_remaining_obstacle_audit/corrected_inputs/R02/CIRR.tsv.gz	analysis_hbsn_restructure/14_shared_signal_resolution/paired_inputs/R02/reference_dosages.tsv.gz	1566825	1577830	True	analysis_hbsn_restructure/14_shared_signal_resolution/independent_resolution/conditional_fits/R02/CIRR.fits.rds	unresolved_no_credible_signal	EUR:chr2:26894985-28598777	0	0	0	0
EUR:chr2:26894985-28598777__GGT	R02	GGT	2896	True	True	unresolved_no_credible_signal	False	False	False	False	False	0.062839479945321297	0.088997955612388893	0	0	True	True	0	8	32691.670209500098	437194	True	True	0	8	False	False	0		True	0.00069440861039000003	0		reused_unchanged_input	analysis_hbsn_restructure/14_shared_signal_resolution/independent_resolution/conditional_fits															analysis_hbsn_restructure/15_remaining_obstacle_audit/corrected_inputs/R02/GGT.tsv.gz	analysis_hbsn_restructure/14_shared_signal_resolution/paired_inputs/R02/reference_dosages.tsv.gz	1566825	437194	True	analysis_hbsn_restructure/14_shared_signal_resolution/independent_resolution/conditional_fits/R02/GGT.fits.rds	unresolved_no_credible_signal	EUR:chr2:26894985-28598777	46	46	46	46
EUR:chr2:26894985-28598777__LIVER_FAT	R02	LIVER_FAT	2686	True	True	not_evaluable_pair_LD_diagnostic_gate	False	False	False	False	False	0.058318877181569098	0.027297318498179499	0	1																			reused_unchanged_input	analysis_hbsn_restructure/14_shared_signal_resolution/independent_resolution/conditional_fits															analysis_hbsn_restructure/15_remaining_obstacle_audit/corrected_inputs/R02/LIVER_FAT.tsv.gz	analysis_hbsn_restructure/14_shared_signal_resolution/paired_inputs/R02/reference_dosages.tsv.gz	1566825	32858	True		not_evaluable_pair_LD_diagnostic_gate	EUR:chr2:26894985-28598777	46	46	46	46
EUR:chr2:26894985-28598777__NAFLD	R02	NAFLD	2273	False	True	not_evaluable_coverage	False	False	False	False	False																							reused_unchanged_input	analysis_hbsn_restructure/14_shared_signal_resolution/independent_resolution/conditional_fits															analysis_hbsn_restructure/15_remaining_obstacle_audit/corrected_inputs/R02/NAFLD.tsv.gz	analysis_hbsn_restructure/14_shared_signal_resolution/paired_inputs/R02/reference_dosages.tsv.gz	1566825	778614	True		not_evaluable_coverage	EUR:chr2:26894985-28598777	46	46	46	46
EUR:chr2:26894985-28598777__PBC	R02	PBC	1949	False	True	not_evaluable_coverage	False	False	False	False	False																							reused_unchanged_input	analysis_hbsn_restructure/14_shared_signal_resolution/independent_resolution/conditional_fits															analysis_hbsn_restructure/15_remaining_obstacle_audit/corrected_inputs/R02/PBC.tsv.gz	analysis_hbsn_restructure/14_shared_signal_resolution/paired_inputs/R02/reference_dosages.tsv.gz	1566825	24510	True		not_evaluable_coverage	EUR:chr2:26894985-28598777	0	0	0	0
EUR:chr2:26894985-28598777__PSC	R02	PSC	2344	True	True	unresolved_no_credible_signal	False	False	False	False	False	0.037373711544339397	0.045159459754605898	0	0	True	True	0	0	32691.670209500098	9269.7243787777006	True	True	0	0	False	False	0		True	0.00068460832502710003	3.3272225470337702e-06		reused_unchanged_input	analysis_hbsn_restructure/14_shared_signal_resolution/independent_resolution/conditional_fits															analysis_hbsn_restructure/15_remaining_obstacle_audit/corrected_inputs/R02/PSC.tsv.gz	analysis_hbsn_restructure/14_shared_signal_resolution/paired_inputs/R02/reference_dosages.tsv.gz	1566825	14890	True	analysis_hbsn_restructure/14_shared_signal_resolution/independent_resolution/conditional_fits/R02/PSC.fits.rds	unresolved_no_credible_signal	EUR:chr2:26894985-28598777	0	0	0	0
EUR:chr2:28598777-29217559__AIH	R03	AIH	1524	True	True	unresolved_no_credible_signal	False	False	False	False	False	0.035276661192071797	0.067376288981166294	0	0	True	True	0	0	32691.670209500098	3278.4435797986098	True	True	0	0	False	False	0		True	0.00065441693971030003	0		reused_unchanged_input	analysis_hbsn_restructure/14_shared_signal_resolution/independent_resolution/conditional_fits															analysis_hbsn_restructure/15_remaining_obstacle_audit/corrected_inputs/R03/AIH.tsv.gz	analysis_hbsn_restructure/14_shared_signal_resolution/paired_inputs/R03/reference_dosages.tsv.gz	1566825	485234	True	analysis_hbsn_restructure/14_shared_signal_resolution/independent_resolution/conditional_fits/R03/AIH.fits.rds	unresolved_no_credible_signal	EUR:chr2:28598777-29217559	0	0	0	0
EUR:chr2:28598777-29217559__ALP	R03	ALP	1528	True	True	unresolved_no_credible_signal	False	False	False	False	False	0.035534846225977398	0.0283830812874067	0	0	True	True	0	1	32691.670209500098	437438	True	True	0	1	False	False	0		True	0.00065271160226930002	0		reused_unchanged_input	analysis_hbsn_restructure/14_shared_signal_resolution/independent_resolution/conditional_fits															analysis_hbsn_restructure/15_remaining_obstacle_audit/corrected_inputs/R03/ALP.tsv.gz	analysis_hbsn_restructure/14_shared_signal_resolution/paired_inputs/R03/reference_dosages.tsv.gz	1566825	437438	True	analysis_hbsn_restructure/14_shared_signal_resolution/independent_resolution/conditional_fits/R03/ALP.fits.rds	unresolved_no_credible_signal	EUR:chr2:28598777-29217559	19	19	0	0
EUR:chr2:28598777-29217559__ALT	R03	ALT	1528	True	True	unresolved_no_credible_signal	False	False	False	False	False	0.035534846225977398	0.020916005101494599	0	0	True	True	0	0	32691.670209500098	437267	True	True	0	0	False	False	0		True	0.00065271160226930002	0		reused_unchanged_input	analysis_hbsn_restructure/14_shared_signal_resolution/independent_resolution/conditional_fits															analysis_hbsn_restructure/15_remaining_obstacle_audit/corrected_inputs/R03/ALT.tsv.gz	analysis_hbsn_restructure/14_shared_signal_resolution/paired_inputs/R03/reference_dosages.tsv.gz	1566825	437267	True	analysis_hbsn_restructure/14_shared_signal_resolution/independent_resolution/conditional_fits/R03/ALT.fits.rds	unresolved_no_credible_signal	EUR:chr2:28598777-29217559	0	0	0	0
EUR:chr2:28598777-29217559__AST	R03	AST	1513	True	True	not_evaluable_pair_LD_diagnostic_gate	False	False	False	False	False	0.034943416023623698	0.016542171137798399	0	1																			reused_unchanged_input	analysis_hbsn_restructure/14_shared_signal_resolution/independent_resolution/conditional_fits															analysis_hbsn_restructure/15_remaining_obstacle_audit/corrected_inputs/R03/AST.tsv.gz	analysis_hbsn_restructure/14_shared_signal_resolution/paired_inputs/R03/reference_dosages.tsv.gz	1566825	342990	True		not_evaluable_pair_LD_diagnostic_gate	EUR:chr2:28598777-29217559	0	0	0	0
EUR:chr2:28598777-29217559__BILI	R03	BILI	1513	True	True	unresolved_no_credible_signal	False	False	False	False	False	0.034943416023623698	0.0333837971085445	0	0	True	True	0	0	32691.670209500098	342829	True	True	0	0	False	False	0		True	6.03772996123908e-05	0		reused_unchanged_input	analysis_hbsn_restructure/14_shared_signal_resolution/independent_resolution/conditional_fits															analysis_hbsn_restructure/15_remaining_obstacle_audit/corrected_inputs/R03/BILI.tsv.gz	analysis_hbsn_restructure/14_shared_signal_resolution/paired_inputs/R03/reference_dosages.tsv.gz	1566825	342829	True	analysis_hbsn_restructure/14_shared_signal_resolution/independent_resolution/conditional_fits/R03/BILI.fits.rds	unresolved_no_credible_signal	EUR:chr2:28598777-29217559	0	0	0	0
EUR:chr2:28598777-29217559__CIRR	R03	CIRR	1487	True	True	unresolved_no_credible_signal	False	False	False	False	False	0.033437445889172898	0.062316581190591899	0	0	True	True	0	0	32691.670209500098	60313.167060229302	True	True	0	0	False	False	0		True	0.00067034072858279995	0	"`aes_string()` was deprecated in ggplot2 3.0.0.
ℹ Please use tidy evaluation idioms with `aes()`.
ℹ See also `vignette(""ggplot2-in-packages"")` for more information.
ℹ The deprecated feature was likely used in the susieR package.
  Please report the issue at <https://github.com/stephenslab/susieR/issues>."	reused_unchanged_input	analysis_hbsn_restructure/14_shared_signal_resolution/independent_resolution/conditional_fits															analysis_hbsn_restructure/15_remaining_obstacle_audit/corrected_inputs/R03/CIRR.tsv.gz	analysis_hbsn_restructure/14_shared_signal_resolution/paired_inputs/R03/reference_dosages.tsv.gz	1566825	1577830	True	analysis_hbsn_restructure/14_shared_signal_resolution/independent_resolution/conditional_fits/R03/CIRR.fits.rds	unresolved_no_credible_signal	EUR:chr2:28598777-29217559	0	0	0	0
EUR:chr2:28598777-29217559__GGT	R03	GGT	1528	True	True	not_evaluable_pair_LD_diagnostic_gate	False	False	False	False	False	0.035534846225977398	0.028547458268509199	0	1																			reused_unchanged_input	analysis_hbsn_restructure/14_shared_signal_resolution/independent_resolution/conditional_fits															analysis_hbsn_restructure/15_remaining_obstacle_audit/corrected_inputs/R03/GGT.tsv.gz	analysis_hbsn_restructure/14_shared_signal_resolution/paired_inputs/R03/reference_dosages.tsv.gz	1566825	437194	True		not_evaluable_pair_LD_diagnostic_gate	EUR:chr2:28598777-29217559	19	19	0	0
EUR:chr2:28598777-29217559__LIVER_FAT	R03	LIVER_FAT	1490	True	True	unresolved_no_credible_signal	False	False	False	False	False	0.0324137106774261	0.0141922748369028	0	0	True	True	0	0	32691.670209500098	32858	True	True	0	0	False	False	0		True	0.00066875910555789998	0		reused_unchanged_input	analysis_hbsn_restructure/14_shared_signal_resolution/independent_resolution/conditional_fits															analysis_hbsn_restructure/15_remaining_obstacle_audit/corrected_inputs/R03/LIVER_FAT.tsv.gz	analysis_hbsn_restructure/14_shared_signal_resolution/paired_inputs/R03/reference_dosages.tsv.gz	1566825	32858	True	analysis_hbsn_restructure/14_shared_signal_resolution/independent_resolution/conditional_fits/R03/LIVER_FAT.fits.rds	unresolved_no_credible_signal	EUR:chr2:28598777-29217559	19	19	0	0
EUR:chr2:28598777-29217559__NAFLD	R03	NAFLD	1333	True	True	unresolved_no_credible_signal	False	False	False	False	False	0.0158141815551931	0.0096967041296914993	0	0	True	True	0	0	32691.670209500098	33370.569345015603	True	True	0	0	False	False	0		True	7.3337769619929993e-05	0		reused_unchanged_input	analysis_hbsn_restructure/14_shared_signal_resolution/independent_resolution/conditional_fits															analysis_hbsn_restructure/15_remaining_obstacle_audit/corrected_inputs/R03/NAFLD.tsv.gz	analysis_hbsn_restructure/14_shared_signal_resolution/paired_inputs/R03/reference_dosages.tsv.gz	1566825	778614	True	analysis_hbsn_restructure/14_shared_signal_resolution/independent_resolution/conditional_fits/R03/NAFLD.fits.rds	unresolved_no_credible_signal	EUR:chr2:28598777-29217559	19	19	0	0
EUR:chr2:28598777-29217559__PBC	R03	PBC	1021	False	True	not_evaluable_coverage	False	False	False	False	False																							reused_unchanged_input	analysis_hbsn_restructure/14_shared_signal_resolution/independent_resolution/conditional_fits															analysis_hbsn_restructure/15_remaining_obstacle_audit/corrected_inputs/R03/PBC.tsv.gz	analysis_hbsn_restructure/14_shared_signal_resolution/paired_inputs/R03/reference_dosages.tsv.gz	1566825	24510	True		not_evaluable_coverage	EUR:chr2:28598777-29217559	0	0	0	0
EUR:chr2:28598777-29217559__PSC	R03	PSC	1306	True	True	unresolved_no_credible_signal	False	False	False	False	False	0.024467468011605199	0.020176449058504301	0	0	True	True	0	0	32691.670209500098	9269.7243787777006	True	True	0	0	False	False	0		True	9.1159066074153499e-05	5.7255376335607596e-06		reused_unchanged_input	analysis_hbsn_restructure/14_shared_signal_resolution/independent_resolution/conditional_fits															analysis_hbsn_restructure/15_remaining_obstacle_audit/corrected_inputs/R03/PSC.tsv.gz	analysis_hbsn_restructure/14_shared_signal_resolution/paired_inputs/R03/reference_dosages.tsv.gz	1566825	14890	True	analysis_hbsn_restructure/14_shared_signal_resolution/independent_resolution/conditional_fits/R03/PSC.fits.rds	unresolved_no_credible_signal	EUR:chr2:28598777-29217559	0	0	0	0
EUR:chr3:135456906-137371083__AIH	R04	AIH	3459	True	True	unresolved_no_credible_signal	False	False	False	False	False	0.075166890719071996	0.069117601141521101	0	0	True	True	0	0	32691.670209500098	3278.4435797986098	True	True	0	0	False	False	0		True	2.2621181472559699e-05	3.60848115188439e-05		reused_unchanged_input	analysis_hbsn_restructure/14_shared_signal_resolution/independent_resolution/conditional_fits															analysis_hbsn_restructure/15_remaining_obstacle_audit/corrected_inputs/R04/AIH.tsv.gz	analysis_hbsn_restructure/14_shared_signal_resolution/paired_inputs/R04/reference_dosages.tsv.gz	1566825	485234	True	analysis_hbsn_restructure/14_shared_signal_resolution/independent_resolution/conditional_fits/R04/AIH.fits.rds	unresolved_no_credible_signal	EUR:chr3:135456906-137371083	0	0	0	0
EUR:chr3:135456906-137371083__ALP	R04	ALP	3462	True	True	unresolved_no_credible_signal	False	False	False	False	False	0.077240027290997895	0.053703369616855297	0	0	True	True	0	2	32691.670209500098	437438	True	True	0	2	False	False	0		True	2.2624554376626801e-05	0		reused_unchanged_input	analysis_hbsn_restructure/14_shared_signal_resolution/independent_resolution/conditional_fits															analysis_hbsn_restructure/15_remaining_obstacle_audit/corrected_inputs/R04/ALP.tsv.gz	analysis_hbsn_restructure/14_shared_signal_resolution/paired_inputs/R04/reference_dosages.tsv.gz	1566825	437438	True	analysis_hbsn_restructure/14_shared_signal_resolution/independent_resolution/conditional_fits/R04/ALP.fits.rds	unresolved_no_credible_signal	EUR:chr3:135456906-137371083	0	0	0	0
EUR:chr3:135456906-137371083__ALT	R04	ALT	3462	True	True	not_evaluable_pair_LD_diagnostic_gate	False	False	False	False	False	0.077240027290997895	0.054617138979041399	0	1																			reused_unchanged_input	analysis_hbsn_restructure/14_shared_signal_resolution/independent_resolution/conditional_fits															analysis_hbsn_restructure/15_remaining_obstacle_audit/corrected_inputs/R04/ALT.tsv.gz	analysis_hbsn_restructure/14_shared_signal_resolution/paired_inputs/R04/reference_dosages.tsv.gz	1566825	437267	True		not_evaluable_pair_LD_diagnostic_gate	EUR:chr3:135456906-137371083	0	0	0	0
EUR:chr3:135456906-137371083__AST	R04	AST	3440	True	True	unresolved_no_credible_signal	False	False	False	False	False	0.073555068651317099	0.027475092833271	0	0	True	True	0	0	32691.670209500098	342990	True	True	0	0	False	False	0		True	2.2617754695142301e-05	0		reused_unchanged_input	analysis_hbsn_restructure/14_shared_signal_resolution/independent_resolution/conditional_fits															analysis_hbsn_restructure/15_remaining_obstacle_audit/corrected_inputs/R04/AST.tsv.gz	analysis_hbsn_restructure/14_shared_signal_resolution/paired_inputs/R04/reference_dosages.tsv.gz	1566825	342990	True	analysis_hbsn_restructure/14_shared_signal_resolution/independent_resolution/conditional_fits/R04/AST.fits.rds	unresolved_no_credible_signal	EUR:chr3:135456906-137371083	0	0	0	0
EUR:chr3:135456906-137371083__BILI	R04	BILI	3449	True	True	not_evaluable_pair_LD_diagnostic_gate	False	False	False	False	False	0.073671575130401803	0.162703122370737	0	1																			reused_unchanged_input	analysis_hbsn_restructure/14_shared_signal_resolution/independent_resolution/conditional_fits															analysis_hbsn_restructure/15_remaining_obstacle_audit/corrected_inputs/R04/BILI.tsv.gz	analysis_hbsn_restructure/14_shared_signal_resolution/paired_inputs/R04/reference_dosages.tsv.gz	1566825	342829	True		not_evaluable_pair_LD_diagnostic_gate	EUR:chr3:135456906-137371083	0	0	0	0
EUR:chr3:135456906-137371083__CIRR	R04	CIRR	3371	True	True	not_evaluable_pair_LD_diagnostic_gate	False	False	False	False	False	0.074375700031400094	0.121229264395691	0	1																		"`aes_string()` was deprecated in ggplot2 3.0.0.
ℹ Please use tidy evaluation idioms with `aes()`.
ℹ See also `vignette(""ggplot2-in-packages"")` for more information.
ℹ The deprecated feature was likely used in the susieR package.
  Please report the issue at <https://github.com/stephenslab/susieR/issues>."	reused_unchanged_input	analysis_hbsn_restructure/14_shared_signal_resolution/independent_resolution/conditional_fits															analysis_hbsn_restructure/15_remaining_obstacle_audit/corrected_inputs/R04/CIRR.tsv.gz	analysis_hbsn_restructure/14_shared_signal_resolution/paired_inputs/R04/reference_dosages.tsv.gz	1566825	1580010	True		not_evaluable_pair_LD_diagnostic_gate	EUR:chr3:135456906-137371083	0	0	0	0
EUR:chr3:135456906-137371083__GGT	R04	GGT	3462	True	True	not_evaluable_pair_LD_diagnostic_gate	False	False	False	False	False	0.077240027290997895	0.048112479090904998	0	1																			reused_unchanged_input	analysis_hbsn_restructure/14_shared_signal_resolution/independent_resolution/conditional_fits															analysis_hbsn_restructure/15_remaining_obstacle_audit/corrected_inputs/R04/GGT.tsv.gz	analysis_hbsn_restructure/14_shared_signal_resolution/paired_inputs/R04/reference_dosages.tsv.gz	1566825	437194	True		not_evaluable_pair_LD_diagnostic_gate	EUR:chr3:135456906-137371083	0	0	0	0
EUR:chr3:135456906-137371083__LIVER_FAT	R04	LIVER_FAT	3367	True	True	unresolved_no_credible_signal	False	False	False	False	False	0.074180077237926301	0.024541546219399499	0	0	True	True	0	0	32691.670209500098	32858	True	True	0	0	False	False	0		True	2.25902262797062e-05	0		reused_unchanged_input	analysis_hbsn_restructure/14_shared_signal_resolution/independent_resolution/conditional_fits															analysis_hbsn_restructure/15_remaining_obstacle_audit/corrected_inputs/R04/LIVER_FAT.tsv.gz	analysis_hbsn_restructure/14_shared_signal_resolution/paired_inputs/R04/reference_dosages.tsv.gz	1566825	32858	True	analysis_hbsn_restructure/14_shared_signal_resolution/independent_resolution/conditional_fits/R04/LIVER_FAT.fits.rds	unresolved_no_credible_signal	EUR:chr3:135456906-137371083	0	0	0	0
EUR:chr3:135456906-137371083__NAFLD	R04	NAFLD	2771	False	True	not_evaluable_coverage	False	False	False	False	False																							reused_unchanged_input	analysis_hbsn_restructure/14_shared_signal_resolution/independent_resolution/conditional_fits															analysis_hbsn_restructure/15_remaining_obstacle_audit/corrected_inputs/R04/NAFLD.tsv.gz	analysis_hbsn_restructure/14_shared_signal_resolution/paired_inputs/R04/reference_dosages.tsv.gz	1566825	778614	True		not_evaluable_coverage	EUR:chr3:135456906-137371083	0	0	0	0
EUR:chr3:135456906-137371083__PBC	R04	PBC	1971	False	True	not_evaluable_coverage	False	False	False	False	False																							reused_unchanged_input	analysis_hbsn_restructure/14_shared_signal_resolution/independent_resolution/conditional_fits															analysis_hbsn_restructure/15_remaining_obstacle_audit/corrected_inputs/R04/PBC.tsv.gz	analysis_hbsn_restructure/14_shared_signal_resolution/paired_inputs/R04/reference_dosages.tsv.gz	1566825	24510	True		not_evaluable_coverage	EUR:chr3:135456906-137371083	0	0	0	0
EUR:chr3:135456906-137371083__PSC	R04	PSC	2918	True	True	unresolved_no_credible_signal	False	False	False	False	False	0.049989465621761597	0.024578961825776301	0	0	True	True	0	0	32691.670209500098	9269.7243787777006	True	True	0	0	False	False	0		True	2.30941367196369e-05	0		reused_unchanged_input	analysis_hbsn_restructure/14_shared_signal_resolution/independent_resolution/conditional_fits															analysis_hbsn_restructure/15_remaining_obstacle_audit/corrected_inputs/R04/PSC.tsv.gz	analysis_hbsn_restructure/14_shared_signal_resolution/paired_inputs/R04/reference_dosages.tsv.gz	1566825	14890	True	analysis_hbsn_restructure/14_shared_signal_resolution/independent_resolution/conditional_fits/R04/PSC.fits.rds	unresolved_no_credible_signal	EUR:chr3:135456906-137371083	0	0	0	0
EUR:chr4:86930609-87534648__AIH	R05	AIH	1457	True	True	unresolved_no_credible_signal	False	False	False	False	False	0.045449428679727101	0.034644706168127003	0	0	True	True	0	0	32691.670209500098	3278.4435797986098	True	True	0	0	False	False	0		True	0.0013710210451100999	0		reused_unchanged_input	analysis_hbsn_restructure/14_shared_signal_resolution/independent_resolution/conditional_fits															analysis_hbsn_restructure/15_remaining_obstacle_audit/corrected_inputs/R05/AIH.tsv.gz	analysis_hbsn_restructure/14_shared_signal_resolution/paired_inputs/R05/reference_dosages.tsv.gz	1566825	485234	True	analysis_hbsn_restructure/14_shared_signal_resolution/independent_resolution/conditional_fits/R05/AIH.fits.rds	unresolved_no_credible_signal	EUR:chr4:86930609-87534648	0	0	0	0
EUR:chr4:86930609-87534648__ALP	R05	ALP	1459	True	True	unresolved_no_credible_signal	False	False	False	False	False	0.045466962769244598	0.0071058396233196	0	0	True	True	0	1	32691.670209500098	437438	True	True	0	1	False	False	0		True	0.0013692588069921	0		reused_unchanged_input	analysis_hbsn_restructure/14_shared_signal_resolution/independent_resolution/conditional_fits															analysis_hbsn_restructure/15_remaining_obstacle_audit/corrected_inputs/R05/ALP.tsv.gz	analysis_hbsn_restructure/14_shared_signal_resolution/paired_inputs/R05/reference_dosages.tsv.gz	1566825	437438	True	analysis_hbsn_restructure/14_shared_signal_resolution/independent_resolution/conditional_fits/R05/ALP.fits.rds	unresolved_no_credible_signal	EUR:chr4:86930609-87534648	0	0	0	0
EUR:chr4:86930609-87534648__ALT	R05	ALT	1459	True	True	unresolved_no_credible_signal	False	False	False	False	False	0.045466962769244598	0.0092903028979606991	0	0	True	True	0	3	32691.670209500098	437267	True	True	0	3	False	False	0		True	0.0013692588069921	0		reused_unchanged_input	analysis_hbsn_restructure/14_shared_signal_resolution/independent_resolution/conditional_fits															analysis_hbsn_restructure/15_remaining_obstacle_audit/corrected_inputs/R05/ALT.tsv.gz	analysis_hbsn_restructure/14_shared_signal_resolution/paired_inputs/R05/reference_dosages.tsv.gz	1566825	437267	True	analysis_hbsn_restructure/14_shared_signal_resolution/independent_resolution/conditional_fits/R05/ALT.fits.rds	unresolved_no_credible_signal	EUR:chr4:86930609-87534648	10	10	0	0
EUR:chr4:86930609-87534648__AST	R05	AST	1445	True	True	unresolved_no_credible_signal	False	False	False	False	False	0.044450047891357598	0.0047761107606771004	0	0	True	True	0	0	32691.670209500098	342990	True	True	0	0	False	False	0		True	0.0020713798065251001	0		reused_unchanged_input	analysis_hbsn_restructure/14_shared_signal_resolution/independent_resolution/conditional_fits															analysis_hbsn_restructure/15_remaining_obstacle_audit/corrected_inputs/R05/AST.tsv.gz	analysis_hbsn_restructure/14_shared_signal_resolution/paired_inputs/R05/reference_dosages.tsv.gz	1566825	342990	True	analysis_hbsn_restructure/14_shared_signal_resolution/independent_resolution/conditional_fits/R05/AST.fits.rds	unresolved_no_credible_signal	EUR:chr4:86930609-87534648	10	10	0	0
EUR:chr4:86930609-87534648__BILI	R05	BILI	1418	True	True	unresolved_no_credible_signal	False	False	False	False	False	0.043877743568572901	0.027462267381014701	0	0	True	True	0	0	32691.670209500098	342829	True	True	0	0	False	False	0		True	0.0014079604279585	0		reused_unchanged_input	analysis_hbsn_restructure/14_shared_signal_resolution/independent_resolution/conditional_fits															analysis_hbsn_restructure/15_remaining_obstacle_audit/corrected_inputs/R05/BILI.tsv.gz	analysis_hbsn_restructure/14_shared_signal_resolution/paired_inputs/R05/reference_dosages.tsv.gz	1566825	342829	True	analysis_hbsn_restructure/14_shared_signal_resolution/independent_resolution/conditional_fits/R05/BILI.fits.rds	unresolved_no_credible_signal	EUR:chr4:86930609-87534648	10	10	0	0
EUR:chr4:86930609-87534648__CIRR	R05	CIRR	1412	True	True	unresolved_no_credible_signal	False	False	False	False	False	0.0393430402400511	0.075045324910260502	0	0	True	True	0	0	32691.670209500098	60313.167060229302	True	True	0	0	False	False	0		True	0.0014135270417352001	0.00039691405872269999	"`aes_string()` was deprecated in ggplot2 3.0.0.
ℹ Please use tidy evaluation idioms with `aes()`.
ℹ See also `vignette(""ggplot2-in-packages"")` for more information.
ℹ The deprecated feature was likely used in the susieR package.
  Please report the issue at <https://github.com/stephenslab/susieR/issues>."	reused_unchanged_input	analysis_hbsn_restructure/14_shared_signal_resolution/independent_resolution/conditional_fits															analysis_hbsn_restructure/15_remaining_obstacle_audit/corrected_inputs/R05/CIRR.tsv.gz	analysis_hbsn_restructure/14_shared_signal_resolution/paired_inputs/R05/reference_dosages.tsv.gz	1566825	1580010	True	analysis_hbsn_restructure/14_shared_signal_resolution/independent_resolution/conditional_fits/R05/CIRR.fits.rds	unresolved_no_credible_signal	EUR:chr4:86930609-87534648	10	10	0	0
EUR:chr4:86930609-87534648__GGT	R05	GGT	1459	True	True	unresolved_no_credible_signal	False	False	False	False	False	0.045466962769244598	0.0074475685282859002	0	0	True	True	0	1	32691.670209500098	437194	True	True	0	1	False	False	0		True	0.0013692588069921	0		reused_unchanged_input	analysis_hbsn_restructure/14_shared_signal_resolution/independent_resolution/conditional_fits															analysis_hbsn_restructure/15_remaining_obstacle_audit/corrected_inputs/R05/GGT.tsv.gz	analysis_hbsn_restructure/14_shared_signal_resolution/paired_inputs/R05/reference_dosages.tsv.gz	1566825	437194	True	analysis_hbsn_restructure/14_shared_signal_resolution/independent_resolution/conditional_fits/R05/GGT.fits.rds	unresolved_no_credible_signal	EUR:chr4:86930609-87534648	0	0	0	0
EUR:chr4:86930609-87534648__LIVER_FAT	R05	LIVER_FAT	1407	True	True	unresolved_no_credible_signal	False	False	False	False	False	0.044574283180006197	0.0035883302954555999	0	0	True	True	0	0	32691.670209500098	32858	True	True	0	0	False	False	0		True	2.7237255047385399e-05	0		reused_unchanged_input	analysis_hbsn_restructure/14_shared_signal_resolution/independent_resolution/conditional_fits															analysis_hbsn_restructure/15_remaining_obstacle_audit/corrected_inputs/R05/LIVER_FAT.tsv.gz	analysis_hbsn_restructure/14_shared_signal_resolution/paired_inputs/R05/reference_dosages.tsv.gz	1566825	32858	True	analysis_hbsn_restructure/14_shared_signal_resolution/independent_resolution/conditional_fits/R05/LIVER_FAT.fits.rds	unresolved_no_credible_signal	EUR:chr4:86930609-87534648	0	0	0	0
EUR:chr4:86930609-87534648__NAFLD	R05	NAFLD	1170	True	True	unresolved_no_credible_signal	False	False	False	False	False	0.0089771680658705996	0.0039127096007990003	0	0	True	True	0	0	32691.670209500098	33370.569345015603	True	True	0	0	False	False	0		True	2.4134545325016398e-05	0		reused_unchanged_input	analysis_hbsn_restructure/14_shared_signal_resolution/independent_resolution/conditional_fits															analysis_hbsn_restructure/15_remaining_obstacle_audit/corrected_inputs/R05/NAFLD.tsv.gz	analysis_hbsn_restructure/14_shared_signal_resolution/paired_inputs/R05/reference_dosages.tsv.gz	1566825	778614	True	analysis_hbsn_restructure/14_shared_signal_resolution/independent_resolution/conditional_fits/R05/NAFLD.fits.rds	unresolved_no_credible_signal	EUR:chr4:86930609-87534648	0	0	0	0
EUR:chr4:86930609-87534648__PBC	R05	PBC	1001	False	True	not_evaluable_coverage	False	False	False	False	False																							reused_unchanged_input	analysis_hbsn_restructure/14_shared_signal_resolution/independent_resolution/conditional_fits															analysis_hbsn_restructure/15_remaining_obstacle_audit/corrected_inputs/R05/PBC.tsv.gz	analysis_hbsn_restructure/14_shared_signal_resolution/paired_inputs/R05/reference_dosages.tsv.gz	1566825	24510	True		not_evaluable_coverage	EUR:chr4:86930609-87534648	0	0	0	0
EUR:chr4:86930609-87534648__PSC	R05	PSC	1223	True	True	unresolved_no_credible_signal	False	False	False	False	False	0.025117232289535101	0.016374642332008402	0	0	True	True	0	0	32691.670209500098	9269.7243787777006	True	True	0	0	False	False	0		True	0.00081956696476289997	3.4930250680798e-06		reused_unchanged_input	analysis_hbsn_restructure/14_shared_signal_resolution/independent_resolution/conditional_fits															analysis_hbsn_restructure/15_remaining_obstacle_audit/corrected_inputs/R05/PSC.tsv.gz	analysis_hbsn_restructure/14_shared_signal_resolution/paired_inputs/R05/reference_dosages.tsv.gz	1566825	14890	True	analysis_hbsn_restructure/14_shared_signal_resolution/independent_resolution/conditional_fits/R05/PSC.fits.rds	unresolved_no_credible_signal	EUR:chr4:86930609-87534648	0	0	0	0
EUR:chr4:87534648-89238028__AIH	R06	AIH	4562	True	True	unresolved_no_credible_signal	False	False	False	False	False	0.097728616555390196	0.103875240153933	0	0	True	True	1	0	32691.670209500098	3278.4435797986098	True	True	1	0	False	False	0		True	0.0001215500928769	3.4530008953259598e-05		reused_unchanged_input	analysis_hbsn_restructure/14_shared_signal_resolution/independent_resolution/conditional_fits															analysis_hbsn_restructure/15_remaining_obstacle_audit/corrected_inputs/R06/AIH.tsv.gz	analysis_hbsn_restructure/14_shared_signal_resolution/paired_inputs/R06/reference_dosages.tsv.gz	1566825	485234	True	analysis_hbsn_restructure/14_shared_signal_resolution/independent_resolution/conditional_fits/R06/AIH.fits.rds	unresolved_no_credible_signal	EUR:chr4:87534648-89238028	0	0	0	0
EUR:chr4:87534648-89238028__ALP	R06	ALP	4573	True	True	not_evaluable_pair_LD_diagnostic_gate	False	False	False	False	False	0.100869457334971	0.064122101722878799	0	1																			reused_unchanged_input	analysis_hbsn_restructure/14_shared_signal_resolution/independent_resolution/conditional_fits															analysis_hbsn_restructure/15_remaining_obstacle_audit/corrected_inputs/R06/ALP.tsv.gz	analysis_hbsn_restructure/14_shared_signal_resolution/paired_inputs/R06/reference_dosages.tsv.gz	1566825	437438	True		not_evaluable_pair_LD_diagnostic_gate	EUR:chr4:87534648-89238028	0	0	0	0
EUR:chr4:87534648-89238028__ALT	R06	ALT	4573	True	True	not_evaluable_pair_LD_diagnostic_gate	False	False	False	False	False	0.100869457334971	0.14016792373456199	0	2																			reused_unchanged_input	analysis_hbsn_restructure/14_shared_signal_resolution/independent_resolution/conditional_fits															analysis_hbsn_restructure/15_remaining_obstacle_audit/corrected_inputs/R06/ALT.tsv.gz	analysis_hbsn_restructure/14_shared_signal_resolution/paired_inputs/R06/reference_dosages.tsv.gz	1566825	437267	True		not_evaluable_pair_LD_diagnostic_gate	EUR:chr4:87534648-89238028	16	16	16	16
EUR:chr4:87534648-89238028__AST	R06	AST	4519	True	True	conditional_signal_pair_evaluable	False	False	False	False	False	0.093180230200104699	0.078963954995889499	0	0	True	True	1	2	32691.670209500098	342990	True	True	1	2	False	False	0	0	True	0.0001213662621611	0		reused_unchanged_input	analysis_hbsn_restructure/14_shared_signal_resolution/independent_resolution/conditional_fits	1	2	False	conditional_model_not_reliability_qualified	distinct-only	False	True	False	all_detected_signals_resolved_within_evaluable_scope	unresolved	False	True	True	incomplete_or_ambiguous_signal_resolution	analysis_hbsn_restructure/15_remaining_obstacle_audit/corrected_inputs/R06/AST.tsv.gz	analysis_hbsn_restructure/14_shared_signal_resolution/paired_inputs/R06/reference_dosages.tsv.gz	1566825	342990	True	analysis_hbsn_restructure/14_shared_signal_resolution/independent_resolution/conditional_fits/R06/AST.fits.rds	unresolved	EUR:chr4:87534648-89238028	16	16	16	16
EUR:chr4:87534648-89238028__BILI	R06	BILI	4526	True	True	not_evaluable_pair_LD_diagnostic_gate	False	False	False	False	False	0.095468932270018902	0.11242302802848	0	2																			reused_unchanged_input	analysis_hbsn_restructure/14_shared_signal_resolution/independent_resolution/conditional_fits															analysis_hbsn_restructure/15_remaining_obstacle_audit/corrected_inputs/R06/BILI.tsv.gz	analysis_hbsn_restructure/14_shared_signal_resolution/paired_inputs/R06/reference_dosages.tsv.gz	1566825	342829	True		not_evaluable_pair_LD_diagnostic_gate	EUR:chr4:87534648-89238028	16	16	16	16
EUR:chr4:87534648-89238028__CIRR	R06	CIRR	4450	True	True	conditional_signal_pair_evaluable	False	False	False	False	False	0.089797016055805395	0.16160627349273701	0	0	True	True	1	1	32691.670209500098	60313.167060229302	True	True	1	1	False	False	0	0	True	0.00012108644146289999	0.0020734372300843002	"`aes_string()` was deprecated in ggplot2 3.0.0.
ℹ Please use tidy evaluation idioms with `aes()`.
ℹ See also `vignette(""ggplot2-in-packages"")` for more information.
ℹ The deprecated feature was likely used in the susieR package.
  Please report the issue at <https://github.com/stephenslab/susieR/issues>."	reused_unchanged_input	analysis_hbsn_restructure/14_shared_signal_resolution/independent_resolution/conditional_fits	1	1	False	conditional_model_not_reliability_qualified	shared-only	True	False	False	all_detected_signals_resolved_within_evaluable_scope	shared-only	True	False	False	all_detected_signals_resolved_within_evaluable_scope	analysis_hbsn_restructure/15_remaining_obstacle_audit/corrected_inputs/R06/CIRR.tsv.gz	analysis_hbsn_restructure/14_shared_signal_resolution/paired_inputs/R06/reference_dosages.tsv.gz	1566825	1580010	True	analysis_hbsn_restructure/14_shared_signal_resolution/independent_resolution/conditional_fits/R06/CIRR.fits.rds	shared-only	EUR:chr4:87534648-89238028	16	16	16	16
EUR:chr4:87534648-89238028__GGT	R06	GGT	4573	True	True	not_evaluable_pair_LD_diagnostic_gate	False	False	False	False	False	0.100869457334971	0.082902136231058396	0	2																			reused_unchanged_input	analysis_hbsn_restructure/14_shared_signal_resolution/independent_resolution/conditional_fits															analysis_hbsn_restructure/15_remaining_obstacle_audit/corrected_inputs/R06/GGT.tsv.gz	analysis_hbsn_restructure/14_shared_signal_resolution/paired_inputs/R06/reference_dosages.tsv.gz	1566825	437194	True		not_evaluable_pair_LD_diagnostic_gate	EUR:chr4:87534648-89238028	0	0	0	0
EUR:chr4:87534648-89238028__LIVER_FAT	R06	LIVER_FAT	4480	True	True	unresolved_no_credible_signal	False	False	False	False	False	0.093590335940665098	0.035342936552831397	0	0	True	True	1	0	32691.670209500098	32858	True	True	1	0	False	False	0		True	0.000121565825189	0		reused_unchanged_input	analysis_hbsn_restructure/14_shared_signal_resolution/independent_resolution/conditional_fits															analysis_hbsn_restructure/15_remaining_obstacle_audit/corrected_inputs/R06/LIVER_FAT.tsv.gz	analysis_hbsn_restructure/14_shared_signal_resolution/paired_inputs/R06/reference_dosages.tsv.gz	1566825	32858	True	analysis_hbsn_restructure/14_shared_signal_resolution/independent_resolution/conditional_fits/R06/LIVER_FAT.fits.rds	unresolved_no_credible_signal	EUR:chr4:87534648-89238028	0	0	0	0
EUR:chr4:87534648-89238028__NAFLD	R06	NAFLD	3771	True	True	unresolved_no_credible_signal	False	False	False	False	False	0.045451202851740501	0.027321463860340501	0	0	True	True	1	0	32691.670209500098	33370.569345015603	True	True	1	0	False	False	0		True	0.0001206255863729	2.1464365428491801e-05		reused_unchanged_input	analysis_hbsn_restructure/14_shared_signal_resolution/independent_resolution/conditional_fits															analysis_hbsn_restructure/15_remaining_obstacle_audit/corrected_inputs/R06/NAFLD.tsv.gz	analysis_hbsn_restructure/14_shared_signal_resolution/paired_inputs/R06/reference_dosages.tsv.gz	1566825	778614	True	analysis_hbsn_restructure/14_shared_signal_resolution/independent_resolution/conditional_fits/R06/NAFLD.fits.rds	unresolved_no_credible_signal	EUR:chr4:87534648-89238028	0	0	0	0
EUR:chr4:87534648-89238028__PBC	R06	PBC	3392	False	True	not_evaluable_coverage	False	False	False	False	False																							reused_unchanged_input	analysis_hbsn_restructure/14_shared_signal_resolution/independent_resolution/conditional_fits															analysis_hbsn_restructure/15_remaining_obstacle_audit/corrected_inputs/R06/PBC.tsv.gz	analysis_hbsn_restructure/14_shared_signal_resolution/paired_inputs/R06/reference_dosages.tsv.gz	1566825	24510	True		not_evaluable_coverage	EUR:chr4:87534648-89238028	0	0	0	0
EUR:chr4:87534648-89238028__PSC	R06	PSC	3911	True	True	unresolved_no_credible_signal	False	False	False	False	False	0.054823407593531097	0.041040657957380398	0	0	True	True	1	0	32691.670209500098	9269.7243787777006	True	True	1	0	False	False	0		True	0.0001178409977452	0		reused_unchanged_input	analysis_hbsn_restructure/14_shared_signal_resolution/independent_resolution/conditional_fits															analysis_hbsn_restructure/15_remaining_obstacle_audit/corrected_inputs/R06/PSC.tsv.gz	analysis_hbsn_restructure/14_shared_signal_resolution/paired_inputs/R06/reference_dosages.tsv.gz	1566825	14890	True	analysis_hbsn_restructure/14_shared_signal_resolution/independent_resolution/conditional_fits/R06/PSC.fits.rds	unresolved_no_credible_signal	EUR:chr4:87534648-89238028	0	0	0	0
EUR:chr6:23936619-24852275__AIH	R07	AIH	3068	True	True	unresolved_no_credible_signal	False	False	False	False	False	0.064473760537871794	0.078976378289165997	0	0	True	True	0	0	32691.670209500098	3278.4435797986098	True	True	0	0	False	False	0		True	4.20143496482339e-06	0		reused_unchanged_input	analysis_hbsn_restructure/14_shared_signal_resolution/independent_resolution/conditional_fits															analysis_hbsn_restructure/15_remaining_obstacle_audit/corrected_inputs/R07/AIH.tsv.gz	analysis_hbsn_restructure/14_shared_signal_resolution/paired_inputs/R07/reference_dosages.tsv.gz	1566825	485234	True	analysis_hbsn_restructure/14_shared_signal_resolution/independent_resolution/conditional_fits/R07/AIH.fits.rds	unresolved_no_credible_signal	EUR:chr6:23936619-24852275	7	7	0	0
EUR:chr6:23936619-24852275__ALP	R07	ALP	3070	True	True	not_evaluable_pair_LD_diagnostic_gate	False	False	False	False	False	0.064768131908465698	0.40730808476073499	0	6																			reused_unchanged_input	analysis_hbsn_restructure/14_shared_signal_resolution/independent_resolution/conditional_fits															analysis_hbsn_restructure/15_remaining_obstacle_audit/corrected_inputs/R07/ALP.tsv.gz	analysis_hbsn_restructure/14_shared_signal_resolution/paired_inputs/R07/reference_dosages.tsv.gz	1566825	437438	True		not_evaluable_pair_LD_diagnostic_gate	EUR:chr6:23936619-24852275	13	13	12	12
EUR:chr6:23936619-24852275__ALT	R07	ALT	3070	True	True	unresolved_no_credible_signal	False	False	False	False	False	0.064768131908465698	0.0376009401810872	0	0	True	True	0	0	32691.670209500098	437267	True	True	0	0	False	False	0		True	4.1041002802888496e-06	0		reused_unchanged_input	analysis_hbsn_restructure/14_shared_signal_resolution/independent_resolution/conditional_fits															analysis_hbsn_restructure/15_remaining_obstacle_audit/corrected_inputs/R07/ALT.tsv.gz	analysis_hbsn_restructure/14_shared_signal_resolution/paired_inputs/R07/reference_dosages.tsv.gz	1566825	437267	True	analysis_hbsn_restructure/14_shared_signal_resolution/independent_resolution/conditional_fits/R07/ALT.fits.rds	unresolved_no_credible_signal	EUR:chr6:23936619-24852275	0	0	0	0
EUR:chr6:23936619-24852275__AST	R07	AST	3052	True	True	unresolved_no_credible_signal	False	False	False	False	False	0.063051041323642101	0.042787264504282399	0	0	True	True	0	1	32691.670209500098	342990	True	True	0	1	False	False	0		True	4.3052852790603796e-06	0		reused_unchanged_input	analysis_hbsn_restructure/14_shared_signal_resolution/independent_resolution/conditional_fits															analysis_hbsn_restructure/15_remaining_obstacle_audit/corrected_inputs/R07/AST.tsv.gz	analysis_hbsn_restructure/14_shared_signal_resolution/paired_inputs/R07/reference_dosages.tsv.gz	1566825	342990	True	analysis_hbsn_restructure/14_shared_signal_resolution/independent_resolution/conditional_fits/R07/AST.fits.rds	unresolved_no_credible_signal	EUR:chr6:23936619-24852275	0	0	0	0
EUR:chr6:23936619-24852275__BILI	R07	BILI	3042	True	True	unresolved_no_credible_signal	False	False	False	False	False	0.063281685673447496	0.081618656030141304	0	0	True	True	0	0	32691.670209500098	342829	True	True	0	0	False	False	0		True	4.5083811696100497e-06	0		reused_unchanged_input	analysis_hbsn_restructure/14_shared_signal_resolution/independent_resolution/conditional_fits															analysis_hbsn_restructure/15_remaining_obstacle_audit/corrected_inputs/R07/BILI.tsv.gz	analysis_hbsn_restructure/14_shared_signal_resolution/paired_inputs/R07/reference_dosages.tsv.gz	1566825	342829	True	analysis_hbsn_restructure/14_shared_signal_resolution/independent_resolution/conditional_fits/R07/BILI.fits.rds	unresolved_no_credible_signal	EUR:chr6:23936619-24852275	13	13	0	0
EUR:chr6:23936619-24852275__CIRR	R07	CIRR	2976	True	True	unresolved_no_credible_signal	False	False	False	False	False	0.060197048473912898	0.101991041671759	0	0	True	True	0	0	32691.670209500098	60313.167060229302	True	True	0	0	False	False	0		True	4.2669484813240297e-06	2.64342225217984e-05	"`aes_string()` was deprecated in ggplot2 3.0.0.
ℹ Please use tidy evaluation idioms with `aes()`.
ℹ See also `vignette(""ggplot2-in-packages"")` for more information.
ℹ The deprecated feature was likely used in the susieR package.
  Please report the issue at <https://github.com/stephenslab/susieR/issues>."	reused_unchanged_input	analysis_hbsn_restructure/14_shared_signal_resolution/independent_resolution/conditional_fits															analysis_hbsn_restructure/15_remaining_obstacle_audit/corrected_inputs/R07/CIRR.tsv.gz	analysis_hbsn_restructure/14_shared_signal_resolution/paired_inputs/R07/reference_dosages.tsv.gz	1566825	1577830	True	analysis_hbsn_restructure/14_shared_signal_resolution/independent_resolution/conditional_fits/R07/CIRR.fits.rds	unresolved_no_credible_signal	EUR:chr6:23936619-24852275	13	13	0	0
EUR:chr6:23936619-24852275__GGT	R07	GGT	3070	True	True	unresolved_no_credible_signal	False	False	False	False	False	0.064768131908465698	0.045177035753770897	0	0	True	True	0	0	32691.670209500098	437194	True	True	0	0	False	False	0		True	4.1041002802888496e-06	0		reused_unchanged_input	analysis_hbsn_restructure/14_shared_signal_resolution/independent_resolution/conditional_fits															analysis_hbsn_restructure/15_remaining_obstacle_audit/corrected_inputs/R07/GGT.tsv.gz	analysis_hbsn_restructure/14_shared_signal_resolution/paired_inputs/R07/reference_dosages.tsv.gz	1566825	437194	True	analysis_hbsn_restructure/14_shared_signal_resolution/independent_resolution/conditional_fits/R07/GGT.fits.rds	unresolved_no_credible_signal	EUR:chr6:23936619-24852275	0	0	0	0
EUR:chr6:23936619-24852275__LIVER_FAT	R07	LIVER_FAT	2976	True	True	unresolved_no_credible_signal	False	False	False	False	False	0.060601335803020899	0.033769206677321202	0	0	True	True	0	0	32691.670209500098	32858	True	True	0	0	False	False	0		True	4.72541701446172e-06	0		reused_unchanged_input	analysis_hbsn_restructure/14_shared_signal_resolution/independent_resolution/conditional_fits															analysis_hbsn_restructure/15_remaining_obstacle_audit/corrected_inputs/R07/LIVER_FAT.tsv.gz	analysis_hbsn_restructure/14_shared_signal_resolution/paired_inputs/R07/reference_dosages.tsv.gz	1566825	32858	True	analysis_hbsn_restructure/14_shared_signal_resolution/independent_resolution/conditional_fits/R07/LIVER_FAT.fits.rds	unresolved_no_credible_signal	EUR:chr6:23936619-24852275	0	0	0	0
EUR:chr6:23936619-24852275__NAFLD	R07	NAFLD	2511	True	True	unresolved_no_credible_signal	False	False	False	False	False	0.028899589027601001	0.021958591282249001	0	0	True	True	0	1	32691.670209500098	33370.569345015603	True	True	0	1	False	False	0		True	0	0.00047324155737209998		reused_unchanged_input	analysis_hbsn_restructure/14_shared_signal_resolution/independent_resolution/conditional_fits															analysis_hbsn_restructure/15_remaining_obstacle_audit/corrected_inputs/R07/NAFLD.tsv.gz	analysis_hbsn_restructure/14_shared_signal_resolution/paired_inputs/R07/reference_dosages.tsv.gz	1566825	778614	True	analysis_hbsn_restructure/14_shared_signal_resolution/independent_resolution/conditional_fits/R07/NAFLD.fits.rds	unresolved_no_credible_signal	EUR:chr6:23936619-24852275	6	6	6	6
EUR:chr6:23936619-24852275__PBC	R07	PBC	2077	False	True	not_evaluable_coverage	False	False	False	False	False																							reused_unchanged_input	analysis_hbsn_restructure/14_shared_signal_resolution/independent_resolution/conditional_fits															analysis_hbsn_restructure/15_remaining_obstacle_audit/corrected_inputs/R07/PBC.tsv.gz	analysis_hbsn_restructure/14_shared_signal_resolution/paired_inputs/R07/reference_dosages.tsv.gz	1566825	24510	True		not_evaluable_coverage	EUR:chr6:23936619-24852275	0	0	0	0
EUR:chr6:23936619-24852275__PSC	R07	PSC	2575	True	True	unresolved_no_credible_signal	False	False	False	False	False	0.038779653133199997	0.0448838851569748	0	0	True	True	0	0	32691.670209500098	9269.7243787777006	True	True	0	0	False	False	0		True	0	0.0030738021071157		reused_unchanged_input	analysis_hbsn_restructure/14_shared_signal_resolution/independent_resolution/conditional_fits															analysis_hbsn_restructure/15_remaining_obstacle_audit/corrected_inputs/R07/PSC.tsv.gz	analysis_hbsn_restructure/14_shared_signal_resolution/paired_inputs/R07/reference_dosages.tsv.gz	1566825	14890	True	analysis_hbsn_restructure/14_shared_signal_resolution/independent_resolution/conditional_fits/R07/PSC.fits.rds	unresolved_no_credible_signal	EUR:chr6:23936619-24852275	13	13	0	0
EUR:chr6:24852275-25684587__AIH	R08	AIH	2819	True	False	not_evaluable_HCC_regional_diagnostic_gate	False	False	False	False	False																							reused_unchanged_input	analysis_hbsn_restructure/14_shared_signal_resolution/independent_resolution/conditional_fits															analysis_hbsn_restructure/15_remaining_obstacle_audit/corrected_inputs/R08/AIH.tsv.gz	analysis_hbsn_restructure/14_shared_signal_resolution/paired_inputs/R08/reference_dosages.tsv.gz	1566825	485234	True		not_evaluable_HCC_regional_diagnostic_gate	EUR:chr6:24852275-25684587	52	52	0	0
EUR:chr6:24852275-25684587__ALP	R08	ALP	502	False	False	not_evaluable_coverage	False	False	False	False	False																							reused_unchanged_input	analysis_hbsn_restructure/14_shared_signal_resolution/independent_resolution/conditional_fits															analysis_hbsn_restructure/15_remaining_obstacle_audit/corrected_inputs/R08/ALP.tsv.gz	analysis_hbsn_restructure/14_shared_signal_resolution/paired_inputs/R08/reference_dosages.tsv.gz	1566825	437438	True		not_evaluable_coverage	EUR:chr6:24852275-25684587	14	14	2	0
EUR:chr6:24852275-25684587__ALT	R08	ALT	502	False	False	not_evaluable_coverage	False	False	False	False	False																							reused_unchanged_input	analysis_hbsn_restructure/14_shared_signal_resolution/independent_resolution/conditional_fits															analysis_hbsn_restructure/15_remaining_obstacle_audit/corrected_inputs/R08/ALT.tsv.gz	analysis_hbsn_restructure/14_shared_signal_resolution/paired_inputs/R08/reference_dosages.tsv.gz	1566825	437267	True		not_evaluable_coverage	EUR:chr6:24852275-25684587	0	0	0	0
EUR:chr6:24852275-25684587__AST	R08	AST	2799	True	False	not_evaluable_HCC_regional_diagnostic_gate	False	False	False	False	False																							reused_unchanged_input	analysis_hbsn_restructure/14_shared_signal_resolution/independent_resolution/conditional_fits															analysis_hbsn_restructure/15_remaining_obstacle_audit/corrected_inputs/R08/AST.tsv.gz	analysis_hbsn_restructure/14_shared_signal_resolution/paired_inputs/R08/reference_dosages.tsv.gz	1566825	342990	True		not_evaluable_HCC_regional_diagnostic_gate	EUR:chr6:24852275-25684587	29	29	0	0
EUR:chr6:24852275-25684587__BILI	R08	BILI	2804	True	False	not_evaluable_HCC_regional_diagnostic_gate	False	False	False	False	False																							reused_unchanged_input	analysis_hbsn_restructure/14_shared_signal_resolution/independent_resolution/conditional_fits															analysis_hbsn_restructure/15_remaining_obstacle_audit/corrected_inputs/R08/BILI.tsv.gz	analysis_hbsn_restructure/14_shared_signal_resolution/paired_inputs/R08/reference_dosages.tsv.gz	1566825	342829	True		not_evaluable_HCC_regional_diagnostic_gate	EUR:chr6:24852275-25684587	58	58	3	3
EUR:chr6:24852275-25684587__CIRR	R08	CIRR	2752	True	False	not_evaluable_HCC_regional_diagnostic_gate	False	False	False	False	False																							reused_unchanged_input	analysis_hbsn_restructure/14_shared_signal_resolution/independent_resolution/conditional_fits															analysis_hbsn_restructure/15_remaining_obstacle_audit/corrected_inputs/R08/CIRR.tsv.gz	analysis_hbsn_restructure/14_shared_signal_resolution/paired_inputs/R08/reference_dosages.tsv.gz	1566825	1580010	True		not_evaluable_HCC_regional_diagnostic_gate	EUR:chr6:24852275-25684587	58	58	5	5
EUR:chr6:24852275-25684587__GGT	R08	GGT	502	False	False	not_evaluable_coverage	False	False	False	False	False																							reused_unchanged_input	analysis_hbsn_restructure/14_shared_signal_resolution/independent_resolution/conditional_fits															analysis_hbsn_restructure/15_remaining_obstacle_audit/corrected_inputs/R08/GGT.tsv.gz	analysis_hbsn_restructure/14_shared_signal_resolution/paired_inputs/R08/reference_dosages.tsv.gz	1566825	437194	True		not_evaluable_coverage	EUR:chr6:24852275-25684587	0	0	0	0
EUR:chr6:24852275-25684587__LIVER_FAT	R08	LIVER_FAT	2759	True	False	not_evaluable_HCC_regional_diagnostic_gate	False	False	False	False	False																							reused_unchanged_input	analysis_hbsn_restructure/14_shared_signal_resolution/independent_resolution/conditional_fits															analysis_hbsn_restructure/15_remaining_obstacle_audit/corrected_inputs/R08/LIVER_FAT.tsv.gz	analysis_hbsn_restructure/14_shared_signal_resolution/paired_inputs/R08/reference_dosages.tsv.gz	1566825	32858	True		not_evaluable_HCC_regional_diagnostic_gate	EUR:chr6:24852275-25684587	0	0	0	0
EUR:chr6:24852275-25684587__NAFLD	R08	NAFLD	2481	True	False	not_evaluable_HCC_regional_diagnostic_gate	False	False	False	False	False																							reused_unchanged_input	analysis_hbsn_restructure/14_shared_signal_resolution/independent_resolution/conditional_fits															analysis_hbsn_restructure/15_remaining_obstacle_audit/corrected_inputs/R08/NAFLD.tsv.gz	analysis_hbsn_restructure/14_shared_signal_resolution/paired_inputs/R08/reference_dosages.tsv.gz	1566825	778614	True		not_evaluable_HCC_regional_diagnostic_gate	EUR:chr6:24852275-25684587	6	6	0	0
EUR:chr6:24852275-25684587__PBC	R08	PBC	2102	False	False	not_evaluable_coverage	False	False	False	False	False																							reused_unchanged_input	analysis_hbsn_restructure/14_shared_signal_resolution/independent_resolution/conditional_fits															analysis_hbsn_restructure/15_remaining_obstacle_audit/corrected_inputs/R08/PBC.tsv.gz	analysis_hbsn_restructure/14_shared_signal_resolution/paired_inputs/R08/reference_dosages.tsv.gz	1566825	24510	True		not_evaluable_coverage	EUR:chr6:24852275-25684587	0	0	0	0
EUR:chr6:24852275-25684587__PSC	R08	PSC	2521	True	False	not_evaluable_HCC_regional_diagnostic_gate	False	False	False	False	False																							reused_unchanged_input	analysis_hbsn_restructure/14_shared_signal_resolution/independent_resolution/conditional_fits															analysis_hbsn_restructure/15_remaining_obstacle_audit/corrected_inputs/R08/PSC.tsv.gz	analysis_hbsn_restructure/14_shared_signal_resolution/paired_inputs/R08/reference_dosages.tsv.gz	1566825	14890	True		not_evaluable_HCC_regional_diagnostic_gate	EUR:chr6:24852275-25684587	58	58	2	2
EUR:chr6:25684587-26791233__AIH	R09	AIH	2869	True	True	unresolved_no_credible_signal	False	False	False	False	False	0.053105151340072501	0.068734704481180006	0	0	True	True	1	0	32691.670209500098	3278.4435797986098	True	True	1	0	False	False	0		True	0.00049514092931449995	0.00075827114801890001		reused_unchanged_input	analysis_hbsn_restructure/14_shared_signal_resolution/independent_resolution/conditional_fits															analysis_hbsn_restructure/15_remaining_obstacle_audit/corrected_inputs/R09/AIH.tsv.gz	analysis_hbsn_restructure/14_shared_signal_resolution/paired_inputs/R09/reference_dosages.tsv.gz	1566825	485234	True	analysis_hbsn_restructure/14_shared_signal_resolution/independent_resolution/conditional_fits/R09/AIH.fits.rds	unresolved_no_credible_signal	EUR:chr6:25684587-26791233	67	67	52	52
EUR:chr6:25684587-26791233__ALP	R09	ALP	0	False	True	not_evaluable_coverage	False	False	False	False	False																							reused_unchanged_input	analysis_hbsn_restructure/14_shared_signal_resolution/independent_resolution/conditional_fits															analysis_hbsn_restructure/15_remaining_obstacle_audit/corrected_inputs/R09/ALP.tsv.gz	analysis_hbsn_restructure/14_shared_signal_resolution/paired_inputs/R09/reference_dosages.tsv.gz	1566825		True		not_evaluable_coverage	EUR:chr6:25684587-26791233	0	0	0	0
EUR:chr6:25684587-26791233__ALT	R09	ALT	0	False	True	not_evaluable_coverage	False	False	False	False	False																							reused_unchanged_input	analysis_hbsn_restructure/14_shared_signal_resolution/independent_resolution/conditional_fits															analysis_hbsn_restructure/15_remaining_obstacle_audit/corrected_inputs/R09/ALT.tsv.gz	analysis_hbsn_restructure/14_shared_signal_resolution/paired_inputs/R09/reference_dosages.tsv.gz	1566825		True		not_evaluable_coverage	EUR:chr6:25684587-26791233	0	0	0	0
EUR:chr6:25684587-26791233__AST	R09	AST	2830	True	True	not_evaluable_pair_LD_diagnostic_gate	False	False	False	False	False	0.050641935339208702	0.042568703512823998	0	1																			reused_unchanged_input	analysis_hbsn_restructure/14_shared_signal_resolution/independent_resolution/conditional_fits															analysis_hbsn_restructure/15_remaining_obstacle_audit/corrected_inputs/R09/AST.tsv.gz	analysis_hbsn_restructure/14_shared_signal_resolution/paired_inputs/R09/reference_dosages.tsv.gz	1566825	342990	True		not_evaluable_pair_LD_diagnostic_gate	EUR:chr6:25684587-26791233	44	44	0	0
EUR:chr6:25684587-26791233__BILI	R09	BILI	2843	True	True	conditional_signal_pair_evaluable	False	False	False	False	False	0.052288954589139403	0.19836341699013599	0	0	True	True	1	6	32691.670209500098	342829	True	True	1	6	False	False	0	0	True	0.00049514118428010002	0		reused_unchanged_input	analysis_hbsn_restructure/14_shared_signal_resolution/independent_resolution/conditional_fits	1	6	False	conditional_model_not_reliability_qualified	distinct-only	False	True	False	all_detected_signals_resolved_within_evaluable_scope	distinct-only	False	True	False	all_detected_signals_resolved_within_evaluable_scope	analysis_hbsn_restructure/15_remaining_obstacle_audit/corrected_inputs/R09/BILI.tsv.gz	analysis_hbsn_restructure/14_shared_signal_resolution/paired_inputs/R09/reference_dosages.tsv.gz	1566825	342829	True	analysis_hbsn_restructure/14_shared_signal_resolution/independent_resolution/conditional_fits/R09/BILI.fits.rds	distinct-only	EUR:chr6:25684587-26791233	71	71	61	61
EUR:chr6:25684587-26791233__CIRR	R09	CIRR	2765	True	True	conditional_signal_pair_evaluable	False	False	False	False	False	0.0473059544028267	0.080976051306185695	0	0	True	True	1	1	32691.670209500098	60313.167060229302	True	True	1	1	False	False	0	0	True	0.0004863146104379	0.00038173895287850002	"`aes_string()` was deprecated in ggplot2 3.0.0.
ℹ Please use tidy evaluation idioms with `aes()`.
ℹ See also `vignette(""ggplot2-in-packages"")` for more information.
ℹ The deprecated feature was likely used in the susieR package.
  Please report the issue at <https://github.com/stephenslab/susieR/issues>."	reused_unchanged_input	analysis_hbsn_restructure/14_shared_signal_resolution/independent_resolution/conditional_fits	1	1	False	conditional_model_not_reliability_qualified	shared-only	True	False	False	all_detected_signals_resolved_within_evaluable_scope	shared-only	True	False	False	all_detected_signals_resolved_within_evaluable_scope	analysis_hbsn_restructure/15_remaining_obstacle_audit/corrected_inputs/R09/CIRR.tsv.gz	analysis_hbsn_restructure/14_shared_signal_resolution/paired_inputs/R09/reference_dosages.tsv.gz	1566825	1580010	True	analysis_hbsn_restructure/14_shared_signal_resolution/independent_resolution/conditional_fits/R09/CIRR.fits.rds	shared-only	EUR:chr6:25684587-26791233	71	71	59	59
EUR:chr6:25684587-26791233__GGT	R09	GGT	0	False	True	not_evaluable_coverage	False	False	False	False	False																							reused_unchanged_input	analysis_hbsn_restructure/14_shared_signal_resolution/independent_resolution/conditional_fits															analysis_hbsn_restructure/15_remaining_obstacle_audit/corrected_inputs/R09/GGT.tsv.gz	analysis_hbsn_restructure/14_shared_signal_resolution/paired_inputs/R09/reference_dosages.tsv.gz	1566825		True		not_evaluable_coverage	EUR:chr6:25684587-26791233	0	0	0	0
EUR:chr6:25684587-26791233__LIVER_FAT	R09	LIVER_FAT	2712	True	True	unresolved_no_credible_signal	False	False	False	False	False	0.051375561666011697	0.0119201752033913	0	0	True	True	1	0	32691.670209500098	32858	True	True	1	0	False	False	0		True	0.00049514122277389996	0		reused_unchanged_input	analysis_hbsn_restructure/14_shared_signal_resolution/independent_resolution/conditional_fits															analysis_hbsn_restructure/15_remaining_obstacle_audit/corrected_inputs/R09/LIVER_FAT.tsv.gz	analysis_hbsn_restructure/14_shared_signal_resolution/paired_inputs/R09/reference_dosages.tsv.gz	1566825	32858	True	analysis_hbsn_restructure/14_shared_signal_resolution/independent_resolution/conditional_fits/R09/LIVER_FAT.fits.rds	unresolved_no_credible_signal	EUR:chr6:25684587-26791233	0	0	0	0
EUR:chr6:25684587-26791233__NAFLD	R09	NAFLD	2286	False	True	not_evaluable_coverage	False	False	False	False	False																							reused_unchanged_input	analysis_hbsn_restructure/14_shared_signal_resolution/independent_resolution/conditional_fits															analysis_hbsn_restructure/15_remaining_obstacle_audit/corrected_inputs/R09/NAFLD.tsv.gz	analysis_hbsn_restructure/14_shared_signal_resolution/paired_inputs/R09/reference_dosages.tsv.gz	1566825	778614	True		not_evaluable_coverage	EUR:chr6:25684587-26791233	4	4	0	0
EUR:chr6:25684587-26791233__PBC	R09	PBC	2244	False	True	not_evaluable_coverage	False	False	False	False	False																							reused_unchanged_input	analysis_hbsn_restructure/14_shared_signal_resolution/independent_resolution/conditional_fits															analysis_hbsn_restructure/15_remaining_obstacle_audit/corrected_inputs/R09/PBC.tsv.gz	analysis_hbsn_restructure/14_shared_signal_resolution/paired_inputs/R09/reference_dosages.tsv.gz	1566825	24510	True		not_evaluable_coverage	EUR:chr6:25684587-26791233	1	1	0	0
EUR:chr6:25684587-26791233__PSC	R09	PSC	2469	True	True	not_evaluable_nonconvergence	False	False	False	False	False	0.032666092159666503	0.17838787099157699	0	0	True	False	1	10	32691.670209500098	9269.7243787777006	True	False	1	10	False	True	0		True	0.00049510328423149998	0.000110159102078	"IBSS algorithm did not converge in 2000 iterations!
                  Please check consistency between summary statistics and LD matrix.
                  See https://stephenslab.github.io/susieR/articles/susierss_diagnostic.html"	reused_unchanged_input	analysis_hbsn_restructure/14_shared_signal_resolution/independent_resolution/conditional_fits															analysis_hbsn_restructure/15_remaining_obstacle_audit/corrected_inputs/R09/PSC.tsv.gz	analysis_hbsn_restructure/14_shared_signal_resolution/paired_inputs/R09/reference_dosages.tsv.gz	1566825	14890	True	analysis_hbsn_restructure/14_shared_signal_resolution/independent_resolution/conditional_fits/R09/PSC.fits.rds	not_evaluable_nonconvergence	EUR:chr6:25684587-26791233	66	66	22	21
EUR:chr6:26791233-28017819__AIH	R10	AIH	2987	True	True	unresolved_no_credible_signal	False	False	False	False	False	0.069834152208242004	0.18431711607113399	0	0	True	True	1	0	32691.670209500098	3278.4435797986098	True	True	1	0	False	False	0		True	0.00015970026930050001	0.0097442580110868992		reused_unchanged_input	analysis_hbsn_restructure/14_shared_signal_resolution/independent_resolution/conditional_fits															analysis_hbsn_restructure/15_remaining_obstacle_audit/corrected_inputs/R10/AIH.tsv.gz	analysis_hbsn_restructure/14_shared_signal_resolution/paired_inputs/R10/reference_dosages.tsv.gz	1566825	485234	True	analysis_hbsn_restructure/14_shared_signal_resolution/independent_resolution/conditional_fits/R10/AIH.fits.rds	unresolved_no_credible_signal	EUR:chr6:26791233-28017819	92	92	10	9
EUR:chr6:26791233-28017819__ALP	R10	ALP	0	False	True	not_evaluable_coverage	False	False	False	False	False																							reused_unchanged_input	analysis_hbsn_restructure/14_shared_signal_resolution/independent_resolution/conditional_fits															analysis_hbsn_restructure/15_remaining_obstacle_audit/corrected_inputs/R10/ALP.tsv.gz	analysis_hbsn_restructure/14_shared_signal_resolution/paired_inputs/R10/reference_dosages.tsv.gz	1566825		True		not_evaluable_coverage	EUR:chr6:26791233-28017819	0	0	0	0
EUR:chr6:26791233-28017819__ALT	R10	ALT	0	False	True	not_evaluable_coverage	False	False	False	False	False																							reused_unchanged_input	analysis_hbsn_restructure/14_shared_signal_resolution/independent_resolution/conditional_fits															analysis_hbsn_restructure/15_remaining_obstacle_audit/corrected_inputs/R10/ALT.tsv.gz	analysis_hbsn_restructure/14_shared_signal_resolution/paired_inputs/R10/reference_dosages.tsv.gz	1566825		True		not_evaluable_coverage	EUR:chr6:26791233-28017819	0	0	0	0
EUR:chr6:26791233-28017819__AST	R10	AST	2942	True	True	conditional_signal_pair_evaluable	False	False	False	False	False	0.067858282074411705	0.090040400600690795	0	0	True	True	1	2	32691.670209500098	342990	True	True	1	2	False	False	0	0	True	0.00022578928699629999	0		reused_unchanged_input	analysis_hbsn_restructure/14_shared_signal_resolution/independent_resolution/conditional_fits	1	2	False	conditional_model_not_reliability_qualified	distinct-only	False	True	False	all_detected_signals_resolved_within_evaluable_scope	distinct-only	False	True	False	all_detected_signals_resolved_within_evaluable_scope	analysis_hbsn_restructure/15_remaining_obstacle_audit/corrected_inputs/R10/AST.tsv.gz	analysis_hbsn_restructure/14_shared_signal_resolution/paired_inputs/R10/reference_dosages.tsv.gz	1566825	342990	True	analysis_hbsn_restructure/14_shared_signal_resolution/independent_resolution/conditional_fits/R10/AST.fits.rds	distinct-only	EUR:chr6:26791233-28017819	75	75	30	25
EUR:chr6:26791233-28017819__BILI	R10	BILI	2946	True	True	not_evaluable_nonconvergence	False	False	False	False	False	0.069187659183705105	0.088483020327981304	0	0	True	False	1	10	32691.670209500098	342829	True	False	1	10	False	True	0		True	0.00022616100686249999	0	"IBSS algorithm did not converge in 2000 iterations!
                  Please check consistency between summary statistics and LD matrix.
                  See https://stephenslab.github.io/susieR/articles/susierss_diagnostic.html"	reused_unchanged_input	analysis_hbsn_restructure/14_shared_signal_resolution/independent_resolution/conditional_fits															analysis_hbsn_restructure/15_remaining_obstacle_audit/corrected_inputs/R10/BILI.tsv.gz	analysis_hbsn_restructure/14_shared_signal_resolution/paired_inputs/R10/reference_dosages.tsv.gz	1566825	342829	True	analysis_hbsn_restructure/14_shared_signal_resolution/independent_resolution/conditional_fits/R10/BILI.fits.rds	not_evaluable_nonconvergence	EUR:chr6:26791233-28017819	92	92	4	0
EUR:chr6:26791233-28017819__CIRR	R10	CIRR	2872	True	True	not_evaluable_pair_LD_diagnostic_gate	False	False	False	False	False	0.067070392623581707	0.110178561242242	0	1																		"`aes_string()` was deprecated in ggplot2 3.0.0.
ℹ Please use tidy evaluation idioms with `aes()`.
ℹ See also `vignette(""ggplot2-in-packages"")` for more information.
ℹ The deprecated feature was likely used in the susieR package.
  Please report the issue at <https://github.com/stephenslab/susieR/issues>."	reused_unchanged_input	analysis_hbsn_restructure/14_shared_signal_resolution/independent_resolution/conditional_fits															analysis_hbsn_restructure/15_remaining_obstacle_audit/corrected_inputs/R10/CIRR.tsv.gz	analysis_hbsn_restructure/14_shared_signal_resolution/paired_inputs/R10/reference_dosages.tsv.gz	1566825	1577830	True		not_evaluable_pair_LD_diagnostic_gate	EUR:chr6:26791233-28017819	92	92	38	38
EUR:chr6:26791233-28017819__GGT	R10	GGT	0	False	True	not_evaluable_coverage	False	False	False	False	False																							reused_unchanged_input	analysis_hbsn_restructure/14_shared_signal_resolution/independent_resolution/conditional_fits															analysis_hbsn_restructure/15_remaining_obstacle_audit/corrected_inputs/R10/GGT.tsv.gz	analysis_hbsn_restructure/14_shared_signal_resolution/paired_inputs/R10/reference_dosages.tsv.gz	1566825		True		not_evaluable_coverage	EUR:chr6:26791233-28017819	0	0	0	0
EUR:chr6:26791233-28017819__LIVER_FAT	R10	LIVER_FAT	2700	True	True	unresolved_no_credible_signal	False	False	False	False	False	0.070499649446457993	0.015166081943404301	0	0	True	True	1	0	32691.670209500098	32858	True	True	1	0	False	False	0		True	0.0001595072492771	0		reused_unchanged_input	analysis_hbsn_restructure/14_shared_signal_resolution/independent_resolution/conditional_fits															analysis_hbsn_restructure/15_remaining_obstacle_audit/corrected_inputs/R10/LIVER_FAT.tsv.gz	analysis_hbsn_restructure/14_shared_signal_resolution/paired_inputs/R10/reference_dosages.tsv.gz	1566825	32858	True	analysis_hbsn_restructure/14_shared_signal_resolution/independent_resolution/conditional_fits/R10/LIVER_FAT.fits.rds	unresolved_no_credible_signal	EUR:chr6:26791233-28017819	0	0	0	0
EUR:chr6:26791233-28017819__NAFLD	R10	NAFLD	2016	False	True	not_evaluable_coverage	False	False	False	False	False																							reused_unchanged_input	analysis_hbsn_restructure/14_shared_signal_resolution/independent_resolution/conditional_fits															analysis_hbsn_restructure/15_remaining_obstacle_audit/corrected_inputs/R10/NAFLD.tsv.gz	analysis_hbsn_restructure/14_shared_signal_resolution/paired_inputs/R10/reference_dosages.tsv.gz	1566825	778614	True		not_evaluable_coverage	EUR:chr6:26791233-28017819	0	0	0	0
EUR:chr6:26791233-28017819__PBC	R10	PBC	2203	False	True	not_evaluable_coverage	False	False	False	False	False																							reused_unchanged_input	analysis_hbsn_restructure/14_shared_signal_resolution/independent_resolution/conditional_fits															analysis_hbsn_restructure/15_remaining_obstacle_audit/corrected_inputs/R10/PBC.tsv.gz	analysis_hbsn_restructure/14_shared_signal_resolution/paired_inputs/R10/reference_dosages.tsv.gz	1566825	24510	True		not_evaluable_coverage	EUR:chr6:26791233-28017819	37	37	0	0
EUR:chr6:26791233-28017819__PSC	R10	PSC	2204	False	True	not_evaluable_coverage	False	False	False	False	False																							reused_unchanged_input	analysis_hbsn_restructure/14_shared_signal_resolution/independent_resolution/conditional_fits															analysis_hbsn_restructure/15_remaining_obstacle_audit/corrected_inputs/R10/PSC.tsv.gz	analysis_hbsn_restructure/14_shared_signal_resolution/paired_inputs/R10/reference_dosages.tsv.gz	1566825	14890	True		not_evaluable_coverage	EUR:chr6:26791233-28017819	92	92	40	33
EUR:chr6:28017819-28917608__AIH	R11	AIH	2628	True	True	unresolved_no_credible_signal	False	False	False	False	False	0.046547687414578202	0.098420513684200406	0	0	True	True	0	1	32691.670209500098	3278.4435797986098	True	True	0	1	False	False	0		True	0.0002319365256976	0.002052349333106		corrected_input_rerun	analysis_hbsn_restructure/16_corrected_shared_signal/conditional_fits															analysis_hbsn_restructure/15_remaining_obstacle_audit/corrected_inputs/R11/AIH.tsv.gz	analysis_hbsn_restructure/14_shared_signal_resolution/paired_inputs/R11/reference_dosages.tsv.gz	1566825	485234	False	analysis_hbsn_restructure/16_corrected_shared_signal/conditional_fits/R11/AIH.fits.rds	unresolved_no_credible_signal	EUR:chr6:28017819-28917608	51	51	42	0
EUR:chr6:28017819-28917608__ALP	R11	ALP	0	False	True	not_evaluable_coverage	False	False	False	False	False																							reused_unchanged_input	analysis_hbsn_restructure/14_shared_signal_resolution/independent_resolution/conditional_fits															analysis_hbsn_restructure/15_remaining_obstacle_audit/corrected_inputs/R11/ALP.tsv.gz	analysis_hbsn_restructure/14_shared_signal_resolution/paired_inputs/R11/reference_dosages.tsv.gz	1566825		True		not_evaluable_coverage	EUR:chr6:28017819-28917608	0	0	0	0
EUR:chr6:28017819-28917608__ALT	R11	ALT	0	False	True	not_evaluable_coverage	False	False	False	False	False																							reused_unchanged_input	analysis_hbsn_restructure/14_shared_signal_resolution/independent_resolution/conditional_fits															analysis_hbsn_restructure/15_remaining_obstacle_audit/corrected_inputs/R11/ALT.tsv.gz	analysis_hbsn_restructure/14_shared_signal_resolution/paired_inputs/R11/reference_dosages.tsv.gz	1566825		True		not_evaluable_coverage	EUR:chr6:28017819-28917608	0	0	0	0
EUR:chr6:28017819-28917608__AST	R11	AST	2556	True	True	unresolved_no_credible_signal	False	False	False	False	False	0.044960460186356903	0.15991479141203399	0	0	True	True	0	10	32691.670209500098	342990	True	True	0	10	False	True	0		True	0.0002830698099305	0		corrected_input_rerun	analysis_hbsn_restructure/16_corrected_shared_signal/conditional_fits															analysis_hbsn_restructure/15_remaining_obstacle_audit/corrected_inputs/R11/AST.tsv.gz	analysis_hbsn_restructure/14_shared_signal_resolution/paired_inputs/R11/reference_dosages.tsv.gz	1566825	342990	False	analysis_hbsn_restructure/16_corrected_shared_signal/conditional_fits/R11/AST.fits.rds	unresolved_no_credible_signal	EUR:chr6:28017819-28917608	51	51	51	38
EUR:chr6:28017819-28917608__BILI	R11	BILI	2486	True	True	not_evaluable_nonconvergence	False	False	False	False	False	0.045373303972712303	0.26126520743074999	0	0	True	False	0	2	32691.670209500098	342829	True	False	0	2	False	False	0		True	0.00028174821653780002	0	"IBSS algorithm did not converge in 2000 iterations!
                  Please check consistency between summary statistics and LD matrix.
                  See https://stephenslab.github.io/susieR/articles/susierss_diagnostic.html"	corrected_input_rerun	analysis_hbsn_restructure/16_corrected_shared_signal/conditional_fits															analysis_hbsn_restructure/15_remaining_obstacle_audit/corrected_inputs/R11/BILI.tsv.gz	analysis_hbsn_restructure/14_shared_signal_resolution/paired_inputs/R11/reference_dosages.tsv.gz	1566825	342829	False	analysis_hbsn_restructure/16_corrected_shared_signal/conditional_fits/R11/BILI.fits.rds	not_evaluable_nonconvergence	EUR:chr6:28017819-28917608	51	51	42	42
EUR:chr6:28017819-28917608__CIRR	R11	CIRR	2555	True	True	unresolved_no_credible_signal	False	False	False	False	False	0.045463736961441403	0.076428913488426301	0	0	True	True	0	1	32691.670209500098	60313.167060229302	True	True	0	1	False	False	0		True	0.00023007724194610001	0.00029478775347809998	"`aes_string()` was deprecated in ggplot2 3.0.0.
ℹ Please use tidy evaluation idioms with `aes()`.
ℹ See also `vignette(""ggplot2-in-packages"")` for more information.
ℹ The deprecated feature was likely used in the susieR package.
  Please report the issue at <https://github.com/stephenslab/susieR/issues>."	corrected_input_rerun	analysis_hbsn_restructure/16_corrected_shared_signal/conditional_fits															analysis_hbsn_restructure/15_remaining_obstacle_audit/corrected_inputs/R11/CIRR.tsv.gz	analysis_hbsn_restructure/14_shared_signal_resolution/paired_inputs/R11/reference_dosages.tsv.gz	1566825	1580010	False	analysis_hbsn_restructure/16_corrected_shared_signal/conditional_fits/R11/CIRR.fits.rds	unresolved_no_credible_signal	EUR:chr6:28017819-28917608	51	51	8	8
EUR:chr6:28017819-28917608__GGT	R11	GGT	0	False	True	not_evaluable_coverage	False	False	False	False	False																							reused_unchanged_input	analysis_hbsn_restructure/14_shared_signal_resolution/independent_resolution/conditional_fits															analysis_hbsn_restructure/15_remaining_obstacle_audit/corrected_inputs/R11/GGT.tsv.gz	analysis_hbsn_restructure/14_shared_signal_resolution/paired_inputs/R11/reference_dosages.tsv.gz	1566825		True		not_evaluable_coverage	EUR:chr6:28017819-28917608	0	0	0	0
EUR:chr6:28017819-28917608__LIVER_FAT	R11	LIVER_FAT	2458	True	True	unresolved_no_credible_signal	False	False	False	False	False	0.043359598290812901	0.0115524816603214	0	0	True	True	0	0	32691.670209500098	32858	True	True	0	0	False	False	0		True	0.00022867531182860001	0		corrected_input_rerun	analysis_hbsn_restructure/16_corrected_shared_signal/conditional_fits															analysis_hbsn_restructure/15_remaining_obstacle_audit/corrected_inputs/R11/LIVER_FAT.tsv.gz	analysis_hbsn_restructure/14_shared_signal_resolution/paired_inputs/R11/reference_dosages.tsv.gz	1566825	32858	False	analysis_hbsn_restructure/16_corrected_shared_signal/conditional_fits/R11/LIVER_FAT.fits.rds	unresolved_no_credible_signal	EUR:chr6:28017819-28917608	0	0	0	0
EUR:chr6:28017819-28917608__NAFLD	R11	NAFLD	2059	False	True	not_evaluable_coverage	False	False	False	False	False																							corrected_input_rerun	analysis_hbsn_restructure/16_corrected_shared_signal/conditional_fits															analysis_hbsn_restructure/15_remaining_obstacle_audit/corrected_inputs/R11/NAFLD.tsv.gz	analysis_hbsn_restructure/14_shared_signal_resolution/paired_inputs/R11/reference_dosages.tsv.gz	1566825	778614	False		not_evaluable_coverage	EUR:chr6:28017819-28917608	0	0	0	0
EUR:chr6:28017819-28917608__PBC	R11	PBC	2398	True	True	unresolved_no_credible_signal	False	False	False	False	False	0.041986436543198398	0.037877090268297602	0	0	True	True	0	1	32691.670209500098	21584.376825785399	True	True	0	1	False	False	0		True	0.00028260903952050001	0.0002791245785155		corrected_input_rerun	analysis_hbsn_restructure/16_corrected_shared_signal/conditional_fits															analysis_hbsn_restructure/15_remaining_obstacle_audit/corrected_inputs/R11/PBC.tsv.gz	analysis_hbsn_restructure/14_shared_signal_resolution/paired_inputs/R11/reference_dosages.tsv.gz	1566825	24510	False	analysis_hbsn_restructure/16_corrected_shared_signal/conditional_fits/R11/PBC.fits.rds	unresolved_no_credible_signal	EUR:chr6:28017819-28917608	43	43	43	43
EUR:chr6:28017819-28917608__PSC	R11	PSC	2231	True	True	not_evaluable_nonconvergence	False	False	False	False	False	0.034640966828679599	0.391419556066403	0	0	True	False	0	4	32691.670209500098	9269.7243787777006	True	False	0	4	False	False	0		True	0.00022166857506099999	0	"IBSS algorithm did not converge in 2000 iterations!
                  Please check consistency between summary statistics and LD matrix.
                  See https://stephenslab.github.io/susieR/articles/susierss_diagnostic.html"	corrected_input_rerun	analysis_hbsn_restructure/16_corrected_shared_signal/conditional_fits															analysis_hbsn_restructure/15_remaining_obstacle_audit/corrected_inputs/R11/PSC.tsv.gz	analysis_hbsn_restructure/14_shared_signal_resolution/paired_inputs/R11/reference_dosages.tsv.gz	1566825	14890	False	analysis_hbsn_restructure/16_corrected_shared_signal/conditional_fits/R11/PSC.fits.rds	not_evaluable_nonconvergence	EUR:chr6:28017819-28917608	51	51	46	46
EUR:chr6:28917608-29737971__AIH	R12	AIH	3435	True	True	unresolved_no_credible_signal	False	False	False	False	False	0.058845813041020399	0.046339464254875402	0	0	True	True	0	0	32691.670209500098	3278.4435797986098	True	True	0	0	False	False	0		True	0.0001101426718489	0.0078309503947004994		corrected_input_rerun	analysis_hbsn_restructure/16_corrected_shared_signal/conditional_fits															analysis_hbsn_restructure/15_remaining_obstacle_audit/corrected_inputs/R12/AIH.tsv.gz	analysis_hbsn_restructure/14_shared_signal_resolution/paired_inputs/R12/reference_dosages.tsv.gz	1566825	485234	False	analysis_hbsn_restructure/16_corrected_shared_signal/conditional_fits/R12/AIH.fits.rds	unresolved_no_credible_signal	EUR:chr6:28917608-29737971	25	25	0	0
EUR:chr6:28917608-29737971__ALP	R12	ALP	0	False	True	not_evaluable_coverage	False	False	False	False	False																							reused_unchanged_input	analysis_hbsn_restructure/14_shared_signal_resolution/independent_resolution/conditional_fits															analysis_hbsn_restructure/15_remaining_obstacle_audit/corrected_inputs/R12/ALP.tsv.gz	analysis_hbsn_restructure/14_shared_signal_resolution/paired_inputs/R12/reference_dosages.tsv.gz	1566825		True		not_evaluable_coverage	EUR:chr6:28917608-29737971	0	0	0	0
EUR:chr6:28917608-29737971__ALT	R12	ALT	0	False	True	not_evaluable_coverage	False	False	False	False	False																							reused_unchanged_input	analysis_hbsn_restructure/14_shared_signal_resolution/independent_resolution/conditional_fits															analysis_hbsn_restructure/15_remaining_obstacle_audit/corrected_inputs/R12/ALT.tsv.gz	analysis_hbsn_restructure/14_shared_signal_resolution/paired_inputs/R12/reference_dosages.tsv.gz	1566825		True		not_evaluable_coverage	EUR:chr6:28917608-29737971	0	0	0	0
EUR:chr6:28917608-29737971__AST	R12	AST	3393	True	True	not_evaluable_nonconvergence	False	False	False	False	False	0.057578618838876598	0.13400026872802501	0	0	True	False	0	10	32691.670209500098	342990	True	False	0	10	False	True	0		True	0.00011073744733490001	0	"IBSS algorithm did not converge in 2000 iterations!
                  Please check consistency between summary statistics and LD matrix.
                  See https://stephenslab.github.io/susieR/articles/susierss_diagnostic.html"	corrected_input_rerun	analysis_hbsn_restructure/16_corrected_shared_signal/conditional_fits															analysis_hbsn_restructure/15_remaining_obstacle_audit/corrected_inputs/R12/AST.tsv.gz	analysis_hbsn_restructure/14_shared_signal_resolution/paired_inputs/R12/reference_dosages.tsv.gz	1566825	342990	False	analysis_hbsn_restructure/16_corrected_shared_signal/conditional_fits/R12/AST.fits.rds	not_evaluable_nonconvergence	EUR:chr6:28917608-29737971	25	25	0	0
EUR:chr6:28917608-29737971__BILI	R12	BILI	3366	True	True	unresolved_no_credible_signal	False	False	False	False	False	0.058492324777695101	0.068794195702481895	0	0	True	True	0	9	32691.670209500098	342829	True	True	0	9	False	False	0		True	0.0001103106101355	0		corrected_input_rerun	analysis_hbsn_restructure/16_corrected_shared_signal/conditional_fits															analysis_hbsn_restructure/15_remaining_obstacle_audit/corrected_inputs/R12/BILI.tsv.gz	analysis_hbsn_restructure/14_shared_signal_resolution/paired_inputs/R12/reference_dosages.tsv.gz	1566825	342829	False	analysis_hbsn_restructure/16_corrected_shared_signal/conditional_fits/R12/BILI.fits.rds	unresolved_no_credible_signal	EUR:chr6:28917608-29737971	25	25	0	0
EUR:chr6:28917608-29737971__CIRR	R12	CIRR	3338	True	True	unresolved_no_credible_signal	False	False	False	False	False	0.054724489922159801	0.092813417560785705	0	0	True	True	0	0	32691.670209500098	60313.167060229302	True	True	0	0	False	False	0		True	0.000110551209967	4.4321463230634401e-06	"`aes_string()` was deprecated in ggplot2 3.0.0.
ℹ Please use tidy evaluation idioms with `aes()`.
ℹ See also `vignette(""ggplot2-in-packages"")` for more information.
ℹ The deprecated feature was likely used in the susieR package.
  Please report the issue at <https://github.com/stephenslab/susieR/issues>."	corrected_input_rerun	analysis_hbsn_restructure/16_corrected_shared_signal/conditional_fits															analysis_hbsn_restructure/15_remaining_obstacle_audit/corrected_inputs/R12/CIRR.tsv.gz	analysis_hbsn_restructure/14_shared_signal_resolution/paired_inputs/R12/reference_dosages.tsv.gz	1566825	1580010	False	analysis_hbsn_restructure/16_corrected_shared_signal/conditional_fits/R12/CIRR.fits.rds	unresolved_no_credible_signal	EUR:chr6:28917608-29737971	25	25	0	0
EUR:chr6:28917608-29737971__GGT	R12	GGT	0	False	True	not_evaluable_coverage	False	False	False	False	False																							reused_unchanged_input	analysis_hbsn_restructure/14_shared_signal_resolution/independent_resolution/conditional_fits															analysis_hbsn_restructure/15_remaining_obstacle_audit/corrected_inputs/R12/GGT.tsv.gz	analysis_hbsn_restructure/14_shared_signal_resolution/paired_inputs/R12/reference_dosages.tsv.gz	1566825		True		not_evaluable_coverage	EUR:chr6:28917608-29737971	0	0	0	0
EUR:chr6:28917608-29737971__LIVER_FAT	R12	LIVER_FAT	3154	True	True	unresolved_no_credible_signal	False	False	False	False	False	0.057414688445205302	0.0089011342233205996	0	0	True	True	0	0	32691.670209500098	32858	True	True	0	0	False	False	0		True	0.0001099521899747	0		corrected_input_rerun	analysis_hbsn_restructure/16_corrected_shared_signal/conditional_fits															analysis_hbsn_restructure/15_remaining_obstacle_audit/corrected_inputs/R12/LIVER_FAT.tsv.gz	analysis_hbsn_restructure/14_shared_signal_resolution/paired_inputs/R12/reference_dosages.tsv.gz	1566825	32858	False	analysis_hbsn_restructure/16_corrected_shared_signal/conditional_fits/R12/LIVER_FAT.fits.rds	unresolved_no_credible_signal	EUR:chr6:28917608-29737971	0	0	0	0
EUR:chr6:28917608-29737971__NAFLD	R12	NAFLD	2564	False	True	not_evaluable_coverage	False	False	False	False	False																							corrected_input_rerun	analysis_hbsn_restructure/16_corrected_shared_signal/conditional_fits															analysis_hbsn_restructure/15_remaining_obstacle_audit/corrected_inputs/R12/NAFLD.tsv.gz	analysis_hbsn_restructure/14_shared_signal_resolution/paired_inputs/R12/reference_dosages.tsv.gz	1566825	778614	False		not_evaluable_coverage	EUR:chr6:28917608-29737971	0	0	0	0
EUR:chr6:28917608-29737971__PBC	R12	PBC	3246	True	True	unresolved_no_credible_signal	False	False	False	False	False	0.053336818839268399	0.033116287344246598	0	0	True	True	0	2	32691.670209500098	21584.376825785399	True	True	0	2	False	False	0		True	0.0001115432660444	0.00014503136997239999		corrected_input_rerun	analysis_hbsn_restructure/16_corrected_shared_signal/conditional_fits															analysis_hbsn_restructure/15_remaining_obstacle_audit/corrected_inputs/R12/PBC.tsv.gz	analysis_hbsn_restructure/14_shared_signal_resolution/paired_inputs/R12/reference_dosages.tsv.gz	1566825	24510	False	analysis_hbsn_restructure/16_corrected_shared_signal/conditional_fits/R12/PBC.fits.rds	unresolved_no_credible_signal	EUR:chr6:28917608-29737971	25	25	0	0
EUR:chr6:28917608-29737971__PSC	R12	PSC	2896	True	True	not_evaluable_pair_LD_diagnostic_gate	False	False	False	False	False	0.045514898823911097	0.42255770653637897	0	2																			corrected_input_rerun	analysis_hbsn_restructure/16_corrected_shared_signal/conditional_fits															analysis_hbsn_restructure/15_remaining_obstacle_audit/corrected_inputs/R12/PSC.tsv.gz	analysis_hbsn_restructure/14_shared_signal_resolution/paired_inputs/R12/reference_dosages.tsv.gz	1566825	14890	False		not_evaluable_pair_LD_diagnostic_gate	EUR:chr6:28917608-29737971	25	25	0	0
EUR:chr19:16374416-18409862__AIH	R13	AIH	5890	True	False	not_evaluable_HCC_regional_diagnostic_gate	False	False	False	False	False																							reused_unchanged_input	analysis_hbsn_restructure/14_shared_signal_resolution/independent_resolution/conditional_fits															analysis_hbsn_restructure/15_remaining_obstacle_audit/corrected_inputs/R13/AIH.tsv.gz	analysis_hbsn_restructure/14_shared_signal_resolution/paired_inputs/R13/reference_dosages.tsv.gz	1566825	485234	True		not_evaluable_HCC_regional_diagnostic_gate	EUR:chr19:16374416-18409862	0	0	0	0
EUR:chr19:16374416-18409862__ALP	R13	ALP	5928	True	False	not_evaluable_HCC_regional_diagnostic_gate	False	False	False	False	False																							reused_unchanged_input	analysis_hbsn_restructure/14_shared_signal_resolution/independent_resolution/conditional_fits															analysis_hbsn_restructure/15_remaining_obstacle_audit/corrected_inputs/R13/ALP.tsv.gz	analysis_hbsn_restructure/14_shared_signal_resolution/paired_inputs/R13/reference_dosages.tsv.gz	1566825	437438	True		not_evaluable_HCC_regional_diagnostic_gate	EUR:chr19:16374416-18409862	33	33	0	0
EUR:chr19:16374416-18409862__ALT	R13	ALT	5928	True	False	not_evaluable_HCC_regional_diagnostic_gate	False	False	False	False	False																							reused_unchanged_input	analysis_hbsn_restructure/14_shared_signal_resolution/independent_resolution/conditional_fits															analysis_hbsn_restructure/15_remaining_obstacle_audit/corrected_inputs/R13/ALT.tsv.gz	analysis_hbsn_restructure/14_shared_signal_resolution/paired_inputs/R13/reference_dosages.tsv.gz	1566825	437267	True		not_evaluable_HCC_regional_diagnostic_gate	EUR:chr19:16374416-18409862	38	38	0	0
EUR:chr19:16374416-18409862__AST	R13	AST	5811	True	False	not_evaluable_HCC_regional_diagnostic_gate	False	False	False	False	False																							reused_unchanged_input	analysis_hbsn_restructure/14_shared_signal_resolution/independent_resolution/conditional_fits															analysis_hbsn_restructure/15_remaining_obstacle_audit/corrected_inputs/R13/AST.tsv.gz	analysis_hbsn_restructure/14_shared_signal_resolution/paired_inputs/R13/reference_dosages.tsv.gz	1566825	342990	True		not_evaluable_HCC_regional_diagnostic_gate	EUR:chr19:16374416-18409862	33	33	0	0
EUR:chr19:16374416-18409862__BILI	R13	BILI	5820	True	False	not_evaluable_HCC_regional_diagnostic_gate	False	False	False	False	False																							reused_unchanged_input	analysis_hbsn_restructure/14_shared_signal_resolution/independent_resolution/conditional_fits															analysis_hbsn_restructure/15_remaining_obstacle_audit/corrected_inputs/R13/BILI.tsv.gz	analysis_hbsn_restructure/14_shared_signal_resolution/paired_inputs/R13/reference_dosages.tsv.gz	1566825	342829	True		not_evaluable_HCC_regional_diagnostic_gate	EUR:chr19:16374416-18409862	33	33	1	1
EUR:chr19:16374416-18409862__CIRR	R13	CIRR	5504	True	False	not_evaluable_HCC_regional_diagnostic_gate	False	False	False	False	False																							reused_unchanged_input	analysis_hbsn_restructure/14_shared_signal_resolution/independent_resolution/conditional_fits															analysis_hbsn_restructure/15_remaining_obstacle_audit/corrected_inputs/R13/CIRR.tsv.gz	analysis_hbsn_restructure/14_shared_signal_resolution/paired_inputs/R13/reference_dosages.tsv.gz	1566825	1577830	True		not_evaluable_HCC_regional_diagnostic_gate	EUR:chr19:16374416-18409862	38	38	0	0
EUR:chr19:16374416-18409862__GGT	R13	GGT	5928	True	False	not_evaluable_HCC_regional_diagnostic_gate	False	False	False	False	False																							reused_unchanged_input	analysis_hbsn_restructure/14_shared_signal_resolution/independent_resolution/conditional_fits															analysis_hbsn_restructure/15_remaining_obstacle_audit/corrected_inputs/R13/GGT.tsv.gz	analysis_hbsn_restructure/14_shared_signal_resolution/paired_inputs/R13/reference_dosages.tsv.gz	1566825	437194	True		not_evaluable_HCC_regional_diagnostic_gate	EUR:chr19:16374416-18409862	0	0	0	0
EUR:chr19:16374416-18409862__LIVER_FAT	R13	LIVER_FAT	5762	True	False	not_evaluable_HCC_regional_diagnostic_gate	False	False	False	False	False																							reused_unchanged_input	analysis_hbsn_restructure/14_shared_signal_resolution/independent_resolution/conditional_fits															analysis_hbsn_restructure/15_remaining_obstacle_audit/corrected_inputs/R13/LIVER_FAT.tsv.gz	analysis_hbsn_restructure/14_shared_signal_resolution/paired_inputs/R13/reference_dosages.tsv.gz	1566825	32858	True		not_evaluable_HCC_regional_diagnostic_gate	EUR:chr19:16374416-18409862	38	38	0	0
EUR:chr19:16374416-18409862__NAFLD	R13	NAFLD	4482	False	False	not_evaluable_coverage	False	False	False	False	False																							reused_unchanged_input	analysis_hbsn_restructure/14_shared_signal_resolution/independent_resolution/conditional_fits															analysis_hbsn_restructure/15_remaining_obstacle_audit/corrected_inputs/R13/NAFLD.tsv.gz	analysis_hbsn_restructure/14_shared_signal_resolution/paired_inputs/R13/reference_dosages.tsv.gz	1566825	778614	True		not_evaluable_coverage	EUR:chr19:16374416-18409862	38	38	0	0
EUR:chr19:16374416-18409862__PBC	R13	PBC	1638	False	False	not_evaluable_coverage	False	False	False	False	False																							reused_unchanged_input	analysis_hbsn_restructure/14_shared_signal_resolution/independent_resolution/conditional_fits															analysis_hbsn_restructure/15_remaining_obstacle_audit/corrected_inputs/R13/PBC.tsv.gz	analysis_hbsn_restructure/14_shared_signal_resolution/paired_inputs/R13/reference_dosages.tsv.gz	1566825	24510	True		not_evaluable_coverage	EUR:chr19:16374416-18409862	0	0	0	0
EUR:chr19:16374416-18409862__PSC	R13	PSC	3757	False	False	not_evaluable_coverage	False	False	False	False	False																							reused_unchanged_input	analysis_hbsn_restructure/14_shared_signal_resolution/independent_resolution/conditional_fits															analysis_hbsn_restructure/15_remaining_obstacle_audit/corrected_inputs/R13/PSC.tsv.gz	analysis_hbsn_restructure/14_shared_signal_resolution/paired_inputs/R13/reference_dosages.tsv.gz	1566825	14890	True		not_evaluable_coverage	EUR:chr19:16374416-18409862	0	0	0	0
EUR:chr19:18409862-19877471__AIH	R14	AIH	3064	True	False	not_evaluable_HCC_regional_diagnostic_gate	False	False	False	False	False																							reused_unchanged_input	analysis_hbsn_restructure/14_shared_signal_resolution/independent_resolution/conditional_fits															analysis_hbsn_restructure/15_remaining_obstacle_audit/corrected_inputs/R14/AIH.tsv.gz	analysis_hbsn_restructure/14_shared_signal_resolution/paired_inputs/R14/reference_dosages.tsv.gz	1566825	485234	True		not_evaluable_HCC_regional_diagnostic_gate	EUR:chr19:18409862-19877471	0	0	0	0
EUR:chr19:18409862-19877471__ALP	R14	ALP	3078	True	False	not_evaluable_HCC_regional_diagnostic_gate	False	False	False	False	False																							reused_unchanged_input	analysis_hbsn_restructure/14_shared_signal_resolution/independent_resolution/conditional_fits															analysis_hbsn_restructure/15_remaining_obstacle_audit/corrected_inputs/R14/ALP.tsv.gz	analysis_hbsn_restructure/14_shared_signal_resolution/paired_inputs/R14/reference_dosages.tsv.gz	1566825	437438	True		not_evaluable_HCC_regional_diagnostic_gate	EUR:chr19:18409862-19877471	51	51	51	3
EUR:chr19:18409862-19877471__ALT	R14	ALT	3078	True	False	not_evaluable_HCC_regional_diagnostic_gate	False	False	False	False	False																							reused_unchanged_input	analysis_hbsn_restructure/14_shared_signal_resolution/independent_resolution/conditional_fits															analysis_hbsn_restructure/15_remaining_obstacle_audit/corrected_inputs/R14/ALT.tsv.gz	analysis_hbsn_restructure/14_shared_signal_resolution/paired_inputs/R14/reference_dosages.tsv.gz	1566825	437267	True		not_evaluable_HCC_regional_diagnostic_gate	EUR:chr19:18409862-19877471	56	56	56	56
EUR:chr19:18409862-19877471__AST	R14	AST	3019	True	False	not_evaluable_HCC_regional_diagnostic_gate	False	False	False	False	False																							reused_unchanged_input	analysis_hbsn_restructure/14_shared_signal_resolution/independent_resolution/conditional_fits															analysis_hbsn_restructure/15_remaining_obstacle_audit/corrected_inputs/R14/AST.tsv.gz	analysis_hbsn_restructure/14_shared_signal_resolution/paired_inputs/R14/reference_dosages.tsv.gz	1566825	342990	True		not_evaluable_HCC_regional_diagnostic_gate	EUR:chr19:18409862-19877471	51	51	51	1
EUR:chr19:18409862-19877471__BILI	R14	BILI	3021	True	False	not_evaluable_HCC_regional_diagnostic_gate	False	False	False	False	False																							reused_unchanged_input	analysis_hbsn_restructure/14_shared_signal_resolution/independent_resolution/conditional_fits															analysis_hbsn_restructure/15_remaining_obstacle_audit/corrected_inputs/R14/BILI.tsv.gz	analysis_hbsn_restructure/14_shared_signal_resolution/paired_inputs/R14/reference_dosages.tsv.gz	1566825	342829	True		not_evaluable_HCC_regional_diagnostic_gate	EUR:chr19:18409862-19877471	51	51	50	50
EUR:chr19:18409862-19877471__CIRR	R14	CIRR	2889	True	False	not_evaluable_HCC_regional_diagnostic_gate	False	False	False	False	False																							reused_unchanged_input	analysis_hbsn_restructure/14_shared_signal_resolution/independent_resolution/conditional_fits															analysis_hbsn_restructure/15_remaining_obstacle_audit/corrected_inputs/R14/CIRR.tsv.gz	analysis_hbsn_restructure/14_shared_signal_resolution/paired_inputs/R14/reference_dosages.tsv.gz	1566825	1577830	True		not_evaluable_HCC_regional_diagnostic_gate	EUR:chr19:18409862-19877471	56	56	56	54
EUR:chr19:18409862-19877471__GGT	R14	GGT	3078	True	False	not_evaluable_HCC_regional_diagnostic_gate	False	False	False	False	False																							reused_unchanged_input	analysis_hbsn_restructure/14_shared_signal_resolution/independent_resolution/conditional_fits															analysis_hbsn_restructure/15_remaining_obstacle_audit/corrected_inputs/R14/GGT.tsv.gz	analysis_hbsn_restructure/14_shared_signal_resolution/paired_inputs/R14/reference_dosages.tsv.gz	1566825	437194	True		not_evaluable_HCC_regional_diagnostic_gate	EUR:chr19:18409862-19877471	0	0	0	0
EUR:chr19:18409862-19877471__LIVER_FAT	R14	LIVER_FAT	2985	True	False	not_evaluable_HCC_regional_diagnostic_gate	False	False	False	False	False																							reused_unchanged_input	analysis_hbsn_restructure/14_shared_signal_resolution/independent_resolution/conditional_fits															analysis_hbsn_restructure/15_remaining_obstacle_audit/corrected_inputs/R14/LIVER_FAT.tsv.gz	analysis_hbsn_restructure/14_shared_signal_resolution/paired_inputs/R14/reference_dosages.tsv.gz	1566825	32858	True		not_evaluable_HCC_regional_diagnostic_gate	EUR:chr19:18409862-19877471	56	56	56	52
EUR:chr19:18409862-19877471__NAFLD	R14	NAFLD	2382	False	False	not_evaluable_coverage	False	False	False	False	False																							reused_unchanged_input	analysis_hbsn_restructure/14_shared_signal_resolution/independent_resolution/conditional_fits															analysis_hbsn_restructure/15_remaining_obstacle_audit/corrected_inputs/R14/NAFLD.tsv.gz	analysis_hbsn_restructure/14_shared_signal_resolution/paired_inputs/R14/reference_dosages.tsv.gz	1566825	778614	True		not_evaluable_coverage	EUR:chr19:18409862-19877471	56	56	56	8
EUR:chr19:18409862-19877471__PBC	R14	PBC	697	False	False	not_evaluable_coverage	False	False	False	False	False																							reused_unchanged_input	analysis_hbsn_restructure/14_shared_signal_resolution/independent_resolution/conditional_fits															analysis_hbsn_restructure/15_remaining_obstacle_audit/corrected_inputs/R14/PBC.tsv.gz	analysis_hbsn_restructure/14_shared_signal_resolution/paired_inputs/R14/reference_dosages.tsv.gz	1566825	24510	True		not_evaluable_coverage	EUR:chr19:18409862-19877471	0	0	0	0
EUR:chr19:18409862-19877471__PSC	R14	PSC	2175	False	False	not_evaluable_coverage	False	False	False	False	False																							reused_unchanged_input	analysis_hbsn_restructure/14_shared_signal_resolution/independent_resolution/conditional_fits															analysis_hbsn_restructure/15_remaining_obstacle_audit/corrected_inputs/R14/PSC.tsv.gz	analysis_hbsn_restructure/14_shared_signal_resolution/paired_inputs/R14/reference_dosages.tsv.gz	1566825	14890	True		not_evaluable_coverage	EUR:chr19:18409862-19877471	0	0	0	0
EUR:chr19:19877471-20905757__AIH	R15	AIH	3571	True	True	unresolved_no_credible_signal	False	False	False	False	False	0.116624015254122	0.055315249942546399	0	0	True	True	0	0	32691.670209500098	3278.4435797986098	True	True	0	0	False	False	0		True	0.0014996980355858	0		reused_unchanged_input	analysis_hbsn_restructure/14_shared_signal_resolution/independent_resolution/conditional_fits															analysis_hbsn_restructure/15_remaining_obstacle_audit/corrected_inputs/R15/AIH.tsv.gz	analysis_hbsn_restructure/14_shared_signal_resolution/paired_inputs/R15/reference_dosages.tsv.gz	1566825	485234	True	analysis_hbsn_restructure/14_shared_signal_resolution/independent_resolution/conditional_fits/R15/AIH.fits.rds	unresolved_no_credible_signal	EUR:chr19:19877471-20905757	0	0	0	0
EUR:chr19:19877471-20905757__ALP	R15	ALP	3606	True	True	unresolved_no_credible_signal	False	False	False	False	False	0.117789873446339	0.043506511503861402	0	0	True	True	0	1	32691.670209500098	437438	True	True	0	1	False	False	0		True	0.0014996985477255	0		reused_unchanged_input	analysis_hbsn_restructure/14_shared_signal_resolution/independent_resolution/conditional_fits															analysis_hbsn_restructure/15_remaining_obstacle_audit/corrected_inputs/R15/ALP.tsv.gz	analysis_hbsn_restructure/14_shared_signal_resolution/paired_inputs/R15/reference_dosages.tsv.gz	1566825	437438	True	analysis_hbsn_restructure/14_shared_signal_resolution/independent_resolution/conditional_fits/R15/ALP.fits.rds	unresolved_no_credible_signal	EUR:chr19:19877471-20905757	34	34	0	0
EUR:chr19:19877471-20905757__ALT	R15	ALT	3606	True	True	unresolved_no_credible_signal	False	False	False	False	False	0.117789873446339	0.039084728142278702	0	0	True	True	0	1	32691.670209500098	437267	True	True	0	1	False	False	0		True	0.0014996985477255	0		reused_unchanged_input	analysis_hbsn_restructure/14_shared_signal_resolution/independent_resolution/conditional_fits															analysis_hbsn_restructure/15_remaining_obstacle_audit/corrected_inputs/R15/ALT.tsv.gz	analysis_hbsn_restructure/14_shared_signal_resolution/paired_inputs/R15/reference_dosages.tsv.gz	1566825	437267	True	analysis_hbsn_restructure/14_shared_signal_resolution/independent_resolution/conditional_fits/R15/ALT.fits.rds	unresolved_no_credible_signal	EUR:chr19:19877471-20905757	34	34	0	0
EUR:chr19:19877471-20905757__AST	R15	AST	3395	True	True	unresolved_no_credible_signal	False	False	False	False	False	0.110267322130217	0.019306252611397099	0	0	True	True	0	0	32691.670209500098	342990	True	True	0	0	False	False	0		True	0.0014909863969984	0		reused_unchanged_input	analysis_hbsn_restructure/14_shared_signal_resolution/independent_resolution/conditional_fits															analysis_hbsn_restructure/15_remaining_obstacle_audit/corrected_inputs/R15/AST.tsv.gz	analysis_hbsn_restructure/14_shared_signal_resolution/paired_inputs/R15/reference_dosages.tsv.gz	1566825	342990	True	analysis_hbsn_restructure/14_shared_signal_resolution/independent_resolution/conditional_fits/R15/AST.fits.rds	unresolved_no_credible_signal	EUR:chr19:19877471-20905757	34	34	0	0
EUR:chr19:19877471-20905757__BILI	R15	BILI	3412	True	True	unresolved_no_credible_signal	False	False	False	False	False	0.111085862666653	0.058583489519040598	0	0	True	True	0	0	32691.670209500098	342829	True	True	0	0	False	False	0		True	0.0014909866783842001	0		reused_unchanged_input	analysis_hbsn_restructure/14_shared_signal_resolution/independent_resolution/conditional_fits															analysis_hbsn_restructure/15_remaining_obstacle_audit/corrected_inputs/R15/BILI.tsv.gz	analysis_hbsn_restructure/14_shared_signal_resolution/paired_inputs/R15/reference_dosages.tsv.gz	1566825	342829	True	analysis_hbsn_restructure/14_shared_signal_resolution/independent_resolution/conditional_fits/R15/BILI.fits.rds	unresolved_no_credible_signal	EUR:chr19:19877471-20905757	34	34	0	0
EUR:chr19:19877471-20905757__CIRR	R15	CIRR	3364	True	True	unresolved_no_credible_signal	False	False	False	False	False	0.103824569678926	0.121755892263794	0	0	True	True	0	0	32691.670209500098	60313.167060229302	True	True	0	0	False	False	0		True	0.0013904564404672	0.00065882123950380001	"`aes_string()` was deprecated in ggplot2 3.0.0.
ℹ Please use tidy evaluation idioms with `aes()`.
ℹ See also `vignette(""ggplot2-in-packages"")` for more information.
ℹ The deprecated feature was likely used in the susieR package.
  Please report the issue at <https://github.com/stephenslab/susieR/issues>."	reused_unchanged_input	analysis_hbsn_restructure/14_shared_signal_resolution/independent_resolution/conditional_fits															analysis_hbsn_restructure/15_remaining_obstacle_audit/corrected_inputs/R15/CIRR.tsv.gz	analysis_hbsn_restructure/14_shared_signal_resolution/paired_inputs/R15/reference_dosages.tsv.gz	1566825	1522690	True	analysis_hbsn_restructure/14_shared_signal_resolution/independent_resolution/conditional_fits/R15/CIRR.fits.rds	unresolved_no_credible_signal	EUR:chr19:19877471-20905757	34	34	0	0
EUR:chr19:19877471-20905757__GGT	R15	GGT	3606	True	True	unresolved_no_credible_signal	False	False	False	False	False	0.117789873446339	0.028613199516857601	0	0	True	True	0	0	32691.670209500098	437194	True	True	0	0	False	False	0		True	0.0014996985477255	0		reused_unchanged_input	analysis_hbsn_restructure/14_shared_signal_resolution/independent_resolution/conditional_fits															analysis_hbsn_restructure/15_remaining_obstacle_audit/corrected_inputs/R15/GGT.tsv.gz	analysis_hbsn_restructure/14_shared_signal_resolution/paired_inputs/R15/reference_dosages.tsv.gz	1566825	437194	True	analysis_hbsn_restructure/14_shared_signal_resolution/independent_resolution/conditional_fits/R15/GGT.fits.rds	unresolved_no_credible_signal	EUR:chr19:19877471-20905757	0	0	0	0
EUR:chr19:19877471-20905757__LIVER_FAT	R15	LIVER_FAT	3517	True	True	unresolved_no_credible_signal	False	False	False	False	False	0.113539285903607	0.030737812897943501	0	0	True	True	0	0	32691.670209500098	32858	True	True	0	0	False	False	0		True	0.0014991218251727001	0		reused_unchanged_input	analysis_hbsn_restructure/14_shared_signal_resolution/independent_resolution/conditional_fits															analysis_hbsn_restructure/15_remaining_obstacle_audit/corrected_inputs/R15/LIVER_FAT.tsv.gz	analysis_hbsn_restructure/14_shared_signal_resolution/paired_inputs/R15/reference_dosages.tsv.gz	1566825	32858	True	analysis_hbsn_restructure/14_shared_signal_resolution/independent_resolution/conditional_fits/R15/LIVER_FAT.fits.rds	unresolved_no_credible_signal	EUR:chr19:19877471-20905757	34	34	0	0
EUR:chr19:19877471-20905757__NAFLD	R15	NAFLD	2178	False	True	not_evaluable_coverage	False	False	False	False	False																							reused_unchanged_input	analysis_hbsn_restructure/14_shared_signal_resolution/independent_resolution/conditional_fits															analysis_hbsn_restructure/15_remaining_obstacle_audit/corrected_inputs/R15/NAFLD.tsv.gz	analysis_hbsn_restructure/14_shared_signal_resolution/paired_inputs/R15/reference_dosages.tsv.gz	1566825	778614	True		not_evaluable_coverage	EUR:chr19:19877471-20905757	34	34	0	0
EUR:chr19:19877471-20905757__PBC	R15	PBC	764	False	True	not_evaluable_coverage	False	False	False	False	False																							reused_unchanged_input	analysis_hbsn_restructure/14_shared_signal_resolution/independent_resolution/conditional_fits															analysis_hbsn_restructure/15_remaining_obstacle_audit/corrected_inputs/R15/PBC.tsv.gz	analysis_hbsn_restructure/14_shared_signal_resolution/paired_inputs/R15/reference_dosages.tsv.gz	1566825	24510	True		not_evaluable_coverage	EUR:chr19:19877471-20905757	0	0	0	0
EUR:chr19:19877471-20905757__PSC	R15	PSC	2301	False	True	not_evaluable_coverage	False	False	False	False	False																							reused_unchanged_input	analysis_hbsn_restructure/14_shared_signal_resolution/independent_resolution/conditional_fits															analysis_hbsn_restructure/15_remaining_obstacle_audit/corrected_inputs/R15/PSC.tsv.gz	analysis_hbsn_restructure/14_shared_signal_resolution/paired_inputs/R15/reference_dosages.tsv.gz	1566825	14890	True		not_evaluable_coverage	EUR:chr19:19877471-20905757	0	0	0	0
EUR:chr22:42690818-43714200__AIH	R16	AIH	3265	True	True	unresolved_no_credible_signal	False	False	False	False	False	0.083053271027202405	0.134869397751126	0	0	True	True	0	0	32691.670209500098	3278.4435797986098	True	True	0	0	False	False	0		True	0	0		reused_unchanged_input	analysis_hbsn_restructure/14_shared_signal_resolution/independent_resolution/conditional_fits															analysis_hbsn_restructure/15_remaining_obstacle_audit/corrected_inputs/R16/AIH.tsv.gz	analysis_hbsn_restructure/14_shared_signal_resolution/paired_inputs/R16/reference_dosages.tsv.gz	1566825	485234	True	analysis_hbsn_restructure/14_shared_signal_resolution/independent_resolution/conditional_fits/R16/AIH.fits.rds	unresolved_no_credible_signal	EUR:chr22:42690818-43714200	0	0	0	0
EUR:chr22:42690818-43714200__ALP	R16	ALP	3297	True	True	unresolved_no_credible_signal	False	False	False	False	False	0.087057470828686895	0.058733638181246099	0	0	True	True	0	0	32691.670209500098	437438	True	True	0	0	False	False	0		True	0	0		reused_unchanged_input	analysis_hbsn_restructure/14_shared_signal_resolution/independent_resolution/conditional_fits															analysis_hbsn_restructure/15_remaining_obstacle_audit/corrected_inputs/R16/ALP.tsv.gz	analysis_hbsn_restructure/14_shared_signal_resolution/paired_inputs/R16/reference_dosages.tsv.gz	1566825	437438	True	analysis_hbsn_restructure/14_shared_signal_resolution/independent_resolution/conditional_fits/R16/ALP.fits.rds	unresolved_no_credible_signal	EUR:chr22:42690818-43714200	0	0	0	0
EUR:chr22:42690818-43714200__ALT	R16	ALT	3297	True	True	unresolved_no_credible_signal	False	False	False	False	False	0.087057470828686895	0.069995251321467097	0	0	True	True	0	1	32691.670209500098	437267	True	True	0	1	False	False	0		True	0	0		reused_unchanged_input	analysis_hbsn_restructure/14_shared_signal_resolution/independent_resolution/conditional_fits															analysis_hbsn_restructure/15_remaining_obstacle_audit/corrected_inputs/R16/ALT.tsv.gz	analysis_hbsn_restructure/14_shared_signal_resolution/paired_inputs/R16/reference_dosages.tsv.gz	1566825	437267	True	analysis_hbsn_restructure/14_shared_signal_resolution/independent_resolution/conditional_fits/R16/ALT.fits.rds	unresolved_no_credible_signal	EUR:chr22:42690818-43714200	15	15	0	0
EUR:chr22:42690818-43714200__AST	R16	AST	3195	True	True	unresolved_no_credible_signal	False	False	False	False	False	0.080221680012102697	0.062671720496759106	0	0	True	True	0	0	32691.670209500098	342990	True	True	0	0	False	False	0		True	0	0		reused_unchanged_input	analysis_hbsn_restructure/14_shared_signal_resolution/independent_resolution/conditional_fits															analysis_hbsn_restructure/15_remaining_obstacle_audit/corrected_inputs/R16/AST.tsv.gz	analysis_hbsn_restructure/14_shared_signal_resolution/paired_inputs/R16/reference_dosages.tsv.gz	1566825	342990	True	analysis_hbsn_restructure/14_shared_signal_resolution/independent_resolution/conditional_fits/R16/AST.fits.rds	unresolved_no_credible_signal	EUR:chr22:42690818-43714200	15	15	0	0
EUR:chr22:42690818-43714200__BILI	R16	BILI	3203	True	True	unresolved_no_credible_signal	False	False	False	False	False	0.080751362994877507	0.10837765468258	0	0	True	True	0	1	32691.670209500098	342829	True	True	0	1	False	False	0		True	0	0		reused_unchanged_input	analysis_hbsn_restructure/14_shared_signal_resolution/independent_resolution/conditional_fits															analysis_hbsn_restructure/15_remaining_obstacle_audit/corrected_inputs/R16/BILI.tsv.gz	analysis_hbsn_restructure/14_shared_signal_resolution/paired_inputs/R16/reference_dosages.tsv.gz	1566825	342829	True	analysis_hbsn_restructure/14_shared_signal_resolution/independent_resolution/conditional_fits/R16/BILI.fits.rds	unresolved_no_credible_signal	EUR:chr22:42690818-43714200	0	0	0	0
EUR:chr22:42690818-43714200__CIRR	R16	CIRR	3128	True	True	not_evaluable_pair_LD_diagnostic_gate	False	False	False	False	False	0.076830188556935394	0.14563768709445199	0	1																		"`aes_string()` was deprecated in ggplot2 3.0.0.
ℹ Please use tidy evaluation idioms with `aes()`.
ℹ See also `vignette(""ggplot2-in-packages"")` for more information.
ℹ The deprecated feature was likely used in the susieR package.
  Please report the issue at <https://github.com/stephenslab/susieR/issues>."	reused_unchanged_input	analysis_hbsn_restructure/14_shared_signal_resolution/independent_resolution/conditional_fits															analysis_hbsn_restructure/15_remaining_obstacle_audit/corrected_inputs/R16/CIRR.tsv.gz	analysis_hbsn_restructure/14_shared_signal_resolution/paired_inputs/R16/reference_dosages.tsv.gz	1566825	1522690	True		not_evaluable_pair_LD_diagnostic_gate	EUR:chr22:42690818-43714200	15	15	0	0
EUR:chr22:42690818-43714200__GGT	R16	GGT	3297	True	True	unresolved_no_credible_signal	False	False	False	False	False	0.087057470828686895	0.068096786690635305	0	0	True	True	0	0	32691.670209500098	437194	True	True	0	0	False	False	0		True	0	0		reused_unchanged_input	analysis_hbsn_restructure/14_shared_signal_resolution/independent_resolution/conditional_fits															analysis_hbsn_restructure/15_remaining_obstacle_audit/corrected_inputs/R16/GGT.tsv.gz	analysis_hbsn_restructure/14_shared_signal_resolution/paired_inputs/R16/reference_dosages.tsv.gz	1566825	437194	True	analysis_hbsn_restructure/14_shared_signal_resolution/independent_resolution/conditional_fits/R16/GGT.fits.rds	unresolved_no_credible_signal	EUR:chr22:42690818-43714200	0	0	0	0
EUR:chr22:42690818-43714200__LIVER_FAT	R16	LIVER_FAT	3229	True	True	unresolved_no_credible_signal	False	False	False	False	False	0.080891681013101596	0.060237032407099197	0	0	True	True	0	0	32691.670209500098	32858	True	True	0	0	False	False	0		True	0	0		reused_unchanged_input	analysis_hbsn_restructure/14_shared_signal_resolution/independent_resolution/conditional_fits															analysis_hbsn_restructure/15_remaining_obstacle_audit/corrected_inputs/R16/LIVER_FAT.tsv.gz	analysis_hbsn_restructure/14_shared_signal_resolution/paired_inputs/R16/reference_dosages.tsv.gz	1566825	32858	True	analysis_hbsn_restructure/14_shared_signal_resolution/independent_resolution/conditional_fits/R16/LIVER_FAT.fits.rds	unresolved_no_credible_signal	EUR:chr22:42690818-43714200	15	15	0	0
EUR:chr22:42690818-43714200__NAFLD	R16	NAFLD	2647	True	True	unresolved_no_credible_signal	False	False	False	False	False	0.042813605043769298	0.036088712118587003	0	0	True	True	0	0	32691.670209500098	33370.569345015603	True	True	0	0	False	False	0		True	0	2.68720612340845e-05		reused_unchanged_input	analysis_hbsn_restructure/14_shared_signal_resolution/independent_resolution/conditional_fits															analysis_hbsn_restructure/15_remaining_obstacle_audit/corrected_inputs/R16/NAFLD.tsv.gz	analysis_hbsn_restructure/14_shared_signal_resolution/paired_inputs/R16/reference_dosages.tsv.gz	1566825	778614	True	analysis_hbsn_restructure/14_shared_signal_resolution/independent_resolution/conditional_fits/R16/NAFLD.fits.rds	unresolved_no_credible_signal	EUR:chr22:42690818-43714200	15	15	0	0
EUR:chr22:42690818-43714200__PBC	R16	PBC	1351	False	True	not_evaluable_coverage	False	False	False	False	False																							reused_unchanged_input	analysis_hbsn_restructure/14_shared_signal_resolution/independent_resolution/conditional_fits															analysis_hbsn_restructure/15_remaining_obstacle_audit/corrected_inputs/R16/PBC.tsv.gz	analysis_hbsn_restructure/14_shared_signal_resolution/paired_inputs/R16/reference_dosages.tsv.gz	1566825	24510	True		not_evaluable_coverage	EUR:chr22:42690818-43714200	0	0	0	0
EUR:chr22:42690818-43714200__PSC	R16	PSC	2337	False	True	not_evaluable_coverage	False	False	False	False	False																							reused_unchanged_input	analysis_hbsn_restructure/14_shared_signal_resolution/independent_resolution/conditional_fits															analysis_hbsn_restructure/15_remaining_obstacle_audit/corrected_inputs/R16/PSC.tsv.gz	analysis_hbsn_restructure/14_shared_signal_resolution/paired_inputs/R16/reference_dosages.tsv.gz	1566825	14890	True		not_evaluable_coverage	EUR:chr22:42690818-43714200	0	0	0	0
EUR:chr22:43714200-44995308__AIH	R17	AIH	4297	True	False	not_evaluable_HCC_regional_diagnostic_gate	False	False	False	False	False																							reused_unchanged_input	analysis_hbsn_restructure/14_shared_signal_resolution/independent_resolution/conditional_fits															analysis_hbsn_restructure/15_remaining_obstacle_audit/corrected_inputs/R17/AIH.tsv.gz	analysis_hbsn_restructure/14_shared_signal_resolution/paired_inputs/R17/reference_dosages.tsv.gz	1566825	485234	True		not_evaluable_HCC_regional_diagnostic_gate	EUR:chr22:43714200-44995308	0	0	0	0
EUR:chr22:43714200-44995308__ALP	R17	ALP	4305	True	False	not_evaluable_HCC_regional_diagnostic_gate	False	False	False	False	False																							reused_unchanged_input	analysis_hbsn_restructure/14_shared_signal_resolution/independent_resolution/conditional_fits															analysis_hbsn_restructure/15_remaining_obstacle_audit/corrected_inputs/R17/ALP.tsv.gz	analysis_hbsn_restructure/14_shared_signal_resolution/paired_inputs/R17/reference_dosages.tsv.gz	1566825	437438	True		not_evaluable_HCC_regional_diagnostic_gate	EUR:chr22:43714200-44995308	0	0	0	0
EUR:chr22:43714200-44995308__ALT	R17	ALT	4305	True	False	not_evaluable_HCC_regional_diagnostic_gate	False	False	False	False	False																							reused_unchanged_input	analysis_hbsn_restructure/14_shared_signal_resolution/independent_resolution/conditional_fits															analysis_hbsn_restructure/15_remaining_obstacle_audit/corrected_inputs/R17/ALT.tsv.gz	analysis_hbsn_restructure/14_shared_signal_resolution/paired_inputs/R17/reference_dosages.tsv.gz	1566825	437267	True		not_evaluable_HCC_regional_diagnostic_gate	EUR:chr22:43714200-44995308	20	20	20	20
EUR:chr22:43714200-44995308__AST	R17	AST	4248	True	False	not_evaluable_HCC_regional_diagnostic_gate	False	False	False	False	False																							reused_unchanged_input	analysis_hbsn_restructure/14_shared_signal_resolution/independent_resolution/conditional_fits															analysis_hbsn_restructure/15_remaining_obstacle_audit/corrected_inputs/R17/AST.tsv.gz	analysis_hbsn_restructure/14_shared_signal_resolution/paired_inputs/R17/reference_dosages.tsv.gz	1566825	342990	True		not_evaluable_HCC_regional_diagnostic_gate	EUR:chr22:43714200-44995308	20	20	20	0
EUR:chr22:43714200-44995308__BILI	R17	BILI	4263	True	False	not_evaluable_HCC_regional_diagnostic_gate	False	False	False	False	False																							reused_unchanged_input	analysis_hbsn_restructure/14_shared_signal_resolution/independent_resolution/conditional_fits															analysis_hbsn_restructure/15_remaining_obstacle_audit/corrected_inputs/R17/BILI.tsv.gz	analysis_hbsn_restructure/14_shared_signal_resolution/paired_inputs/R17/reference_dosages.tsv.gz	1566825	342829	True		not_evaluable_HCC_regional_diagnostic_gate	EUR:chr22:43714200-44995308	0	0	0	0
EUR:chr22:43714200-44995308__CIRR	R17	CIRR	4070	True	False	not_evaluable_HCC_regional_diagnostic_gate	False	False	False	False	False																							reused_unchanged_input	analysis_hbsn_restructure/14_shared_signal_resolution/independent_resolution/conditional_fits															analysis_hbsn_restructure/15_remaining_obstacle_audit/corrected_inputs/R17/CIRR.tsv.gz	analysis_hbsn_restructure/14_shared_signal_resolution/paired_inputs/R17/reference_dosages.tsv.gz	1566825	1577830	True		not_evaluable_HCC_regional_diagnostic_gate	EUR:chr22:43714200-44995308	20	20	20	20
EUR:chr22:43714200-44995308__GGT	R17	GGT	4305	True	False	not_evaluable_HCC_regional_diagnostic_gate	False	False	False	False	False																							reused_unchanged_input	analysis_hbsn_restructure/14_shared_signal_resolution/independent_resolution/conditional_fits															analysis_hbsn_restructure/15_remaining_obstacle_audit/corrected_inputs/R17/GGT.tsv.gz	analysis_hbsn_restructure/14_shared_signal_resolution/paired_inputs/R17/reference_dosages.tsv.gz	1566825	437194	True		not_evaluable_HCC_regional_diagnostic_gate	EUR:chr22:43714200-44995308	0	0	0	0
EUR:chr22:43714200-44995308__LIVER_FAT	R17	LIVER_FAT	4208	True	False	not_evaluable_HCC_regional_diagnostic_gate	False	False	False	False	False																							reused_unchanged_input	analysis_hbsn_restructure/14_shared_signal_resolution/independent_resolution/conditional_fits															analysis_hbsn_restructure/15_remaining_obstacle_audit/corrected_inputs/R17/LIVER_FAT.tsv.gz	analysis_hbsn_restructure/14_shared_signal_resolution/paired_inputs/R17/reference_dosages.tsv.gz	1566825	32858	True		not_evaluable_HCC_regional_diagnostic_gate	EUR:chr22:43714200-44995308	20	20	20	0
EUR:chr22:43714200-44995308__NAFLD	R17	NAFLD	3592	True	False	not_evaluable_HCC_regional_diagnostic_gate	False	False	False	False	False																							reused_unchanged_input	analysis_hbsn_restructure/14_shared_signal_resolution/independent_resolution/conditional_fits															analysis_hbsn_restructure/15_remaining_obstacle_audit/corrected_inputs/R17/NAFLD.tsv.gz	analysis_hbsn_restructure/14_shared_signal_resolution/paired_inputs/R17/reference_dosages.tsv.gz	1566825	778614	True		not_evaluable_HCC_regional_diagnostic_gate	EUR:chr22:43714200-44995308	20	20	20	20
EUR:chr22:43714200-44995308__PBC	R17	PBC	1504	False	False	not_evaluable_coverage	False	False	False	False	False																							reused_unchanged_input	analysis_hbsn_restructure/14_shared_signal_resolution/independent_resolution/conditional_fits															analysis_hbsn_restructure/15_remaining_obstacle_audit/corrected_inputs/R17/PBC.tsv.gz	analysis_hbsn_restructure/14_shared_signal_resolution/paired_inputs/R17/reference_dosages.tsv.gz	1566825	24510	True		not_evaluable_coverage	EUR:chr22:43714200-44995308	0	0	0	0
EUR:chr22:43714200-44995308__PSC	R17	PSC	3285	False	False	not_evaluable_coverage	False	False	False	False	False																							reused_unchanged_input	analysis_hbsn_restructure/14_shared_signal_resolution/independent_resolution/conditional_fits															analysis_hbsn_restructure/15_remaining_obstacle_audit/corrected_inputs/R17/PSC.tsv.gz	analysis_hbsn_restructure/14_shared_signal_resolution/paired_inputs/R17/reference_dosages.tsv.gz	1566825	14890	True		not_evaluable_coverage	EUR:chr22:43714200-44995308	0	0	0	0
EUR:chr22:44995308-46470495__AIH	R18	AIH	5076	True	False	not_evaluable_HCC_regional_diagnostic_gate	False	False	False	False	False																							reused_unchanged_input	analysis_hbsn_restructure/14_shared_signal_resolution/independent_resolution/conditional_fits															analysis_hbsn_restructure/15_remaining_obstacle_audit/corrected_inputs/R18/AIH.tsv.gz	analysis_hbsn_restructure/14_shared_signal_resolution/paired_inputs/R18/reference_dosages.tsv.gz	1566825	485234	True		not_evaluable_HCC_regional_diagnostic_gate	EUR:chr22:44995308-46470495	0	0	0	0
EUR:chr22:44995308-46470495__ALP	R18	ALP	5105	True	False	not_evaluable_HCC_regional_diagnostic_gate	False	False	False	False	False																							reused_unchanged_input	analysis_hbsn_restructure/14_shared_signal_resolution/independent_resolution/conditional_fits															analysis_hbsn_restructure/15_remaining_obstacle_audit/corrected_inputs/R18/ALP.tsv.gz	analysis_hbsn_restructure/14_shared_signal_resolution/paired_inputs/R18/reference_dosages.tsv.gz	1566825	437438	True		not_evaluable_HCC_regional_diagnostic_gate	EUR:chr22:44995308-46470495	0	0	0	0
EUR:chr22:44995308-46470495__ALT	R18	ALT	5105	True	False	not_evaluable_HCC_regional_diagnostic_gate	False	False	False	False	False																							reused_unchanged_input	analysis_hbsn_restructure/14_shared_signal_resolution/independent_resolution/conditional_fits															analysis_hbsn_restructure/15_remaining_obstacle_audit/corrected_inputs/R18/ALT.tsv.gz	analysis_hbsn_restructure/14_shared_signal_resolution/paired_inputs/R18/reference_dosages.tsv.gz	1566825	437267	True		not_evaluable_HCC_regional_diagnostic_gate	EUR:chr22:44995308-46470495	12	12	0	0
EUR:chr22:44995308-46470495__AST	R18	AST	5018	True	False	not_evaluable_HCC_regional_diagnostic_gate	False	False	False	False	False																							reused_unchanged_input	analysis_hbsn_restructure/14_shared_signal_resolution/independent_resolution/conditional_fits															analysis_hbsn_restructure/15_remaining_obstacle_audit/corrected_inputs/R18/AST.tsv.gz	analysis_hbsn_restructure/14_shared_signal_resolution/paired_inputs/R18/reference_dosages.tsv.gz	1566825	342990	True		not_evaluable_HCC_regional_diagnostic_gate	EUR:chr22:44995308-46470495	12	12	0	0
EUR:chr22:44995308-46470495__BILI	R18	BILI	5027	True	False	not_evaluable_HCC_regional_diagnostic_gate	False	False	False	False	False																							reused_unchanged_input	analysis_hbsn_restructure/14_shared_signal_resolution/independent_resolution/conditional_fits															analysis_hbsn_restructure/15_remaining_obstacle_audit/corrected_inputs/R18/BILI.tsv.gz	analysis_hbsn_restructure/14_shared_signal_resolution/paired_inputs/R18/reference_dosages.tsv.gz	1566825	342829	True		not_evaluable_HCC_regional_diagnostic_gate	EUR:chr22:44995308-46470495	0	0	0	0
EUR:chr22:44995308-46470495__CIRR	R18	CIRR	4651	True	False	not_evaluable_HCC_regional_diagnostic_gate	False	False	False	False	False																							reused_unchanged_input	analysis_hbsn_restructure/14_shared_signal_resolution/independent_resolution/conditional_fits															analysis_hbsn_restructure/15_remaining_obstacle_audit/corrected_inputs/R18/CIRR.tsv.gz	analysis_hbsn_restructure/14_shared_signal_resolution/paired_inputs/R18/reference_dosages.tsv.gz	1566825	1577830	True		not_evaluable_HCC_regional_diagnostic_gate	EUR:chr22:44995308-46470495	12	12	0	0
EUR:chr22:44995308-46470495__GGT	R18	GGT	5105	True	False	not_evaluable_HCC_regional_diagnostic_gate	False	False	False	False	False																							reused_unchanged_input	analysis_hbsn_restructure/14_shared_signal_resolution/independent_resolution/conditional_fits															analysis_hbsn_restructure/15_remaining_obstacle_audit/corrected_inputs/R18/GGT.tsv.gz	analysis_hbsn_restructure/14_shared_signal_resolution/paired_inputs/R18/reference_dosages.tsv.gz	1566825	437194	True		not_evaluable_HCC_regional_diagnostic_gate	EUR:chr22:44995308-46470495	0	0	0	0
EUR:chr22:44995308-46470495__LIVER_FAT	R18	LIVER_FAT	4978	True	False	not_evaluable_HCC_regional_diagnostic_gate	False	False	False	False	False																							reused_unchanged_input	analysis_hbsn_restructure/14_shared_signal_resolution/independent_resolution/conditional_fits															analysis_hbsn_restructure/15_remaining_obstacle_audit/corrected_inputs/R18/LIVER_FAT.tsv.gz	analysis_hbsn_restructure/14_shared_signal_resolution/paired_inputs/R18/reference_dosages.tsv.gz	1566825	32858	True		not_evaluable_HCC_regional_diagnostic_gate	EUR:chr22:44995308-46470495	12	12	0	0
EUR:chr22:44995308-46470495__NAFLD	R18	NAFLD	3799	False	False	not_evaluable_coverage	False	False	False	False	False																							reused_unchanged_input	analysis_hbsn_restructure/14_shared_signal_resolution/independent_resolution/conditional_fits															analysis_hbsn_restructure/15_remaining_obstacle_audit/corrected_inputs/R18/NAFLD.tsv.gz	analysis_hbsn_restructure/14_shared_signal_resolution/paired_inputs/R18/reference_dosages.tsv.gz	1566825	778614	True		not_evaluable_coverage	EUR:chr22:44995308-46470495	12	12	0	0
EUR:chr22:44995308-46470495__PBC	R18	PBC	1237	False	False	not_evaluable_coverage	False	False	False	False	False																							reused_unchanged_input	analysis_hbsn_restructure/14_shared_signal_resolution/independent_resolution/conditional_fits															analysis_hbsn_restructure/15_remaining_obstacle_audit/corrected_inputs/R18/PBC.tsv.gz	analysis_hbsn_restructure/14_shared_signal_resolution/paired_inputs/R18/reference_dosages.tsv.gz	1566825	24510	True		not_evaluable_coverage	EUR:chr22:44995308-46470495	0	0	0	0
EUR:chr22:44995308-46470495__PSC	R18	PSC	3368	False	False	not_evaluable_coverage	False	False	False	False	False																							reused_unchanged_input	analysis_hbsn_restructure/14_shared_signal_resolution/independent_resolution/conditional_fits															analysis_hbsn_restructure/15_remaining_obstacle_audit/corrected_inputs/R18/PSC.tsv.gz	analysis_hbsn_restructure/14_shared_signal_resolution/paired_inputs/R18/reference_dosages.tsv.gz	1566825	14890	True		not_evaluable_coverage	EUR:chr22:44995308-46470495	0	0	0	0
