gene_symbol	intercept	high	S_0	S_1	S_2	log_gene_length	log_cis_snp_count_0	log_cis_snp_count_1	log_cis_snp_count_2	log1p_adjacent_expression	stratum5	Y	EAS_ld_block
ABCA8	1	0	0.001478905310524745	0.39493617150740157	0.02012019884495898	1.0572857269906208	0.26235102375747127	0.73245446903429312	0.010686589681501286	0.82988978663259039	1	0.0044614287611309663	ASN:chr17:64800166-67858770
ABCC2	1	0	1.3549929918155137	2.4556821301830696	0.65622571342126346	0.87426973256637186	0.15787622189780615	0.58633574562645352	0.0037837866598723524	1.2804678307085455	1	0.1072103245135789	ASN:chr10:100365649-102471756
ABCC9	1	0	1.3120936178884663	2.3672654235331128	0.62388290604327956	1.4355638431676299	0.71079005326607103	1.6101915492900825	0.11124318815219478	0.4450468838518411	1	-0.31185876140671781	ASN:chr12:21757656-24562053
ABCE1	1	1	0.49552284261793711	0.91212740563339711	0.13117957203179165	0.25927739323002752	-0.1853296455944046	0.24448772107719255	0	0.72841847545893146	1	-0.58305301445360436	ASN:chr4:145025810-148834277
ABCG2	1	1	0.4898394266066603	0.9044845366374672	0.12908695347205273	1.4196665179349817	0.77827822728725704	1.7673455629673134	0.13433918822549859	0.54280130177539077	1	-1.5520668821044903	ASN:chr4:87214993-89236855
ABCG4	1	0	0.34896781532067328	0.72842261012314424	0.084063888709923235	-0.37897470431971975	0.29247238578327706	0.77868240384702059	0.013625185370922072	-1.4101251991383059	1	0.91459314759050969	ASN:chr11:118900987-120771784
ABCG5	1	0	-1.0464345850802728	0.012624153725609417	0	0.12930634239186334	0.66812888995846098	1.512662717649998	0.097227769515739026	1.1717693784922276	0	0.66290217414796826	ASN:chr2:42336744-44322128
ABCG8	1	0	-1.068072247216721	0.011015703900283693	0	0.43975492454300347	0.68208817945720035	1.5443869877189333	0.10175306402768047	1.0491188785023953	0	0.60945417355430698	ASN:chr2:42336744-44322128
ABHD1	1	1	0.55372159781803099	0.99288331259582663	0.15392405124912473	-0.89261621674666636	-0.36697852242696	0.13520910463878433	0	-0.41083491920601256	1	-0.032059034148501392	ASN:chr2:26209579-29456860
ABHD6	1	0	0.41417965199744738	0.80677144545236845	0.1033136822242698	0.73793355003885319	0.29041073965300973	0.77545804578731925	0.013408722128481692	0.9705309372925055	1	-1.1962497192501593	ASN:chr3:56847831-59704331
ABHD8	1	0	-0.78664504937487634	0.045502654431496647	0	-0.16085839571978344	-0.90481836740576727	0.0059815151690614946	0	0.29495221667459859	0	1.5242870495002898	ASN:chr19:16749208-20221313
ABT1	1	1	0.14363683242368419	0.51512955916942604	0.039278778821884019	-1.5198325935100452	0.60947785335639826	1.3817530532004629	0.078982217273127375	0.51894009204864411	1	0.49307362022434259	ASN:chr6:26141757-26697553
ACAD10	1	1	0.61972622250260823	1.0900227451486153	0.18269646991890653	0.89165081211268515	-0.92130306152659636	0.0050316576078109814	0	0.66779344378501093	1	2.1494452242690678	ASN:chr12:109270450-113028429
ACADS	1	0	1.2298441214485702	2.1992249456486288	0.56267062287488567	-0.34394001124463436	0.30649907540377386	0.80085733859385111	0.015160069613033979	1.3543164348138643	1	0.12863669897932381	ASN:chr12:119859279-122015993
ACOT13	1	1	0.62704307166224083	1.1011455503027352	0.18607731108620529	0.41051851897749025	1.1911052819178478	2.7443757556062405	0.28068293213305356	0.92814054437850002	1	-0.23969133744811666	ASN:chr6:24397129-26141757
ACOX2	1	0	0.38172493033871807	0.76711180549425029	0.093402902764637669	0.28199984228683866	0.35792224610741041	0.88574933569932701	0.021767293306273177	1.4577403894888361	1	-1.1757262846084875	ASN:chr3:56847831-59704331
ACRV1	1	0	-0.44703879886615866	0.14005696039352206	0.0001913062075621174	-0.64917522373425052	0.67791145360067917	1.5348744461826098	0.1003924870891981	-1.5424114315453052	0	0.87304298346909659	ASN:chr11:124496119-126773879
ACSL5	1	0	0.84690927411360328	1.4647795046255934	0.30353482859371389	0.68558489447726434	0.23704625769790691	0.69506315202494029	0.00857205608190721	1.3705114331869375	1	-1.0969288220811004	ASN:chr10:112170486-115752990
ACTL7A	1	0	-1.330400529560495	0.0009162599201787844	0	-2.1136525102657568	0.89317879595171679	2.0388605441571634	0.1749357326517475	-1.5424114315453052	0	1.1337478577685673	ASN:chr9:110368474-112864469
ACTL7B	1	0	-1.3087439533837313	0.001241514484661781	0	-1.7266327503601286	0.88820992509981589	2.0270938361440312	0.17317206207553512	-1.5424114315453052	0	1.1355770330502568	ASN:chr9:110368474-112864469
ADAM15	1	1	-0.73747930467231648	0.055091930843623203	0	-0.46412108422866744	-0.63758042056525122	0.041548992148834625	0	0.54674235721434805	0	0.56331537072859439	ASN:chr1:153397055-156616039
ADAMTS13	1	1	1.5805647322333656	2.9242102390497386	0.82824222184281271	0.54059031882623476	0.1220727794541111	0.54113945661724494	0.0023923266666452132	0.69662133797135584	1	-0.68877661259488621	ASN:chr9:134722557-136612240
ADAMTS15	1	0	-0.82147098940653818	0.039430412342147586	0	0.16548728169666452	0.494299680491805	1.1391803025309715	0.047827137770711875	-1.1876456375534696	0	-0.44116864743261908	ASN:chr11:130049774-131429519
ADAMTS4	1	0	-0.98137337932714208	0.018387316952807799	0	-0.31873735828555183	0.37244949013665618	0.91077345242908714	0.023930864732417255	0.21401662162793145	0	0.030685615574886967	ASN:chr1:159953315-162888864
ADAMTS8	1	0	-0.87561242984843624	0.031103660021403075	0	0.058313650235897393	0.51603118707184092	1.1832053552155479	0.0531436488912383	-1.2753861034403373	0	-0.2559703746146535	ASN:chr11:130049774-131429519
ADAMTSL2	1	1	1.5476846749722786	2.8558217639638199	0.80311764836876742	0.51140700628958768	0.12320220107820029	0.54252841556182474	0.0024299034104448393	0.77660755257067671	1	-1.0067093248001255	ASN:chr9:134722557-136612240
ADAR	1	0	-1.0717598868265681	0.010756003687653757	0	0.5559430069862159	-0.5332189351291865	0.069286100532869502	0	1.0462788402264303	0	0.86863046059730886	ASN:chr1:153397055-156616039
ADH1A	1	0	0.76036334969035446	1.3152511012304191	0.25385121933800914	-0.32329213297760612	0.71215878302009517	1.6133473894102512	0.11170147687107684	2.0180257191115394	1	2.2131199696477672	ASN:chr4:99040831-101711689
ADH4	1	0	0.79281807134908377	1.3704236814438959	0.27199660660596764	0.32746840844162273	0.64386945313004218	1.4580206666601423	0.089521521620131023	2.1286546763296097	1	2.2243832102681074	ASN:chr4:99040831-101711689
ADH5	1	0	0.7711815902432716	1.3335175104610999	0.25983252559153097	-0.17307327521454605	0.69704670599496077	1.5785908237938138	0.10666954450350344	1.3888131730856661	1	2.1990391743877242	ASN:chr4:99040831-101711689
ADH6	1	0	0.78199983079616664	1.3519089954892614	0.26588132525351982	-0.21392641742303722	0.65010573501767654	1.4720046551079258	0.091482349561421941	1.6068101233076757	1	2.2276537341978067	ASN:chr4:99040831-101711689
ADH7	1	0	0.70627214692583495	1.2258608125277901	0.22499249932877732	0.03914081519179461	0.79248094246821932	1.8007389071996045	0.13930303862634119	-1.3548024460188213	1	2.2052433772577849	ASN:chr4:99040831-101711689
ADIPOQ	1	0	-0.23674343263387546	0.23812988020144618	0.0039539616360661995	-0.26622997397255127	0.54950184789537793	1.2526955491477083	0.061874594552671892	-1.5424114315453052	0	0.24647809683180624	ASN:chr3:186230742-188951597
ADO	1	0	0.79144335796760945	1.3680641844348425	0.27121586320508301	-1.3785968438632799	0.43421971632504891	1.0224425920242366	0.034732647221818923	0.10776055695994285	1	1.1870355923103397	ASN:chr10:64198067-66313715
ADORA2A	1	0	1.5915247513203945	2.9470063974117111	0.83661707966749488	0.071412058370687981	-0.017104882033401107	0.38750782955442126	0.00010990825662945311	0.12339777452962181	1	0.62907643938230706	ASN:chr22:23398337-25209349
ADPRH	1	0	-0.75473369078375241	0.051587058471122868	0	-0.5674024909214348	0.56022828730509822	1.2753696771269005	0.064802966135763987	-0.41083491920601256	0	-1.209265687733255	ASN:chr3:118903462-120523073
AFF1	1	1	0.47902059553842508	0.89005395155600897	0.12516522124680918	1.7114186354591934	0.8187557734639147	1.8627091300430407	0.14854829492082428	0.59326228848868523	1	-1.8052883428487276	ASN:chr4:87214993-89236855
AGBL5	1	1	0.56454988590640176	1.0084156405614804	0.15842645930152083	0.18187049417156043	-0.37090818250734459	0.13330263849537796	0	0.4450468838518411	1	0.1379161566520114	ASN:chr2:26209579-29456860
AGER	1	1	1.6366195724424994	3.0408008219872085	0.87107529662206573	-1.458266200759742	-3.2436113713918711	0	0	0.13373478497471114	1	3.3105895089069963	ASN:chr6:31571894-32682590
AGMAT	1	0	0.59416301440115382	1.0517096718782204	0.17117993882610563	-0.43038366652152488	0.50932476548452088	1.1695237075959217	0.051472220618750307	1.0911007179534018	1	0.40513555167422649	ASN:chr1:14893157-17875820
AGPAT1	1	1	1.6582607784445429	3.0858131851272073	0.88761194879234018	-0.62681232201264614	-3.2552849538411763	0	0	0.86547713969292384	1	3.3849398005981626	ASN:chr6:31571894-32682590
AHCYL2	1	0	0.57620047834216037	1.0253069513170967	0.16336754633660247	1.7081836443637688	0.39402844184328906	0.94880781232582845	0.027402195316002135	0.038095816304544595	1	-0.44616723145047776	ASN:chr7:126869221-129589868
AIFM2	1	0	0.89018223632520566	1.5422905429963327	0.32985888137258235	0.34021551958365792	1.0365818272020026	2.3784510964603425	0.22583576895658242	0.28097603287098549	1	-0.89741752132808328	ASN:chr10:71054709-72673145
AIM2	1	0	-1.2193746714910323	0.0033878738600495025	0	1.0261854571657925	0.70695220774033518	1.6013509286467302	0.10996080974504804	-0.70992181642016494	0	0.3944295035796993	ASN:chr1:157982579-159953315
AK4	1	0	-0.75432614623840655	0.051668078008954121	0	1.0260398609359687	0.55963400463188673	1.2741085446854645	0.064639142921994727	0.94341470274178296	0	-1.1664606273679596	ASN:chr1:65041376-66774011
AK8	1	1	1.372324369579903	2.4915157064047788	0.6693532960213221	1.4832329005670497	0.24587195962293554	0.70795615867792894	0.0092744200730494712	-1.3412777748263425	1	-1.4691750228350973	ASN:chr9:134722557-136612240
AKAP8	1	0	-0.49455255444648871	0.12247555023433275	4.255146302224238e-05	0.12988950070009683	0.45005462004308044	1.052460494379192	0.037942176688344112	0.43661257554328448	0	-0.33093970112984439	ASN:chr19:12500149-15648148
AKAP8L	1	0	-0.50537079499938387	0.11868978494289517	2.630746985733812e-05	0.43174225136098088	0.46512952585846296	1.0815483974243152	0.041162267995261417	0.90960864625904037	0	-0.32500046086629514	ASN:chr19:12500149-15648148
AKNA	1	0	1.0428654561151105	1.8283219528490944	0.42950868772206779	0.76474360173990186	0.69511445491219737	1.5741610363375806	0.10603074266750966	0.19928012204816672	1	1.2172897943701089	ASN:chr9:116400502-119530000
AKTIP	1	0	0.71614591914376935	1.2419306707395243	0.23012685662128998	-0.39419562472078123	0.46199904576637807	1.0754678854413713	0.040480664004387192	0.77999242770249122	1	-1.6596347566903484	ASN:chr16:51214363-54450244
ALAD	1	0	1.1097499280509207	1.9588251971966157	0.47596961825863471	-0.30487356025333556	0.54201612933665999	1.2369850124172042	0.059867434090287129	1.3589610382068835	1	0.77806969039392215	ASN:chr9:112864469-116400502
ALDH16A1	1	1	1.2408041405355994	2.2214827019692844	0.57075494816152472	-0.17052862439278296	-1.352795926959645	0	0	0.39807397608655815	1	0.15067764199081465	ASN:chr19:49093112-51334271
ALDH2	1	1	0.6413627036084204	1.1231118154590194	0.19280076686639575	0.50670474781889641	-0.95000533409385868	0.003627741637700751	0	1.9952163804181677	1	2.1398631619653985	ASN:chr12:109270450-113028429
ALDH5A1	1	1	0.45168276626984322	0.85427539683042952	0.1156111849707146	0.49344171563182271	1.2150228618321046	2.8010146153431856	0.28917233208049742	1.153322320865807	1	0.024917859384851051	ASN:chr6:24397129-26141757
ALOX5AP	1	0	-0.82991801158650069	0.038043901359551907	0	0.19945833190976214	0.61496601951183272	1.3938222559064828	0.08063135761350286	0.26687142904068867	0	1.111322974384692	ASN:chr13:30625939-32301388
ALPI	1	0	1.377003061205881	2.5011986723380941	0.67290228607872704	-1.3408666162941909	0.39922197262924919	0.95811715838185363	0.028284967286354407	-1.5424114315453052	1	0.58549537299941234	ASN:chr2:232191250-233550713
ALPK2	1	0	0.2434424036163807	0.61266879379326478	0.058243325810023797	1.4551423976842495	1.0609854708850464	2.4362409964665082	0.23449769429112591	-0.54106601469859672	1	-0.18841971629203713	ASN:chr18:54958664-57377707
ALPL	1	0	0.81336339614164532	1.4059180684393822	0.28378976538066725	0.86967849763843585	0.68041862178625501	1.540582506308563	0.10120854328729353	0.96754156877173336	1	1.0046607354727297	ASN:chr1:20304720-22145806
ALPP	1	0	1.1822747312536153	2.1031877803625418	0.52788868780559361	-1.2577060176280153	0.43071775274435586	1.015880260974946	0.034047426426744437	-1.5424114315453052	1	0.62389824336860311	ASN:chr2:232191250-233550713
AMBP	1	0	1.0651602800937139	1.8715136762336106	0.44482872875235913	-0.1507203947986869	0.62732674758194706	1.4211494862408975	0.084392161738632593	2.338363381515546	1	1.3054767512285919	ASN:chr9:116400502-119530000
AMIGO3	1	0	-1.5442797598929285	0	0	-0.88343127792633702	-1.086071600519352	0.00033905722351177336	0	-0.35317404636178301	0	0.39116726457244827	ASN:chr3:47793553-51831792
AMN	1	0	-0.35935864616997087	0.17677154614204874	0.00098585219960055305	-0.54866990457283338	0.10998246795421937	0.52641906705744346	0.0020140577724416372	0.4450468838518411	0	-0.40617887876555625	ASN:chr14:101357468-103390025
AMOTL1	1	0	-0.21679209867576016	0.2492900874718722	0.004713261043937266	1.5647995857063413	0.54740890151923971	1.2482935127627712	0.061310347706681423	-0.099462454199207656	0	-1.0156358054029366	ASN:chr11:92731401-94987750
AMT	1	0	-1.4631340975329121	3.8233161520764799e-05	0	-1.0142703257716081	-1.1263329306900263	9.0507434817234037e-05	0	1.0434335377430501	0	0.14637493805951765	ASN:chr3:47793553-51831792
AMZ2	1	0	0.73780249532053299	1.2775681111400463	0.241599106150124	-0.65070014741994642	0.1073271347055906	0.52322227135847343	0.0019367104622409728	0.82661328538800782	1	0.97001856202892611	ASN:chr17:64800166-67858770
ANAPC10	1	1	0.45168276626984322	0.85427539683042952	0.1156111849707146	1.3652326430613204	-0.058577596508330637	0.34813361505239643	1.1121033493381519e-05	0.42813166860987051	1	-0.87827980061725874	ASN:chr4:145025810-148834277
ANAPC5	1	1	1.1202439305783247	1.9795424712702332	0.48338961799522984	1.0877076876598055	0.3691578577087456	0.90506264375459111	0.023428626676281712	1.0434335377430501	1	-0.025741769330159134	ASN:chr12:119859279-122015993
ANAPC7	1	0	0.39254317089163521	0.78018374494862563	0.096632612802256782	0.2489342141197016	-0.36845116584910453	0.13449253994208238	0	0.44924672299778623	1	2.0613867750564188	ASN:chr12:109270450-113028429
ANKLE1	1	0	-0.75419032771616901	0.051695097459103063	0	-1.0109280222079227	-0.91205352223323077	0.0055511296201536881	0	-1.2625405033716455	0	1.5286883144979155	ASN:chr19:16749208-20221313
ANKRA2	1	0	-1.4465577231020272	7.2047741069370836e-05	0	-0.39534797572430563	0.49337579648468005	1.1373287414370827	0.04760759253726219	0.3406413111146418	0	0.54825636895312269	ASN:chr5:71419711-73759199
ANKRD49	1	0	0.017303553099531282	0.40727616300150771	0.021845784555896572	-1.0169805115887256	0.31669547035427253	0.81723846915759335	0.016345362530644832	0.25739584185197012	1	-1.040552595101125	ASN:chr11:92731401-94987750
ANKRD54	1	0	-1.4681942042078173	3.0576074156377125e-05	0	-0.14540923186056645	-0.40365074356569286	0.11810957312630546	0	0.28097603287098549	0	1.942463194081921	ASN:chr22:37977990-40527060
ANKRD9	1	0	-0.32647858890890596	0.19204034423271948	0.0015304496604965196	-1.5556831727420803	0.08248653168873836	0.4939408704760998	0.0013067369731578334	0.070642058443157407	0	-0.07027358879285206	ASN:chr14:101357468-103390025
ANO8	1	0	-0.78664504937487634	0.045502654431496647	0	-0.50317647066728877	-0.90481836740576727	0.0059815151690614946	0	-0.12363681602118484	0	1.5242870495002898	ASN:chr19:16749208-20221313
ANXA2	1	0	-0.46895883704021657	0.13175053683911678	0.00010478003404413961	0.70498111026642618	0.57767419581319668	1.3126404019239517	0.069692328178146912	1.3261497684000905	0	-0.30422969568383229	ASN:chr15:59909705-61292486
AP1M1	1	0	-0.3322789461529303	0.18928534465714072	0.0014226364822294221	0.40525748349243612	0.28490174520535794	0.76688582590846111	0.012841577778430412	0.94341470274178296	0	0.29575771832759112	ASN:chr19:15648148-16749208
AP2A1	1	0	-1.2032801158708499	0.0039355333667462147	0	0.45218564359242119	-1.193400456373521	4.405361014205309e-08	0	0.83967753658594735	0	-0.26605460891575311	ASN:chr19:49093112-51334271
APEH	1	0	-1.5659186031889389	0	0	-0.62083847350285737	-1.0774026778670875	0.00042318623288079926	0	1.0462788402264303	0	0.33035975226737058	ASN:chr3:47793553-51831792
APLP2	1	0	-0.89726900602519999	0.028132547839959703	0	0.93300885350570228	0.54351570091649748	1.2401246310021921	0.060267072769788453	1.5849515756396562	0	0.79659797061709181	ASN:chr11:128188777-130049774
APOBEC3A	1	0	-1.3660977603415787	0.00051326466084840707	0	-0.58453525673875562	-0.20995404572380688	0.22710164396994376	0	-0.88960834055134685	0	-0.67457592096648955	ASN:chr22:37977990-40527060
APOBEC3B	1	0	-1.3282256498379974	0.00094599352371716318	0	-0.58343021052963284	-0.20635185753360077	0.22959174212002004	0	-1.0704100410848536	0	-0.32746166959300277	ASN:chr22:37977990-40527060
APOBEC3C	1	0	-1.3390462528390301	0.00080422158249427399	0	-0.97729664341232503	-0.19514006512283033	0.23745852728903608	0	0.043568336361981534	0	-0.31705111230963617	ASN:chr22:37977990-40527060
APOBEC3D	1	0	-1.3498668558400406	0.00067737268696720294	0	-0.1272459515563493	-0.18399588735792155	0.24545394034229664	0	-0.65728670848542503	0	-0.30523628423645482	ASN:chr22:37977990-40527060
APOBEC3F	1	0	-1.3823286648431166	0.00037806533281212906	0	-0.39794708920807487	-0.17911366006246446	0.24901250084393015	0	-0.66593484544572656	0	-0.30408592250306077	ASN:chr22:37977990-40527060
APOBEC3G	1	0	-1.3660977603415787	0.00051326466084840707	0	0.5706667504395575	-0.18088752336778638	0.24771561602102685	0	0.049021415809869226	0	-0.28073239139956224	ASN:chr22:37977990-40527060
APOBEC3H	1	0	-1.3931492678441493	0.00030260967832041033	0	-0.90985774668152875	-0.182663091082025	0.24642200230829656	0	-0.78303278866129922	0	-0.29260413396577661	ASN:chr22:37977990-40527060
APOL1	1	0	-1.4207125935201443	0.00015714283087097679	0	-0.33073171827823539	0.23492180225438691	0.69198320066887464	0.0084084585661670722	1.422551679556284	0	1.8024941839489788	ASN:chr22:36453608-37977990
APOL2	1	0	-1.4095651815308428	0.0002084333811451467	0	-0.37301441530855495	0.22283686852804463	0.67463588511475758	0.0075172870706658448	0.96154531016940614	0	1.8031914046200441	ASN:chr22:36453608-37977990
APOL3	1	0	-1.4318600055094461	0.00011504284669058701	0	0.11339174251514629	0.28214107696989643	0.76261397731478853	0.012563486464975925	1.0204792371194538	0	1.8088009818657649	ASN:chr22:36453608-37977990
APOL4	1	0	-1.3872703575522394	0.0003422157106715568	0	-0.26989552078769052	0.21461672055739173	0.66300349671634717	0.0069485813778607667	-0.78303278866129922	0	1.8073932493839235	ASN:chr22:36453608-37977990
APOL5	1	0	-1.4541548294880495	5.4785045914425112e-05	0	-0.50284489498632923	0.46544228238902824	1.0821570219097549	0.04123073217431289	-1.2883401064786222	0	-1.0768565448364664	ASN:chr22:34860926-36453608
APOL6	1	0	-1.4653022414773511	3.4812463970289534e-05	0	-0.083686131463468108	0.50412580909553173	1.1589754511842816	0.050195201023467709	0.88454620790070082	0	-1.0010291715886588	ASN:chr22:34860926-36453608
APPL1	1	0	-0.21327830007097423	0.25129101871859572	0.0048563131484225582	0.55248284133379344	0.65010573501767654	1.4720046551079258	0.091482349561421941	0.17940877335280311	0	-0.25242582781422201	ASN:chr3:56847831-59704331
AQP10	1	0	-1.1813600776968138	0.0047721056547777923	0	-1.2792125993654384	-0.32957680128904343	0.15427212926369205	0	-1.5424114315453052	0	0.78739362296782678	ASN:chr1:153397055-156616039
ARCN1	1	0	0.31109570481709209	0.6853399289567913	0.074068085009938459	0.24425038999298754	0.32683591260897016	0.83374975182635891	0.017583878907750559	1.0827957008497084	1	0.069035119515257287	ASN:chr11:117901740-118900987
ARF4	1	0	0.30599724646840842	0.67967315813299589	0.072786253670369547	0.14272315082860645	0.65378094244550666	1.4802665525459013	0.092644608691688571	1.4180958266444044	1	-0.57623280954955969	ASN:chr3:56847831-59704331
ARHGAP24	1	0	-0.68941315982908347	0.065684823918479712	0	2.4352061436750922	0.80865427570486492	1.8388590681860841	0.14498575884717912	-0.16062752762840354	0	-2.3123981854251996	ASN:chr4:84922154-87214993
ARHGAP30	1	0	-0.92728217656264456	0.024336771053492367	0	0.024173749961441462	0.36156477779853141	0.89198020710007186	0.022296979638347741	0.1693757948241261	0	-0.087486550651117365	ASN:chr1:159953315-162888864
ARHGAP31	1	0	-0.83047791179091468	0.037953164861814291	0	1.334836117665084	0.70173092132045467	1.5893433146919254	0.10822255438716241	-0.46312845164973759	0	-1.2210420512885767	ASN:chr3:118903462-120523073
ARHGAP32	1	0	-1.4711682747094699	2.6593092374299393e-05	0	2.0363897652670992	0.80865427570486492	1.8388590681860841	0.14498575884717912	-0.081578287825861809	0	-0.08914027851423155	ASN:chr11:128188777-130049774
ARHGAP8	1	1	1.6258225939226663	3.0183437778694451	0.86282502266526584	1.5181637027326829	0.77801418185472815	1.7667255708206628	0.13424717182772061	-0.67463198061055163	1	2.6453804142540016	ASN:chr22:44994946-46915049
ARHGEF19	1	0	0.83528343431570329	1.4442554420260232	0.29662456823013761	-0.31837205077610203	0.04988214790852865	0.45719403565092692	0.00071015144662283183	-0.70102300743907542	1	0.30926574424371728	ASN:chr1:14893157-17875820
ARHGEF2	1	0	-0.61143908517152723	0.085618322476304784	0	0.76451356007037374	-0.70291341965781817	0.028668761909034699	0	0.22376294167290725	0	-1.2628961436543693	ASN:chr1:153397055-156616039
ARIH2	1	0	-1.6308351330769477	0	0	0.85292869790557224	-1.0487965035840683	0.00079715286251390597	0	0.70729373496059544	0	-0.055143555820731049	ASN:chr3:47793553-51831792
ARL14	1	0	0.84671555336775595	1.4644364475794178	0.30341910822749818	-2.1969799369410978	0.27556791321586793	0.75250660380782097	0.011917572665863858	-0.68337867236850436	1	-0.68495313600451158	ASN:chr3:159155377-161620009
ARL4C	1	0	1.4635489856291077	2.6808309911701214	0.73883057177644185	-1.3208482695746186	0.93318451254983315	2.1335974773753144	0.18913551915201365	0.58176380588274323	1	1.3400471669754423	ASN:chr2:234883167-236066960
ARL5B	1	0	1.4094577828645882	2.5684617282282041	0.69757193647149462	-0.0027052324572773038	0.97780161810665867	2.2392545711348402	0.20497209019837739	0.54280130177539077	1	-0.095206068329083501	ASN:chr10:18537267-20311057
ARL5C	1	0	-0.045984194216698492	0.35942453389675949	0.015494116885977172	-0.57370089869240759	-0.84666217766501206	0.010274243739869179	0	-1.5424114315453052	1	-1.2006128248303769	ASN:chr17:36495389-38649589
ARMC6	1	1	1.365843204446701	2.4781088507311932	0.66444055315089168	0.12303874167138687	-0.38126347607230565	0.1283648075979705	0	0.83642188266082707	1	0.70364498648866169	ASN:chr19:16749208-20221313
ARPC3	1	1	0.41417965199744738	0.80677144545236845	0.1033136822242698	-0.27564885198667566	-0.51292949861360027	0.075814228192451469	0	1.5546337978415425	1	2.1021268130337369	ASN:chr12:109270450-113028429
ARRDC2	1	0	-0.49455255444648871	0.12247555023433275	4.255146302224238e-05	-0.41763623202656419	-1.2400283790175741	0	0	0.86227580328697162	0	1.3812696804690481	ASN:chr19:16749208-20221313
ARSG	1	0	0.65117619061347842	1.1383152487107659	0.19748918094098525	1.533563781664071	0.24305231847862716	0.70381991289744616	0.0090460139092389535	-0.78303278866129922	1	0.90814681886440463	ASN:chr17:64800166-67858770
ART1	1	0	0.067995954304518283	0.44853150523516094	0.028032279596808221	-0.11213109885738226	0.76662438816413192	1.7400136129255803	0.13028824504495681	-1.5424114315453052	1	-0.33311550283977154	ASN:chr11:2739889-4466102
ART5	1	0	0.07881419485741338	0.4576819538930329	0.029488163904229706	-1.3600050989388923	0.72796239946314589	1.6498915085716495	0.11702718944541657	-1.3412777748263425	1	-0.27445505377962687	ASN:chr11:2739889-4466102
ASB14	1	0	-0.20246005951807913	0.25751863380949552	0.0053148567069214933	0.066807050908876189	0.64017446067638029	1.4497565158708188	0.088366614321344572	-0.70102300743907542	0	-0.31618513045803986	ASN:chr3:56847831-59704331
ASB2	1	1	0.83604202078961443	1.4455906492319084	0.29707331062651843	0.49856856824958357	0.8571010825588935	1.9534259393543576	0.16213032285450429	-0.95101813940956448	1	1.1713534476483025	ASN:chr14:94325285-95947052
ASB6	1	0	-0.25655126228259861	0.2273844692564912	0.0032854756551562157	-1.110477042416615	-0.38522366393978891	0.12650915014020223	0	0.17940877335280311	0	2.5750725658831857	ASN:chr9:132047808-133641809
ASCL2	1	0	0.20863308149226453	0.57736633910821178	0.051061298459772565	-1.6982393046589979	0.23244018006944805	0.6883969808398358	0.0082200085751122226	-0.95101813940956448	1	-0.6474196983380115	ASN:chr11:70855-2739889
ASH1L	1	0	-1.159440039522756	0.0057195482531355573	0	1.7877856090172886	-0.34405902240619574	0.14669165674308551	0	0.13373478497471114	0	0.55769354066430932	ASN:chr1:153397055-156616039
ASL	1	0	-1.2951023553613639	0.0014814378654875455	0	-0.17566971034947518	0.1201888747579422	0.53882791547691899	0.0023305131753638278	1.5648064013408349	0	0.18604478813585179	ASN:chr7:63624322-67371495
ATF4	1	0	-1.4147904738461925	0.00018318919962916966	0	-1.5468843848381855	-0.19603450945608458	0.23682444225346141	0	1.6438478118019662	0	-0.89168279268414197	ASN:chr22:37977990-40527060
ATF6	1	0	-1.2734658742555516	0.001922266760788437	0	1.6798584980618363	0.78223438798566358	1.7766386082543897	0.13571907645294726	0.8526315396242321	0	-0.71034247643100701	ASN:chr1:159953315-162888864
ATF6B	1	1	1.7123637934496618	3.1983440929772238	0.92895357921803334	0.22989750805001688	-3.366290136026767	0	0	0.79345777939925077	1	3.7684056854726791	ASN:chr6:31571894-32682590
ATG16L1	1	0	1.6907320372400807	3.1533513848180927	0.91242414789908377	1.0353299258031796	0.60687249573710644	1.3760377036830573	0.078203901763401279	0.51894009204864411	1	0.44540915637450523	ASN:chr2:233550713-234883167
ATG7	1	0	-1.4170268342675716	0.00017303989318484008	0	1.9615270508212923	0.87196819696728045	1.988632045073107	0.16740715916942819	0.24307187866002822	0	-0.20914204989611435	ASN:chr3:11019488-12860229
ATP13A1	1	1	1.2683886116512535	2.2776957037756151	0.591206525940837	-0.14445127410113684	-0.20950338800753057	0.22741218153976714	0	0.58943902312423935	1	0.20241187886978751	ASN:chr19:16749208-20221313
ATP13A2	1	0	0.85720347248973927	1.4830607087565582	0.30971185560269771	0.11686793214386811	0.013100464483215042	0.41798052035019512	0.00029449265541923563	-0.13586827715378455	1	0.60978478575037942	ASN:chr1:14893157-17875820
ATP6V1E1	1	0	0.0790421173110121	0.45787606541044051	0.029519367094586763	0.3827347470591379	0.034941420914748715	0.4409825559046337	0.00051204456298165654	1.1319648946002117	1	-0.5941532189692319	ASN:chr22:17581547-18557031
ATP6V1F	1	0	0.71686831735547452	1.2431108148453824	0.23050488823673693	-1.5399680481332414	0.19806590703820356	0.63998952246827334	0.0058920088361775862	1.1211737060446065	1	0.4253364074202291	ASN:chr7:126869221-129589868
ATP6V1G1	1	0	0.99827580815792583	1.7429486312321159	0.39941368944951222	-0.57101596588175718	0.73635406123622027	1.6693711782139899	0.11987925630005665	1.2533854237431963	1	1.1749046658844011	ASN:chr9:116400502-119530000
ATP8B1	1	0	0.34208257539959747	0.72045956863076177	0.082183623218110596	1.5005058385574641	0.79483748513370778	1.8062874987501119	0.14012919724354869	0.16433460720533127	1	0.69470551911211242	ASN:chr18:54958664-57377707
ATP8B2	1	0	-1.1704000586097849	0.0052315369716102612	0	0.11043804203270062	-0.33246417993339517	0.15274042423609402	0	-0.17315853803510961	0	0.79001660269898055	ASN:chr1:153397055-156616039
ATXN2	1	1	0.59808974139679605	1.0575389708089125	0.17291880281517691	1.4538487087805299	-0.91403167259849738	0.0054371641028791605	0	0.36741594776055586	1	2.2083775883843018	ASN:chr12:109270450-113028429
B3GALT4	1	1	1.279539673408709	2.3004934386588256	0.59951379380830083	-0.81982850821466302	-0.1344460731243084	0.28317965013652741	0	-0.72787570822561765	1	2.8375969129437872	ASN:chr6:33209310-35757007
B3GNT3	1	0	-0.58109847886971555	0.09435016745929535	0	-0.15454869077288513	-1.136722880707578	5.7020986046019764e-05	0	-0.77370120825070487	0	1.3557093108095644	ASN:chr19:16749208-20221313
B4GALNT3	1	0	-1.1375200013487201	0.0067847602587094063	0	1.1786670985083085	-0.035467954204098671	0.36972678504614359	4.8926626206916378e-05	-1.1755108688243088	0	-0.23206939109782193	ASN:chr12:61107-1739022
B4GALT3	1	0	-0.94891865766843475	0.021823344989051422	0	-0.98743174178770721	0.36948728492352695	0.90563310449968659	0.023478571254988305	0.51894009204864411	0	0.05060716384816176	ASN:chr1:159953315-162888864
B4GALT4	1	0	-0.76555429378476303	0.049466786544096558	0	0.21161105690881793	0.61236839353035244	1.3881047214467568	0.079849181119382273	0.51492691263787738	0	-1.2882897323366647	ASN:chr3:118903462-120523073
BABAM1	1	0	-0.70009912495164961	0.063221951941431376	0	-0.36438113532724925	-0.93059913121698268	0.0045432863838991812	0	0.9705309372925055	0	1.531343352475498	ASN:chr19:16749208-20221313
BAG5	1	0	-0.22783841712568917	0.24306900001570281	0.0042818957396555425	-0.97508961210140011	-0.024020613442299759	0.38074589472793902	8.3083592497509542e-05	0.24307187866002822	0	0.37668535445036538	ASN:chr14:103390025-105001894
BAK1	1	1	1.1496924373964275	2.0379987851196453	0.5043839446308136	-0.8200286864689682	0.15343854446456229	0.5806022219075101	0.0035878817060397716	0.14911094275663597	1	2.7555249873849554	ASN:chr6:33209310-35757007
BANK1	1	1	-1.7394085638769072	0	0	2.611750626518869	0.49768330882304895	1.145975683348484	0.048635786296460357	-1.0817388028381392	0	0.047858348111279508	ASN:chr4:101711689-102707193
BARHL1	1	1	1.3832843886669319	2.5142043143288073	0.67767011747298478	-0.78185117580998786	0.24516745257802369	0.70692117428599133	0.0092169951209101746	-1.5424114315453052	1	-1.4200745441782081	ASN:chr9:134722557-136612240
BARX2	1	0	-0.75650126087624714	0.05123664712434764	0	0.94694100507663626	0.3691578577087456	0.90506264375459111	0.023428626676281712	-1.424273135697375	0	-0.30955375427695914	ASN:chr11:128188777-130049774
BASP1	1	0	-1.7170137369246026	0	0	1.7305482196213515	0.30990412880211748	0.80630318202397222	0.01554928871415924	0.50686894006456717	0	1.6835007013305494	ASN:chr5:13611631-17400372
BAX	1	1	0.47360280444387914	0.88288552516907104	0.12323152495006914	-0.89426797786452827	-0.43953385077275781	0.10283631822884434	0	0.94948206340882169	1	0.64809696883030266	ASN:chr19:49093112-51334271
BCAM	1	0	-1.414103001443298	0.00018638705563250394	0	-0.45565623934756011	-0.45490766620511686	0.096717760299226713	0	0.95552553676730823	0	0.71352610893827029	ASN:chr19:43862455-45579043
BCAT2	1	1	0.36948262311714791	0.75249618818965847	0.089835781688600361	-0.25759964051103257	-0.27508983266119563	0.18512789242078928	0	0.24786139970718202	1	0.25341797936554228	ASN:chr19:49093112-51334271
BCL2L12	1	1	1.0764038542302308	1.8934162825895633	0.45261982492962188	-0.75664364009322704	-1.1834509664306083	9.0380771943134886e-07	0	0.4450468838518411	1	0.65505624118456662	ASN:chr19:49093112-51334271
BCL2L13	1	0	0.057122079136954149	0.43945772976508402	0.026618009389214922	1.1683123321504756	0.13296171408738819	0.55462976598867464	0.0027711307547349938	0.69662133797135584	1	-0.59088090799130499	ASN:chr22:17581547-18557031
BCL3	1	0	-1.4465577231020272	7.2047741069370836e-05	0	-0.45603048494921877	-0.39018586336737865	0.12420932763775218	0	1.2459156267631173	0	0.81005599223588076	ASN:chr19:43862455-45579043
BCL6	1	0	-0.31254144925255928	0.19876907950651662	0.0018114722080414653	0.067281439710452237	0.63361901229659701	1.4351347963490353	0.086330558250291983	1.0632407835319135	0	1.1014496979586434	ASN:chr3:186230742-188951597
BCL7A	1	0	0.38592265174769136	0.77216653359946563	0.094647416677879723	0.49824349341221996	0.023060184380464671	0.42836784631439145	0.00038383064825447266	-0.040641455150152536	1	0.41110340390911126	ASN:chr12:122015993-124721969
BCL9L	1	0	0.41389143332682504	0.80641336126928564	0.10322272020001555	0.27115925819791825	0.29693141076513124	0.78568674189589149	0.014101304273007606	0.032603716527207366	1	0.33326061225978892	ASN:chr11:117901740-118900987
BDH2	1	0	-1.6312025338666689	0	0	-0.067170554790486836	0.23704625769790691	0.69506315202494029	0.00857205608190721	1.0688533683962624	0	0.044835067611363577	ASN:chr4:102707193-105305539
BID	1	0	-0.03055807355923364	0.37072208906189397	0.016909830212977098	0.46143082438687943	0.1634083743872711	0.59353604137970828	0.0040378310633590814	0.73191117378096904	1	-0.57493676603879273	ASN:chr22:17581547-18557031
BLOC1S2	1	0	1.2323714599332172	2.204353419356341	0.56453263583914037	-0.43044401420422956	0.21533296938667626	0.66401170544862631	0.0069969528202733075	0.74580303556251748	1	0.17125951147732218	ASN:chr10:100365649-102471756
BLOC1S3	1	0	-1.2301929120439492	0.0030498881960419303	0	-1.5303380175904531	-0.62568935422862815	0.044244751307889185	0	-0.21784061882648162	0	0.77658413931194903	ASN:chr19:45579043-47334409
BNIP2	1	0	-0.39223870343103578	0.16233431754985489	0.00058872293476664611	0.23781708471249319	0.33960110322542891	0.85484906791222748	0.019229928268078865	0.8971285754813455	0	0.13043630002766701	ASN:chr15:59909705-61292486
BPNT1	1	1	0.47908909531486193	0.89014483297585434	0.1251897985166941	0.3008329395163703	0.4623123325275646	1.076075464100422	0.04054857462263313	0.48243807556837204	1	-1.1327043157766585	ASN:chr1:220125116-221151629
BPTF	1	0	0.6620044787018492	1.1552300914692799	0.20273755531243182	1.5111393884012483	0.21246630686659224	0.65998265636816689	0.0068046949043529441	0.065265379565178264	1	0.57607075121265372	ASN:chr17:64800166-67858770
BRAP	1	1	0.66299918471423258	1.1567911827714632	0.20322359991338118	0.51997148323474796	-0.98806612402732719	0.0022060972040244711	0	0.09724654153901223	1	2.1794397725408956	ASN:chr12:109270450-113028429
BRD2	1	1	1.4093869094209905	2.5683146814115734	0.69751797733925036	-0.42509150934269074	-0.52678764572669601	0.071313032045494981	0	1.2731289788800044	1	2.9448506156490639	ASN:chr6:32682590-33209310
BRD3	1	1	1.405204426840968	2.5596380672650416	0.69433426892283567	0.41455663665991543	0.22426273430590563	0.67666738277164129	0.007618987704755561	0.070642058443157407	1	-1.197935958424166	ASN:chr9:136612240-138198537
BRD4	1	0	-0.48373431389357163	0.12634097284782508	6.4395362155380509e-05	1.1210622020451548	0.43262873735770568	1.019457784947214	0.034420225512667893	0.53885010203840145	0	-0.34052510892539029	ASN:chr19:12500149-15648148
BSN	1	0	-1.6632933980209632	0	0	1.2760695825184099	-1.0157405005722715	0.0014471152029123654	0	-1.1396717253508322	0	0.31387700231899879	ASN:chr3:47793553-51831792
BSPRY	1	0	0.92024392423281398	1.5971283574691761	0.34868092220348373	-0.021704465348182479	0.5587422221213314	1.2722171541493068	0.06439365378415858	-0.85980079717717228	1	0.78384250416612711	ASN:chr9:112864469-116400502
BST2	1	0	-0.67846264384583732	0.068274185887305758	0	-1.6230979936207377	-0.96283114527916613	0.00309577960767366	0	1.578935734170162	0	1.5375807791631804	ASN:chr19:16749208-20221313
BTBD7	1	0	0.2734628052422865	0.64424621166840446	0.064953240404607426	1.1197176906232797	0.7551639570957982	1.7132041693208517	0.12632673923745472	-0.23084951236379053	1	0.79924019339452057	ASN:chr14:92916399-94325285
BTF3	1	0	-1.4249212419962149	0.00014021724125335647	0	-0.86782968101012525	0.47386676178752346	1.0986281800481597	0.043099752387869353	1.6553606676458306	0	0.33616427935636861	ASN:chr5:71419711-73759199
BTN1A1	1	1	0.12199917028725782	0.49544917602756544	0.035801843816343319	-0.68193428427064562	0.65491030654875537	1.4828084122878353	0.093002742029224414	-1.5120136015842425	1	0.49788490156311765	ASN:chr6:26141757-26697553
BTN2A1	1	1	0.08954267708259625	0.46687855828382935	0.0309809070183261	-0.13600637522288025	0.65942087344158473	1.4929743875495387	0.094437616568503635	0.43237797906395303	1	0.48379366553472258	ASN:chr6:26141757-26697553
BTN2A2	1	1	0.067905014946147868	0.44845510709105535	0.028020248950184928	-0.49185151519087694	0.7058542148640502	1.5988239116403509	0.10959465158592091	-0.081578287825861809	1	0.52952644178206598	ASN:chr6:26141757-26697553
BTN3A1	1	1	0.078723846014383064	0.45760502294817434	0.029475800995564766	-0.41710222791625845	0.68236629247698	1.5450209963525865	0.10184385425970033	0.60088036988254712	1	0.49462439435874089	ASN:chr6:26141757-26697553
BTN3A2	1	1	-0.12693552400465111	0.30388410074427818	0.0093419657174461344	-0.40649919872646845	0.77510718926086031	1.7599019476746922	0.13323481367237705	0.66779344378501093	0	0.57574667991540018	ASN:chr6:26141757-26697553
BTN3A3	1	1	0.11118033921902264	0.48579980533697276	0.034143098942171352	-0.41924047032004413	0.65349849354064915	1.4796310670027677	0.092555112761701488	0.57791175806387796	1	0.48302222430746794	ASN:chr6:26141757-26697553
BTNL2	1	1	1.5825165574373805	2.9282699141371915	0.82973366619637245	-0.40614826706573026	-2.904369470196245	0	0	-1.4529663122347427	1	3.178842947771606	ASN:chr6:31571894-32682590
C11orf54	1	0	-0.13318650875600849	0.29985090434086992	0.0089500202051609138	0.028641312526993278	0.45572213091183189	1.0633388556212202	0.039134281962188343	1.2558673001937726	0	-1.6393035611024103	ASN:chr11:92731401-94987750
C12orf43	1	0	1.2408041405355994	2.2214827019692844	0.57075494816152472	-0.35442071716115647	0.30308773613625917	0.79542608648633373	0.014776700025522055	0.091962404650528268	1	0.21742758336672971	ASN:chr12:119859279-122015993
C16orf74	1	0	-0.94950454480216362	0.021757807991838019	0	0.77484843132524839	0.89317879595171679	2.0388605441571634	0.1749357326517475	-0.93027403655757335	0	0.73045026125357093	ASN:chr16:85374253-86981136
C17orf58	1	0	0.77028735958566752	1.332002849986585	0.25933554088816857	-1.6702515668742652	0.0074994843585805705	0.41221353025337065	0.00025095911582288821	0.22861299389183048	1	0.61011546461206856	ASN:chr17:64800166-67858770
C17orf98	1	0	-0.58160404276736233	0.094200014375673977	0	-0.9653564159454725	-0.88003993181511786	0.0076230710632821039	0	-1.5424114315453052	0	-0.66033925475167432	ASN:chr17:36495389-38649589
C19orf44	1	0	-0.22409654062389131	0.24516462406855952	0.0044249326147200512	0.088823991631552801	0.23279490162854088	0.68890883213236698	0.0082467712263598145	-0.11755744074719161	0	0.29317729562003975	ASN:chr19:15648148-16749208
C1QA	1	0	-0.27167849347378309	0.21939951499085714	0.0028290609191917648	-1.518839512996059	0.32750996767988627	0.83485510312046041	0.017668352696277447	1.578935734170162	0	1.0241799781644907	ASN:chr1:22145806-23916165
C1QB	1	0	-0.26071847438675411	0.2251657867175422	0.0031551869785144846	-0.71833923777554132	0.32717297087829111	0.83430235583418766	0.017626085916615655	1.6875191872625062	0	1.0253403381142654	ASN:chr1:22145806-23916165
C1QC	1	0	-0.24975845529972512	0.23103221653917258	0.0035054598769585087	-1.2359243916547189	0.3227864107187069	0.82712969507245693	0.017082049678493482	1.574912035273156	0	1.0255725758127205	ASN:chr1:22145806-23916165
C1QTNF5	1	0	0.47340474983244946	0.88262420556981325	0.12316121601700508	-0.81593539950958227	0.25430516059762232	0.72042381440715841	0.0099804347691623864	0.038095816304544595	1	0.95075145975809117	ASN:chr11:118900987-120771784
C1QTNF6	1	0	-1.6196495719484807	0	0	-0.11493010419034824	0.08325585807637817	0.4948309126457634	0.0013238256712725283	0.21401662162793145	0	1.8858886067931386	ASN:chr22:36453608-37977990
C1orf115	1	1	0.42499789255034248	0.82028886520318345	0.10676670031011186	-0.67270303164308709	0.55099535962011092	1.2558412760741238	0.062278676156180067	1.153322320865807	1	-0.83469709023197258	ASN:chr1:220125116-221151629
C1orf141	1	0	1.0414864073861891	1.8256610336960546	0.42856684401800704	1.4121526507533522	0.58677510874320749	1.3322682993148289	0.072302586680496717	-1.5424114315453052	1	-0.32239661888043641	ASN:chr1:66774011-68477862
C1orf226	1	0	-1.2518293931497395	0.0024428719357089228	0	-0.088006358387702238	0.72769106520578652	1.6492624917124401	0.11693524034722734	-0.06977022767520083	0	-0.8811096244413118	ASN:chr1:159953315-162888864
C1orf43	1	0	-1.2142401349578789	0.0035566676213233256	0	-0.36310827676037744	-0.21130667866678288	0.22617127450808555	0	1.435842154356473	0	0.72669124967480392	ASN:chr1:153397055-156616039
C2	1	1	1.1390017690419909	2.0167244925906784	0.49673382173088731	0.58794891270380578	-9.3598406062987767	0	0	1.7408692748464547	1	1.1097969638639942	ASN:chr6:31571894-32682590
C22orf15	1	0	1.6792049040165824	3.1293756643074024	0.90361594226491559	-1.5867536456172424	-0.10781354303978213	0.30496651966572513	0	-0.034881447452529551	1	-0.59300718808038899	ASN:chr22:23398337-25209349
C22orf23	1	0	-1.5114671664194419	1.1870169688593054e-06	0	-0.60652066241060598	-0.35134291814518531	0.14297471992113156	0	-0.84999219990435326	0	1.9220440195731407	ASN:chr22:37977990-40527060
C22orf39	1	0	0.14480223183316396	0.51620407902368126	0.039472176748114748	1.1302973414591031	-0.13704390198198627	0.281111822071406	0	0.14911094275663597	1	-0.57347987040899873	ASN:chr22:18557031-19912242
C2CD2L	1	0	0.17583816730430529	0.54537243298629168	0.044859032123161752	-0.23963411409754837	0.31296332155593548	0.81121688077951937	0.015904605317498002	0.19928012204816672	1	0.93013708926203831	ASN:chr11:118900987-120771784
C2orf16	1	1	0.23970124325494696	0.60880747351782871	0.057441045992116448	-0.98594019680380485	-0.2339975575353774	0.21094063870855506	0	-0.84999219990435326	1	-0.4339175674149871	ASN:chr2:26209579-29456860
C4A	1	0	1.041637604065869	1.8259527106060061	0.42867007279963487	-0.059341840999817867	-7.8683986136488357	0	0	1.1638906259507675	1	1.3909559882285567	ASN:chr6:31571894-32682590
C4B	1	1	0.99836464185424456	1.7431173120642802	0.39947288850338758	-0.059379110057635159	-6.2624844951705319	0	0	1.1638906259507675	1	2.3163953535505648	ASN:chr6:31571894-32682590
C4orf17	1	0	0.65218094416131556	1.1398786494255104	0.19797287223646254	0.26055749997789318	0.83008643411374139	1.8894908462978115	0.15255384853284476	-1.5424114315453052	1	2.1975012691360312	ASN:chr4:99040831-101711689
C4orf36	1	1	0.55475241301596145	0.99435501846547192	0.15434894263829965	0.76150391452048671	0.64045895331898872	1.4503922339846791	0.088455350765155163	-1.1279089072535582	1	-1.6874778759191953	ASN:chr4:87214993-89236855
C5orf22	1	0	-1.2580802113059728	0.0022838849309868301	0	0.016377033525027236	0.69345663007933467	1.570363055928311	0.10548352677183463	0.18937660221091152	0	-0.054456153059652089	ASN:chr5:31391126-33500818
C6orf62	1	1	0.69280318618437065	1.2041230694897005	0.218087607296613	-0.25721402289129053	1.1664461161713031	2.6859807576609769	0.2719303107916301	1.1874065960619067	1	-0.26804621442559795	ASN:chr6:24397129-26141757
C9orf43	1	0	1.0986025160616191	1.9368864358664948	0.46812456222274934	-0.098600387684535357	0.54740890151923971	1.2482935127627712	0.061310347706681423	-0.77370120825070487	1	0.7754710997901102	ASN:chr9:112864469-116400502
C9orf50	1	0	-0.22409654062389131	0.24516462406855952	0.0044249326147200512	-0.73833277308495515	-0.42834045668019388	0.10744984291175357	0	-1.4101251991383059	0	2.582707204731379	ASN:chr9:132047808-133641809
C9orf78	1	0	-0.29982422449422302	0.20504436840205778	0.0020961681122984807	-0.73635478737030768	-0.19872044300514544	0.23492712985721503	0	1.0632407835319135	0	2.5675851348046645	ASN:chr9:132047808-133641809
CA11	1	1	0.14480223183316396	0.51620407902368126	0.039472176748114748	-0.7548020280161466	-0.11721992222134973	0.29714848011416595	0	-0.54908190889440711	1	0.23771395768119613	ASN:chr19:49093112-51334271
CABIN1	1	0	1.372324369579903	2.4915157064047788	0.6693532960213221	1.5494277056024908	0.19553425898689403	0.63651692811590743	0.0057405103880294444	0.14911094275663597	1	0.29432390813677278	ASN:chr22:23398337-25209349
CABP1	1	0	1.1640840069264404	2.066729217743859	0.51473170931322021	0.140282758982849	0.32885734065713257	0.83706752419260577	0.017838017917740059	-1.3014043576765615	1	0.055968473558772602	ASN:chr12:119859279-122015993
CABP5	1	1	0.27632246087744561	0.64730955501775256	0.065618029193795974	-0.35332798323032499	-0.20455339320047849	0.23084175692294456	0	-1.5424114315453052	1	-0.15081648491833974	ASN:chr19:47334409-49093112
CACNA1I	1	0	-1.6095613278646037	0	0	1.2886467711074128	-0.095486933391372236	0.31541766625862588	0	-1.3961064692836005	0	-0.97840281415394204	ASN:chr22:37977990-40527060
CACNB1	1	0	-0.045984194216698492	0.35942453389675949	0.015494116885977172	0.06401806673619985	-0.84158023027120299	0.010725094496427581	0	-0.96149627053967945	1	-1.194286729287056	ASN:chr17:36495389-38649589
CACNB2	1	0	1.3986395423116931	2.5460237513664308	0.68933956867199553	2.2244004612719666	1.2443883989657976	2.8705547002839666	0.299595451404992	-0.040641455150152536	1	0.075779227555179046	ASN:chr10:16679279-18537267
CACNG1	1	0	0.49958015737611083	0.91760980592271513	0.13268721849879006	-0.46456255046497352	0.23385865794099503	0.69044531793462649	0.0083273765444700897	-1.5424114315453052	1	0.79622096422605926	ASN:chr17:64800166-67858770
CACNG2	1	0	-1.398417769541541	0.00026982188018728027	0	1.4118604897562288	0.2203389529801818	0.67108679616722777	0.0073413107102577183	-1.5424114315453052	0	1.8414672093205748	ASN:chr22:36453608-37977990
CACNG4	1	0	0.1422466504594995	0.51384973718560234	0.039048905750283858	0.86342027768645313	0.44626659967374716	1.0452288484435504	0.037158029793133263	-1.482206058210068	1	0.73745882563476683	ASN:chr17:64800166-67858770
CACNG5	1	0	-0.020177670866238909	0.37845606200977744	0.017909449668811129	0.62683656794644604	0.51359530343499848	1.1782262859236319	0.052533442459950175	-1.5424114315453052	1	0.69557947544467269	ASN:chr17:64800166-67858770
CACNG6	1	0	-1.5006489258665467	3.9133734964063438e-06	0	-0.069697183035296859	-0.72600904357055307	0.024849132838338676	0	-1.5424114315453052	0	-1.5608244801400235	ASN:chr19:52985347-54734184
CACNG7	1	0	-1.4357394825491101	0.00010238058664042925	0	0.3378831707094313	-0.79336811380308248	0.015674975161833415	0	-1.5424114315453052	0	-1.8123360818693932	ASN:chr19:52985347-54734184
CACNG8	1	0	-1.4898306853136296	9.1674347207151519e-06	0	0.15178509091098188	-0.75362632497590709	0.020746649396861459	0	-1.5271372731820223	0	-1.769355234528168	ASN:chr19:52985347-54734184
CAD	1	1	0.43461042884581985	0.8324257112519553	0.10989869611947227	0.13395928734996043	-0.29858267330809246	0.17136368953846409	0	-0.006401219552568789	1	-0.21279149896530533	ASN:chr2:26209579-29456860
CADM3	1	0	-1.1761017092794299	0.0049890182585784091	0	0.27045537942161124	0.68930554943503208	1.5608641544702619	0.10411687528602434	-1.1876456375534696	0	0.38998202902780843	ASN:chr1:157982579-159953315
CALR3	1	0	-0.24573302172970352	0.2332121786882316	0.0036403432188111275	-0.20324972777291928	0.23633837722327869	0.69403588186540777	0.008517310921036839	-1.3548024460188213	0	0.29160133219938933	ASN:chr19:15648148-16749208
CALU	1	0	0.76015072935958306	1.3148933614510905	0.25373434661553468	0.28990105557730461	0.15676780121691453	0.58490013480879965	0.0037342030376718615	0.78673986823822695	1	1.6852019413562265	ASN:chr7:126869221-129589868
CAMKK2	1	1	1.0983238924042886	1.9363390089867403	0.46792897610550266	0.76939356797127401	0.38327046410799809	0.92971648215037739	0.025632425969398805	0.60846083096809334	1	0.081975826411035013	ASN:chr12:119859279-122015993
CAND2	1	0	-0.90809729411359275	0.026720719826020627	0	0.93789189744520818	0.70859797476889497	1.6051405250312594	0.11051024657634875	-0.79242144331295483	0	0.55689186313351147	ASN:chr3:11019488-12860229
CARD10	1	0	-1.533103647525254	1.5107228861038698e-11	0	0.20576999151316719	-0.29056155174988318	0.1759835917462429	0	0.49470211084500149	0	1.9451870954645032	ASN:chr22:36453608-37977990
CARD8	1	1	0.12288219365910599	0.49624234094283781	0.035939551677143272	0.93515219742424838	-0.10738711591052777	0.3053241534993722	0	0.38063014916378046	1	-0.15970860219712274	ASN:chr19:47334409-49093112
CASC3	1	0	-0.31108896774176675	0.19947923470506312	0.0018425962635560389	0.27435501417485664	-0.46989159752213572	0.090992710822743322	0	0.64581158485450141	0	-0.38672544826301786	ASN:chr17:36495389-38649589
CASP14	1	0	-0.25655126228259861	0.2273844692564912	0.0032854756551562157	-0.70676048391695867	0.25535660981883573	0.72198846412684159	0.010070893691896949	-1.5424114315453052	0	-0.33137473582391119	ASN:chr19:12500149-15648148
CASP9	1	0	0.57224297622711795	1.0195484877915171	0.16167793168160632	0.36188723641628845	0.58413752244056083	1.3265671279580955	0.071541999561007166	0.37623804244697634	1	0.42909618140630207	ASN:chr1:14893157-17875820
CBL	1	0	0.15419696130224006	0.52492082009750796	0.04105446854413073	1.1708801805843423	0.37212059061519842	0.91020175193752484	0.023880361514533384	-0.3745438613257136	1	0.91292594775433455	ASN:chr11:118900987-120771784
CBLC	1	0	-1.4357394825491101	0.00010238058664042925	0	0.015464506358055657	-0.40065005772677154	0.11945121657474146	0	0.4783281929250992	0	0.78851709281076643	ASN:chr19:43862455-45579043
CBX6	1	0	-1.4634831873507843	3.7667914486453987e-05	0	-0.55403645869628992	-0.21853749036347389	0.22124084119753834	0	-0.70992181642016494	0	-0.64353113604586687	ASN:chr22:37977990-40527060
CBX7	1	0	-1.3174050468369649	0.0011035184048102857	0	0.28971161523143735	-0.18488495254535176	0.24480958934972283	0	0.33161163654635928	0	-0.30207375633889899	ASN:chr22:37977990-40527060
CBY1	1	0	-1.5608686143600119	0	0	-0.19952970879760759	-0.14355449693653582	0.27597377867131917	0	0.63841378619765898	0	-0.82926390087919621	ASN:chr22:37977990-40527060
CCAR1	1	0	1.0957288068303885	1.9312424877101813	0.46610847558196911	0.89509984984013913	0.81642955487463564	1.8572144118933633	0.14772711866402058	0.73191117378096904	1	-0.26420620556227575	ASN:chr10:68757629-71054709
CCDC105	1	0	-0.14836885675355965	0.29020404315251003	0.008044047146724612	-0.44451263846717104	0.19914983821979021	0.64148017517242739	0.0059576797675015706	-1.5424114315453052	0	-0.34299911789228793	ASN:chr19:12500149-15648148
CCDC113	1	0	-0.79746328992779347	0.043554142261578319	0	0.66137361145793638	0.88148068537240398	2.0111584251859189	0.17078355924234609	-1.1046502766824373	0	-0.43769130048550109	ASN:chr16:56907578-58867358
CCDC121	1	1	0.20721637898979048	0.57595903899356371	0.050782232217470233	-1.4543773039010235	-0.21491854779890956	0.22369941365252774	0	-0.64868702072582451	1	-0.52715890751853822	ASN:chr2:26209579-29456860
CCDC124	1	0	-0.50537079499938387	0.11868978494289517	2.630746985733812e-05	-0.54621098979744376	-1.2088127388453642	0	0	0.95853837433956268	0	1.3759439325377258	ASN:chr19:16749208-20221313
CCDC136	1	0	0.73850952335751774	1.2787404977791199	0.24197845801730622	0.26242460481446178	0.18719148203352812	0.62516230477334822	0.0052596788642268787	-1.2246363491606882	1	1.3844840268653034	ASN:chr7:126869221-129589868
CCDC153	1	0	0.37060902132271656	0.753833128819548	0.090160126578544567	-0.87801562840220038	0.28765829534384163	0.77116718958888697	0.013123318832703658	-0.92000617051240963	1	0.9343768615567819	ASN:chr11:118900987-120771784
CCDC63	1	1	0.57645326029100585	1.0256754914086046	0.16347585929947953	0.77132173963675765	-0.86520228708017832	0.0087367140420330797	0	-1.5424114315453052	1	2.2211363073934507	ASN:chr12:109270450-113028429
CCDC71	1	0	-1.6741128196689683	0	0	-1.3654746417874504	-1.0108674694210193	0.0015655683030858885	0	0.18937660221091152	0	0.23418522752192172	ASN:chr3:47793553-51831792
CCDC77	1	0	-1.126559982261691	0.0073636857569819875	0	0.6714353407491136	-0.14747189272882427	0.27291261953428519	0	-0.38895749070245772	0	0.53775703546082421	ASN:chr12:61107-1739022
CCNG2	1	0	-0.8840092143510202	0.029928057505123347	0	1.9370975119738407	0.69096710083403268	1.5646643767908817	0.10466329222155588	-0.29079362448653651	0	0.83995967485383127	ASN:chr4:77718852-78969420
CCNI	1	0	-0.92728217656264456	0.024336771053492367	0	0.19775221362324119	0.82159495853540288	1.869417310636202	0.1495511311255234	1.1559712261828132	0	0.92296758792408806	ASN:chr4:77718852-78969420
CCR7	1	0	-0.48421861575815678	0.12616621411734757	6.3286181117138462e-05	-0.49676925257178056	-0.18577444568234405	0.24416605767747354	0	-0.63163084246833168	0	1.2115503332433479	ASN:chr17:38649589-39900528
CD1A	1	0	-1.2734658742555516	0.001922266760788437	0	-1.2981640193664346	0.73229833799780297	1.6599504032145851	0.11849885130834147	-1.3822146075020518	0	0.68235195282634575	ASN:chr1:157982579-159953315
CD1B	1	0	-1.19773819038522	0.0041369470093658564	0	-1.4085359256045293	0.70448080569163241	1.5956644558421786	0.10913710810329619	-1.3548024460188213	0	0.68079345727511675	ASN:chr1:157982579-159953315
CD1C	1	0	-1.1869199498323248	0.0045496931961229248	0	-1.3537728015776083	0.69897693875943112	1.5830192930745814	0.10730874555517096	-0.55713988146771742	0	0.68356526271442841	ASN:chr1:157982579-159953315
CD1D	1	0	-1.305920595914259	0.0012888661458841425	0	-1.1592889505965818	0.76236834032009071	1.7300490144374656	0.12881435614492515	0.29030761328157983	0	0.73980306962560283	ASN:chr1:157982579-159953315
CD1E	1	0	-1.0679193037503909	0.011026564205875835	0	-1.3062159179218502	0.66082817071196243	1.4961507183046892	0.094886762596232063	-0.8113727982236163	0	0.73152616072789856	ASN:chr1:157982579-159953315
CD244	1	0	-0.87319097379812516	0.031448307481159031	0	0.29525709006675643	0.33591497605872245	0.84872022553491633	0.018744504897199768	-0.26386240300889641	0	0.45345789166144762	ASN:chr1:159953315-162888864
CD37	1	1	1.1860040451004765	2.1106813090576435	0.53059632643991217	-0.77398497804713406	-1.308165946614162	0	0	0.42387357919353502	1	-0.015443969935958307	ASN:chr19:49093112-51334271
CD3D	1	0	0.11091454929815356	0.48556433646817232	0.034103006361584545	-1.3646618831353305	0.38523112419264577	0.93317664575948966	0.025949113858239017	0.33161163654635928	1	-1.0825117624415506	ASN:chr11:117901740-118900987
CD3E	1	0	0.089273343296110308	0.46664618742080488	0.030942829451270758	-0.50158620816183042	0.40310756429689398	0.96512171885608433	0.028957678230236459	0.46177773340449191	1	-1.1179658025858243	ASN:chr11:117901740-118900987
CD3G	1	0	0.10009394629712093	0.47604261245901608	0.032497313303158332	-0.55737406678297985	0.39662703176902858	0.95345818127084625	0.027841558939052036	-0.7644260123559129	1	-0.29862716702078107	ASN:chr11:117901740-118900987
CD48	1	0	-0.82991801158650069	0.038043901359551907	0	0.30374533711282609	0.26304901128472086	0.73350440978024323	0.010749373098053768	0.66415159094917364	0	0.37109127288833815	ASN:chr1:159953315-162888864
CD5L	1	0	-1.257238513426209	0.0023048787748222166	0	0.8504290857914808	0.72470375593288849	1.6423407603853797	0.11592405453577147	1.2028861247178617	0	0.49400394216388777	ASN:chr1:156616039-157982579
CD80	1	0	-0.79801610278783885	0.04345609580802632	0	0.35336575120276337	0.5937903223176253	1.347481250808384	0.074341478674545269	-0.8113727982236163	0	-1.1892600535334812	ASN:chr3:118903462-120523073
CD81	1	0	0.26272428425678401	0.63282910656364721	0.062496937957008204	-0.037842959333083868	0.22533141209362337	0.67819264885154706	0.0076958101716825492	1.8201488675398916	1	-0.62690289184011372	ASN:chr11:70855-2739889
CDA	1	0	0.87912351066379724	1.5223182721929325	0.32304321134760411	0.2268969009531191	0.58178983661559747	1.3215012570254281	0.070867806281522644	1.0632407835319135	1	1.1431958530352508	ASN:chr1:20304720-22145806
CDC42	1	0	0.98872370153404299	1.7248446646271542	0.39306645038014953	0.45547706629841572	0.56290019677658965	1.2810467665075049	0.065541777687562072	1.3308802505729731	1	1.1543491230980114	ASN:chr1:22145806-23916165
CDC42BPB	1	0	-0.40319872251806477	0.15770267676781732	0.00048509275020441428	1.3271318697439709	0.16782220281475521	0.59932289179882747	0.004248487064435401	0.63098016271030077	0	-0.4224829978105995	ASN:chr14:103390025-105001894
CDC42EP1	1	0	-1.414103001443298	0.00018638705563250394	0	-0.70253814499687717	-0.41519872436028765	0.11304006891052416	0	1.2003170190967736	0	1.9609018715333102	ASN:chr22:36453608-37977990
CDC6	1	0	-0.36519198274688591	0.17415018811209207	0.00090530272421329304	-0.29115427551521383	-0.34260568221612486	0.14744091491013353	0	-0.97204641688175619	0	0.066420918627568035	ASN:chr17:36495389-38649589
CDH6	1	0	-1.2690402303930017	0.0020220473956837808	0	1.3881265861691394	0.72443194274471923	1.6417112833008312	0.11583215265046766	-0.86967247267934789	0	0.10251726227913337	ASN:chr5:29594524-31391126
CDHR4	1	0	-1.7390293495569771	0	0	-0.69017742923187864	-0.99908619071641758	0.0018782659864683198	0	-1.3961064692836005	0	0.44404526564802704	ASN:chr3:47793553-51831792
CDKN1C	1	0	0.28436076536259625	0.65597239119994277	0.067510969497468071	-1.6348347176774127	0.20419979400553726	0.64845553439560499	0.0062700733869103884	-0.11755744074719161	1	-0.67319778892439486	ASN:chr11:2739889-4466102
CDON	1	0	-0.60047906608452029	0.088707437266973152	0	1.2107847309820035	0.85178040141891753	1.9408278007539996	0.16024232276373346	-0.84024587985937749	0	0.099895658409535543	ASN:chr11:124496119-126773879
CEACAM16	1	0	-1.4681942042078173	3.0576074156377125e-05	0	-0.50590079129631149	-0.37533906184022381	0.13117459960518593	0	-1.2753861034403373	0	0.83956905680922866	ASN:chr19:43862455-45579043
CEACAM19	1	0	-1.4790124447607345	1.7778551365960845e-05	0	-0.0078468545246651398	-0.3195063569852285	0.1596944209025582	0	0.3406413111146418	0	0.81904606626072396	ASN:chr19:43862455-45579043
CEACAM20	1	0	-1.5655583691839612	0	0	0.17706057263518846	-0.13661067681146005	0.28145596025838465	0	-1.3145807497409923	0	0.61624512646030016	ASN:chr19:43862455-45579043
CECR2	1	0	0.11192217457207702	0.48645741556174227	0.034255165917247664	1.6768826277153717	-0.08071866927102278	0.32825006808215795	6.5053380176502953e-07	-0.57338384522302643	1	-0.69627902320437307	ASN:chr22:17581547-18557031
CECR3	1	0	0.16672227000719989	0.53669408277678354	0.043229022468065877	-0.62759155847767134	-0.20455339320047849	0.23084175692294456	0	-1.5424114315453052	1	-0.6667547414257744	ASN:chr22:17581547-18557031
CEL	1	1	1.416164445927997	2.5823793131677619	0.70267949488334802	-0.62689021017718438	0.20383954018698414	0.64795625933436907	0.0062474344399812975	-1.1876456375534696	1	-1.2550123942235025	ASN:chr9:134722557-136612240
CELA2A	1	0	0.53936291896603106	0.97253401932655503	0.14808638388987685	-0.28728612681148308	0.59961605840506615	1.3601683983716126	0.076051956021855951	-1.5424114315453052	1	0.41813440700701887	ASN:chr1:14893157-17875820
CELA2B	1	0	0.56128295714008891	1.0037125507492006	0.15705894686003152	0.10253585535385169	0.58765346824152775	1.3341691566425622	0.072556607501811518	-1.1876456375534696	1	0.43256053762150376	ASN:chr1:14893157-17875820
CELA3A	1	0	0.99968372062107191	1.7456227088801253	0.40035229336247469	-0.55269130908997166	0.56141627960343998	1.2778924287334923	0.065131003406616497	-1.5424114315453052	1	1.2001895898342778	ASN:chr1:22145806-23916165
CELA3B	1	0	0.97776368244701395	1.7041562998934376	0.38582900026475242	-0.02422839118624754	0.56793662045677018	1.2917787005828212	0.066944357833915474	-1.5424114315453052	1	1.2187309396860073	ASN:chr1:22145806-23916165
CENPA	1	1	0.31549925987360872	0.69025961475300746	0.07518724564319447	0.38474691814070777	-0.24361144298413953	0.20469952934098593	0	-1.2753861034403373	1	0.20199155060052723	ASN:chr2:26209579-29456860
CENPE	1	0	-1.6420231368676796	0	0	1.0956633317282429	0.28317681092868202	0.76421480405394449	0.012667343804106999	-1.2246363491606882	0	0.26179042298035504	ASN:chr4:102707193-105305539
CEP55	1	0	-0.68928088439875446	0.065715704409860215	0	0.28859771082431729	0.49583846145874944	1.1422678886206936	0.048193997382180054	-1.2246363491606882	0	-0.83061989873664366	ASN:chr10:92107336-95362627
CFB	1	0	1.1173652879361786	1.9738533303046621	0.48135091179356698	0.068418781631025868	-8.9096460106857975	0	0	2.1202048921479082	1	1.0569689919293697	ASN:chr6:31571894-32682590
CGB1	1	1	0.59416301440115382	1.0517096718782204	0.17117993882610563	-0.40556373620345493	-0.59490393601198521	0.051760099670414977	0	-1.5424114315453052	1	0.38435960126143909	ASN:chr19:49093112-51334271
CGB2	1	1	0.57224297622711795	1.0195484877915171	0.16167793168160632	-2.17281774874523	-0.56571546933233885	0.059629497062087422	0	-1.5424114315453052	1	0.40901300063029111	ASN:chr19:49093112-51334271
CGB5	1	1	0.61608305257521179	1.0845103099283306	0.18102700815218897	-2.116343479666416	-0.61892865660320973	0.045828181179911318	0	-1.5424114315453052	1	0.39739882145083161	ASN:chr19:49093112-51334271
CGB7	1	1	0.6489631098362767	1.1348761259763764	0.1964261934019457	-1.2179244827649054	-0.64783402123020639	0.039314295730002599	0	-1.5424114315453052	1	0.39947942913661999	ASN:chr19:49093112-51334271
CGB8	1	1	0.63800309074924777	1.1179348055036502	0.19121072350906609	-2.0753992213489698	-0.629644547206203	0.043335537750038476	0	-1.5424114315453052	1	0.40394371754312208	ASN:chr19:49093112-51334271
CGREF1	1	1	0.53206502164126734	0.96229877828655075	0.14517677163767145	-0.075117733495416811	-0.36061059420800545	0.13833694020669268	0	1.3519888524872592	1	0.0099525492925658984	ASN:chr2:26209579-29456860
CHCHD10	1	0	1.6682448849295533	3.1065795059454304	0.89524108444023365	-1.6520444693618512	-0.10696078716104553	0.30568198421620635	0	1.5949258813651959	1	-0.59202549546545358	ASN:chr22:23398337-25209349
CHD9	1	0	0.60786303825992904	1.0721361246564696	0.17729445440881994	1.9311634169747895	0.62158785490603208	1.4084374205557413	0.082638195679412108	0.13887730318557678	1	-1.5300144853096769	ASN:chr16:51214363-54450244
CHEK1	1	0	-0.45799881795318764	0.13586143105285009	0.00014373118524575238	0.63815549456103149	0.68653297283625769	1.5545285668868944	0.10320693054465764	-0.8113727982236163	0	0.87264114316631458	ASN:chr11:124496119-126773879
CHERP	1	0	-0.21327830007097423	0.25129101871859572	0.0048563131484225582	0.076427208825351728	0.22959995364069671	0.68430776860088383	0.0080078070189575044	0.60088036988254712	0	0.2926041339657765	ASN:chr19:15648148-16749208
CHGA	1	0	-0.25840000881063913	0.22639838053126568	0.0032272403995266042	-0.46393196187888069	0.72796239946314589	1.6498915085716495	0.11702718944541657	-1.4675165657271294	0	0.60747189683267522	ASN:chr14:92916399-94325285
CHMP4C	1	0	-1.4032847608904029	0.00024171938050188241	0	0.14911749110245426	0.49583846145874944	1.1422678886206936	0.048193997382180054	0.081339246334298773	0	0.30538010782731234	ASN:chr8:82016264-83727741
CHRNA10	1	0	0.057177713751623192	0.43950384013699417	0.026625121433013078	-1.0375504466840453	0.77272533463710802	1.754313979127655	0.13240629849275104	-0.99336676308912741	1	-0.38288203946338328	ASN:chr11:2739889-4466102
CHRNB2	1	0	-1.0169597913914452	0.015056857835727413	0	-0.46191754225251819	-0.54668977737765023	0.065165760597347827	0	-1.4970374803542688	0	0.87364600839572826	ASN:chr1:153397055-156616039
CHRND	1	0	1.4094577828645882	2.5684617282282041	0.69757193647149462	-0.56761882180705792	0.360572071915714	0.89027920919765213	0.022151781130692647	-1.5424114315453052	1	0.47378715163114088	ASN:chr2:232191250-233550713
CHRNG	1	0	1.4202760234175054	2.5909141634936632	0.70581210631554903	-0.92887666943607938	0.35161363928463518	0.87502667580415272	0.020869879520261394	-1.4385526828579982	1	0.47916931499667376	ASN:chr2:232191250-233550713
CHUK	1	0	1.276961107890402	2.2952181360951749	0.59759090103811496	0.47441396180995127	0.20779847470745974	0.65345702337178446	0.006499229535326858	0.42813166860987051	1	0.094378713852049087	ASN:chr10:100365649-102471756
CIB3	1	0	-0.35391542725872049	0.17924119899295979	0.0010651984808796484	-0.46746992899930223	0.32514969846110464	0.83098888246532099	0.017373739730944575	-1.5424114315453052	0	0.27559557653176114	ASN:chr19:15648148-16749208
CIB4	1	1	0.10976178619434301	0.48454396006363781	0.033929483219492712	0.76368228129939419	-0.098454802262650326	0.31287987276566187	0	-1.5424114315453052	1	0.054043723774698293	ASN:chr2:26209579-29456860
CIITA	1	0	-1.1875578108246834	0.0045246277673798383	0	0.69490347538434094	0.88397585447473304	2.0170671974493932	0.17166920438379074	-0.20494104501434526	0	1.4073960995974124	ASN:chr16:10868121-12612116
CILP2	1	1	1.2142471712093554	2.1676315903302834	0.5512097930833364	-0.75104043940569398	-0.26809982827408207	0.18936103080726849	0	-1.3548024460188213	1	0.15039996484678494	ASN:chr19:16749208-20221313
CINP	1	0	-0.31551856982187698	0.19731876129135054	0.0017487773308848859	-0.072876655950662339	0.08248653168873836	0.4939408704760998	0.0013067369731578334	0.74580303556251748	0	-0.13944076397457633	ASN:chr14:101357468-103390025
CISD2	1	0	-1.7069467548738313	0	0	-0.074129335936950105	0.27764617617879245	0.75569257552721358	0.012119339568362636	0.41532180080646014	0	-0.19247352599215831	ASN:chr4:102707193-105305539
CKB	1	0	-0.18399834077757327	0.26838240914103495	0.0061624745674116327	-1.4365587381115363	-0.061902693143535269	0.34509769159525389	8.3286377533180196e-06	0.45343510281395133	0	0.39903343933617785	ASN:chr14:103390025-105001894
CKM	1	0	-1.2410111525968444	0.0027351640048367031	0	-0.22938722558769661	-0.63134222482347169	0.042949130432166222	0	-1.4385526828579982	0	0.79057937701438108	ASN:chr19:45579043-47334409
CKS1B	1	1	-0.72103927604177298	0.058575774601967841	0	-1.2162479020463126	-0.63814857489914256	0.041423005899240473	0	0.95250677424026065	0	0.58957375511182419	ASN:chr1:153397055-156616039
CLASRP	1	0	-1.3167388364671762	0.0011137504440126729	0	0.27558619401949874	-0.55590636484447409	0.062442915272898289	0	0.83642188266082707	0	0.54809683931364261	ASN:chr19:43862455-45579043
CLCNKA	1	0	0.78048333888058041	1.3493234249127428	0.26502937991710246	-0.2967648638065839	0.10694748972091328	0.5227662712837382	0.0019258162958266272	-1.3014043576765615	1	0.32905527314580163	ASN:chr1:14893157-17875820
CLCNKB	1	0	0.82432341522867436	1.4250272938123283	0.29017508023059146	-0.38503838846432864	0.10162425406656811	0.51640028898625989	0.001777337825066154	-1.5424114315453052	1	0.27103562009270948	ASN:chr1:14893157-17875820
CLDN23	1	0	-0.16207830260353734	0.2816728329835953	0.0072804157262523839	-1.7945379605756113	0.73554362837924936	1.6674877707551161	0.11960312561597282	0.19928012204816672	0	0.22277190648975936	ASN:chr8:7153079-9099581
CLK2	1	0	-1.0279198104784744	0.014118829786051298	0	-0.27436661322991612	-0.54831289733832389	0.064680615074716619	0	0.78336985535825332	0	0.57882780612128537	ASN:chr1:153397055-156616039
CLMN	1	1	0.66294072369813728	1.1566994004255668	0.20319501586880298	1.4026029926485248	1.1546382679674676	2.6580187706786096	0.2677391866778851	0.26687142904068867	1	1.2239401439564159	ASN:chr14:94325285-95947052
CLPTM1	1	0	-1.3600117986787785	0.00057126079936688104	0	0.42509674052259211	-0.50762699294829239	0.077585380451665312	0	1.1586155683531729	0	0.66136390112962107	ASN:chr19:43862455-45579043
CLTCL1	1	0	0.035202040962918207	0.42154006340445721	0.023913275945262054	1.2438138142315853	0.14713353618859504	0.57252054682510878	0.0033213463056672851	-0.50160265237970003	1	-0.59235266290036714	ASN:chr22:18557031-19912242
CMAS	1	0	1.3553665801000687	2.4564539253773146	0.65650835228000637	-0.10371566373559787	0.44373693198722702	1.0404171502872148	0.036640058692388344	0.99129508336687	1	0.24577061817024615	ASN:chr12:21757656-24562053
CNGB1	1	0	-0.80828153048068851	0.041662065593433502	0	1.0521741510074754	0.90381683913691191	2.0640523335439611	0.17871164156816208	-1.4970374803542688	0	-0.40990866837320739	ASN:chr16:56907578-58867358
CNNM1	1	0	1.1543395760081054	2.0472647491408251	0.50771921590272384	0.82590914164992979	0.37999806736754382	0.92396044154797308	0.025109622188816041	-1.2625405033716455	1	0.34052510892539029	ASN:chr10:100365649-102471756
CNOT1	1	0	-0.7758268088219813	0.047508431453904723	0	1.227749549595027	0.84746193450625451	1.9306041200199024	0.1587104165721627	0.66415159094917364	0	-0.38096245747380525	ASN:chr16:56907578-58867358
CNOT3	1	0	-1.5655583691839612	0	0	-0.16640606802689725	-0.67719872069218057	0.03336072983858019	0	0.49062497630925811	0	-1.4921810159478981	ASN:chr19:52985347-54734184
CNOT6L	1	0	-0.91646393600972753	0.025662794349972158	0	1.2013415224197199	0.75409424826336491	1.7107055655602112	0.12595819052658844	0.22861299389183048	0	1.2044316580765744	ASN:chr4:77718852-78969420
COL11A2	1	1	1.3552838944158714	2.4562831027570482	0.65644579496046751	0.22323935811666862	-0.20770185537016034	0.22865640280013164	0	-0.98266957519798592	1	2.8960641573833237	ASN:chr6:32682590-33209310
COL13A1	1	0	0.85772751466649833	1.4839940238460658	0.31002775401013649	1.5280743277625897	1.0770024739134925	2.4741706194127495	0.24018283238433424	-1.1515253769195539	1	-0.83781285830078955	ASN:chr10:71054709-72673145
COL27A1	1	0	0.96483357219002075	1.6798671146568134	0.37735425667917305	1.5018608736301491	0.77986170806660571	1.771064324749607	0.13489122601270104	0.72491781202550087	1	1.2106928505753558	ASN:chr9:116400502-119530000
COMP	1	1	1.4741260853305194	2.7028260994288091	0.74691034705633486	-0.73932367489832973	-0.74457526056410805	0.022037020022228782	0	-1.327871224541181	1	0.51520833107566488	ASN:chr19:16749208-20221313
COPE	1	1	1.4308129329769921	2.612794830239066	0.71384452470322712	-0.088741665235901185	-0.62568935422862815	0.044244751307889185	0	1.2533854237431963	1	0.57509871862906337	ASN:chr19:16749208-20221313
COQ5	1	0	1.0873638733172597	1.9148415790249729	0.46025493816890661	0.25713090515114373	0.39175167420599505	0.94474581727552964	0.027021064751624975	1.0001087358110112	1	-0.45330575815345819	ASN:chr12:119859279-122015993
COX15	1	0	1.3438455798262121	2.4326661705363977	0.64779937957276401	-0.074433323132734944	0.17369095552494693	0.60707534097417548	0.0045397564182053677	0.29495221667459859	1	0.26733480509621976	ASN:chr10:100365649-102471756
COX17	1	0	-0.70063067577863325	0.063101075956670305	0	0.021393469713924342	0.5587422221213314	1.2722171541493068	0.06439365378415858	1.4113877012554978	0	-1.2613739447332104	ASN:chr3:118903462-120523073
COX6A1	1	0	1.0654438351432018	1.8720650692352758	0.44502468840649562	-1.6394638819388874	0.39792495769169028	0.95578659510706565	0.028062757102491884	1.7801398880417836	1	-0.51771807742851805	ASN:chr12:119859279-122015993
COX7A2L	1	0	-1.1546228957624487	0.0059433018783598118	0	1.0867915323484678	0.87748139376640122	2.0016877631401946	0.16936403493965632	1.2308660920009888	0	2.2798304936292912	ASN:chr2:42336744-44322128
COX8C	1	0	0.29510046737873485	0.66766664768803929	0.070096394255136724	-2.2723960310220246	0.66644666685055132	1.5088530517933103	0.096686749031771282	-1.4970374803542688	1	0.74922104489121844	ASN:chr14:92916399-94325285
CPEB3	1	0	-0.59191671942261059	0.091171804118162891	0	1.8428045671700517	0.42401370097834096	1.0033958688174027	0.032760865332141162	0.4110279791248429	0	0.32355361108681052	ASN:chr10:92107336-95362627
CPLX4	1	0	0.3201625372255395	0.69549507201130079	0.076384644818183342	0.51385362222351572	0.81849744929261015	1.8620988804770258	0.1484570826187554	-1.5120136015842425	1	-0.62073276816583201	ASN:chr18:54958664-57377707
CPN1	1	0	1.3661404038048155	2.4787234637391493	0.66466573954010144	0.44329382990622768	0.15306825652495759	0.58012550293527143	0.0035718477920098344	1.1400087920477864	1	-0.15609469616023469	ASN:chr10:100365649-102471756
CPT1C	1	1	1.0654438351432018	1.8720650692352758	0.44502468840649562	0.017760657981006973	-1.1659781928838437	8.5465440026234361e-06	0	-0.99336676308912741	1	-0.43663402908111276	ASN:chr19:49093112-51334271
CRAT	1	0	0.15454187872774505	0.52524269963077364	0.041113351538561958	-0.23798729943386945	-0.63190846412816992	0.042820761759142255	0	1.2182111130700659	1	0.57056972270500661	ASN:chr9:130597604-132047808
CRCP	1	0	-1.3924665203375077	0.00030704356658577104	0	0.44870673248694015	0.21246630686659224	0.65998265636816689	0.0068046949043529441	0.76640791205277092	0	-0.086659776715888301	ASN:chr7:63624322-67371495
CRLF1	1	1	1.3874997806234646	2.5229359995985758	0.68087175364919772	0.35797429611046849	-0.79522314687479567	0.015460969531672969	0	-1.2883401064786222	1	1.0944268839660705	ASN:chr19:16749208-20221313
CROCC	1	0	0.84624345340273233	1.4636005635257021	0.30313717736045948	1.8050726997919075	0.016692150660411766	0.42170682061325271	0.00032490042569200957	-0.38895749070245772	1	0.60714174953575117	ASN:chr1:14893157-17875820
CROCCP2	1	0	0.87364350112028266	1.5124623314478804	0.3196879512597165	0.13029744885180386	0.015096707473524203	0.42004885935052994	0.00031114715114888546	1.0001087358110112	1	0.44586397067550393	ASN:chr1:14893157-17875820
CRTC1	1	1	1.4091563568002283	2.5678363397007846	0.69734244960551683	1.1433245874139137	-0.60995269745476699	0.047988212381319825	0	-0.34611637760602121	1	0.52432176012660248	ASN:chr19:16749208-20221313
CRX	1	1	0.33112255631256848	0.70790395682154872	0.07924877614657648	0.052405503321732633	-0.25512214393985533	0.19739049443736068	0	-1.4675165657271294	1	-0.43829567523887814	ASN:chr19:47334409-49093112
CRYBB2	1	0	1.6134447894944304	2.9925987141356116	0.85336679531684134	-0.45553153123005757	-0.052359120792406302	0.35385897667561284	1.7895383868638469e-05	-1.3014043576765615	1	0.8238550814410045	ASN:chr22:25209349-26524344
CRYBB3	1	0	1.6353648276684885	3.0381910308595583	0.87011651096620535	-0.8379538295485387	-0.062318751223965296	0.34471906387487711	8.0163059657051432e-06	-0.83056105120184698	1	0.81062786713056334	ASN:chr22:25209349-26524344
CSF2RB	1	0	-1.331533297605753	0.00090102322832116529	0	0.14169051728251542	0.12621062169613487	0.54623975385647261	0.0025319114114914433	-0.2772689532940576	0	1.8875163518865481	ASN:chr22:36453608-37977990
CSF3	1	0	-0.25698595273664765	0.22715235610524645	0.0032717205003561793	-1.6998069809524905	-0.61836638002609789	0.045961548224137533	0	-1.3822146075020518	0	-0.38805718820579715	ASN:chr17:36495389-38649589
CSNK2A2	1	0	-0.78664504937487634	0.045502654431496647	0	0.44965009004940798	0.85583564256119637	1.9504295303980514	0.16168124652494548	0.49062497630925811	0	-0.49804029563855035	ASN:chr16:56907578-58867358
CTBS	1	0	-1.7170137369246026	0	0	0.083672585557597115	0.54800712812091057	1.2495509985680255	0.061471385325731681	0.72140914706869153	0	1.3093488472906925	ASN:chr1:83991644-86012417
CTDSPL	1	0	-1.1220105065149104	0.0076133539816815006	0	1.3111237529671271	0.25745771516903904	0.72512187871070621	0.010253291419209167	0.4110279791248429	0	-0.51583546287404869	ASN:chr3:35283408-38353505
CTRC	1	0	0.55032293805305998	0.98804129766728022	0.15252868363226896	-0.55844231388335441	0.59699674973629779	1.3544581826790458	0.075280991268387068	-1.327871224541181	1	0.39650765932381815	ASN:chr1:14893157-17875820
CUBN	1	0	1.377003061205881	2.5011986723380941	0.67290228607872704	2.0155389987191583	0.73500314228109076	1.6662319564754628	0.1194190516821409	-1.2883401064786222	1	-0.88394652176047706	ASN:chr10:16679279-18537267
CUTA	1	1	1.1821542463995034	2.1029457893503092	0.52780126807660299	-1.9062671263617588	0.004692615272767554	0.4093435275423557	0.00023085712809588904	1.4091451292711226	1	2.7743498659147079	ASN:chr6:33209310-35757007
CUTC	1	0	1.3772878157941171	2.5017881199306853	0.67311835102071893	0.67437235514956995	0.13894204926293702	0.56213328920097505	0.0029952304088752368	0.73539594315561607	1	0.22488325200286666	ASN:chr10:100365649-102471756
CUX2	1	1	0.53318029807938139	0.96385827292914539	0.14561893350192456	2.0419210881897447	-0.78473583004097425	0.016696838623660053	0	0.50686894006456717	1	2.2179126530745732	ASN:chr12:109270450-113028429
CWC15	1	0	-0.038433506846977161	0.36492527281706305	0.016176763846119942	-0.54522961864898645	0.36849882704683151	0.90392213617789507	0.023328923483765845	1.0434335377430501	1	-0.95691733389292688	ASN:chr11:92731401-94987750
CWC25	1	0	-0.57078343976632973	0.097448686539624199	0	0.089008432174272914	-0.8722836897611892	0.0081925896244859978	0	0.57791175806387796	0	-0.65369585142202002	ASN:chr17:36495389-38649589
CWF19L1	1	0	1.2546662839118206	2.2496981069758495	0.58101445954391573	0.35495577188323141	0.21246630686659224	0.65998265636816689	0.0068046949043529441	0.15927680938315789	1	0.11798586102114451	ASN:chr10:100365649-102471756
CXCL13	1	0	-0.93810041711553971	0.023057231050094423	0	1.1554507295214433	0.81798069259001838	1.8608781748952898	0.14827463571822555	-0.58157074596391278	0	0.71193339070773132	ASN:chr4:77718852-78969420
CXCR5	1	0	0.44635324232987889	0.84741397294784737	0.11380716023130591	-0.35699476340750552	0.2727932551023492	0.74826703577615394	0.011651704667735394	-1.1998770986860694	1	0.1923336871668361	ASN:chr11:117901740-118900987
CXXC4	1	0	-1.0247969229438463	0.014382015063548012	0	0.13500233583939647	0.30308773613625917	0.79542608648633373	0.014776700025522055	-1.3822146075020518	0	0.57736764208383362	ASN:chr4:105305539-107501341
CYP21A2	1	1	0.98754640130134952	1.7226180340131187	0.39228668145872214	-1.4471098936025231	-5.955616660783444	0	0	0.032603716527207366	1	2.2529757331863292	ASN:chr6:31571894-32682590
CYP26A1	1	0	-0.62437144108131792	0.082066555685037873	0	-1.2471739031494358	0.44753013610343534	1.0476375328816265	0.037418458908960325	0.49062497630925811	0	-0.82868322553406104	ASN:chr10:92107336-95362627
CYP26C1	1	0	-0.63518968163423495	0.07917198890167132	0	-0.84619458857853291	0.45194572232965574	1.0560825479082641	0.038337445529240698	-1.5424114315453052	0	-0.82424062552891253	ASN:chr10:92107336-95362627
CYP4F11	1	0	-0.47291607334067653	0.13028688213408085	9.2668517980860259e-05	0.0064503457304584079	0.41246415115440083	0.98212875000133271	0.030621162689874241	1.0491188785023953	0	-0.34241680979476385	ASN:chr19:15648148-16749208
CYP4F12	1	0	-0.6460079221871301	0.076346297880943104	0	0.069396814849877031	0.61496601951183272	1.3938222559064828	0.08063135761350286	1.16652137252489	0	-0.084042047292500519	ASN:chr19:15648148-16749208
CYP4F2	1	0	-0.51618903555227891	0.11498284762278048	1.4834031936422235e-05	-0.080500102354823175	0.45131556990874006	1.0548747403703553	0.038205454376718885	1.3956204580786438	0	-0.26577018015475645	ASN:chr19:15648148-16749208
CYP4F22	1	0	-0.59191671942261059	0.091171804118162891	0	0.51969045822791993	0.55814746126765602	1.2709564345821196	0.064230158878121377	-0.19853168183936099	0	-0.22333483447855165	ASN:chr19:12500149-15648148
CYP4F3	1	0	-0.63518968163423495	0.07917198890167132	0	-0.013374046510223262	0.60803088596869048	1.3785777168100977	0.078549588766161318	1.3426430686702471	0	-0.01077623920963448	ASN:chr19:15648148-16749208
CYP4F8	1	0	-0.62437144108131792	0.082066555685037873	0	-0.28448508477575674	0.58765346824152775	1.3341691566425622	0.072556607501811518	-1.5120136015842425	0	-0.085833062013161279	ASN:chr19:15648148-16749208
CYP7A1	1	0	0.077276921929208542	0.45637415890421212	0.029278281265075957	-0.6133783582426664	0.45823545595948123	1.0681852658512367	0.039670113399292557	0.58943902312423935	1	-0.20353292932068406	ASN:chr8:59047312-60470380
CYTH2	1	1	-0.03055807355923364	0.37072208906189397	0.016909830212977098	-0.39933687924184347	0.0062970624813742894	0.41098242603646723	0.00024221065136201267	0.419603645285127	1	0.22009895912436583	ASN:chr19:47334409-49093112
CYTH4	1	0	-1.5763766097368563	0	0	0.30859038953448786	-0.0057703854294057439	0.39876259270062359	0.0001653953450620398	0.12339777452962181	0	1.9049174730341853	ASN:chr22:36453608-37977990
DAG1	1	0	-1.5334603382449454	4.5176703209660932e-13	0	0.84538236767454522	-1.0745220506954136	0.0004539472864076539	0	0.81674160988583244	0	0.19345250332319006	ASN:chr3:47793553-51831792
DALRD3	1	0	-1.5929671573089517	0	0	-0.9141443000768168	-1.057331955047448	0.00066893399769750515	0	0.86227580328697162	0	0.040850455782346327	ASN:chr3:47793553-51831792
DAP3	1	0	-0.699119237867737	0.06344518509915896	0	0.63719093330982912	-0.64213055387413831	0.040547156130343341	0	1.074445506640205	0	-0.27930476096542556	ASN:chr1:153397055-156616039
DAPP1	1	0	0.59808974139679605	1.0575389708089125	0.17291880281517691	0.67069933312667385	0.8941709688380598	2.0412100937832482	0.17528789840093162	-0.50941457891017539	1	2.2068077730636193	ASN:chr4:99040831-101711689
DAXX	1	1	1.2146160554025791	2.1683776694771386	0.55148024027915465	-0.56495497982802478	-0.079038358215104895	0.32973179397078051	9.1299892731612689e-07	0.64949715745401293	1	2.7942124494623797	ASN:chr6:33209310-35757007
DBH	1	1	1.7120849612776472	3.197764139393275	0.92874051573894423	0.022835109221282852	0.065479809251513782	0.47453718753711449	0.00096554293306980068	0.76640791205277092	1	-0.99786234851070421	ASN:chr9:134722557-136612240
DBP	1	1	0.13384221274613498	0.50615760796778042	0.037678267825061798	-0.84878802080159554	-0.1090934151604986	0.30389479992574464	0	0.22861299389183048	1	0.2368667941088041	ASN:chr19:49093112-51334271
DCAF6	1	0	-1.7386502180304149	0	0	1.4142001760278344	0.58384422477207343	1.3259337976540548	0.071457627743020474	1.0938591018947177	0	-0.7760274993776386	ASN:chr1:164954020-168175845
DCDC2	1	1	0.1557622509201709	0.52638261649763152	0.041322140833409807	1.6338209128539178	1.3160206897468061	3.0401860461277521	0.32502089861878336	-0.029142972544210624	1	-0.10969583659090505	ASN:chr6:23199920-24397129
DCLK3	1	0	-1.19773819038522	0.0041369470093658564	0	0.15922801501020814	0.4227339765806426	1.0010244322657114	0.032519020072844851	-1.5120136015842425	0	0.28916717461492658	ASN:chr3:35283408-38353505
DCPS	1	0	-0.56759900882343339	0.098418775754379781	0	0.48690685810514611	0.78539322970601011	1.7840636865884096	0.13682245618633776	0.92814054437850002	0	-2.487355829173723	ASN:chr11:124496119-126773879
DCST1	1	1	-0.80871942873798275	0.041586655094801563	0	-0.20455374241109975	-0.62907900107893666	0.043464774101480877	0	-1.0480002963675215	0	0.56283280388544299	ASN:chr1:153397055-156616039
DCST2	1	1	-0.79775940965095382	0.043501604380727164	0	-0.29241435887896783	-0.63134222482347169	0.042949130432166222	0	-0.77370120825070487	0	0.57364168754723122	ASN:chr1:153397055-156616039
DDA1	1	0	-0.78664504937487634	0.045502654431496647	0	-0.37083303879693202	-0.90481836740576727	0.0059815151690614946	0	0.14400265101987489	0	1.5242870495002898	ASN:chr19:16749208-20221313
DDI2	1	0	0.60512303348818286	1.0680310339352372	0.17606086672587368	0.64460499246811687	0.47728797651895966	1.1053592075009842	0.043872313466656362	0.28097603287098549	1	0.57315628117067541	ASN:chr1:14893157-17875820
DDIT4L	1	0	0.72790862803164713	1.2612210770343852	0.23632237820867252	-1.165065265999824	0.73770399332666226	1.6725093468205248	0.12033952442212389	-1.3684473380869764	1	2.1779663339947679	ASN:chr4:99040831-101711689
DDOST	1	0	0.95584364427295598	1.6630564072028291	0.37150348671012751	-0.6389009040294148	0.57266427754496063	1.3018889167070833	0.068272624694655337	1.2003170190967736	1	1.0528980220273991	ASN:chr1:20304720-22145806
DDR1	1	1	1.041562013979574	1.8258068861633501	0.42861846301333262	0.04758774128234345	-7.628764116695737	0	0	0.12339777452962181	1	1.3171524952585361	ASN:chr6:30458591-31054923
DDR2	1	0	-1.305920595914259	0.0012888661458841425	0	1.497315047533986	0.87723115042436806	2.0010951656616736	0.16927521258294964	-0.62317329903326701	0	-0.73421962267877172	ASN:chr1:159953315-162888864
DDT	1	0	1.4490445031890617	2.6506771339569974	0.72775514948102538	-0.6899237741106814	0.081331941237916913	0.49260711586328521	0.0012813675407606141	1.6476950324881818	1	-0.46214700544905818	ASN:chr22:23398337-25209349
DDX17	1	0	-1.4797140918523222	1.7102025316023522e-05	0	0.06316032622921175	-0.2783609053815399	0.18316879615549295	0	1.4269946356254941	0	-0.88658716825582373	ASN:chr22:37977990-40527060
DDX21	1	0	1.041637604065869	1.8259527106060061	0.42867007279963487	0.20036317176290513	0.86391952457191712	1.9695721078203308	0.16455033244612269	0.75614004600760676	1	-0.075228563055715778	ASN:chr10:68757629-71054709
DDX24	1	1	0.79276669651676157	1.370335468699174	0.27196741017766846	0.23621936395828771	0.88272869106340379	2.0141138086125383	0.17122653129409901	1.1130302373421537	1	1.1492858857541406	ASN:chr14:94325285-95947052
DDX25	1	0	-0.55663898973640435	0.1018067612456813	1.4373118524592796e-07	-0.088586805422098236	0.76556129481887736	1.7375237146645155	0.12991980107083878	-1.2371673595673942	0	0.38879734107050434	ASN:chr11:124496119-126773879
DDX31	1	1	1.3613643504928741	2.4688485435831824	0.66104804677696793	0.9576375096941826	0.25640746111609042	0.72355448596552274	0.010161845654399863	-0.034881447452529551	1	-1.3967581573111918	ASN:chr9:134722557-136612240
DDX49	1	1	1.4199846448886211	2.5903092562153618	0.70559007203149526	-0.70305392364170549	-0.60939314500342812	0.048125068920372771	0	0.66050107733744023	1	0.55288882505687631	ASN:chr19:16749208-20221313
DDX50	1	0	1.0524558446187642	1.8468617574702513	0.43607739931291334	0.54975077430604613	0.86240648795101538	1.9659891275175392	0.16401329535350728	0.51894009204864411	1	-0.15553889269753232	ASN:chr10:68757629-71054709
DDX54	1	0	-0.8840092143510202	0.029928057505123347	0	0.18314989414426913	0.097812532507928263	0.51187379950726408	0.0016758453006097949	0.51492691263787738	0	0.84171904467297165	ASN:chr12:113028429-114181109
DDX6	1	0	0.45717384533091154	0.86138344815085033	0.11748973202309074	0.48372896203153787	0.31364245495440035	0.81231041092172251	0.015984211996466772	0.71436766568342425	1	0.10983394032556072	ASN:chr11:117901740-118900987
DEDD	1	0	-0.97055513877424693	0.019489217291131119	0	-0.49604601572975404	0.37310711361563326	0.91191726599705025	0.02403205762738702	0.70374450736719441	0	-0.040026136393683458	ASN:chr1:159953315-162888864
DERL3	1	0	1.5586446940593075	2.8786179223257924	0.81149250619344948	-1.2114063635296874	-0.0021418694587621405	0.40241109367171085	0.00018646158635990886	-0.17946261363158367	1	-0.50957321512357023	ASN:chr22:23398337-25209349
DEXI	1	0	-1.1659166048226401	0.0054276661642952044	0	-0.38287945771997356	0.84160319295280472	1.9167368277390553	0.15663305284982226	0.8686718135833309	0	1.4163219278809225	ASN:chr16:10868121-12612116
DGCR6	1	0	0.046162060049925173	0.43043674411772836	0.025241495828115877	-0.76965976688625881	0.13408450214608605	0.55603340430295767	0.0028123213354152602	0.61223706965056268	1	-0.61906922553227584	ASN:chr22:18557031-19912242
DGKD	1	0	1.6258225939226663	3.0183437778694451	0.86282502266526584	1.2796195501462899	0.74846809515554724	1.6975753149369928	0.12402341209280676	0.09724654153901223	1	1.3996769586466109	ASN:chr2:233550713-234883167
DGKG	1	0	-0.26922829689903194	0.22067996100785855	0.002899917528587319	1.8802299910436224	0.53931383011307199	1.2313369656890063	0.059150390952065382	-1.0480002963675215	0	-0.48827372582248096	ASN:chr3:184112682-186230742
DHDH	1	1	0.4626427853568722	0.86850192317761343	0.1193808227661565	-0.52463175685785035	-0.43851346313975048	0.10325130614046116	0	-1.2371673595673942	1	0.64894397524503755	ASN:chr19:49093112-51334271
DICER1	1	1	0.67375955476635052	1.1737559209741697	0.20852323037663814	0.89958529070731408	1.0926591321988195	2.511246915415565	0.24574006829620731	0.48243807556837204	1	1.2628961436543693	ASN:chr14:94325285-95947052
DIO2	1	0	-1.4603399866210989	4.2962487071835697e-05	0	1.6498970305523841	0.38196220072137266	0.92741242945192726	0.025422553626830983	-1.5271372731820223	0	-0.61607915616474185	ASN:chr14:78561980-81000021
DIRAS3	1	0	1.0631276133882324	1.8675625040105592	0.44342479603706958	-1.054737304798911	0.51511810694632754	1.1813376881323197	0.052914501524652192	0.14400265101987489	1	-0.70522837282725281	ASN:chr1:68477862-69687902
DIS3L2	1	0	1.160638250147803	2.0598409755995251	0.51224911164965059	2.1888849512719109	0.7039311560872169	1.594400463372839	0.10895413972406073	0.070642058443157407	1	0.51756112287183154	ASN:chr2:232191250-233550713
DKKL1	1	1	1.2517641596226283	2.2437852980495685	0.57886346988162729	-0.39638656841055209	-1.3595004130675126	0	0	-1.3961064692836005	1	-0.022858157298069805	ASN:chr19:49093112-51334271
DLEC1	1	0	-1.1544652281736176	0.0059507224134824838	0	1.0280757067884403	0.27418110492832271	0.75038561942807214	0.011784188706148307	-0.47074653304359965	0	0.1338982640647137	ASN:chr3:35283408-38353505
DLG5	1	0	-0.51279891338831052	0.11613606351134892	1.7966398155719048e-05	1.3905847539137328	0.50167417098279621	1.1540191030345237	0.049598750091784771	-0.31820578596976723	0	-0.27431251356494718	ASN:chr10:79466701-80464093
DMC1	1	0	-1.5229965038564306	1.3092660144220369e-07	0	0.64150697770724885	-0.21537052822342712	0.22339136495771508	0	-1.4101251991383059	0	-0.88943787281524278	ASN:chr22:37977990-40527060
DMP1	1	1	0.64130306156171091	1.1230197855352326	0.19277247232583364	-0.35584359392419451	0.53931383011307199	1.2313369656890063	0.059150390952065382	-1.5424114315453052	1	-1.0790653464289306	ASN:chr4:87214993-89236855
DMPK	1	0	-0.98137337932714208	0.018387316952807799	0	-0.42569106202599216	-1.2196783339426338	0	0	0.22861299389183048	0	-0.5741272291225239	ASN:chr19:45579043-47334409
DMWD	1	0	-0.98137337932714208	0.018387316952807799	0	-0.62907428415746802	-1.2196783339426338	0	0	-0.13586827715378455	0	-0.5741272291225239	ASN:chr19:45579043-47334409
DNA2	1	0	1.1173652879361786	1.9738533303046621	0.48135091179356698	0.73622485599549525	0.69870131463237162	1.5823867367755127	0.10721740721485101	-0.48609706346840675	1	-0.29332060107640889	ASN:chr10:68757629-71054709
DNAH12	1	0	0.25190604370388892	0.62146444672998435	0.060085818547135836	1.6974380865327885	0.81176831428438212	1.8462084463277548	0.14608303311732027	-1.2371673595673942	1	-0.40305021843565186	ASN:chr3:56847831-59704331
DNAJB14	1	0	0.60890798194971307	1.0737042585469017	0.17776630177756031	0.62851607463719728	0.89168953707479959	2.0353338527049307	0.17440712924468224	0.081339246334298773	1	2.2036843598732947	ASN:chr4:99040831-101711689
DNAJC16	1	0	0.58320299531412489	1.0355481733120475	0.16638527647173143	0.82985278383550154	0.55129391717087528	1.2564705606431175	0.062359596454451743	0.32707680237592568	1	0.42248299781059928	ASN:chr1:14893157-17875820
DNAJC5G	1	1	0.42378214075744902	0.81876230662694027	0.10637487089285198	-1.001113935459246	-0.29905558999817922	0.17109385860824511	0	-1.5424114315453052	1	-0.2271364596196756	ASN:chr2:26209579-29456860
DNAJC6	1	0	-0.77596380837483292	0.047482669347269878	0	1.5526305239844425	0.56882397795589901	1.2936736811788048	0.067192810754694243	-1.3014043576765615	0	-1.0763664130757904	ASN:chr1:65041376-66774011
DNAL4	1	0	-1.5013552978543874	3.667209807504945e-06	0	-0.2710721913014818	-0.20590207733023075	0.22990393564897316	0	-0.012055149518268044	0	-0.62907643938230706	ASN:chr22:37977990-40527060
DNASE1L3	1	0	0.43581613310323758	0.83395643708760181	0.11029581311347876	0.0043946668043912196	0.27383424017715419	0.74985574833581214	0.011750983393692564	1.4771852128346781	1	-0.90050186905722607	ASN:chr3:56847831-59704331
DNASE2B	1	0	-1.6737407747130002	0	0	-0.23297448742578911	0.51420457543406195	1.1794706391680481	0.052685737676764363	-1.327871224541181	0	1.3009839021353842	ASN:chr1:83991644-86012417
DNMBP	1	0	1.1989292239653122	2.1367010505334654	0.54000667953694481	1.3821099515435196	0.23244018006944805	0.6883969808398358	0.0082200085751122226	0.22861299389183048	1	-0.017915251270453996	ASN:chr10:100365649-102471756
DOLK	1	0	0.25190604370388892	0.62146444672998435	0.060085818547135836	-1.8231023823859343	-0.69762440424638816	0.029595287846680796	0	0.17940877335280311	1	0.49602110874410971	ASN:chr9:130597604-132047808
DOLPP1	1	0	0.067995954304518283	0.44853150523516094	0.028032279596808221	-0.67055666261351643	-0.6200537232780986	0.045562100362270666	0	0.4783281929250992	1	0.54172702189280042	ASN:chr9:130597604-132047808
DPAGT1	1	0	0.18665877030531591	0.55579448682879784	0.046846426664223104	-0.48859038882329531	0.3105843872145187	0.80739409784346305	0.015627836406754331	0.68946496020657122	1	0.94590908033556531	ASN:chr11:118900987-120771784
DPM3	1	1	-0.84159948599904766	0.036180590124811361	0	-2.6597536072945527	-0.62117947534241347	0.045296890309072961	0	1.0405829515008636	0	0.56042193148232067	ASN:chr1:153397055-156616039
DPYSL5	1	1	0.2613578194317106	0.63138604133844212	0.06218889143179665	1.1746184275539475	-0.19872044300514544	0.23492712985721503	0	-1.5424114315453052	1	0.20437388497647815	ASN:chr2:26209579-29456860
DROSHA	1	0	-1.2800002494800307	0.0017810283410702829	0	1.3668126162655883	0.79588387358546209	1.8087519359202711	0.14049625556568557	0.14400265101987489	0	-0.09989565840953539	ASN:chr5:31391126-33500818
DSPP	1	1	0.63048423049347579	1.1064004415497068	0.18768016705812185	-0.75379101597102816	0.54141595980997492	1.2357295249401414	0.059707833818083193	-1.5424114315453052	1	-1.0332676928653155	ASN:chr4:87214993-89236855
DTX1	1	0	-0.86237273324520802	0.033019187503898074	0	0.47437669816377281	-0.0057703854294057439	0.39876259270062359	0.0001653953450620398	0.72841847545893146	0	0.80113091633801448	ASN:chr12:113028429-114181109
DUSP10	1	1	0.57645326029100585	1.0256754914086046	0.16347585929947953	0.46373904489427042	0.24446267684239445	0.70588680495087797	0.00915978593488017	0.8971285754813455	1	1.3158463172653441	ASN:chr1:221151629-223654495
DUSP12	1	0	-1.19773819038522	0.0041369470093658564	0	-0.84134246103275667	0.58384422477207343	1.3259337976540548	0.071457627743020474	0.34961818026662567	0	-0.75614563450469574	ASN:chr1:159953315-162888864
DYNC2LI1	1	0	-1.0788910782849344	0.010265434588496276	0	0.36766610459819954	0.70503029185578503	1.5969283286656379	0.10932010465203162	0.29495221667459859	0	0.7789990323295084	ASN:chr2:42336744-44322128
DYNLL1	1	0	1.0435237969691658	1.8295926899891761	0.42995855358411661	0.19228859038034671	0.40116578973319172	0.96161702780564229	0.028620181915223718	1.5257865549367768	1	-0.47056443904532325	ASN:chr12:119859279-122015993
ECE1	1	0	0.73664326253248658	1.2756470929701955	0.24097777920372643	1.3464239305791399	0.78460402535644391	1.7822082059238078	0.13654665889345691	0.86547713969292384	1	1.036785774997649	ASN:chr1:20304720-22145806
ECEL1	1	0	1.3878213017587762	2.5236021077793374	0.68111601463505067	-0.7895098866847845	0.39175167420599505	0.94474581727552964	0.027021064751624975	-1.3822146075020518	1	0.42698996413805335	ASN:chr2:232191250-233550713
ECT2	1	0	-1.721692717231246	0	0	0.88889346380885992	0.28317681092868202	0.76421480405394449	0.012667343804106999	-0.72787570822561765	0	0.042773976612134688	ASN:chr3:172048457-175051223
EFCAB6	1	1	1.5176401883936272	2.7933310996216685	0.78015981394222422	1.9573279525832792	0.96639025366823095	2.2122314913687302	0.20092169559277173	-1.1396717253508322	1	2.6190660830379433	ASN:chr22:42690818-44994946
EFHD2	1	0	0.52840289987900202	0.95718985333991224	0.14373118524574366	-0.067170554790486836	0.60716216137864554	1.3766726850311908	0.078290288646770581	0.76981532799192598	1	0.39057457821604263	ASN:chr1:14893157-17875820
EFNA1	1	1	-0.87447954326011268	0.031264589357154239	0	-0.84993190446970557	-0.61892865660320973	0.045828181179911318	0	1.4836124668174118	0	0.55528958048098753	ASN:chr1:153397055-156616039
EFNA3	1	1	-0.67719919969367914	0.068577246038299858	0	0.049369622099428516	-0.64498008713950983	0.039928029327518218	0	-0.99336676308912741	0	0.56106451178279204	ASN:chr1:153397055-156616039
EFNA4	1	1	-0.68815921878070807	0.065977953069930526	0	-1.0342379660481313	-0.64326983994994469	0.04029885782835918	0	-0.21137728190805274	0	0.56363715484343491	ASN:chr1:153397055-156616039
EGFL8	1	1	1.6744916829460808	3.1195724574822172	0.90001443792004987	-1.3835759109296493	-3.2764850558417757	0	0	0.40672211304685968	1	3.4563001557183894	ASN:chr6:31571894-32682590
EGR2	1	0	0.78048333888058041	1.3493234249127428	0.26502937991710246	1.2133933642654737	0.43961882186885742	1.0326145466129868	0.035806664696573703	0.09724654153901223	1	1.1826042030182942	ASN:chr10:64198067-66313715
EHD2	1	1	0.21056234635529378	0.57928648368741165	0.051442972242488984	0.22254193946615433	-0.29480369048514349	0.17353005271485727	0	0.054455192281274593	1	-0.4296983071542671	ASN:chr19:47334409-49093112
EI24	1	0	-0.40319872251806477	0.15770267676781732	0.00048509275020441428	-0.28229139304963863	0.61871171120258239	1.4020824194610606	0.081764279671771731	1.3888131730856661	0	1.0197831309131216	ASN:chr11:124496119-126773879
EIF3D	1	0	-1.3538281215843564	0.00063450301751883536	0	-0.14067273802004995	0.20275835714897134	0.64645938871899666	0.0061798184241890538	1.1691476182472438	0	1.8551024422273299	ASN:chr22:36453608-37977990
EIF3L	1	0	-1.4790124447607345	1.7778551365960845e-05	0	0.45970460158642579	-0.38720694500638847	0.12558658685519097	0	1.4046501326469263	0	1.9406552351387298	ASN:chr22:37977990-40527060
EIF4A2	1	0	-0.22591514454550463	0.24414462367556175	0.0043550233290088891	-0.9266890024181702	0.55487285041950796	1.2640255105344465	0.063333313493974211	1.574912035273156	0	0.2179898486952043	ASN:chr3:186230742-188951597
EIF4E	1	0	0.67381742526712773	1.1738475406257256	0.20855193817909745	0.74800236815771237	0.81772226003852688	1.8602677190277543	0.14818340117577394	0.60467527972704138	1	2.1439456749404564	ASN:chr4:99040831-101711689
EIF4E2	1	0	1.4419125045232954	2.6358549097510835	0.72231180526510808	0.3149881123123105	0.3691578577087456	0.90506264375459111	0.023428626676281712	1.099361044165829	1	0.48672777472548906	ASN:chr2:232191250-233550713
EIF4G3	1	0	0.67088314801033466	1.1692071645180984	0.20709909752234537	2.1629492662103713	0.92807874506448929	2.1215065865122535	0.18732325794594148	0.4742072770265966	1	0.89413693262458716	ASN:chr1:20304720-22145806
EIF5	1	0	-0.26071847438675411	0.2251657867175422	0.0031551869785144846	-0.51151261648921098	0.0062970624813742894	0.41098242603646723	0.00024221065136201267	1.2558673001937726	0	-0.41783479639120813	ASN:chr14:103390025-105001894
ELFN2	1	0	-1.5655583691839612	0	0	0.75517744676746035	-0.068988451968384795	0.33868714709508646	4.0195265803241473e-06	-1.4101251991383059	0	1.9134105932929804	ASN:chr22:36453608-37977990
ELL	1	1	1.4310777295416037	2.6133448384615039	0.71404645729487826	0.97785878120936998	-0.85175813940925449	0.0098350179381316346	0	0.24307187866002822	1	1.0709919352959645	ASN:chr19:16749208-20221313
ELSPBP1	1	1	0.22152236544232276	0.59027552979914222	0.053647377430603875	0.24069979694324967	-0.18310724970847178	0.24609911031308634	0	-1.5424114315453052	1	-0.15748441619356901	ASN:chr19:47334409-49093112
EMCN	1	0	0.74954510913745942	1.2971116426683764	0.24793841821101165	2.3701128122090984	0.70887212682880385	1.6057720146323706	0.11060184215331395	-0.30443851655469145	1	2.1564123825509371	ASN:chr4:101711689-102707193
EMILIN1	1	1	0.59703475017155827	1.0559708058871105	0.17245053821208772	-0.80555076213769561	-0.38175803567820821	0.12813208282129793	0	0.46593210738885804	1	0.1043113961995865	ASN:chr2:26209579-29456860
EML2	1	0	-1.089555784856181	0.0095599803702747198	0	0.42266952093636539	-1.0623292359352718	0.00060067139959479703	0	0.27158737821932971	0	1.2132679763233847	ASN:chr19:45579043-47334409
EMP3	1	1	0.057122079136954149	0.43945772976508402	0.026618009389214922	-0.6951830392550854	-0.057747256365658639	0.34889451131517707	1.1904226154320079e-05	0.79010249882777717	1	0.20465423562088528	ASN:chr19:47334409-49093112
ENDOD1	1	0	-0.17220245071855342	0.2754811931025799	0.0067486317211581494	0.50211738893890412	0.43231037712667658	1.0188612081250681	0.034357932264501602	-0.063900085721273411	0	-0.28744997756741947	ASN:chr11:92731401-94987750
ENDOG	1	0	0.3492702086800108	0.72877367811252258	0.084147119136665657	-1.2850506221206832	-1.042420688323769	0.00090294221433092801	0	1.0117821019546285	1	0.71228717190899604	ASN:chr9:130597604-132047808
ENTHD1	1	0	-1.6203819308656362	0	0	1.4711786602586876	-0.081138985878414588	0.32788012136135891	5.9387242787039091e-07	-1.5424114315453052	0	-0.70628494659878127	ASN:chr22:37977990-40527060
ENTPD7	1	0	1.2992559318690053	2.3408970965228031	0.61425310505330666	0.56918556784171415	0.19191159176821593	0.63156969386265793	0.0055282736366156467	-0.1420207513230172	1	0.28601962744843595	ASN:chr10:100365649-102471756
EPHA2	1	0	0.75856330070652245	1.3122240186027556	0.2528626090350094	0.27157157779662949	0.12583483685367758	0.54577524468848293	0.002519016387578123	0.77999242770249122	1	0.24860127474827132	ASN:chr1:14893157-17875820
EPHX3	1	0	-0.44046135168196926	0.14261582353672553	0.00022435703285364654	-0.94754996467170138	0.39077505727684592	0.94300698814702755	0.026858668331316726	-1.2371673595673942	0	-0.33326061225978892	ASN:chr19:12500149-15648148
EPM2AIP1	1	0	-1.1652834687265128	0.0054557515474574977	0	-0.84567694883488753	0.35526861512700719	0.88122838232416667	0.021386737955532312	0.35854285802399921	0	0.36404160150956044	ASN:chr3:35283408-38353505
EPS15L1	1	0	-0.29982422449422302	0.20504436840205778	0.0020961681122984807	1.2746871691231625	0.26931906352361351	0.74298109849931671	0.011324420786849455	0.027091896421117274	0	0.29289070276556051	ASN:chr19:15648148-16749208
ERBB2	1	0	-0.18124173172948529	0.27003028655518668	0.0062962848171742702	0.49629015666616233	-0.73377217841115405	0.023645885248869486	0	0.77660755257067671	0	-0.46979784757803711	ASN:chr17:36495389-38649589
ERC1	1	0	-1.192320096783843	0.0043403919155266674	0	2.4022109603850672	0.85811281100268222	1.9558216403168802	0.1624893788440534	-0.13586827715378455	0	-0.15734543054684025	ASN:chr12:61107-1739022
ERCC1	1	0	-1.1652834687265128	0.0054557515474574977	0	0.8965009943103075	-0.74216911184339729	0.022388831964338211	0	0.79010249882777717	0	0.83722803282057234	ASN:chr19:45579043-47334409
ERCC2	1	0	-1.19773819038522	0.0041369470093658564	0	-0.04370012050435812	-0.69235048355619011	0.030538835323970403	0	0.10776055695994285	0	0.82945752147106167	ASN:chr19:45579043-47334409
ERLIN1	1	0	1.2881085198797038	2.318038775532433	0.60591183618486777	0.41475798762918675	0.19878859846564775	0.64098313121116512	0.0059357398123704866	1.1506688366263549	1	0.086246411996308212	ASN:chr10:100365649-102471756
ERP29	1	1	0.5872715008439009	1.0415287568057974	0.16815498474980906	-0.60750745202584533	-0.90285004985085593	0.0061023317607882283	0	1.496386800596238	1	2.0313111677877442	ASN:chr12:109270450-113028429
ETS1	1	0	-1.1679762082347787	0.0053369709359652956	0	1.3496585472765015	0.62818604634489839	1.4230564791417442	0.084655942430610975	0.78336985535825332	0	-0.27773502459100691	ASN:chr11:128188777-130049774
EXOC3L2	1	0	-1.2734658742555516	0.001922266760788437	0	-0.02533298732664363	-0.58162937220776245	0.05524705194479778	0	-0.25720278193313983	0	0.74269388671006809	ASN:chr19:45579043-47334409
EXOC3L4	1	0	-0.29359853164781902	0.20816399627388782	0.0022457997694648808	-0.58652834574358104	0.038490946626266322	0.44479867975860871	0.00055524239342033489	0.94037200551109967	0	-0.47932329449227257	ASN:chr14:103390025-105001894
EXOC6	1	0	-0.73255384661035683	0.056120775082966881	0	1.7904067515402513	0.62417256239212238	1.414157554598144	0.083426484555305672	0.23826736691223324	0	-0.71512063926783598	ASN:chr10:92107336-95362627
F11R	1	0	-1.0138281009858714	0.015332317771686045	0	0.46850382109846694	0.37770393677317271	0.91993933785078952	0.024747378660930075	1.1238786234851077	0	-0.2306594110236857	ASN:chr1:159953315-162888864
FABP4	1	0	-1.3167388364671762	0.0011137504440126729	0	-1.1757955520551089	0.33557950869710079	0.84816391019608017	0.018700737515017388	0.17940877335280311	0	0.87767432451745087	ASN:chr8:82016264-83727741
FABP5	1	0	-1.2734658742555516	0.001922266760788437	0	-1.2473482629195656	0.24833562129534301	0.71158344240574423	0.009477109978724238	0.54280130177539077	0	1.0989353274483458	ASN:chr8:82016264-83727741
FAM107A	1	0	0.3492702086800108	0.72877367811252258	0.084147119136665657	0.80511858774484135	0.39142619257478367	0.94416607239760308	0.026966869630959032	-0.42559503533462567	1	-1.3956666687132748	ASN:chr3:56847831-59704331
FAM110B	1	0	0.012307193398917575	0.40335266479640464	0.021290719408858398	1.725186531505172	0.84109285824742697	1.9155290837235817	0.15645216142285642	-0.35317404636178301	1	0.19597072753869563	ASN:chr8:57212083-59047312
FAM118B	1	0	-0.57855902791046232	0.095106801518902259	0	0.64502309204836494	0.78644497814443248	1.7865368364276686	0.13719013416817968	0.027091896421117274	0	-2.4695890512062162	ASN:chr11:124496119-126773879
FAM131C	1	0	0.8024033770546164	1.3869297154619518	0.27746967569921172	-0.26263032556447613	0.10504809397714154	0.520488842863437	0.0018719249754425345	-1.482206058210068	1	0.27060841444183853	ASN:chr1:14893157-17875820
FAM163B	1	1	1.6572848658425243	3.0837833475834575	0.8868662266155517	-0.86644623847843738	0.09399293223025014	0.50736456494155024	0.0015780943585662983	-0.19853168183936099	1	-0.98819764808333554	ASN:chr9:134722557-136612240
FAM181A	1	1	0.91177383826715075	1.5815981492871745	0.3433349029116925	-0.56473939605985801	0.83162615531635231	1.8931322193820606	0.15309881056904084	-1.5424114315453052	1	1.1743573603986719	ASN:chr14:94325285-95947052
FAM20A	1	0	0.67283276679024207	1.1722891987261266	0.20806377770009901	0.83814476576671415	0.22817820172872999	0.68226689928551398	0.0079029693824902245	0.88138443489763763	1	0.82250664032496301	ASN:chr17:64800166-67858770
FAM32A	1	0	-0.3430971867058254	0.18421763770895735	0.0012353120735010734	-0.93003057487049579	0.29315909034577758	0.77975837197482667	0.013697799997507044	1.16652137252489	0	0.29403721878754346	ASN:chr19:15648148-16749208
FAM3D	1	0	0.37090668978582297	0.75418670077060845	0.090245970041653231	0.29901000521152049	0.37343583761479526	0.91248937899053828	0.024082747335001084	-1.2883401064786222	1	-1.4884302691219524	ASN:chr3:56847831-59704331
FAM43B	1	0	0.29824249905150357	0.67111403383927803	0.070865079842379414	-1.6606466321691034	0.53690846438923312	1.2263200979842364	0.058515541786248397	-1.2246363491606882	1	1.1458384719231947	ASN:chr1:20304720-22145806
FAM83E	1	1	0.068082098223983131	0.44860388273361751	0.028043679015668069	-0.35639155520121973	-0.068153421698223998	0.33943844386252336	4.4229242992386047e-06	-1.3548024460188213	1	0.20942267725788494	ASN:chr19:49093112-51334271
FAM83F	1	0	-1.5121759008553981	1.076698754001867e-06	0	0.59901028728330652	-0.27135854021440936	0.18737961915379933	0	-0.25720278193313983	0	-0.56058255485429909	ASN:chr22:37977990-40527060
FBLIM1	1	0	0.65992312892330574	1.1519675621661147	0.20172266874598752	0.22759038746905608	0.33490839121871341	0.84705170618977654	0.018613383494903095	0.032603716527207366	1	0.47133130714550703	ASN:chr1:14893157-17875820
FBXO33	1	0	-1.5902794436816809	0	0	0.34287243776777382	0.70969433905879697	1.6076662930411241	0.11087666712276761	-0.11150204729202418	0	0.87626279658972639	ASN:chr14:35858508-40256601
FBXO42	1	0	0.70924321481491415	1.2306844345807468	0.22653104299698235	1.1968859896808268	0.17295837991320084	0.60610399997657105	0.00450269308472855	0.21401662162793145	1	0.33340572869752888	ASN:chr1:14893157-17875820
FBXO46	1	0	-0.93810041711553971	0.023057231050094423	0	-0.073711549430117887	-1.2321748952190181	0	0	0.13887730318557678	0	-0.59284353297796832	ASN:chr19:45579043-47334409
FCER1A	1	0	-1.0030098604329543	0.016309696543809381	0	-0.14382716060594861	0.55069675382542305	1.2552120376604532	0.062197790431494614	-0.339091009506784	0	0.36374825988587045	ASN:chr1:157982579-159953315
FCER1G	1	0	-1.0354645820916615	0.013496276338575921	0	-1.0829474748280061	0.39012369246346651	0.94184844484259655	0.026750718863079347	1.3214046633842549	0	-0.012423641536876228	ASN:chr1:159953315-162888864
FCGR2A	1	0	-1.1761017092794299	0.0049890182585784091	0	-0.14079700998960648	0.5756129329598485	1.3082122000512773	0.069106711995082615	0.35408700511211993	0	-0.76641693652434362	ASN:chr1:159953315-162888864
FCGR2B	1	0	-1.1436469876207005	0.0064747602073795775	0	1.1340950638287635	0.55009939744187142	1.253953700016478	0.062036122959580185	0.64581158485450141	0	-0.79546729073051758	ASN:chr1:159953315-162888864
FCGR3A	1	0	-1.1544652281736176	0.0059507224134824838	0	1.0682873780236977	0.55248766524625526	1.2589881568914887	0.062683622102086486	1.2131197642889209	0	-0.80435173630184376	ASN:chr1:159953315-162888864
FCGR3B	1	0	-1.1220105065149104	0.0076133539816815006	0	-0.71912908909081441	0.5163354468825947	1.1838280473386544	0.053220116241586568	-0.42559503533462567	0	-0.82173677364520004	ASN:chr1:159953315-162888864
FCGRT	1	1	1.1750440260134476	2.0886769948566166	0.52264876360328771	-0.10304480823559219	-1.2741839372764125	0	0	1.6107511787466333	1	0.55785391917362803	ASN:chr19:49093112-51334271
FCHO1	1	0	-0.63518968163423495	0.07917198890167132	0	0.46558819006655833	-1.04171362041523	0.00091521986199641543	0	-0.39621537774727372	0	1.3468162169650388	ASN:chr19:16749208-20221313
FCHO2	1	0	-1.4032847608904029	0.00024171938050188241	0	1.3832495261181867	0.40601640575591708	0.97038777684929167	0.029468206843589483	0.42813166860987051	0	-0.15567783905200203	ASN:chr5:71419711-73759199
FCRL1	1	0	-1.2842841148084687	0.0016922949535474164	0	0.10888205218324164	0.73013164045346146	1.6549222303394007	0.11776291189694935	-1.1396717253508322	0	0.48070962203769274	ASN:chr1:156616039-157982579
FCRL2	1	0	-1.257238513426209	0.0023048787748222166	0	0.26301327737663516	0.72416008956932421	1.6410817685308998	0.1157402549456213	-1.0817388028381392	0	0.56847095189077601	ASN:chr1:156616039-157982579
FCRLA	1	0	-1.1869199498323248	0.0045496931961229248	0	-0.85170307441648285	0.58355088054470672	1.3253004945789266	0.071373283710619781	-1.1162355411099409	0	-0.76955102654662511	ASN:chr1:159953315-162888864
FCRLB	1	0	-1.2085564309381371	0.0037499503475822565	0	-0.94002621019162513	0.58736072812900852	1.3335355121852102	0.072471906785516099	-0.92000617051240963	0	-0.75541502636046931	ASN:chr1:159953315-162888864
FDPS	1	0	-1.0936799250006042	0.0092960888790779711	0	-0.48275494733072605	-0.53214549800552036	0.069621706666042768	0	1.3519888524872592	0	0.55593032224980532	ASN:chr1:153397055-156616039
FECH	1	0	0.35304259448662645	0.733162769826051	0.085190048419897191	0.41975472109516854	0.66812888995846098	1.512662717649998	0.097227769515739026	0.016008525164763355	1	0.67906373257120412	ASN:chr18:54958664-57377707
FETUB	1	0	-0.12846055175005719	0.30289682357442588	0.0092453102665201875	-0.20158918524315628	0.47043920132072292	1.0919089067177978	0.04233357059908803	1.4642494038363751	0	0.33848925428055371	ASN:chr3:186230742-188951597
FEZ1	1	0	-0.42511876069212268	0.14870537400411915	0.00031577741398485973	0.62987227190602513	0.64301741809315727	1.4561135965337411	0.089254750308937023	0.3133913603150254	0	0.99808821820749583	ASN:chr11:124496119-126773879
FGF21	1	1	0.3201625372255395	0.69549507201130079	0.076384644818183342	-1.6056828385099671	-0.24361144298413953	0.20469952934098593	0	0.44924672299778623	1	0.25200069611667852	ASN:chr19:49093112-51334271
FHAD1	1	0	0.50648286170496604	0.92698740888045972	0.13527864170381679	1.4822875522215297	0.6790261705438011	1.5374115556391483	0.10075506973773526	-1.3412777748263425	1	0.39873615689664799	ASN:chr1:14893157-17875820
FKBP8	1	1	1.4202588984733906	2.5908786115363895	0.70579905674571153	-0.45684197505575674	-0.8264177086383272	0.012148237534359471	0	1.3142593894264956	1	1.0688021794250584	ASN:chr19:16749208-20221313
FKBPL	1	1	1.7015431904486293	3.1758379114072035	0.92068525313288829	-2.0360370682440387	-3.3317945911685052	0	0	-0.25057192820870744	1	3.6388835622139935	ASN:chr6:31571894-32682590
FLAD1	1	1	-0.73747930467231648	0.055091930843623203	0	-0.6355063761867682	-0.63758042056525122	0.041548992148834625	0	0.64949715745401293	0	0.58321573003638494	ASN:chr1:153397055-156616039
FLI1	1	0	-1.3520571057372588	0.00065343848815953179	0	1.3372150606199396	0.67456326251754961	1.5272613376474971	0.099305815001555386	0.10776055695994285	0	-0.15526100899412959	ASN:chr11:128188777-130049774
FLNB	1	0	0.32763372757419862	0.7039380421685747	0.078329425281500456	1.5350028820500257	0.47293260288832151	1.0967944726168102	0.04289015658227003	0.90649812797021612	1	-0.7986735335142241	ASN:chr3:56847831-59704331
FLNC	1	0	0.72768892035650712	1.2608593206701786	0.23620587708432972	0.19908544147299392	0.2052801342622208	0.64995431350131838	0.0063382915513143963	-1.1279089072535582	1	0.73170555962843986	ASN:chr7:126869221-129589868
FLT3LG	1	1	1.2298441214485702	2.1992249456486288	0.56267062287488567	-0.47593834169477128	-1.3328271928220712	0	0	0.075999970515501863	1	0.24959247417396044	ASN:chr19:49093112-51334271
FNBP1	1	0	-0.38637014891744975	0.16485119873081999	0.00064982909241449532	1.4972163556442331	0.03730852878294226	0.44352501748471307	0.00054059289464808912	0.419603645285127	0	2.5188353474990048	ASN:chr9:132047808-133641809
FNDC3B	1	0	-1.7328401292205478	0	0	2.1453382725499832	0.61323467464150139	1.390010463306113	0.080109707754286441	0.63098016271030077	0	0.0029514012127844396	ASN:chr3:168270619-172048457
FNDC4	1	1	0.27218610752008143	0.64288170368108433	0.064657900019623155	-1.4568914047484871	-0.25697052814640292	0.19623327671436902	0	1.1559712261828132	1	-0.29088522477294437	ASN:chr2:26209579-29456860
FOSB	1	0	-1.1436469876207005	0.0064747602073795775	0	-0.87242347513693208	-0.96215387865753788	0.0031224752173821006	0	0.91581083752598547	0	0.90235659620104181	ASN:chr19:45579043-47334409
FOSL2	1	1	0.03396376957568123	0.42054268677311435	0.023766210806659648	0.083363021596161532	0.22426273430590563	0.67666738277164129	0.007618987704755561	0.57791175806387796	1	-1.4643451325531769	ASN:chr2:26209579-29456860
FOXA3	1	0	-0.91646393600972753	0.025662794349972158	0	-0.63275439504480002	-1.2614010279798777	0	0	1.153322320865807	0	-0.20157125801526837	ASN:chr19:45579043-47334409
FOXB1	1	0	-0.44703879886615866	0.14005696039352206	0.0001913062075621174	0.72889687150486671	0.49337579648468005	1.1373287414370827	0.04760759253726219	-1.5424114315453052	0	-0.43240980573844773	ASN:chr15:59909705-61292486
FOXD1	1	0	-1.414103001443298	0.00018638705563250394	0	-1.3835759109296493	0.44847722177706945	1.0494452738524833	0.037614407775379388	-1.5271372731820223	0	0.25795672360211391	ASN:chr5:71419711-73759199
FOXR1	1	0	0.25158238831146768	0.62112655679081419	0.060014655765309045	-0.65053948682635054	0.29727396743613554	0.7862265683020796	0.01413833319024429	-1.5424114315453052	1	0.33994329250663513	ASN:chr11:117901740-118900987
FOXRED1	1	0	-0.49087887521427453	0.12377920424402056	4.9299796539267687e-05	-0.6924640939310448	0.75007731611915018	1.701328945123846	0.12457617847526042	0.94948206340882169	0	-2.5059442813129009	ASN:chr11:124496119-126773879
FOXRED2	1	0	-1.3761229455629376	0.00042652225527216059	0	-0.087658300109491591	0.21031338783888992	0.65696750251431502	0.0066626444606608668	-0.10547044719272196	0	1.8520425351325775	ASN:chr22:36453608-37977990
FRA10AC1	1	0	-0.58109847886971555	0.09435016745929535	0	0.3397274217500178	0.41792710153059126	0.99215026806883988	0.031621239518434853	0.23826736691223324	0	-0.70171212877717459	ASN:chr10:95362627-97064851
FRAS1	1	0	-0.97055513877424693	0.019489217291131119	0	2.3731464387806134	0.90011284520001356	2.0552809614481817	0.17739693138235041	-1.0369169251111676	0	1.2326967158928706	ASN:chr4:78969420-80322665
FSTL1	1	0	-0.65734826377452471	0.073457273016075089	0	0.7480937763574893	0.57354936830495773	1.3037855576288684	0.06852253823471445	0.84292630023306081	0	0.084868635624947397	ASN:chr3:118903462-120523073
FUBP3	1	0	-0.45127959223486436	0.13842347812781097	0.00017182000260583747	0.75364925314774012	0.12883897806628508	0.54949604641840888	0.0026233356287399868	0.81674160988583244	0	2.4873558291737257	ASN:chr9:132047808-133641809
FUT1	1	1	0.30920251813853256	0.68323205181293079	0.07359036684582522	-0.85180738788615273	-0.23125989487699761	0.21274078336215246	0	-1.0259130052277403	1	0.25937616724543311	ASN:chr19:49093112-51334271
FUT2	1	1	0.23248238452935174	0.60140267903872269	0.055913874490745002	-0.61944864862326665	-0.1880000535105962	0.24256081526457918	0	-1.4101251991383059	1	0.25115056925792872	ASN:chr19:49093112-51334271
FUT4	1	0	0.0061561411102295923	0.39855712863318904	0.020620389556034287	-1.0051773356184452	0.3210964956887955	0.82437744689303849	0.016875485358334889	-0.64868702072582451	1	-1.041260518896427	ASN:chr11:92731401-94987750
FXYD2	1	0	-0.61406585177043826	0.084888772134663004	0	0.17078452128735835	0.59874336797258876	1.3582648193794771	0.075794743363800918	0.78673986823822695	0	-1.6242315652753665	ASN:chr11:116383543-117901740
FXYD6	1	0	-0.0081120837131173091	0.38757988322962467	0.019119956539541013	0.45911566270803994	0.62618039397420255	1.4186068927085935	0.08404072859708521	0.81674160988583244	1	-1.5758505868919201	ASN:chr11:116383543-117901740
GAB4	1	0	0.22152236544232276	0.59027552979914222	0.053647377430603875	0.56176987266535927	-0.48709139016278863	0.08470489196990813	0	-1.5424114315453052	1	-0.81425591867051461	ASN:chr22:16050408-17581547
GABBR1	1	1	0.66288225629950415	1.1566076122602589	0.20316643097048503	0.9669601032337769	-2.3001110154897622	0	0	0.075999970515501863	1	-0.2010109232712729	ASN:chr6:28901402-29688046
GADD45A	1	0	1.0198452013841459	1.7840726209607916	0.41387782414642982	-1.4766004385100606	0.59466535443393376	1.3493837975537504	0.074597402544659061	1.4577403894888361	1	-0.60121035188111649	ASN:chr1:66774011-68477862
GALR3	1	0	-1.4303303622726626	0.00012030910339638986	0	-1.8143119664888649	-0.43189464205801548	0.10597029471133176	0	-1.4385526828579982	0	1.9506786029673391	ASN:chr22:37977990-40527060
GATAD2A	1	1	1.1492774426790644	2.0371718556994405	0.50408638801531858	1.3148600950245251	-0.22125635591980083	0.21940564490760317	0	0.45343510281395133	1	-0.11232016838481877	ASN:chr19:16749208-20221313
GATC	1	0	1.0325637778821368	1.8084754232068541	0.42248965932254146	-0.29813580630678238	0.40698500294228629	0.97214553085883504	0.029639526834723085	0.78673986823822695	1	-0.50115071035734782	ASN:chr12:119859279-122015993
GBGT1	1	1	1.4490445031890617	2.6506771339569974	0.72775514948102538	-0.5450194874840405	0.18755499574698961	0.62565421498263629	0.0052800481617285367	-0.73693201915635886	1	-1.2385873448953986	ASN:chr9:134722557-136612240
GCAT	1	0	-1.4519668433784747	5.9436074573286048e-05	0	-0.67609989569882134	-0.42732622945581961	0.10787456002708318	0	0.94645138078509305	0	1.9470110797598723	ASN:chr22:37977990-40527060
GCNT3	1	0	-0.37031866525699986	0.17186788984985429	0.00083824027235311551	0.54627957383277892	0.31601745825478528	0.81614233170699024	0.016264693415769801	-1.3412777748263425	0	0.14457138909840259	ASN:chr15:58828306-59909705
GDF1	1	1	1.4524695091537556	2.6577964304146589	0.7303698626257068	0.16216838355590263	-0.66044395944249734	0.036677776526616142	0	-1.4529663122347427	1	0.56058255485429909	ASN:chr19:16749208-20221313
GDF15	1	1	1.4743530538144787	2.7032981213449299	0.74708374851244796	-0.33471843047879662	-0.98944004376082173	0.0021632945912995606	0	1.2333846163564111	1	1.0889465949487405	ASN:chr19:16749208-20221313
GEMIN7	1	0	-1.2626476337026566	0.0021721826379338641	0	-0.45665463217571861	-0.58162937220776245	0.05524705194479778	0	0.25263602330866858	0	0.51160624265829613	ASN:chr19:45579043-47334409
GFI1B	1	1	1.4928845795371557	2.7418409721540007	0.76124335924537556	0.55952115459779062	0.1478764193971599	0.57346884197294534	0.0033520402243435309	-1.5424114315453052	1	-1.3598502169929467	ASN:chr9:134722557-136612240
GGA1	1	0	-1.3762391595081431	0.0004255787901981649	0	0.090328964584982185	-0.4298628420111909	0.1068144246469762	0	0.68946496020657122	0	1.9618414865775577	ASN:chr22:37977990-40527060
GGT1	1	0	1.5696047131463366	2.9014140806877666	0.81986736401813132	0.54441050622334086	-0.010619516459731278	0.39392127507410474	0.00013980610763994605	0.73191117378096904	1	0.47886139008049688	ASN:chr22:23398337-25209349
GGT5	1	0	1.405204426840968	2.5596380672650416	0.69433426892283567	0.10244524682566217	0.11981186323843956	0.53836611624288078	0.0023182721902468349	0.81012504683872599	1	0.41349463855185731	ASN:chr22:23398337-25209349
GHSR	1	0	-1.6993978932526426	0	0	-1.4658717778157837	0.26200193110385323	0.73192972598057648	0.01065528099584561	-1.5424114315453052	0	0.13930214996798404	ASN:chr3:172048457-175051223
GIGYF2	1	0	1.4743672261820029	2.7033275953875009	0.74709457607267815	1.5322776039172361	0.46262556618479728	1.076683148389221	0.040616540967471845	0.28564891395377445	1	0.52054544630153254	ASN:chr2:233550713-234883167
GINS2	1	0	-0.90622213279807706	0.026961746775835054	0	-0.36571158305763546	0.82159495853540288	1.869417310636202	0.1495511311255234	-0.43302865882198394	0	0.78964155879058162	ASN:chr16:85374253-86981136
GINS3	1	0	-0.65682616274004724	0.073588653272117568	0	1.2356156530120386	0.78539322970601011	1.7840636865884096	0.13682245618633776	-0.82093694287225649	0	-0.023819339005905511	ASN:chr16:56907578-58867358
GIPR	1	0	-1.0679193037503909	0.011026564205875835	0	-0.2814455015734143	-1.1705204039944308	5.4926587021456806e-06	0	-1.0817388028381392	0	-0.0092661462101479367	ASN:chr19:45579043-47334409
GJD3	1	0	-0.37601258574791852	0.16935653893443814	0.00076773486411823785	-1.5889246320730206	-0.33680372468247483	0.15045749177577761	0	-0.50160265237970003	0	0.12849828545772377	ASN:chr17:36495389-38649589
GMIP	1	1	1.2900451878280172	2.3220073622016559	0.60735955745989101	-0.34837553367010571	-0.26996124566282542	0.18822752200054879	0	-0.099462454199207656	1	0.22924988936170809	ASN:chr19:16749208-20221313
GMNN	1	1	0.8024033770546164	1.3869297154619518	0.27746967569921172	-0.5327911048896713	1.1198528275324597	2.5756438945937634	0.25539230554444992	0.51090321374087144	1	-0.22136489489798453	ASN:chr6:24397129-26141757
GMPPB	1	0	-1.5550991815409339	0	0	-0.88071869122289059	-1.084623953005893	0.00035224940635881358	0	0.3406413111146418	0	0.39517150606166002	ASN:chr3:47793553-51831792
GNG12	1	0	0.96574218637902687	1.6815697112625434	0.37794750261436577	1.368576012381564	0.68514512301028418	1.5513599206257331	0.10275232098242693	0.82988978663259039	1	-0.6195681082520732	ASN:chr1:66774011-68477862
GNG5	1	0	-1.7278319774775197	0	0	-0.76685201190800367	0.54830616881359717	1.2501798134949182	0.061551956994184372	1.451203657466446	0	1.3070877432454859	ASN:chr1:83991644-86012417
GOLGA4	1	0	-1.1761017092794299	0.0049890182585784091	0	1.3177875743481087	0.35792224610741041	0.88574933569932701	0.021767293306273177	0.8686718135833309	0	-1.0438607159366069	ASN:chr3:35283408-38353505
GOLT1B	1	0	1.2904571367826543	2.3228516665869692	0.60766758109378305	-0.22641827300796744	0.75676736019545943	1.7169506082575052	0.12687956326376126	0.47007526847434317	1	-0.42278319437885925	ASN:chr12:20523761-21757656
GON4L	1	0	-0.98407973413035832	0.018118311838722485	0	1.2259827592599104	-0.55753760398799579	0.061969043837374699	0	0.14400265101987489	0	-0.33340572869752899	ASN:chr1:153397055-156616039
GOT1	1	0	1.165486987997407	2.0695355074130761	0.51574342414610064	0.31869191054081886	0.32750996767988627	0.83485510312046041	0.017668352696277447	1.6399909247219586	1	0.3763906365727393	ASN:chr10:100365649-102471756
GOT2	1	0	-0.66764440329294228	0.070898225724481762	0	0.15322854715970383	0.79300487838225597	1.8019723571855393	0.13948666184344738	1.6457726274150277	0	-0.27018125817255961	ASN:chr16:56907578-58867358
GPLD1	1	1	0.42976272809578525	0.82629012152052372	0.10831165299682112	0.88723866156279685	1.2297639611698237	2.835922790031034	0.29440459589613127	0.71083477517050186	1	-0.027114991681362811	ASN:chr6:24397129-26141757
GPN1	1	1	0.18555980281302681	0.55472999137234102	0.046641956548127292	0.032057798298113262	-0.17336033594831657	0.25324993430716486	0	0.65684186165880531	1	-0.50754229158001929	ASN:chr2:26209579-29456860
GPN3	1	1	0.42499789255034248	0.82028886520318345	0.10676670031011186	-0.21918318949214652	-0.55427656439507611	0.062918775212157177	0	0.60467527972704138	1	2.1186708754141299	ASN:chr12:109270450-113028429
GPR107	1	0	-0.40800663002323995	0.1556990016203918	0.0004437654840291928	1.0453350771607308	0.051839070633426972	0.45934637273309109	0.00073936554725015889	0.23826736691223324	0	2.5027856292283817	ASN:chr9:132047808-133641809
GPR156	1	0	-0.66816886677555742	0.070769488918610179	0	1.298068087314695	0.70173092132045467	1.5893433146919254	0.10822255438716241	-1.5271372731820223	0	-0.73854028005379446	ASN:chr3:118903462-120523073
GPR161	1	0	-1.6629225341600831	0	0	0.66348978560578709	0.54111580193447795	1.2351018590719804	0.059628088630898565	-1.2246363491606882	0	-1.1735370611247156	ASN:chr1:164954020-168175845
GPR4	1	0	-1.0787375443032861	0.01027583609660508	0	-0.44950730822172569	-1.102801573084446	0.00020971090722949809	0	-0.43302865882198394	0	1.2147020847592294	ASN:chr19:45579043-47334409
GPR83	1	0	-0.027286094857675473	0.37314840928787074	0.017220791895516667	0.059592052392267114	0.360572071915714	0.89027920919765213	0.022151781130692647	-1.3684473380869764	1	-1.0533760536693184	ASN:chr11:92731401-94987750
GPSM3	1	1	1.6149783664404342	2.9957884588471657	0.8545386444517753	-1.1897457502182429	-3.2320110699178435	0	0	0.67866744616590291	1	3.2509861093565684	ASN:chr6:31571894-32682590
GPX1	1	0	-1.5118214949489353	1.1309673031501054e-06	0	-2.1179625876484875	-1.0889703022218451	0.00031364015944601017	0	1.6146821418430763	0	-0.051019518683942534	ASN:chr3:47793553-51831792
GPX5	1	1	0.46813266663545566	0.8756869912206714	0.12129945525463065	-0.69663139408375463	-0.2440704970062309	0.20440464231128491	0	-1.5424114315453052	1	-0.3179173319909957	ASN:chr6:26697553-28901402
GPX6	1	1	0.45731324498745052	0.86156440849285065	0.11753768486325102	0.08506408509404409	-0.21040481337000366	0.22679131358063068	0	-1.5424114315453052	1	-0.29661829619480767	ASN:chr6:26697553-28901402
GRAP2	1	0	-1.598740724863593	0	0	0.90872233495544186	-0.24820712293653416	0.20176012155228004	0	-0.70992181642016494	0	-0.72615508650237603	ASN:chr22:37977990-40527060
GRB7	1	0	-0.21370354073256118	0.2510482981972525	0.0048388491026369104	-0.66841626082803807	-0.73377217841115405	0.023645885248869486	0	0.25263602330866858	0	-0.4149903608796161	ASN:chr17:36495389-38649589
GRIN2D	1	1	-0.063438130820320557	0.34692136514447286	0.013990218647079087	0.62205284524360971	0.038490946626266322	0.44479867975860871	0.00055524239342033489	-1.3548024460188213	1	0.23178735826116473	ASN:chr19:47334409-49093112
GRM4	1	0	1.0739482163892651	1.8886259455109631	0.45091459064945633	1.3788307219565119	0.66279658810800279	1.5005971021290767	0.09551614700814598	-1.5424114315453052	1	2.7150535218374166	ASN:chr6:33209310-35757007
GRP	1	0	0.29824249905150357	0.67111403383927803	0.070865079842379414	-0.57253869741617736	0.84058238256560946	1.9143210393430414	0.15627123074752261	-1.5424114315453052	1	-0.48255949754213007	ASN:chr18:54958664-57377707
GRWD1	1	1	-0.0086380353851976937	0.38717914214973692	0.019066085454032492	-0.52722787710520436	0.0030867738018019631	0.40770757335700902	0.00021985466326199829	0.4450468838518411	1	0.22586888917873971	ASN:chr19:47334409-49093112
GSC	1	1	0.68457838583458575	1.1909544166876052	0.21392805753042973	-1.8531505107423596	1.069575215323278	2.4565822405287143	0.23754657198878176	-1.5424114315453052	1	0.79640945327198609	ASN:chr14:94325285-95947052
GSC2	1	0	0.013282002788860256	0.40411616723163274	0.021398267665830903	-1.9784968314223623	0.15084496936313796	0.5772686673882339	0.0034765802361154852	-1.5424114315453052	1	-0.6297458211120035	ASN:chr22:18557031-19912242
GSDMA	1	0	-0.28944776173972353	0.21026138502904609	0.0023494170153584579	-0.31639197175939177	-0.58825473439211107	0.053487763860118276	0	-1.3548024460188213	0	-0.36330830612214043	ASN:chr17:36495389-38649589
GSDMB	1	0	-0.2245241437335718	0.24492453934990313	0.0044084282742984362	-0.29251525470005763	-0.63077615897238437	0.043077715959033161	0	1.115749529904984	0	-0.3702090619314769	ASN:chr17:36495389-38649589
GSK3B	1	0	-0.81965730878988208	0.039732440579748604	0	1.9282848528793872	0.84440751735395325	1.9233740265289092	0.1576272448923984	0.22861299389183048	0	-1.2391787751288694	ASN:chr3:118903462-120523073
GSTT1	1	0	1.4928845795371557	2.7418409721540007	0.76124335924537556	-0.73869295347127639	0.051056550208256266	0.45848490273566844	0.00072758937033978656	1.2028861247178617	1	-0.44207665772843169	ASN:chr22:23398337-25209349
GSTT2	1	0	1.4709645413631198	2.696251254836457	0.74449504628782348	-1.3693470061849486	0.075161912279040219	0.48552033090449997	0.001151344502839742	-0.86967247267934789	1	-0.46535703904090858	ASN:chr22:23398337-25209349
GTF2A1	1	0	-1.5469662913281537	0	0	0.55574186994029662	0.51389996454465348	1.1788484278058373	0.052609568619315927	0.027091896421117274	0	-1.5706453052244329	ASN:chr14:81000021-83137833
GTF2A2	1	0	-0.38127868434402878	0.16705576778149039	0.00070615131311223169	-0.10454517546491211	0.32717297087829111	0.83430235583418766	0.017626085916615655	0.74234183849229562	0	0.16318547944012157	ASN:chr15:59909705-61292486
GTF2H4	1	0	1.041562013979574	1.8258068861633501	0.42861846301333262	-1.0211287516254846	-7.7850195706106504	0	0	0.67866744616590291	1	1.3659311657913182	ASN:chr6:30458591-31054923
GTF3C2	1	1	0.29384268369684508	0.66628994354944171	0.069790247249615259	0.25693322615356329	-0.27882867451615601	0.18288977666132261	0	0.43237797906395303	1	-0.22826349529509657	ASN:chr2:26209579-29456860
GTF3C4	1	1	1.4271244650150259	2.6051342059538456	0.71103208497578363	0.085094978758370396	0.19444820432358725	0.63503107438629935	0.0056763231189947208	-0.3745438613257136	1	-1.4744463756590926	ASN:chr9:134722557-136612240
GTF3C5	1	1	1.4600045222760909	2.673461270064577	0.73612351985615532	0.16967816498168511	0.18245928493677133	0.61878215784254997	0.0049992740583363763	0.64211714203560788	1	-1.309996107961207	ASN:chr9:134722557-136612240
GTPBP1	1	0	-1.5608686143600119	0	0	0.29134400744655226	-0.16059018224785826	0.26282658849494889	0	0.40240413481205911	0	-0.63309697491013728	ASN:chr22:37977990-40527060
GTPBP3	1	0	-0.78664504937487634	0.045502654431496647	0	-0.80761651394195466	-0.90481836740576727	0.0059815151690614946	0	0.081339246334298773	0	1.5242870495002898	ASN:chr19:16749208-20221313
GUSB	1	0	-1.3383753175729882	0.00081256969057024147	0	-0.023907998605133231	0.15232745797568037	0.57917256170010867	0.0035399138445231216	1.3094773287045756	0	0.20185144911118449	ASN:chr7:63624322-67371495
GUSBP11	1	0	1.6463248467555174	3.0609871892215303	0.87849136879088663	0.97207251707944564	-0.1112285072020897	0.30211254233132445	0	0.30880229785298768	1	-0.585169523649404	ASN:chr22:23398337-25209349
GYS1	1	1	0.44072274718281423	0.84020508374043668	0.11192174917664001	0.093238414846819426	-0.41419168239726051	0.11347626616828349	0	0.13887730318557678	1	0.35730260597165159	ASN:chr19:49093112-51334271
GYS2	1	0	1.2796388962297371	2.3006964736566591	0.59958780917436028	0.86532888171309585	0.7639655071925735	1.733787297689755	0.12936709779144348	1.2998682816758187	1	-0.44889842983548406	ASN:chr12:21757656-24562053
H19	1	0	0.36008844923292788	0.74140760142694906	0.087160985282572628	-0.97423302790240351	0.038490946626266322	0.44479867975860871	0.00055524239342033489	1.8873385971115593	1	-0.50426598113106225	ASN:chr11:70855-2739889
HAAO	1	0	-1.1329852336260222	0.0070204645766114935	0	0.10292836912992342	0.77193070037140121	1.7524503340749154	0.13213008680360175	1.602858923570686	0	2.3306847473025454	ASN:chr2:42336744-44322128
HAPLN4	1	1	1.30087347591641	2.344216959525582	0.61546508757026896	-0.87553716479910582	-0.31998465955200395	0.15943405605936722	0	-0.093477884239779013	1	0.048408081665454947	ASN:chr19:16749208-20221313
HAX1	1	0	-1.192320096783843	0.0043403919155266674	0	-1.4564336844248267	-0.29103241987739437	0.17571012052774543	0	1.2409154912336549	0	0.78496284048345655	ASN:chr1:153397055-156616039
HCG9	1	1	0.59808974139679605	1.0575389708089125	0.17291880281517691	-1.472618060986256	-5.2854347236681125	0	0	-1.4101251991383059	1	0.83644871064521531	ASN:chr6:29688046-30458591
HCN3	1	0	-1.0498398486525102	0.012361284291015337	0	-0.4606612013051184	-0.53805713356068652	0.067786837454922824	0	0.4865369838791111	0	0.56524695209517506	ASN:chr1:153397055-156616039
HDHD3	1	0	0.93139133622211567	1.6176601145607221	0.35576673053765018	-1.4085359256045293	0.5360056444267628	1.2244396710322532	0.058278092742376976	1.057607601979716	1	0.78477604936846723	ASN:chr9:112864469-116400502
HELZ	1	0	0.48875186928774	0.90302690957346254	0.12868907180536415	1.5880844143655504	0.38882027364277477	0.93953298238062488	0.026535574982700445	0.23826736691223324	1	0.76973562009277052	ASN:chr17:64800166-67858770
HEPHL1	1	0	-0.20564468668645847	0.25567481358050553	0.0051770025193409877	1.0938904654657979	0.50626832754588458	1.1633162488354849	0.050719470604241028	-1.3822146075020518	0	-1.5902681697458816	ASN:chr11:92731401-94987750
HFE	1	1	-0.20256576175929189	0.25745729305747239	0.0053102423294195704	-0.54013263852991877	0.81772226003852688	1.8602677190277543	0.14818340117577394	0.032603716527207366	0	0.10168931210604863	ASN:chr6:24397129-26141757
HHEX	1	0	-0.61355320052842277	0.085030827581755217	0	-0.84360986325503162	0.4399359255944601	1.0332140158697636	0.035870403202942901	1.1822118694451833	0	-0.83644871064521531	ASN:chr10:92107336-95362627
HIF1AN	1	0	1.3326981678369103	2.4096776360730843	0.63938784490316081	0.25132772017412991	0.17661835725623998	0.61096721812857635	0.0046898932208380203	-0.00076803800037141131	1	0.24209370283952727	ASN:chr10:100365649-102471756
HIF3A	1	0	-0.84073625213939585	0.036316155092370413	0	0.56344796217211002	-1.451592879009411	0	0	-1.0259130052277403	0	-0.80075254278361141	ASN:chr19:45579043-47334409
HINFP	1	0	0.29486480031555418	0.66740855463056648	0.070038964409982515	-0.33418567455018156	0.30513529530023364	0.7986830843556485	0.015006021073670803	0.17940877335280311	1	0.91167721127426105	ASN:chr11:118900987-120771784
HIRA	1	0	0.090002136398041069	0.46727514018266458	0.031045936013082514	1.2757209218233896	-0.015887140996631046	0.38870671745891361	0.00011515983365763496	0.38063014916378046	1	-0.57801645172348526	ASN:chr22:18557031-19912242
HJURP	1	0	1.5933678722639588	2.9508399743951212	0.83802546004835654	-0.041184450245334209	0.78223438798566358	1.7766386082543897	0.13571907645294726	-1.1998770986860694	1	1.4900946800063712	ASN:chr2:233550713-234883167
HK1	1	0	0.94427343908972516	1.6415154542778634	0.36402456093857316	1.3679750429507262	0.96948779619397352	2.2195667350377684	0.20202114952789027	0.20912015734771949	1	-0.11370170527147593	ASN:chr10:68757629-71054709
HKDC1	1	0	0.99836464185424456	1.7431173120642802	0.39947288850338758	0.57773702743508459	0.88347709011099562	2.015886081093107	0.17149217099753344	0.086660015094070078	1	0.09465449147163571	ASN:chr10:68757629-71054709
HLA-A	1	1	0.61972622250260823	1.0900227451486153	0.18269646991890653	-1.2115728072794909	-4.8604785646755229	0	0	1.8624858105814093	1	0.64826633290128244	ASN:chr6:29688046-30458591
HLA-DMA	1	1	1.420207512422023	2.5907719325628378	0.70575989958923591	-0.065929137329805237	-0.57118755493126405	0.058097378703973614	0	1.1691476182472438	1	2.9555049165209946	ASN:chr6:32682590-33209310
HLA-DMB	1	1	1.4310281154230338	2.6132417846216942	0.71400862154165057	-0.95646146429732404	-0.59712566390981281	0.051191230543334972	0	0.9002581183599988	1	2.9665056576621929	ASN:chr6:32682590-33209310
HLA-DOA	1	1	1.3985663064199798	2.5458719072676224	0.68928386717271095	-1.0873262504908099	-0.49338576567142617	0.082478323057079347	0	0.17440048098093763	1	2.9345204614183125	ASN:chr6:32682590-33209310
HLA-DOB	1	1	1.4851311304281527	2.7257143950434792	0.75531879350603359	-1.2701784008675112	-0.99356794262493398	0.0020380330145602257	0	-0.27055104213303399	1	3.0276782716846324	ASN:chr6:32682590-33209310
HLA-DQA2	1	1	1.5067723364302181	2.7707266431471753	0.7718553836004054	-1.0275243792378779	-1.2274787759027719	0	0	0.49062497630925811	1	3.0557017278182443	ASN:chr6:32682590-33209310
HLA-DRA	1	1	1.5716959544363478	2.9057637325671704	0.82146534011122729	-1.1206159624501524	-2.8136557016817987	0	0	1.8046171304780785	1	3.1580706070237792	ASN:chr6:31571894-32682590
HLA-DRB5	1	1	1.5608753514353373	2.8832575509971932	0.81319701402609834	-0.41918099443746032	-2.3510914060737749	0	0	1.2003170190967736	1	3.1385775789981065	ASN:chr6:31571894-32682590
HLA-F	1	1	0.69545390637293991	1.2083842303749899	0.21943739960483397	-0.26798725854363059	-2.7953047866604464	0	0	1.2706748772377361	1	-0.69802938552869975	ASN:chr6:29688046-30458591
HLA-F-AS1	1	1	0.70627214692583495	1.2258608125277901	0.22499249932877732	0.0046690746706851511	-2.8099709109166562	0	0	0.0048445468639775257	1	-0.69645396338389254	ASN:chr6:29688046-30458591
HLA-G	1	1	0.71709038747875209	1.2434737197046402	0.23062116276940883	-1.2933359705952132	-3.8175999790185302	0	0	-1.0369169251111676	1	0.35496242149323715	ASN:chr6:29688046-30458591
HLX	1	1	0.48990733586775703	0.90457560578915408	0.12911182516854827	-0.92588458426422815	0.46544228238902824	1.0821570219097549	0.04123073217431289	0.26687142904068867	1	-0.56685821548968562	ASN:chr1:220125116-221151629
HMBS	1	0	0.20829997630735916	0.57703523878097418	0.050995590720322753	-0.72654037565921026	0.3088832714206135	0.80466789949319373	0.015431907476595116	0.49470211084500149	1	0.95431675440590114	ASN:chr11:118900987-120771784
HMGA1	1	0	-1.3603495918769073	0.00056793275702415544	0	-0.66890967180095284	0.50443203528836256	1.1595953388189766	0.050269961623055491	0.65317390232627215	0	2.5904954192383096	ASN:chr6:33209310-35757007
HMGB1	1	0	-0.89482745490391535	0.028457608225063546	0	1.5111200022880054	0.74658889782719418	1.6931939661433617	0.12337856062252625	1.379689578618116	0	1.0724546301303957	ASN:chr13:30625939-32301388
HMGN4	1	1	0.132818001355471	0.5052254841428625	0.037513460614065672	-0.80427473554325224	0.62359849529945965	1.4128863675762011	0.083251166854022757	0.67866744616590291	1	0.47809177631264116	ASN:chr6:26141757-26697553
HMGXB4	1	0	-1.5321867134131393	3.2204726791271057e-10	0	0.41706974673519209	0.67232776010498385	1.5221845258979174	0.098582291767169691	-0.058052306267077552	0	-0.96607078476860642	ASN:chr22:34860926-36453608
HMOX1	1	0	-1.4987444774452343	4.6313998234926768e-06	0	-0.36693318319549822	0.60165073477184583	1.3646107295858492	0.07665298119061191	1.3842581541638501	0	-1.0954268363926454	ASN:chr22:34860926-36453608
HNF1A	1	0	1.2079240832745344	2.1548517505053062	0.54657876967740116	0.055140446026366412	0.31398192808044251	0.81285739351728592	0.016024103750587371	0.59326228848868523	1	0.38583800266640406	ASN:chr12:119859279-122015993
HNF1A-AS1	1	0	1.2517641596226283	2.2437852980495685	0.57886346988162729	-0.4552198492851009	0.29795889033368123	0.78730666234437774	0.014212564705041496	-0.42559503533462567	1	0.41948311985006825	ASN:chr12:119859279-122015993
HNRNPH3	1	0	1.1390017690419909	2.0167244925906784	0.49673382173088731	-0.47638663842016343	0.58149616606171406	1.3208681491008549	0.070783658383285042	1.1426807513826243	1	-0.27659382804990529	ASN:chr10:68757629-71054709
HOMER3	1	1	1.3983280687118576	2.5453779607952725	0.68910267196490271	-0.47363693001490037	-0.58770171270418359	0.05363316267701828	0	0.091962404650528268	1	0.57396536689696354	ASN:chr19:16749208-20221313
HP1BP3	1	0	0.91200356792486215	1.5820185564624205	0.3434794628332648	0.53427285107025535	0.61352334479071169	1.3906457339651581	0.08019659433562347	1.0405829515008636	1	1.0788196640887433	ASN:chr1:20304720-22145806
HPD	1	1	1.3065642550577512	2.3559026404285182	0.61973220432446707	0.058345636175024661	0.22319343813000592	0.67514352470081818	0.0075426341855332254	2.0888182173772396	1	0.30710648466451057	ASN:chr12:122015993-124721969
HPS1	1	0	-0.18082357841226693	0.27028084271683345	0.0063167503012090355	0.24640798772630179	0.18500889679189955	0.6222142302645628	0.0051384794424880319	0.60088036988254712	0	0.37919178088368022	ASN:chr10:97064851-100365649
HRC	1	1	0.83528343431570329	1.4442554420260232	0.29662456823013761	-1.2808500737049262	-0.91271267043227411	0.0055129795162787492	0	-0.99336676308912741	1	0.35408535393060786	ASN:chr19:49093112-51334271
HRH1	1	0	-1.3628853938256515	0.00054336103764560226	0	1.3355852735948137	0.79195685796203552	1.7995052128943503	0.13911939733392956	-1.0931517940764952	0	-0.40290133321531973	ASN:chr3:11019488-12860229
HSD17B11	1	1	0.53311475087953508	0.96376657150026501	0.14559292189835238	0.69142572554416404	0.66279658810800279	1.5005971021290767	0.09551614700814598	1.4707309345791446	1	-1.0327995809678592	ASN:chr4:87214993-89236855
HSD17B14	1	1	0.39688267083472034	0.78546871621017489	0.097948778271790646	0.045183775804619943	-0.28538990570280448	0.17900588027917283	0	0.22376294167290725	1	0.36242860941853688	ASN:chr19:49093112-51334271
HSD17B8	1	1	1.3228220854127954	2.3893354368325026	0.63194887434549318	-1.7871198729967155	-0.19737698823392613	0.23587485898198898	0	1.0204792371194538	1	2.8740401874257948	ASN:chr6:32682590-33209310
HSH2D	1	0	-0.39718838947034485	0.16023153943632348	0.00054026525697887129	0.073516129865919835	0.35759075055419803	0.88518372826789993	0.021719509005375184	0.027091896421117274	0	0.27716438120053227	ASN:chr19:15648148-16749208
HSPA6	1	0	-1.1652834687265128	0.0054557515474574977	0	-1.6414979268782539	0.56616062612840712	1.2879897213531077	0.066448290821822908	-0.10547044719272196	0	-0.77639856593851819	ASN:chr1:159953315-162888864
HSPB7	1	0	0.79144335796760945	1.3680641844348425	0.27121586320508301	-1.0688514693983167	0.10656776672431746	0.5223104426087668	0.0019149608339756243	-1.1515253769195539	1	0.35364692231253547	ASN:chr1:14893157-17875820
HSPG2	1	0	0.93392360609892011	1.6223386272464742	0.3573841688493844	1.262775118654581	0.60484356388949323	1.371593259168908	0.077599850027551542	0.3406413111146418	1	1.2958811646478194	ASN:chr1:22145806-23916165
HSPH1	1	0	-0.74337208716327396	0.053877645143337427	0	0.11070702901326866	0.42752838026396039	1.0099281260542603	0.033431239944651255	0.90338129390388111	0	0.98507085916370229	ASN:chr13:30625939-32301388
HVCN1	1	1	0.56563501973808872	1.0099810494883859	0.15888243818221204	0.95469777547216439	-0.82390267326347499	0.012395829325086647	0	-0.18579268548961117	1	2.1929184799676915	ASN:chr12:109270450-113028429
HYLS1	1	0	-0.54567897064939741	0.10527162037991122	1.1498494819639468e-06	-0.20780087747150386	0.76076979181519511	1.7263088843817651	0.12826158338210172	0.021560213857318659	0	0.73872060642879345	ASN:chr11:124496119-126773879
HYOU1	1	0	0.22994118230940241	0.59881038238383955	0.055382787369550671	-0.41508821514205896	0.30069604611117562	0.79163291516422229	0.014511809875936359	0.99129508336687	1	0.99133412839937718	ASN:chr11:118900987-120771784
IAPP	1	0	1.2471841745710299	2.2344601354899467	0.57547219625385593	0.088147331352372377	0.84236843085031055	1.9185478793874713	0.15690431594642856	-0.99336676308912741	1	-0.33630953693444265	ASN:chr12:20523761-21757656
IARS2	1	1	0.46827085476196684	0.87586835904977833	0.12134801333598565	0.67952814580086318	0.46794243085958975	1.0870297174461983	0.041780415307787595	0.99423859385708369	1	-1.1572940458219199	ASN:chr1:220125116-221151629
IBSP	1	1	0.65212189262992415	1.1397867302198819	0.19794442589062933	-0.45590571620059134	0.53088131633119862	1.2137934727352602	0.056939036123513274	-1.5424114315453052	1	-1.1366239841112598	ASN:chr4:87214993-89236855
IDE	1	0	-0.70009912495164961	0.063221951941431376	0	1.3103881423982557	0.51907153319437294	1.1894353073275632	0.05391021872181765	0.42387357919353502	0	-0.13085165236141166	ASN:chr10:92107336-95362627
IFI16	1	0	-1.2085564309381371	0.0037499503475822565	0	0.69718072830471234	0.70612877425188558	1.5994557118567327	0.10968618096543217	0.93120755888588336	0	0.4114021794374198	ASN:chr1:157982579-159953315
IFI27	1	1	0.82522318972140118	1.4266013949139247	0.29070215421971374	-0.48709489678432549	0.86240648795101538	1.9659891275175392	0.16401329535350728	1.666787819053646	1	1.1798463370106786	ASN:chr14:94325285-95947052
IFI27L1	1	1	0.80358552758497481	1.3889719294694378	0.2781481921115726	0.0086370367646925184	0.8787321024140945	2.0046495473977339	0.16980796638949608	0.35408700511211993	1	1.1757262846084879	ASN:chr14:94325285-95947052
IFI27L2	1	1	0.84686085185784954	1.464693751042931	0.30350590142353712	-1.6929329570565246	0.8588712439935976	1.9576175813982561	0.16275855018042432	0.41532180080646014	1	1.1795710436671683	ASN:chr14:94325285-95947052
IFI30	1	1	0.9010004768781007	1.5619341203057358	0.33658333513767175	-1.1583563210921992	-1.2902879342391154	0	0	1.4577403894888361	1	1.125951144362161	ASN:chr19:16749208-20221313
IFT172	1	1	0.21804466707818329	0.58677370375899873	0.052941218442598567	0.54719545824492066	-0.22716099052044725	0.21545511054305397	0	-0.21784061882648162	1	-0.28687776711046625	ASN:chr2:26209579-29456860
IFT27	1	0	-1.2757962376592444	0.0018710714331517289	0	-0.16303002757074775	0.097430927559452707	0.51142209878860778	0.0016659027365583069	0.61976179182760216	0	1.8932531978552005	ASN:chr22:36453608-37977990
IFT46	1	0	0.16501756430327269	0.53508148737391292	0.042928656047854459	0.18686712358831978	0.33993584137622401	0.85540708644453789	0.019274420166280993	0.40240413481205911	1	0.049095269200682488	ASN:chr11:117901740-118900987
IFT80	1	0	0.83589495036674533	1.4453317431084962	0.29698628739466604	1.4296225642666494	0.27452790458335502	0.75091564056580717	0.011817450263739373	0.070642058443157407	1	-0.75980474968756462	ASN:chr3:159155377-161620009
IGF2	1	0	0.32763372757419862	0.7039380421685747	0.078329425281500456	-0.065553345082523432	0.10428778869736575	0.51957907263342995	0.0018506378976138726	1.670578043819495	1	-0.8796938319662263	ASN:chr11:70855-2739889
IGFL1	1	0	-0.85155449269231287	0.03464152692405828	0	-2.0825896657870735	-1.3857125115130073	0	0	-1.5424114315453052	0	-0.28809382686161261	ASN:chr19:45579043-47334409
IGFL2	1	0	-1.0571010631974738	0.011812994048812803	0	-0.1571256099262392	-1.1796384584629991	1.7366515255730361e-06	0	-1.5424114315453052	0	-0.30379839499420436	ASN:chr19:45579043-47334409
IGFL3	1	0	-0.87319097379812516	0.031448307481159031	0	-1.2150764641652589	-1.3057178270822174	0	0	-1.5424114315453052	0	-0.33079470348634188	ASN:chr19:45579043-47334409
IGFL4	1	0	-1.0246463415387665	0.014394787486850294	0	0.39704042958376523	-1.199549952752144	0	0	-1.5424114315453052	0	-0.29647485131149515	ASN:chr19:45579043-47334409
IGSF11	1	0	-0.84129851479192541	0.036227817215788188	0	1.8463121390939801	0.80969287174536819	1.8413099230661909	0.14535162116622355	-1.4970374803542688	0	-1.2326967158928706	ASN:chr3:116898042-118903462
IGSF23	1	0	-1.5114671664194419	1.1870169688593054e-06	0	0.028075965984267356	-0.2611361648779072	0.19364189808302376	0	0.18440077856624923	0	0.72169514493731701	ASN:chr19:43862455-45579043
IKZF3	1	0	-0.33273017374381003	0.18907213635023398	0.0014144684233467701	1.1489772348257226	-0.56954422716051556	0.058554699118195934	0	-0.87960804296603545	0	-0.34780762090527761	ASN:chr17:36495389-38649589
IL10RA	1	0	0.013529122288947943	0.40430987222849524	0.021425589160366462	-0.29889849721390904	0.55218930051541748	1.258358689491198	0.062602564149986425	0.58560621151926406	1	-1.2251022641392326	ASN:chr11:116383543-117901740
IL12RB2	1	0	0.95492158337799427	1.6613358162010776	0.37090534789528218	1.0697332860691111	0.68985956591539876	1.562130991282775	0.10429897743564318	-1.0931517940764952	1	-0.33369598264111883	ASN:chr1:66774011-68477862
IL17RA	1	0	0.21056234635529378	0.57928648368741165	0.051442972242488984	0.24665847920784198	-0.29386015104344376	0.17407378553537015	0	-0.093477884239779013	1	-0.65607732952314912	ASN:chr22:16050408-17581547
IL20RB	1	0	0.79281807134908377	1.3704236814438959	0.27199660660596764	0.8214586500239518	0.065091467975225262	0.47410015243149722	0.00095854025176948939	-0.50941457891017539	1	0.61674313924063295	ASN:chr3:135268752-137727495
IL23R	1	0	0.94410098037698365	1.6411951943315306	0.36391352526095294	1.1037350800119146	0.68736518269334368	1.5564294851187335	0.1034798135760345	-1.4101251991383059	1	-0.23390305562442543	ASN:chr1:66774011-68477862
IL2RB	1	0	-1.2423540016913395	0.0026976797849542883	0	0.60902386874890824	0.064703045071761098	0.47366329396174767	0.00095157004971556792	0.075999970515501863	0	1.8867018544751584	ASN:chr22:36453608-37977990
IL6R	1	0	-1.1484800204357271	0.0062370018864651572	0	0.81432704759562002	-0.42631255858211653	0.10830016096012902	0	0.82988978663259039	0	0.83450262383183915	ASN:chr1:153397055-156616039
ILVBL	1	0	-0.32146070560001316	0.19444514918824454	0.0016280010577893274	-0.55851358308606314	0.28937905341251968	0.77384786373938252	0.013301265937194409	1.0434335377430501	0	-0.33848925428055382	ASN:chr19:12500149-15648148
IMPA1	1	0	-1.3383753175729882	0.00081256969057024147	0	0.19467699932285359	0.40730775588283691	0.97273171532821123	0.029696760692997294	0.65684186165880531	0	0.47194500123879052	ASN:chr8:82016264-83727741
IMPDH1	1	0	0.7060477143544639	1.2254968564044388	0.22487650385553462	-0.16640606802689725	0.10276623903838923	0.51776159337330285	0.0018085233166906158	-0.081578287825861809	1	1.854335836656098	ASN:chr7:126869221-129589868
IMPDH2	1	0	-1.6416545547249528	0	0	-1.1387247092370438	-1.0495062873286976	0.00078591481250251001	0	0.97351449556953662	0	0.044972480353396412	ASN:chr3:47793553-51831792
INPP5D	1	0	1.6690955561342906	3.1083488491685731	0.89589110615448941	1.6565260086154112	0.68208817945720035	1.5443869877189333	0.10175306402768047	0.18937660221091152	1	0.48117193647005208	ASN:chr2:233550713-234883167
INS	1	0	0.31681548702130352	0.69173467083760465	0.075523938870793561	-2.0467980327346962	0.11603751152511349	0.53375746944673785	0.0021980790066623516	-1.5424114315453052	1	-0.84211036962981733	ASN:chr11:70855-2739889
INSL3	1	0	-0.55946199776390326	0.10092679104105151	5.8818208738896007e-08	-1.1419113890200194	-1.1614471192043987	1.2552131048802712e-05	0	-1.3145807497409923	0	1.3598502169929467	ASN:chr19:16749208-20221313
INSL5	1	0	1.0306658043851566	1.8048267570811809	0.42120071137328358	-1.42263877493028	0.53208831961148673	1.2162969731352313	0.057253106650809758	-1.5424114315453052	1	-0.44010976155236969	ASN:chr1:66774011-68477862
IP6K2	1	0	-1.4469049650609263	7.1189110982740859e-05	0	0.65655040348611493	-1.2157904260148358	0	0	0.92198807020926765	0	-0.14401654582410039	ASN:chr3:47793553-51831792
IP6K3	1	1	1.106410025392341	1.9522445821890551	0.47361510032619103	0.097293261551336357	0.3088832714206135	0.80466789949319373	0.015431907476595116	-0.39621537774727372	1	2.7318532319903177	ASN:chr6:33209310-35757007
IQCD	1	0	-0.90564569545683238	0.027036130290252633	0	0.10741294752481703	0.12357852160825077	0.54299174063420308	0.0024425107315357826	-1.327871224541181	0	0.84465713270206155	ASN:chr12:113028429-114181109
IQSEC1	1	0	-0.83229927749490895	0.037658995581356568	0	1.5896046853377532	0.68514512301028418	1.5513599206257331	0.10275232098242693	0.59707605504741001	0	0.60318512490958287	ASN:chr3:12860229-14816750
IQSEC3	1	0	-1.0827199059135972	0.010008306752572844	0	1.2399772700703844	-0.63701244086001885	0.041675194753247775	0	-1.1998770986860694	0	-0.040575679596220868	ASN:chr12:61107-1739022
IRF2BP1	1	0	-0.8840092143510202	0.029928057505123347	0	-1.6818152828243913	-1.2886712045153221	0	0	0.45343510281395133	0	-0.1916345493959678	ASN:chr19:45579043-47334409
IRF3	1	1	1.0873638733172597	1.9148415790249729	0.46025493816890661	-0.97276681150294508	-1.1857422524729835	5.6258968572209271e-07	0	1.0491188785023953	1	0.65412084316333308	ASN:chr19:49093112-51334271
IRF5	1	0	0.59784168434422569	1.0571701200240526	0.17280862951067533	-0.45080752943198077	0.26618669671129425	0.73823663582041243	0.011034643617220088	-0.00076803800037141131	1	-0.023682026006757166	ASN:chr7:126869221-129589868
IRF8	1	0	-0.91704273579908768	0.025590658596250777	0	0.049887213992007969	0.77246049451391363	1.7536928187570036	0.13231423004148143	0.77321519704574815	0	0.54299921990754829	ASN:chr16:85374253-86981136
IRX3	1	0	0.64034790252508555	1.1215465505503581	0.19231966912531565	-1.434999588459015	0.56082237892134568	1.2766309722738636	0.064966919796992581	-1.2371673595673942	1	-0.84838921204287976	ASN:chr16:51214363-54450244
ISYNA1	1	1	1.4418965606098171	2.6358217780830318	0.72229963862984992	-1.3400794121747679	-0.93793613472681014	0.0041809590165117101	0	0.44083552249901781	1	1.0810331546882366	ASN:chr19:16749208-20221313
ITGA9	1	0	-1.2410111525968444	0.0027351640048367031	0	2.1649938129611748	0.4875137801869785	1.1256198415286687	0.04622721872589812	-0.029142972544210624	0	-0.88699397037598626	ASN:chr3:35283408-38353505
ITLN1	1	0	-0.86237273324520802	0.033019187503898074	0	-0.73116432686650878	0.32413723092244151	0.82933408293642019	0.017248372201366644	0.016008525164763355	0	0.40975936759768189	ASN:chr1:159953315-162888864
ITLN2	1	0	-0.8840092143510202	0.029928057505123347	0	-0.63542761148653903	0.33926630442816735	0.85429119107871976	0.019185496848635433	-1.212206805538584	0	0.44677387615421915	ASN:chr1:159953315-162888864
ITPK1	1	0	-0.42082433013637754	0.15044036961407137	0.00034519976421177641	1.6048076164000171	0.88746344076067085	2.0253260978556167	0.1729071019862525	0.73887281950114025	0	0.57850321866584731	ASN:chr14:92916399-94325285
ITPR3	1	1	1.1280512313943842	1.9949951724588659	0.48893125450049718	0.94565909866185249	0.24798387066014679	0.71106479858137794	0.0094479918924976203	-0.47840261001302059	1	2.743496971220678	ASN:chr6:33209310-35757007
IZUMO1	1	1	0.28728247996447459	0.65914015570325579	0.068207921420740142	-1.0037781214904018	-0.22170988935106789	0.21910050732274103	0	-1.3412777748263425	1	0.25966011860488769	ASN:chr19:49093112-51334271
JAK1	1	0	-0.95988393653454518	0.020618427076438024	0	1.375970834013357	0.5940820457307241	1.3481154114634935	0.074426760873463046	1.057607601979716	0	-1.6857701067035824	ASN:chr1:65041376-66774011
JAK3	1	0	-0.57028023831679842	0.097601553316687906	0	0.033050046871755952	-1.1554229184122506	1.9586507433255762e-05	0	-0.16688024605093937	0	1.3591584465887336	ASN:chr19:16749208-20221313
JMJD1C	1	0	0.72790862803164713	1.2612210770343852	0.23632237820867252	1.9973902464063669	0.59320673729574702	1.3462129950635913	0.074170991832881991	0.55459424262210932	1	1.0600939454246376	ASN:chr10:64198067-66313715
JOSD1	1	0	-1.5879201218625605	0	0	-0.25538497224385975	-0.15358217401397864	0.26818320742191065	0	0.69304731947605303	0	-0.71955946673342819	ASN:chr22:37977990-40527060
JUND	1	1	1.496003707287815	2.7483285639721045	0.76362677219761266	-1.9087333929504195	-1.1137945975108714	0.00014579389622391669	0	1.5153511629446732	1	1.0939273178870723	ASN:chr19:16749208-20221313
KAAG1	1	1	0.38592265174769136	0.77216653359946563	0.094647416677879723	-2.1415519492983255	1.1585109664643436	2.6671896494947087	0.26911377752418753	-0.53309176169937322	1	-0.15901345971265807	ASN:chr6:23199920-24397129
KATNAL1	1	0	-0.90564569545683238	0.027036130290252633	0	1.1913186149296524	0.81073088438685947	1.84375971740754	0.14571737986995228	-0.54106601469859672	0	1.2164263193435194	ASN:chr13:30625939-32301388
KATNB1	1	0	-0.71091736550456663	0.060792099131284909	0	-0.027833081809825484	0.70420600132553601	1.5950324745081896	0.10904562037226492	-0.14819798400629924	0	-0.39992549841044089	ASN:chr16:56907578-58867358
KAZALD1	1	0	1.4776145236978104	2.7100810840481167	0.74957555571428969	-0.97472238788183485	-0.1623463448475303	0.26149552440947493	0	-1.1998770986860694	1	0.3976959456058306	ASN:chr10:102471756-106139565
KCNA7	1	1	0.6818431670973637	1.1865929834775601	0.21255442771217309	-1.0748212187492929	-0.66793593459895872	0.035168622780432528	0	-1.5424114315453052	1	0.38716928525728211	ASN:chr19:49093112-51334271
KCNG3	1	0	-1.1438040646942353	0.0064669394778492867	0	0.65256944813097384	0.8727209657833509	1.9904146655364066	0.16767434989568464	-1.5424114315453052	0	2.298691677625202	ASN:chr2:42336744-44322128
KCNJ1	1	0	-1.1246630558812294	0.0074671117863297004	0	0.25460668793344782	0.62933115681154883	1.425599192760854	0.085007921842247119	-1.482206058210068	0	-0.16388109032928835	ASN:chr11:128188777-130049774
KCNJ13	1	0	1.48518546673492	2.7258274087820697	0.7553603121052721	-0.60986568245655193	0.40116578973319172	0.96161702780564229	0.028620181915223718	-1.424273135697375	1	0.5240067823102118	ASN:chr2:233550713-234883167
KCNJ14	1	1	-0.041518092646262612	0.36267139604794929	0.015895519238697448	-0.5729016968862054	0.011501915978319474	0.41632914297611534	0.00028159295919703657	-1.1046502766824373	1	0.21925519798534537	ASN:chr19:47334409-49093112
KCNJ4	1	0	-1.4472522828492682	7.0337144702427315e-05	0	0.19844578023418646	-0.31473012802383321	0.16230993444171643	0	-1.0149874057224155	0	-0.90297552871274611	ASN:chr22:37977990-40527060
KCNJ5	1	0	-1.0163801749974111	0.015107589327078516	0	0.21964217874345021	0.60077900492326197	1.3627067646107172	0.076395251929915323	-1.327871224541181	0	-0.24562913720981794	ASN:chr11:128188777-130049774
KCNJ8	1	0	1.3337300989942567	2.411804509452752	0.64016586102009743	-0.57108840865402632	0.65152014148276916	1.4751824519693455	0.09192906548200859	0.92814054437850002	1	-0.42023273445040299	ASN:chr12:21757656-24562053
KCNK3	1	1	0.13141836237110668	0.5039535391540978	0.037289020958747858	0.4621694509526082	-0.15183431674825057	0.2695304386529403	0	-1.327871224541181	1	0.11232016838481863	ASN:chr2:26209579-29456860
KCNN1	1	0	-0.54864375721100822	0.10432670998311686	7.4354239564815343e-07	0.60228374292867393	-1.180400331059412	1.5408311996201356e-06	0	-1.4529663122347427	0	1.3713596488687072	ASN:chr19:16749208-20221313
KCNN3	1	0	-1.126559982261691	0.0073636857569819875	0	1.5760357151016915	-0.47925345126783392	0.08753303930962171	0	-1.3684473380869764	0	0.62189827067129266	ASN:chr1:153397055-156616039
KCNQ1	1	0	0.10045067596322557	0.47635451929080791	0.032549428352851781	2.2305796933479169	0.41053218866120483	0.97860087749467928	0.030272600260108442	-0.60639673586813225	1	-0.65658813025557561	ASN:chr11:70855-2739889
KCNQ1DN	1	0	0.29517900591549129	0.66775267470400057	0.070115540329498807	-1.8293902167846607	0.20239782218413138	0.64596075019059573	0.006157379908169113	-1.5424114315453052	1	-0.68339187115029465	ASN:chr11:2739889-4466102
KCNQ1OT1	1	0	0.18699660038645236	0.55612199341494184	0.046909402037233885	1.0878336787840375	0.24692821684313274	0.70950978770685058	0.0093609625809840304	-1.3412777748263425	1	-0.72436938119399807	ASN:chr11:70855-2739889
KCP	1	0	0.67358590535138796	1.1734810263807689	0.20843710132001431	0.59404993361884817	0.25360386193401713	0.71938147748147407	0.0099204023533997904	-1.3145807497409923	1	0.40781928702759834	ASN:chr7:126869221-129589868
KCTD17	1	0	-1.2646488256699429	0.0021244111659955321	0	-0.50019741795607864	0.085561917389488096	0.49750522257773366	0.0013759404105325101	-0.38173375854656599	0	1.884265843178913	ASN:chr22:36453608-37977990
KCTD6	1	0	0.39254317089163521	0.78018374494862563	0.096632612802256782	-0.59912221509955221	0.31838941304913532	0.81998134275055068	0.016548070632309172	0.4450468838518411	1	-1.2659493520205829	ASN:chr3:56847831-59704331
KCTD7	1	0	-1.5763766097368563	0	0	1.6183006217125988	0.56823245363701003	1.2924103248098315	0.067027144548927775	-0.36738748356092887	0	0.99695937834520465	ASN:chr7:63624322-67371495
KDELR1	1	1	-0.052478111733291588	0.35473810887117946	0.014922602845768594	-0.70039277894908503	0.012301363084201584	0.41715446545730556	0.0002879960542698924	1.268216845887397	1	0.23474962728372284	ASN:chr19:47334409-49093112
KDELR3	1	0	-1.4634831873507843	3.7667914486453987e-05	0	-0.28618450175471932	-0.29386015104344376	0.17407378553537015	0	0.3133913603150254	0	-0.89147852343501111	ASN:chr22:37977990-40527060
KDM2B	1	1	0.98872370153404299	1.7248446646271542	0.39306645038014953	1.4772850818265979	0.46887911515256414	1.0888586587470863	0.041987443882048552	0.17440048098093763	1	-0.12863669897932367	ASN:chr12:122015993-124721969
KDM5A	1	0	-1.115599963174662	0.0079746407683932881	0	1.2234658031704007	-0.24636747922419988	0.20293336056254815	0	0.086660015094070078	0	0.49167893674000807	ASN:chr12:61107-1739022
KHK	1	1	0.57537817399479463	1.024108683740298	0.16301552611921949	-0.35743375732487132	-0.37238396213303931	0.13259132252253264	0	1.4921404901421551	1	0.032608418365547669	ASN:chr2:26209579-29456860
KIAA0319	1	1	0.53936291896603106	0.97253401932655503	0.14808638388987685	1.1704578295602668	1.2588980072572207	2.9049146845215885	0.30474554887757166	-1.4675165657271294	1	-0.031647002344668079	ASN:chr6:24397129-26141757
KIAA0513	1	0	-0.86293972079396863	0.032935586562747796	0	0.84029076537704539	0.72034993985573847	1.6322646626455073	0.11445414736828108	-0.87960804296603545	0	1.0410244863292069	ASN:chr16:84445738-85374253
KIAA1671	1	0	1.5038445986241846	2.7646371305159745	0.76961821707005706	1.8438213958201	0.033361662787826395	0.43929118790083199	0.00049356245084574736	0.4450468838518411	1	0.70013264766133187	ASN:chr22:25209349-26524344
KIF11	1	0	-0.71091736550456663	0.060792099131284909	0	0.78812674520990611	0.5281626729952702	1.2081640398748146	0.05623466544915829	-0.99336676308912741	0	-0.80701045444272779	ASN:chr10:92107336-95362627
KIF12	1	0	1.0540128681044123	1.8498774353883118	0.4371469188365113	-0.40989981065087749	0.63903605191933921	1.4472136274136156	0.088011842297284024	0.82988978663259039	1	1.3029061888431301	ASN:chr9:116400502-119530000
KIF17	1	0	0.92296358701189107	1.6021279034305211	0.35040446335132158	0.68048389642870299	0.61323467464150139	1.390010463306113	0.080109707754286441	-0.53309176169937322	1	1.051465368586298	ASN:chr1:20304720-22145806
KIFC1	1	1	1.2037954524015466	2.1465162945013296	0.54355986476252005	-0.14891802135244081	-0.0017391404702631376	0.40281740750356015	0.00018890435332147445	-1.0704100410848536	1	2.7874687515725904	ASN:chr6:33209310-35757007
KIFC3	1	0	-0.75419032771616901	0.051695097459103063	0	1.1911276893014939	0.84185830746365775	1.9173405869397715	0.15672348378040316	0.83315930916849434	0	-0.3817005917356579	ASN:chr16:56907578-58867358
KLC1	1	0	-0.23879843621269614	0.23699966684285981	0.0038807420016353142	1.4119707522145919	-0.009810443786376152	0.39472630509540901	0.00014387769068432876	0.62724980789687312	0	0.30264853581187562	ASN:chr14:103390025-105001894
KLC3	1	0	-1.1869199498323248	0.0045496931961229248	0	-0.1616667192639176	-0.69527858107332308	0.030012537669798445	0	-0.69217548870809664	0	0.82984485597346902	ASN:chr19:45579043-47334409
KLF2	1	0	-0.31064246504711807	0.19969788065297209	0.001852235150904149	-1.5300862152785704	0.2714043621723099	0.74615085569590656	0.011520118887667657	0.50282403587880642	0	0.29016926648426034	ASN:chr19:15648148-16749208
KLHDC10	1	0	0.51127686033603059	0.93353770422964444	0.13709812457998308	0.8256612541138294	0.17698395661571287	0.61145443473210737	0.0047088728753699721	0.42813166860987051	1	-0.020661248405299766	ASN:chr7:129589868-131635483
KLHDC8B	1	0	-1.6957516629649565	0	0	-1.1712010983971413	-1.0060072548233776	0.0016899786632385717	0	0.29495221667459859	0	0.21517920740573468	ASN:chr3:47793553-51831792
KLHDC9	1	0	-0.90564569545683238	0.027036130290252633	0	-1.8623984965567977	0.35261116803027559	0.87671637056193941	0.021010106478515127	-0.087516555387269102	0	-0.05088206611156687	ASN:chr1:159953315-162888864
KLHL26	1	1	1.4849543734189121	2.7253467595007539	0.75518373286326834	0.31365771743412324	-0.78473583004097425	0.016696838623660053	0	-0.52515871949388326	1	0.59595570334878167	ASN:chr19:16749208-20221313
KLHL8	1	1	0.50065825767487349	0.91907026168605876	0.13308976016328097	0.98506218195140771	0.76290088267433287	1.7312953150191908	0.12899860717663428	-0.023425870031421252	1	-1.2541077391954047	ASN:chr4:87214993-89236855
KPNA2	1	0	0.75945907149729663	1.3137299667381077	0.25335434063562151	-0.52218032366847145	0.015096707473524203	0.42004885935052994	0.00031114715114888546	0.53091705983291126	1	0.95150672362615407	ASN:chr17:64800166-67858770
KPNA4	1	0	0.85753615636878866	1.483653186238592	0.30991238495491963	0.88672625850779474	0.26025547793877601	0.72930828569452566	0.010499566695576983	0.38500972488861901	1	-0.87043353501189435	ASN:chr3:159155377-161620009
KRT10	1	0	-0.43011560075303762	0.14670344957130288	0.00028370562290509896	-1.2362680905719083	-0.18710948869508193	0.24320229714203798	0	0.4742072770265966	0	1.2547107284470929	ASN:chr17:38649589-39900528
KRT12	1	0	-0.53832163076327588	0.10764109580073948	2.7397669215386572e-06	-1.0230809601646782	-0.17247679686553996	0.25390490518574377	0	-1.5424114315453052	0	1.2329902319804864	ASN:chr17:38649589-39900528
KRT20	1	0	-0.5491422337642865	0.10416839735798243	6.8641147221541224e-07	-0.67485540128205168	-0.17601349068465957	0.25128991210871399	0	-1.5424114315453052	0	1.244819116603221	ASN:chr17:38649589-39900528
KRT222	1	0	-0.50585982176020006	0.11852052199344677	2.5692111350458568e-05	0.37560807843845356	-0.16586368487005379	0.25884312474332244	0	-0.39621537774727372	0	1.2224898141699991	ASN:chr17:38649589-39900528
KRT23	1	0	-0.63570705777248149	0.079035290241271872	0	-0.30888285452009934	-0.19156661086655391	0.2400030962990401	0	-0.046423157843222033	0	1.2513999130953386	ASN:chr17:38649589-39900528
KRT24	1	0	-0.39765379174996179	0.16003476156668697	0.00053585083830470185	-1.0426128721483303	-0.19379920985314922	0.23841119828239499	0	-1.5424114315453052	0	1.2638108693609538	ASN:chr17:38649589-39900528
KRT25	1	0	-0.44093620375404829	0.1424300537444812	0.00022185252729221188	-0.85893406798797955	-0.17778437913491987	0.24998730947128467	0	-1.5424114315453052	0	1.2622869130893513	ASN:chr17:38649589-39900528
KRT26	1	0	-0.4625774097561135	0.13413384498322375	0.00012645993529858569	-1.0208688307716582	-0.17424429767597155	0.25259577827029017	0	-1.5424114315453052	0	1.2553141742521114	ASN:chr17:38649589-39900528
KRT27	1	0	-0.4950392187591674	0.12230354065974147	4.1706632769302623e-05	-1.047036358425004	-0.18177509396910899	0.24706840010407419	0	-1.3412777748263425	0	1.255918077522419	ASN:chr17:38649589-39900528
KRT28	1	0	-0.4517568067550809	0.13824046217984351	0.00016971392948155037	-0.81345013180257264	-0.1822190391859986	0.24674509891958477	0	-1.5424114315453052	0	1.256220200992793	ASN:chr17:38649589-39900528
KRTCAP2	1	1	-0.85803951462959116	0.033662786993940132	0	-1.3103682894385835	-0.62117947534241347	0.045296890309072961	0	1.4203253698835359	0	0.61259768741792742	ASN:chr1:153397055-156616039
KRTCAP3	1	1	0.35881241222713606	0.7399098644032448	0.086801809158593979	-1.3013372702036661	-0.30853942891259228	0.16574231591916425	0	0.43237797906395303	1	-0.22516484029055095	ASN:chr2:26209579-29456860
LAMB2	1	0	-1.7065710846129618	0	0	-0.47721988266770388	-1.002543482569451	0.0017825533613414525	0	0.9705309372925055	0	0.22460168154548835	ASN:chr3:47793553-51831792
LAMTOR2	1	0	-0.6333591233455852	0.079656915629978189	0	-1.3711881044598442	-0.67429910930731329	0.033919839061085442	0	1.2657548722236605	0	-1.2315237121280997	ASN:chr1:153397055-156616039
LAMTOR3	1	0	0.63054446305552536	1.1064925557430376	0.1877082955212028	-0.2486359555274992	0.8601346076555938	1.9606092216412647	0.16320693730063521	0.33613311330666706	1	2.2195215970943911	ASN:chr4:99040831-101711689
LASP1	1	0	-0.018932686714127931	0.37939080372106199	0.018031920573401167	0.65006714942873856	-0.7633299085800388	0.019420294963793158	0	1.1211737060446065	1	-0.88780801530925635	ASN:chr17:36495389-38649589
LBX1	1	0	1.132044752029524	2.0029121743918887	0.49177275619769073	-1.5927386518564146	-0.19379920985314922	0.23841119828239499	0	-1.5424114315453052	1	0.62256465148871509	ASN:chr10:102471756-106139565
LDHB	1	0	1.3229118584413615	2.3895202378067801	0.63201643563728804	1.311161457646395	0.70118045305411947	1.5880787372488057	0.10803973172408809	1.0462788402264303	1	-0.4434393571811554	ASN:chr12:21757656-24562053
LEMD2	1	1	1.0955894223913083	1.930968860699823	0.46601075517499291	-0.1681640431178564	0.37704794743137943	0.91879168238077102	0.024644442230825115	0.65684186165880531	1	2.7261674667966322	ASN:chr6:33209310-35757007
LENEP	1	1	-0.66623918060665011	0.071243926391378401	0	-2.6329256119703248	-0.64612113191576115	0.039681889052659285	0	-1.5424114315453052	0	0.58337846106206148	ASN:chr1:153397055-156616039
LENG1	1	0	-1.5547401286310443	0	0	-1.1955930104400034	-0.68126583558499476	0.032586902357238559	0	0.4110279791248429	0	-1.4963732842522313	ASN:chr19:52985347-54734184
LEP	1	0	0.64112409634831213	1.1227436623982514	0.1926875846973144	-0.23963411409754837	0.1611975003970228	0.59065147982740696	0.0039349834173145418	-1.5424114315453052	1	1.8296279859338556	ASN:chr7:126869221-129589868
LEPR	1	0	-0.84087679478413413	0.036294060793936669	0	1.7653157518907416	0.6591392853333915	1.4923390888207988	0.094347829391706814	1.2706748772377361	0	-1.0712355586169768	ASN:chr1:65041376-66774011
LEPROT	1	0	-0.71105082196553182	0.060762519402220244	0	-0.28443515866687574	0.37179163254465192	0.90963018902954351	0.023829920429314779	0.84940327292380335	0	-1.1156607899692434	ASN:chr1:65041376-66774011
LGALS1	1	0	-1.4303303622726626	0.00012030910339638986	0	-1.2859668254439964	-0.41872769929582643	0.11152032768308333	0	1.4707309345791446	0	1.9460982782985985	ASN:chr22:37977990-40527060
LGALS2	1	0	-1.3762391595081431	0.0004255787901981649	0	-0.45422331415789502	-0.42529944344904874	0.10872664559485758	0	0.021560213857318659	0	1.9627828368850366	ASN:chr22:37977990-40527060
LGI1	1	0	-0.60273495997552773	0.088065633942553359	0	0.45610695448232658	0.43071775274435586	1.015880260974946	0.034047426426744437	-1.3822146075020518	0	-0.26633905920212247	ASN:chr10:95362627-97064851
LHB	1	1	0.55032293805305998	0.98804129766728022	0.15252868363226896	-2.3158579011512046	-0.52518331459734113	0.071824751370103315	0	-1.424273135697375	1	0.34256237592670469	ASN:chr19:49093112-51334271
LIG1	1	1	0.16672227000719989	0.53669408277678354	0.043229022468065877	0.69677606516382184	-0.13098797254756059	0.28594793930971019	0	0.25739584185197012	1	-0.17544008658418195	ASN:chr19:47334409-49093112
LILRB3	1	0	-1.5114671664194419	1.1870169688593054e-06	0	0.13111269723477342	-0.70762750883784165	0.027859428738134739	0	-0.23739553614427666	0	-1.4984793172962663	ASN:chr19:54734184-55660892
LIN7B	1	1	0.74760328161949352	1.2938692709244002	0.24688442547858899	-1.2974192690672748	-0.82076368498292007	0.012709536279613453	0	-0.13586827715378455	1	0.37123833611296958	ASN:chr19:49093112-51334271
LIPF	1	0	-1.7386502180304149	0	0	-0.33856519493173687	0.35261116803027559	0.87671637056193941	0.021010106478515127	-1.5424114315453052	0	-0.10086143163528226	ASN:chr10:89149284-90787308
LMAN1	1	0	0.33112255631256848	0.70790395682154872	0.07924877614657648	0.28094658160656	0.80657533080110588	1.8339541964311068	0.14425373075924677	1.2950411070994965	1	-0.58484373641956466	ASN:chr18:54958664-57377707
LMNA	1	0	-1.1375200013487201	0.0067847602587094063	0	0.72900396180625415	-0.4834295478619221	0.086018480985023862	0	1.2657548722236605	0	-1.120533914086824	ASN:chr1:153397055-156616039
LMTK3	1	1	-0.019598054472204664	0.37889105030012488	0.017966398155719047	0.17255139106812753	0.0034883650141671668	0.40811628570566305	0.00022257263594282218	-1.2753861034403373	1	0.22178695223634487	ASN:chr19:47334409-49093112
LPAR2	1	1	1.311701764004803	2.3664598954569747	0.62358860786177195	-1.1120844722838188	-0.29386015104344376	0.17407378553537015	0	-0.25720278193313983	1	0.24435602943024984	ASN:chr19:16749208-20221313
LRPPRC	1	0	-1.1221664025578091	0.007604706661188761	0	1.2246760940332559	0.7684833311526833	1.7443689011187027	0.13093296685495179	0.79680574201383325	0	0.8537131161642848	ASN:chr2:42336744-44322128
LRRC20	1	0	0.86854575521939348	1.5033186198953958	0.31658007909077512	1.0174097822227421	1.0668669755277	2.4501688987748373	0.23658529869689071	0.33613311330666706	1	-0.73727866708923895	ASN:chr10:71054709-72673145
LRRC25	1	1	1.4635342227462653	2.6808002947028857	0.73881929612235908	-0.95264660081278751	-0.98258063738278922	0.002382616713309557	0	0.075999970515501863	1	1.0879536878081302	ASN:chr19:16749208-20221313
LRRC4	1	0	0.58702108134319297	1.0411600053808647	0.16804571140454783	-1.1458751650242125	0.13371031525477528	0.55556535683371433	0.002798548895768178	-0.88960834055134685	1	1.7983291493120848	ASN:chr7:126869221-129589868
LRRC58	1	0	-0.64652766077351409	0.076212263492233673	0	0.082309572095895137	0.57796847433223952	1.3132731261748285	0.06977610418983364	0.081339246334298773	0	-0.57866550477275747	ASN:chr3:118903462-120523073
LRRC8A	1	0	0.30599724646840842	0.67967315813299589	0.072786253670369547	0.36672382451629865	-0.73556831199473449	0.023373141798888844	0	0.66779344378501093	1	0.54347652071907271	ASN:chr9:130597604-132047808
LRRFIP2	1	0	-1.2193746714910323	0.0033878738600495025	0	1.3630857117166544	0.42625108838215958	1.0075509279583807	0.033186567384118924	0.90338129390388111	0	-0.7782555050031027	ASN:chr3:35283408-38353505
LSM4	1	1	1.4959907159509049	2.7483015427989486	0.76361684515289574	-0.20734906668288045	-1.0630442376684806	0.00059130191308180214	0	1.0405829515008636	1	1.0974300342309413	ASN:chr19:16749208-20221313
LSM6	1	0	0.42976272809578525	0.82629012152052372	0.10831165299682112	0.066174077460641426	0.19517231168254939	0.63602148334959252	0.0057190653542340932	0.63841378619765898	1	-0.24746877434261502	ASN:chr4:145025810-148834277
LY9	1	0	-0.85155449269231287	0.03464152692405828	0	0.28209552184474812	0.32008180437213529	0.82272782626482077	0.016752259834482613	-0.50941457891017539	0	0.32702719490309656	ASN:chr1:159953315-162888864
LZTS2	1	0	1.4441722877299052	2.6405509610831972	0.7240363256225395	-0.52935226782634937	-0.11251074753785842	0.30104555498674662	0	0.43237797906395303	1	0.43965610440535197	ASN:chr10:102471756-106139565
MALT1	1	0	0.26536244179041668	0.63562136939565661	0.063094540774435395	0.97093935536191467	0.97661621684949673	2.2364474403223977	0.20455133921076385	0.49876844501171047	1	-0.23757275192085492	ASN:chr18:54958664-57377707
MAMSTR	1	1	0.2434424036163807	0.61266879379326478	0.058243325810023797	-0.89470904666016249	-0.19514006512283033	0.23745852728903608	0	-1.2498015070218957	1	0.25767289732265358	ASN:chr19:49093112-51334271
MANBA	1	0	-1.7285879608758745	0	0	1.3537957718351263	0.37737597121078487	0.91936544165514167	0.024695879258881701	0.39373156795655168	0	-0.15804038923061522	ASN:chr4:102707193-105305539
MAP1B	1	0	-1.3275570770200711	0.00095526140914965578	0	1.172589841412341	-0.40866274001058961	0.11589111657468334	0	-0.84999219990435326	0	-0.60022384436130416	ASN:chr5:67851517-71419711
MAP1S	1	0	-0.59191671942261059	0.091171804118162891	0	-0.2917588581482487	-1.0774026778670875	0.00042318623288079926	0	0.10776055695994285	0	1.3675030275913218	ASN:chr19:16749208-20221313
MAPK10	1	1	0.46820176447021189	0.87577767695520048	0.12132373400102377	2.5068525448562862	1.0734051067593204	2.4656517485906226	0.23890596872843572	-0.7644260123559129	1	-1.6065190516418686	ASN:chr4:87214993-89236855
MAPKAPK5	1	1	0.63054446305552536	1.1064925557430376	0.1877082955212028	0.68839797498655564	-0.95000533409385868	0.003627741637700751	0	0.419603645285127	1	2.1278250915913239	ASN:chr12:109270450-113028429
MAPRE3	1	1	0.45626700502258349	0.86020686055026863	0.11717810149225998	0.71642663096701931	-0.31329966327190684	0.16309879237201808	0	0.64211714203560788	1	0.23587865137323322	ASN:chr2:26209579-29456860
MARK1	1	1	0.38172493033871807	0.76711180549425029	0.093402902764637669	1.3928825329091483	0.64557234554643983	1.4618347090459984	0.090055513529258391	-1.2371673595673942	1	-0.86623074484813078	ASN:chr1:220125116-221151629
MARK3	1	0	-0.33743860799591291	0.18685691094637516	0.0013310945065609892	1.2851122792207488	0.081331941237916913	0.49260711586328521	0.0012813675407606141	0.65684186165880531	0	0.2537014970190592	ASN:chr14:103390025-105001894
MARK4	1	0	-1.2842841148084687	0.0016922949535474164	0	1.7825436529231591	-0.57997673657241466	0.055691820726472809	0	-0.00076803800037141131	0	0.7782555050031027	ASN:chr19:45579043-47334409
MAS1L	1	1	0.63042399135548877	1.1063083219336112	0.18765203802462521	-2.2096557205712952	-1.9790932196186803	0	0	-1.5424114315453052	1	0.088313384392563962	ASN:chr6:28901402-29688046
MASP1	1	0	-0.53993549910858862	0.10711832731930887	2.3112073620691262e-06	0.92163910525768766	0.74470778755132849	1.6888103722875505	0.12273376660888168	1.153322320865807	0	0.91835367519217603	ASN:chr3:186230742-188951597
MAST3	1	1	0.8793639957723105	1.5227514179025385	0.32319079211761037	0.6789998342398702	-1.2590140455729486	0	0	0.29495221667459859	1	0.68599490733676005	ASN:chr19:16749208-20221313
MAU2	1	1	1.1601057307674354	2.0587769620404304	0.51186572266948482	0.4113885034115416	-0.22261729028087554	0.21849085691374626	0	0.40240413481205911	1	-0.11287275726658151	ASN:chr19:16749208-20221313
MB	1	0	-1.4764496534666529	2.0400917423208306e-05	0	0.25779769728785157	0.53931383011307199	1.2313369656890063	0.059150390952065382	-1.1279089072535582	0	-0.93586475493836663	ASN:chr22:34860926-36453608
MCAM	1	0	0.43553263932886827	0.83359635332938775	0.11020235425965313	-0.41645005882878966	0.25430516059762232	0.72042381440715841	0.0099804347691623864	0.37623804244697634	1	0.92992553954065182	ASN:chr11:118900987-120771784
MCM5	1	0	-1.5098918894345359	1.4586634224814965e-06	0	0.098781785404631617	0.63418997536507293	1.4364062445436838	0.086507227479591803	0.3133913603150254	0	-1.10523436361019	ASN:chr22:34860926-36453608
MCU	1	0	-1.641286053054293	0	0	1.6711954056043568	-0.26159959358414037	0.1933550245122618	0	0.14400265101987489	0	-0.40737179429614107	ASN:chr10:73730459-75699350
MED22	1	1	1.5586446940593075	2.8786179223257924	0.81149250619344948	-0.63134291164771184	0.12508303783744068	0.54484673344116907	0.0024933500345919249	-0.023425870031421252	1	-0.63982072579965954	ASN:chr9:134722557-136612240
MED24	1	0	-0.25698595273664765	0.22715235610524645	0.0032717205003561793	0.4891217782097898	-0.60827454814335002	0.04839943725187771	0	0.4865369838791111	0	-0.35452385362234706	ASN:chr17:36495389-38649589
MED26	1	0	-0.18082357841226693	0.27028084271683345	0.0063167503012090355	0.6826477773905929	0.20851737063421713	0.65445922532082412	0.0065456662396831643	-0.18579268548961117	0	0.74305567513885051	ASN:chr19:15648148-16749208
MEPE	1	1	0.61966539942526255	1.0899305734414912	0.18266852197123096	0.099964475421835827	0.55755250892625496	1.2696958826154512	0.064066796173083237	-1.5424114315453052	1	-1.1450448465602125	ASN:chr4:87214993-89236855
METAP1	1	0	0.69545390637293991	1.2083842303749899	0.21943739960483397	0.84872378545630023	0.80501458581269869	1.8302727952845423	0.14370445148994987	0.60467527972704138	1	2.1536129647690712	ASN:chr4:99040831-101711689
METTL2B	1	0	0.7926125383626369	1.3700707890995025	0.27187981062872896	0.22465807447795272	0.044784428933872522	0.45161886076983182	0.00063768495455283133	-0.040641455150152536	1	1.8667345689564676	ASN:chr7:126869221-129589868
MEX3A	1	0	-0.95119967686929341	0.021568930752006284	0	-0.61898593065177765	-0.56899677582887886	0.05870758014041836	0	-1.2246363491606882	0	-1.1848169893514275	ASN:chr1:153397055-156616039
MFAP2	1	0	0.90104354883785509	1.5620125358969772	0.33661021931407337	-0.96947799862782991	-0.017510974103252672	0.38710857342643795	0.00010819313678301922	-0.7644260123559129	1	0.61342593374553489	ASN:chr1:14893157-17875820
MFNG	1	0	-1.5547401286310443	0	0	-0.19418295037803857	-0.26531121312251599	0.19106765716074181	0	0.15927680938315789	0	1.9415584213102979	ASN:chr22:36453608-37977990
MFRP	1	0	0.47340474983244946	0.88262420556981325	0.12316121601700508	-0.81593539950958227	0.25430516059762232	0.72042381440715841	0.0099804347691623864	0.038095816304544595	1	0.95075145975809117	ASN:chr11:118900987-120771784
MGAT3	1	0	-1.4039698708451598	0.00023792759865106673	0	0.34329227692611025	-0.17822736654119417	0.24966216906162728	0	-1.424273135697375	0	-0.83275384402684915	ASN:chr22:37977990-40527060
MIA2	1	0	-1.6119360198584445	0	0	0.037433678369792431	0.73446249805358976	1.6649759756762592	0.1192349886419482	0.51090321374087144	0	0.70698976732796548	ASN:chr14:35858508-40256601
MICALL1	1	0	-1.5439218880781491	0	0	0.39280556802241851	-0.29574771193935173	0.17298717643513342	0	-0.20494104501434526	0	1.9246622031110661	ASN:chr22:37977990-40527060
MIER1	1	0	0.97656278938003749	1.7018950034162132	0.38503897703719125	0.80791445566092657	0.59990686365492463	1.3608029622845697	0.076137743071063038	0.53488870564562641	1	-0.40632796156588347	ASN:chr1:66774011-68477862
MIF	1	0	1.416164445927997	2.5823793131677619	0.70267949488334802	-2.2350218623947256	0.11074043431284628	0.52733397712914187	0.0020365083363169624	1.6629882125337589	1	-0.47424794031408274	ASN:chr22:23398337-25209349
MKRN2	1	0	-0.95141044646712003	0.021545522796501154	0	0.13818070071344327	0.70007902434833325	1.5855492402570139	0.1076741770877381	0.50282403587880642	0	0.099481784172114604	ASN:chr3:11019488-12860229
MLEC	1	0	1.2188841023615633	2.177013978642409	0.55461154604057339	-0.30595093335396117	0.31126439530183353	0.80848559523048502	0.015706619128729758	0.76640791205277092	1	0.11190574923927235	ASN:chr12:119859279-122015993
MLH1	1	0	-1.1869199498323248	0.0045496931961229248	0	0.90785275517097352	0.40278407686387013	0.9645372692172457	0.028901270277349959	0.53488870564562641	0	0.27117803296547116	ASN:chr3:35283408-38353505
MLN	1	1	1.0847688193902758	1.9097620231072336	0.45844358115574846	-0.67055666261351643	0.38425105418482824	0.93144595170231792	0.025790487857686745	-1.5424114315453052	1	2.7205684900926794	ASN:chr6:33209310-35757007
MMAA	1	0	0.47360280444387914	0.88288552516907104	0.12323152495006914	0.48277118662129581	-0.1223709275257175	0.29292444378952059	0	0.29030761328157983	1	-0.095481867609653368	ASN:chr4:145025810-148834277
MMP11	1	0	1.6572848658425243	3.0837833475834575	0.8868662266155517	-0.25169200841148903	-0.094639845612878054	0.31614451107151498	4.8135244667622186e-13	-0.77370120825070487	1	-0.57947716407441541	ASN:chr22:23398337-25209349
MMP15	1	0	-0.73255384661035683	0.056120775082966881	0	-0.034479823933093283	0.84007176582944687	1.9131126951427462	0.15609026103138285	0.81012504683872599	0	-0.41065530940560074	ASN:chr16:56907578-58867358
MNDA	1	0	-1.1652834687265128	0.0054557515474574977	0	-0.15729488995368401	0.68542277637365423	1.5519936942528096	0.10284322314604634	0.19928012204816672	0	0.86603099371072145	ASN:chr1:157982579-159953315
MOAP1	1	0	-0.19343028028034814	0.26279480861811283	0.0057189926705868022	-1.6165914812879489	0.70173092132045467	1.5893433146919254	0.10822255438716241	0.55850517531162203	0	0.78290964158840515	ASN:chr14:92916399-94325285
MOG	1	1	0.67370167794748737	1.1736642953828318	0.20849452163239601	-0.28588433193024543	-2.4819724237021497	0	0	-1.5424114315453052	1	-0.37874929765276594	ASN:chr6:28901402-29688046
MORN3	1	1	1.2846442168836931	2.3109426293004702	0.60332369345424108	-0.028083538367491039	0.27695368152709715	0.75462998607399245	0.012051858198766597	-1.2625405033716455	1	0.27160530459754978	ASN:chr12:122015993-124721969
MPPED1	1	1	1.604186112816854	2.9733412422198815	0.84629198092065439	1.1276062106489306	0.80058530300701725	1.8198295274610801	0.14214701744058916	0.57791175806387796	1	2.6736648894302202	ASN:chr22:42690818-44994946
MPST	1	0	-1.2869436496485462	0.001638718241166061	0	-0.6035678597638342	0.10314674392111449	0.51821570541866502	0.0018189946485228652	1.5869516283659728	0	1.8786249028000555	ASN:chr22:36453608-37977990
MPV17	1	1	0.41295385266905621	0.8052492397997546	0.10292718842117629	-0.2470649056958166	-0.3018956345476056	0.1694793773807465	0	0.80014641852338841	1	-0.23714916304822126	ASN:chr2:26209579-29456860
MPV17L2	1	1	0.92263695798391288	1.6015271320870772	0.35019728932608507	-1.3695513553730678	-1.2439676726782447	0	0	0.30419947506312861	1	1.1151493693604655	ASN:chr19:16749208-20221313
MPZ	1	0	-1.1003740254090981	0.0088781676761591818	0	-1.1157502518108069	0.4613723128601076	1.0742530459466322	0.040345010278153334	-0.63163084246833168	0	-0.014071077581779296	ASN:chr1:159953315-162888864
MPZL2	1	0	0.078452740295077678	0.45737423145932543	0.029438724911740891	-0.53520746293837296	0.41760619817710171	0.99155971035826651	0.031561899961923538	0.58560621151926406	1	-1.0994376455468851	ASN:chr11:117901740-118900987
MPZL3	1	0	0.067632137294067057	0.44822591468044121	0.027984169790400151	0.10750297331608177	0.43517364663432856	1.0242350055129639	0.034920861401907054	-0.07566290381854722	1	-1.0812794251569338	ASN:chr11:117901740-118900987
MRC1	1	0	1.4419125045232954	2.6358549097510835	0.72231180526510808	1.1681004800771999	0.85583564256119637	1.9504295303980514	0.16168124652494548	-0.31130671705196428	1	-0.4856463009020528	ASN:chr10:16679279-18537267
MRGPRE	1	0	0.12208715706903778	0.49552817113609504	0.035815549584670064	-1.2009922937610875	0.39435346549313322	0.94938863697262399	0.027456894803876853	-1.5424114315453052	1	0.024093966354129619	ASN:chr11:2739889-4466102
MRGPRG	1	0	0.14372363817484995	0.51520954423468746	0.039293162405478151	-2.4978502083354597	0.36849882704683151	0.90392213617789507	0.023328923483765845	-1.5424114315453052	1	0.061881532610260311	ASN:chr11:2739889-4466102
MRPL1	1	0	-0.87319097379812516	0.031448307481159031	0	1.0760188700388613	0.68875136680786875	1.5595972228519741	0.1039348104169654	0.72491781202550087	0	1.2149892063842835	ASN:chr4:77718852-78969420
MRPL23	1	0	0.3384519681271157	0.71628410147665611	0.081203542253220337	0.39444029896884392	0.0951396415170776	0.50871552069267667	0.0016070300324468904	1.1769995036550049	1	-0.70346916359250122	ASN:chr11:70855-2739889
MRPL33	1	1	0.174731514724634	0.54431394518918941	0.044659003776565995	1.7490360983081157	-0.16850609040575082	0.25686234848623046	0	1.2028861247178617	1	-0.0055596368074804807	ASN:chr2:26209579-29456860
MRPL34	1	0	-0.78664504937487634	0.045502654431496647	0	-0.34604640260434272	-0.90481836740576727	0.0059815151690614946	0	1.2780254431602163	0	1.5242870495002898	ASN:chr19:16749208-20221313
MRPL40	1	0	0.13384221274613498	0.50615760796778042	0.037678267825061798	-1.2905642687113847	-0.12839863729472351	0.28803253232531284	0	1.2333846163564111	1	-0.61061160804060621	ASN:chr22:18557031-19912242
MRPL43	1	0	1.4218774637513019	2.5942389455723345	0.70703251238981235	-0.16290211481409672	-0.094216447293595837	0.31650822673812962	3.9136769406319443e-11	1.080017346697048	1	0.39621067527923137	ASN:chr10:102471756-106139565
MRPS27	1	0	-1.3383753175729882	0.00081256969057024147	0	1.1642923497382314	-0.25835803061911566	0.19536758132126245	0	0.73887281950114025	0	-0.65522637512377502	ASN:chr5:71419711-73759199
MRPS28	1	0	-1.3275570770200711	0.00095526140914965578	0	1.2391290024320512	0.36849882704683151	0.90392213617789507	0.023328923483765845	1.1373321736707733	0	-0.53870905717081696	ASN:chr8:79751440-82016264
MRS2	1	1	0.41880270900875627	0.81252964778357895	0.10478003404414644	0.011803543107644306	1.2041514715300423	2.7752702401734788	0.2853135980200352	0.45343510281395133	1	-0.039201844201985782	ASN:chr6:24397129-26141757
MSI1	1	0	1.010643739708079	1.7664884830975416	0.40768547719286702	0.17067395717389863	0.43961882186885742	1.0326145466129868	0.035806664696573703	-1.0931517940764952	1	-0.62256465148871509	ASN:chr12:119859279-122015993
MSL1	1	0	-0.30026836474075613	0.20482301342381762	0.0020857550784205161	-0.33227079998129561	-0.48971144158202795	0.083773271378979858	0	0.72491781202550087	0	-0.39546836796150486	ASN:chr17:36495389-38649589
MSL2	1	0	0.83609103356068615	1.4456769371050213	0.29710231455952713	0.59486294891658686	-0.10653455674595717	0.30604001177001766	0	0.42387357919353502	1	-0.058718477604240427	ASN:chr3:135268752-137727495
MSTO1	1	0	-0.65527916151964316	0.073978856516272062	0	1.4037628033772291	-0.65986890981706103	0.036795363757813289	0	-0.3745438613257136	0	-0.10306926807080714	ASN:chr1:153397055-156616039
MTNR1B	1	0	-0.78531011013005825	0.045747047476699956	0	-0.28813846349124173	0.45854938137540985	1.0687915586812797	0.039737348834734412	-1.5424114315453052	0	-1.0126513460742126	ASN:chr11:90954609-92731401
MTSS1	1	1	0.84608537620435131	1.4633207251306055	0.30304280181181154	1.5974473313123005	0.68236629247698	1.5450209963525865	0.10184385425970033	1.074445506640205	1	0.85035821765475927	ASN:chr8:123780420-126401023
MTX1	1	1	-0.92927963869523544	0.024097044583622808	0	-1.1323906492989033	-0.59490393601198521	0.051760099670414977	0	0.34961818026662567	0	0.59464461396093571	ASN:chr1:153397055-156616039
MUC1	1	1	-0.90735960052119957	0.026815368339817625	0	-1.2485698882313165	-0.60213433964828389	0.049924091587889394	0	-0.84024587985937749	0	0.60928889243618767	ASN:chr1:153397055-156616039
MUC21	1	0	1.1335270979875958	2.0058530422391403	0.49282865979162593	-0.9876806137994818	-9.3598406062987767	0	0	-1.5424114315453052	1	0.69173802635790149	ASN:chr6:30458591-31054923
MYADM	1	0	-1.4249212419962149	0.00014021724125335647	0	-0.60153022585700167	-0.80142007406522109	0.014760197746446047	0	0.9002581183599988	0	-2.0345631127733563	ASN:chr19:52985347-54734184
MYD88	1	0	-1.1436469876207005	0.0064747602073795775	0	-1.225006265854667	0.22639947220798443	0.67971932170695504	0.0077731024645504342	1.0911007179534018	0	0.25299274106882036	ASN:chr3:35283408-38353505
MYH9	1	0	-1.4430074174987477	8.1226045929797439e-05	0	1.2050144336556627	0.28903502996250435	0.7733114325323468	0.013265561925730395	1.2877717632051922	0	1.799021156986464	ASN:chr22:36453608-37977990
MYL2	1	1	0.65218094416131556	1.1398786494255104	0.19797287223646254	-0.62533394208768245	-0.95809548327135408	0.0032856649499927669	0	-1.5424114315453052	1	2.242673863840599	ASN:chr12:109270450-113028429
MYO9B	1	0	-0.82991801158650069	0.038043901359551907	0	1.4069932410504584	-0.74698454637661249	0.021688461592194626	0	0.44924672299778623	0	1.3880723818876994	ASN:chr19:16749208-20221313
MYOF	1	0	-0.72173560605746179	0.058425316628706467	0	1.5895609154785235	0.59903431057831202	1.358899326764607	0.075880456112557407	-0.3251360020311444	0	-0.75213226494135443	ASN:chr10:92107336-95362627
MYPOP	1	0	-0.89482745490391535	0.028457608225063546	0	-0.44089483497645982	-1.2749858127311418	0	0	-0.22433128494633753	0	-0.18478789877270485	ASN:chr19:45579043-47334409
NAA25	1	1	0.51154381697356921	0.93390336548035446	0.13719992028859931	1.0050992176598663	-0.75665322484420561	0.020326633976306872	0	0.18937660221091152	1	2.0174620596281523	ASN:chr12:109270450-113028429
NANOS2	1	0	-0.90564569545683238	0.027036130290252633	0	-2.0472907595110152	-1.2693799780117414	0	0	-1.5424114315453052	0	-0.17725261750265323	ASN:chr19:45579043-47334409
NAP1L4	1	0	0.16536011928066216	0.53540527339237909	0.042988901621069595	0.58880051167554914	0.28524653892898549	0.76742047647542444	0.012876595557018611	0.94948206340882169	1	-0.10044751735729983	ASN:chr11:2739889-4466102
NBPF1	1	0	0.81336339614164532	1.4059180684393822	0.28378976538066725	0.64009602328917714	0.10314674392111449	0.51821570541866502	0.0018189946485228652	-0.17315853803510961	1	0.29604455324849532	ASN:chr1:14893157-17875820
NBPF3	1	0	0.82432341522867436	1.4250272938123283	0.29017508023059146	0.53797005601279968	0.67930474474443825	1.5380457849410101	0.10084574279445783	-1.0480002963675215	1	1.0391383096770028	ASN:chr1:20304720-22145806
NCAN	1	1	1.2575603235628827	2.2555974028731933	0.58316105361131632	0.45438786230388645	-0.2783609053815399	0.18316879615549295	0	-1.482206058210068	1	0.23164634875779316	ASN:chr19:16749208-20221313
NCEH1	1	0	-1.7105453052419444	0	0	0.99230340687640473	0.28283163077330781	0.76368104618810151	0.01263266782016736	-0.18579268548961117	0	-0.040300906473604341	ASN:chr3:172048457-175051223
NCF4	1	0	-1.3426807095950546	0.00075999200051347655	0	-0.20811730286021884	0.12658633013626813	0.54670443199056062	0.0025448477323714853	0.30419947506312861	0	1.8883321034161813	ASN:chr22:36453608-37977990
NCK1	1	0	0.81445455245487397	1.407815156648065	0.2844225675100458	1.0530357631778515	0.019480866010181522	0.42461527999176152	0.0003499027927599655	0.70018705444177343	1	0.65284622190650488	ASN:chr3:135268752-137727495
NCS1	1	0	-0.42964311112905218	0.14689197302131679	0.00028664072269075458	0.81992580589671693	0.097812532507928263	0.51187379950726408	0.0016758453006097949	-0.8113727982236163	0	2.4903946624588462	ASN:chr9:132047808-133641809
NDRG4	1	0	-0.67846264384583732	0.068274185887305758	0	0.63313865593900553	0.79928054975333274	1.8167544647691256	0.14168864223451846	-0.99336676308912741	0	-0.0080306314460306828	ASN:chr16:56907578-58867358
NDUFA13	1	1	1.2034188831209627	2.1457563854604733	0.54328470784675564	-0.17653713826132625	-0.26438260910477124	0.19163822827879162	0	1.6127179186060483	1	0.1417976142701998	ASN:chr19:16749208-20221313
NDUFA3	1	0	-1.6845590152658954	0	0	-0.94613364865972038	-0.63928540788265953	0.041171682277265712	0	1.4402468639792609	0	-1.2789036228909767	ASN:chr19:52985347-54734184
NDUFAF3	1	0	-1.5929671573089517	0	0	-1.5353914362046805	-1.057331955047448	0.00066893399769750515	0	1.134650879975442	0	0.043048778055806827	ASN:chr3:47793553-51831792
NDUFB8	1	0	1.3215507558476087	2.3867185780670801	0.63099221632101155	0.064208546031646635	0.17990615047458619	0.61535801369985976	0.0048624186955236095	1.5006213970755693	1	0.2271364596196756	ASN:chr10:100365649-102471756
NDUFB9	1	1	0.86774195238111496	1.5018790447350079	0.31609121633130083	0.21255409480222778	0.56290019677658965	1.2810467665075049	0.065541777687562072	1.5505458054113956	1	0.88536764120364331	ASN:chr8:123780420-126401023
NDUFS2	1	0	-1.0246463415387665	0.014394787486850294	0	-0.19627267597747231	0.38816821931122991	0.9383760638777382	0.026428380350359205	1.3635916307086566	0	-0.0142083655810336	ASN:chr1:159953315-162888864
NECAP2	1	0	0.72568324344545754	1.2575594342948346	0.23514372222924415	-0.10743568962255005	0.1611975003970228	0.59065147982740696	0.0039349834173145418	0.82988978663259039	1	0.16624676269240951	ASN:chr1:14893157-17875820
NEDD4L	1	0	0.23248238452935174	0.60140267903872269	0.055913874490745002	2.1349247075223872	1.1167777159955463	2.5683617694105676	0.25430081335278826	0.010436685107920078	1	-0.389389616736313	ASN:chr18:54958664-57377707
NEU2	1	0	1.712368518345893	3.1983539204676581	0.92895718964369589	-1.7211277617951468	0.48689564271460484	1.1243891356555034	0.046082941787444806	-1.5424114315453052	1	0.51395467479104073	ASN:chr2:233550713-234883167
NEUROG3	1	0	1.0849105662774714	1.9100393734749126	0.45854246441837659	-2.057711541743465	0.8359817446131298	1.9034352138086506	0.15464112286002224	-1.5424114315453052	1	-0.24152831519481732	ASN:chr10:71054709-72673145
NFKB1	1	1	-1.6853055488717881	0	0	1.2689135211673876	0.37999806736754382	0.92396044154797308	0.025109622188816041	0.60088036988254712	0	-0.094930276290196375	ASN:chr4:102707193-105305539
NFRKB	1	0	-0.81064270131814531	0.041256525578606554	0	0.27650226537461697	0.4748004486906342	1.1004627617357994	0.043309822680235859	0.24786139970718202	0	0.65182728812014867	ASN:chr11:128188777-130049774
NGEF	1	0	1.7015502777929978	3.1758526526428983	0.92069066877139827	1.3835069851850301	0.57943916438712451	1.3164372016297949	0.070195417480121397	0.62724980789687312	1	0.52196069132423806	ASN:chr2:233550713-234883167
NICN1	1	0	-1.4793632300049198	1.7438138131202661e-05	0	-0.96378632954321586	-1.1241140927731481	9.9038599093287995e-05	0	0.38063014916378046	0	0.14845654827531335	ASN:chr3:47793553-51831792
NINJ2	1	0	-1.1539600299792414	0.0059745408766303573	0	1.1508367878292507	0.060424995908492561	0.46886952254768888	0.00087702373848291175	-0.006401219552568789	0	-0.16742994703185873	ASN:chr12:61107-1739022
NIT1	1	0	-0.94891865766843475	0.021823344989051422	0	-0.85389663085544887	0.36948728492352695	0.90563310449968659	0.023478571254988305	1.0883373684217534	0	-0.04497248035339655	ASN:chr1:159953315-162888864
NKAPL	1	1	0.38157729345143654	0.7669344297919759	0.093359332065041947	-2.0102444449700037	0.14527502053719324	0.57015272020145435	0.0032453794723003777	-1.1279089072535582	1	-0.082664527383682865	ASN:chr6:26697553-28901402
NKPD1	1	0	-1.2085564309381371	0.0037499503475822565	0	-0.58763785099644938	-0.64498008713950983	0.039928029327518218	0	-1.5120136015842425	0	0.77937095752549856	ASN:chr19:45579043-47334409
NKX2-3	1	0	1.1877818119760104	2.1142557093833472	0.53188826287176882	-1.406817909691108	0.23421310734391004	0.69095779035866689	0.0083543508763371851	-1.5424114315453052	1	0.4230834290523236	ASN:chr10:100365649-102471756
NLRP12	1	0	-1.4790124447607345	1.7778551365960845e-05	0	0.24795972274745895	-0.76089923153583439	0.019747063697544181	0	-1.3684473380869764	0	-1.9958759595778566	ASN:chr19:52985347-54734184
NLRX1	1	0	0.32732660931863006	0.70358963757451209	0.078248837931512619	-0.18931416263315753	0.29350234695611194	0.78029657748638137	0.01373419370722438	-0.06977022767520083	1	0.91877231341040899	ASN:chr11:118900987-120771784
NOL11	1	0	0.74863078340890388	1.295584427089288	0.24744185754307277	0.13815186550822145	0.043213066631343708	0.44990950832886012	0.0006163854072082194	0.74234183849229562	1	0.70311758302178806	ASN:chr17:64800166-67858770
NOL12	1	0	-1.4519668433784747	5.9436074573286048e-05	0	1.0944485678617428	-0.41419168239726051	0.11347626616828349	0	-0.029142972544210624	0	1.9442775247734407	ASN:chr22:37977990-40527060
NOS1AP	1	0	-1.2410111525968444	0.0027351640048367031	0	2.0351467150457263	0.72741969110199745	1.6486334359390389	0.11684329497596324	-0.99336676308912741	0	-0.68616860826668824	ASN:chr1:159953315-162888864
NOSIP	1	1	1.1531239878394115	2.0448399272740492	0.50684621558852527	0.33665863840499061	-1.2423909473637946	0	0	0.83642188266082707	1	0.59431700135339072	ASN:chr19:49093112-51334271
NOTCH3	1	0	-0.37555190836453267	0.16955880885461508	0.00077328634106052551	0.47491684458397093	0.35261116803027559	0.87671637056193941	0.021010106478515127	-0.64868702072582451	0	-0.36404160150956044	ASN:chr19:12500149-15648148
NOTCH4	1	1	1.6041577634394237	2.973282277277189	0.84627031836664646	0.20774828526564104	-3.2067438751196335	0	0	0.059869801952823244	1	3.2250324770624634	ASN:chr6:31571894-32682590
NOVA2	1	0	-0.92728217656264456	0.024336771053492367	0	0.44577302276787728	-1.2384550098663958	0	0	-0.98266957519798592	0	-0.28902404235846002	ASN:chr19:45579043-47334409
NPFFR1	1	0	0.93345519853683001	1.6214728168168522	0.35708476631334324	0.3756716239431504	1.0125494910562527	2.3215404842249097	0.21730563698068511	-1.5424114315453052	1	-0.94655344836059296	ASN:chr10:71054709-72673145
NPTXR	1	0	-1.4905346948533549	8.7323539366250055e-06	0	0.10371279684120195	-0.20905284016757697	0.22772292624891843	0	-1.2371673595673942	0	-0.64538966561176381	ASN:chr22:37977990-40527060
NR1D1	1	0	-0.25698595273664765	0.22715235610524645	0.0032717205003561793	-0.79559520666603167	-0.58273195097342267	0.054951639141283412	0	0.46593210738885804	0	-0.46428649659110377	ASN:chr17:36495389-38649589
NR1I2	1	0	-0.67898946977656804	0.068148081305675304	0	0.40993122971170909	0.56200998947406389	1.2791540451154304	0.065295216466431258	1.1184640138135591	0	-1.2607658827808055	ASN:chr3:118903462-120523073
NR2C2AP	1	1	1.3441866282699373	2.4333699338973958	0.64805696442722038	-1.8535336336971282	-0.33873568717567076	0.14944849329368179	0	0.33613311330666706	1	0.31676242530543625	ASN:chr19:16749208-20221313
NR2F6	1	0	-0.73255384661035683	0.056120775082966881	0	-0.3556792815637973	-0.91799433735449931	0.0052135798778772625	0	1.0827957008497084	0	1.4963732842522313	ASN:chr19:16749208-20221313
NRBF2	1	0	0.73872686858456427	1.2791010096460158	0.24209513392855897	-0.020250746813211259	0.51937529286571193	1.190058669346822	0.053987106184102483	0.84616820270580295	1	1.0557698314271466	ASN:chr10:64198067-66313715
NRBP1	1	1	0.34798412413876523	0.72728135942613181	0.083793518279538917	-0.33344043506282078	-0.30000178661712273	0.17055484009383096	0	1.071651984030682	1	-0.20886143900367304	ASN:chr2:26209579-29456860
NRF1	1	0	0.55455927234011715	0.99407915881975006	0.15426927259355308	1.4428325406082347	0.29693141076513124	0.78568674189589149	0.014101304273007606	-0.093477884239779013	1	-0.24732723413576735	ASN:chr7:126869221-129589868
NRSN1	1	0	0.10096215548504804	0.47680196943738185	0.032624248158263536	0.19590855946303695	1.1064165397965191	2.5438256245518365	0.25062317669411244	-1.5424114315453052	1	-0.1105244904756249	ASN:chr6:23199920-24397129
NSMAF	1	0	0.088105210017579372	0.46563925917874216	0.030778043514180259	0.94698134543015977	0.42241390695891279	1.0004319011343488	0.032458719223487122	0.091962404650528268	1	-0.22530564112844143	ASN:chr8:59047312-60470380
NSMCE2	1	1	0.83525708811595845	1.4442090794798705	0.29660898854735473	1.9348730408770687	0.79457579541346157	1.8056712347347805	0.14003742060656985	0.3406413111146418	1	1.0422052298256852	ASN:chr8:123780420-126401023
NSUN6	1	0	1.4202760234175054	2.5909141634936632	0.70581210631554903	1.2001302518964445	0.97115355558755623	2.223511394697602	0.20261240072299577	1.0491188785023953	1	-0.10569172743155894	ASN:chr10:18537267-20311057
NTF4	1	1	0.65992312892330574	1.1519675621661147	0.20172266874598752	-0.67510413928272583	-0.65470150001585847	0.037863301426006628	0	-1.5424114315453052	1	0.38702133112235337	ASN:chr19:49093112-51334271
NTN5	1	1	0.18864230818125785	0.55771925129907707	0.047216987933896032	-0.4986792309918141	-0.15314505468457915	0.26851971273765729	0	-1.2371673595673942	1	0.23263351217777378	ASN:chr19:49093112-51334271
NUBP1	1	0	-1.1983784138257159	0.0041133358622203074	0	0.1047674966816792	0.84593535700810274	1.9269904479939055	0.15816901614148318	0.76981532799192598	0	1.4364433257306866	ASN:chr16:8961640-10868121
NUCB1	1	1	0.52840289987900202	0.95718985333991224	0.14373118524574366	0.034074028677254543	-0.46367660750544992	0.093339082890485758	0	1.502734322736478	1	0.65982719149654756	ASN:chr19:49093112-51334271
NUDT3	1	0	-1.3819884351728955	0.00038062168088707994	0	1.2488860198083171	0.58706794163446818	1.3329018930225032	0.072387233159179665	0.4110279791248429	0	2.6065602362181184	ASN:chr6:33209310-35757007
NUDT9	1	1	0.57639007515238783	1.0255833633437568	0.16344878110608824	0.38671208628536369	0.61063461205233927	1.3842935666002381	0.07932873165924692	0.98243053370642275	1	-0.60763699531199267	ASN:chr4:87214993-89236855
NUP188	1	0	-0.029368210671625584	0.37160320541407615	0.017022475206289252	0.75377887878772143	-0.60102012679786954	0.050204145228917751	0	0.18937660221091152	1	0.45787434931390308	ASN:chr9:130597604-132047808
NUP210L	1	0	-1.2471201922189656	0.0025674033340903212	0	1.5282829046046738	0.072842829828982672	0.48287435127316714	0.0011048464003245674	-1.327871224541181	0	0.395319932656788	ASN:chr1:153397055-156616039
NUP98	1	0	0.0247229920928939	0.41314925269344777	0.022687710296138829	1.3370753261000028	0.93075495401366137	2.1278440765025572	0.1882731620831451	0.58943902312423935	1	-0.40752094947170797	ASN:chr11:2739889-4466102
NWD1	1	0	-0.040186451224520678	0.36364327157066761	0.016016531552542922	1.1391716319098941	-0.10866669261930396	0.30425184283274148	0	-1.4970374803542688	1	0.9480585043852805	ASN:chr19:16749208-20221313
NXNL1	1	0	-0.6460079221871301	0.076346297880943104	0	-1.0739854463910574	-1.0080886388877117	0.0016359231611501324	0	-1.5424114315453052	0	1.5443308002073088	ASN:chr19:16749208-20221313
OAS1	1	0	-0.82991801158650069	0.038043901359551907	0	0.10002507724505051	-0.17955696627939738	0.24868797312207228	0	0.98243053370642275	0	0.84504942870029076	ASN:chr12:113028429-114181109
OAS2	1	0	-0.85155449269231287	0.03464152692405828	0	0.30891385145221856	-0.085768789352640817	0.32382352139071618	1.7094618682336781e-07	0.58176380588274323	0	0.79603250346412269	ASN:chr12:113028429-114181109
OAS3	1	0	-0.84073625213939585	0.036316155092370413	0	0.34432984382678611	-0.11850632809051113	0.29608979572336414	0	0.21401662162793145	0	0.81463844222223669	ASN:chr12:113028429-114181109
OASL	1	0	1.1860040451004765	2.1106813090576435	0.53059632643991217	-0.1257413549711118	0.32312420835357952	0.82768057639079118	0.017123540992879879	0.62724980789687312	1	0.20689762188076435	ASN:chr12:119859279-122015993
OBP2B	1	1	1.4819245604501488	2.7190451387178696	0.75286867675718505	-1.3297242415309287	0.15232745797568037	0.57917256170010867	0.0035399138445231216	-1.5424114315453052	1	-1.2923925117705504	ASN:chr9:134722557-136612240
OCEL1	1	0	-0.71091736550456663	0.060792099131284909	0	-1.5407334688044607	-0.92660937373386398	0.004748821459058767	0	1.0001087358110112	0	1.477710758245566	ASN:chr19:16749208-20221313
OLFML2B	1	0	-1.2193746714910323	0.0033878738600495025	0	0.46203692912394412	0.65123734678385803	1.4745469062119185	0.091839691330200937	-1.0480002963675215	0	-0.53680550089513701	ASN:chr1:159953315-162888864
ONECUT2	1	0	0.37496263266066238	0.75901538992327833	0.091421082762667139	0.70308686576574631	0.62847239049305204	1.4236921517837198	0.084743908261811579	0.081339246334298773	1	0.68686361914380456	ASN:chr18:54958664-57377707
OPA3	1	0	-1.1220105065149104	0.0076133539816815006	0	0.93113752798225402	-0.99701491612285253	0.0019372164778645598	0	-0.34611637760602121	0	1.2081257283289593	ASN:chr19:45579043-47334409
OPN1SW	1	0	0.77097133236059368	1.3331612958147785	0.25971562951879562	-1.4714506831102465	0.13856884478697898	0.56166306185131032	0.0029809042660677806	-0.39621537774727372	1	1.5479597709231596	ASN:chr7:126869221-129589868
OR10C1	1	1	0.60878514805947848	1.0735198491023992	0.17771079575499849	-2.0055614283306022	-1.828112552962798	0	0	-1.5424114315453052	1	-0.17446434745632791	ASN:chr6:28901402-29688046
OR10H1	1	0	-0.55946199776390326	0.10092679104105151	5.8818208738896007e-08	-2.3033842348535734	0.51389996454465348	1.1788484278058373	0.052609568619315927	-1.5424114315453052	0	-0.22206834574078757	ASN:chr19:15648148-16749208
OR10H2	1	0	-0.60273495997552773	0.088065633942553359	0	-2.3686252831235537	0.57384430437715439	1.3044178374772166	0.068605902540427088	-1.5424114315453052	0	-0.13403677573526684	ASN:chr19:15648148-16749208
OR10H3	1	0	-0.58109847886971555	0.09435016745929535	0	-2.4293143405380255	0.5515924264932951	1.2570998911882612	0.062440551262201119	-1.5424114315453052	0	-0.14512627688273397	ASN:chr19:15648148-16749208
OR10H4	1	0	-0.46209783278775945	0.13431410744384023	0.00012820028122299522	-2.4293143405380255	0.39370336101626957	0.94822712250736363	0.027347558921056087	-1.5424114315453052	0	-0.34809930283491608	ASN:chr19:15648148-16749208
OR10H5	1	0	-0.57028023831679842	0.097601553316687906	0	-2.295179337711053	0.51785599494536472	1.1869425222155503	0.053603086515622698	-1.5424114315453052	0	-0.21335320307951233	ASN:chr19:15648148-16749208
OR10J1	1	0	-0.99219161988005922	0.017327753153940514	0	-2.3249940305479022	0.54171606893875723	1.2363572427833591	0.059787615659848373	-1.5424114315453052	0	0.48333076627868649	ASN:chr1:157982579-159953315
OR10J5	1	0	-0.94891865766843475	0.021823344989051422	0	-2.3530715104521427	0.43199196203905793	1.0182647600938339	0.0342957029233922	-1.5424114315453052	0	0.82520502223419689	ASN:chr1:157982579-159953315
OR10K2	1	0	-1.0138281009858714	0.015332317771686045	0	-2.4390907965035766	0.63590180685055109	1.4402206121285741	0.08703767444049583	-1.5424114315453052	0	0.75724230419180505	ASN:chr1:157982579-159953315
OR10R2	1	0	-1.0571010631974738	0.011812994048812803	0	-2.3844997746338947	0.64953966916658934	1.4707334905497729	0.091303772248435916	-1.5424114315453052	0	0.69592920675391756	ASN:chr1:157982579-159953315
OR10T2	1	0	-1.0246463415387665	0.014394787486850294	0	-2.4341870502324641	0.63932071986358574	1.4478493516562545	0.08810050914195762	-1.5424114315453052	0	0.7588890186362216	ASN:chr1:157982579-159953315
OR10X1	1	0	-1.1003740254090981	0.0088781676761591818	0	-2.4054029291021846	0.66728796982726157	1.5107579487015552	0.096957201737973758	-1.5424114315453052	0	0.64218087334645435	ASN:chr1:157982579-159953315
OR10Z1	1	0	-1.1544652281736176	0.0059507224134824838	0	-2.4366350191048354	0.68236629247698	1.5450209963525865	0.10184385425970033	-1.5424114315453052	0	0.64623518890060316	ASN:chr1:157982579-159953315
OR12D2	1	1	0.58714630476349017	1.0413443907092197	0.16810034836887341	-2.3656383324836545	-1.6567139322121414	0	0	-1.5424114315453052	1	-0.2061964523435347	ASN:chr6:28901402-29688046
OR12D3	1	1	0.57632688311548508	1.025491230639924	0.16342170288070509	-1.9091452065797732	-1.5643947838317109	0	0	-1.5424114315453052	1	-0.24930924935744131	ASN:chr6:28901402-29688046
OR14J1	1	1	0.55468803981947479	0.99426306961990674	0.15432238580926858	-2.305449195130552	-1.3772163036432123	0	0	-1.5424114315453052	1	-0.23531410183424989	ASN:chr6:28901402-29688046
OR1I1	1	0	-0.27818774338841079	0.21602193015621235	0.0026464480428230628	-2.2237824575019358	0.27175168328157923	0.74667967522551015	0.011552931212325529	-1.5424114315453052	0	-0.33050472905881934	ASN:chr19:12500149-15648148
OR2B2	1	1	0.067814065659375422	0.44837870928325202	0.02800822043329709	-2.2426070031759844	0.40213693206425449	0.9633687711746084	0.028788644690022576	-1.5424114315453052	1	0.15470527753074931	ASN:chr6:26697553-28901402
OR2B3	1	1	0.52222977487545941	0.94861888409751893	0.14131618263550624	-2.3130684576586535	-0.90876130337486094	0.0057443131007263075	0	-1.5424114315453052	1	-0.21321277074693978	ASN:chr6:28901402-29688046
OR2B6	1	1	0.31666076356342765	0.69156116803622691	0.075484308310015166	-2.4366350191048354	0.35526861512700719	0.88122838232416667	0.021386737955532312	-1.4529663122347427	1	0.091897035708360053	ASN:chr6:26697553-28901402
OR2H1	1	1	0.61960456970748368	1.0898383964558673	0.18264057355409333	-0.876398334421022	-1.9009356172681595	0	0	-1.5424114315453052	1	-0.061881532610260311	ASN:chr6:28901402-29688046
OR2H2	1	1	0.65206283465149906	1.139694805321031	0.19791597878225695	-2.3435981185111712	-2.2545831997689101	0	0	-1.5424114315453052	1	-0.17585831157920628	ASN:chr6:28901402-29688046
OR2J2	1	1	0.54386861817146959	0.97888931784384536	0.14990203507033484	-2.3596989737177481	-1.1160010717508395	0.00013477420170789054	0	-1.5424114315453052	1	-0.23940879741855295	ASN:chr6:28901402-29688046
OR2J3	1	1	0.5330491965234645	0.96367486587717943	0.14556691055321078	-2.4415544324033847	-0.96825823275241074	0.002887335303268681	0	-1.5424114315453052	1	-0.22234975683021271	ASN:chr6:28901402-29688046
OR2W1	1	1	0.51141035322747619	0.93372054288250339	0.13714902169483953	-2.3693738350169622	-0.81763001973066152	0.013027946487023075	0	-1.5424114315453052	1	-0.23249247497418762	ASN:chr6:28901402-29688046
OR5V1	1	1	0.56550746146747988	1.0097969506357998	0.15882879226171728	0.95097464631727668	-1.5062240635404243	0	0	-1.5424114315453052	1	-0.2763085852475855	ASN:chr6:28901402-29688046
OR6K2	1	0	-1.089555784856181	0.0095599803702747198	0	-2.3047602594588787	0.66644666685055132	1.5088530517933103	0.096686749031771282	-1.5424114315453052	0	0.89372753554551299	ASN:chr1:157982579-159953315
OR6K3	1	0	-1.0787375443032861	0.01027583609660508	0	-2.3937200712051605	0.66307761950637567	1.5012322519797854	0.095606113502131315	-1.5424114315453052	0	0.89803370732935361	ASN:chr1:157982579-159953315
OR6K6	1	0	-1.1220105065149104	0.0076133539816815006	0	-2.2684445139038898	0.66868929085932127	1.5139324908697931	0.097408211358593455	-1.5424114315453052	0	0.90462770916832935	ASN:chr1:157982579-159953315
OR6N1	1	0	-1.2410111525968444	0.0027351640048367031	0	-2.3701231154281435	0.72443194274471923	1.6417112833008312	0.11583215265046766	-1.5424114315453052	0	0.85509734055458342	ASN:chr1:157982579-159953315
OR6N2	1	0	-1.1328287470678053	0.0070286942798708438	0	-2.426889502118621	0.67316639046039084	1.5240884569568147	0.098853524391653944	-1.5424114315453052	0	0.91250954416331076	ASN:chr1:157982579-159953315
OR6Y1	1	0	-1.1436469876207005	0.0064747602073795775	0	-2.4077609265403388	0.67568000040101495	1.5297993294667915	0.099667856900812951	-1.5424114315453052	0	0.64691194030010379	ASN:chr1:157982579-159953315
OR7A10	1	0	0.0247229920928939	0.41314925269344777	0.022687710296138829	-2.4465054820176793	-0.22034962285135182	0.22001654463628897	0	-1.5424114315453052	1	-0.43980731339626589	ASN:chr19:12500149-15648148
OR7A17	1	0	-0.051004691777415768	0.3557978277797223	0.015051020535181	-2.2985874245589812	-0.099728206670286326	0.31179518470360107	0	-1.5424114315453052	1	-0.38140531309698095	ASN:chr19:12500149-15648148
OR7A5	1	0	-0.002322609289365841	0.39200937661626806	0.019719669738966664	0.50303345973157998	-0.23673928200928079	0.20914802946062772	0	-1.5424114315453052	1	-0.44412101566546242	ASN:chr19:12500149-15648148
OR7C1	1	0	-0.002322609289365841	0.39200937661626806	0.019719669738966664	-2.3414284067085935	-0.23673928200928079	0.20914802946062772	0	-1.5424114315453052	1	-0.44412101566546242	ASN:chr19:12500149-15648148
ORAI1	1	1	1.2627241787096573	2.2661307843347127	0.58699513601634801	-0.249876014314041	0.29590335958066188	0.78406814566249494	0.013990564604218094	0.38937684092173319	1	0.27744969160239197	ASN:chr12:122015993-124721969
ORM1	1	0	1.0874551040723173	1.9150202277466539	0.46031865735403638	-1.4439518470225878	0.62043793454756369	1.405895323769415	0.082288378919531072	2.3198761217260575	1	1.2504993405783724	ASN:chr9:116400502-119530000
ORM2	1	0	1.0763076920830157	1.8932286241110425	0.45255301056105385	-1.4520988602087095	0.6218752232226713	1.4090729635006976	0.082725701548146444	2.121616423512001	1	1.2501993750108409	ASN:chr9:116400502-119530000
ORMDL3	1	0	-0.2353447467346044	0.23890118264822732	0.0040043198272546997	-0.94236949479387722	-0.61668057608699045	0.046362956367194695	0	1.4707309345791446	0	-0.35569351974076724	ASN:chr17:36495389-38649589
OSBPL5	1	0	0.15454187872774505	0.52524269963077364	0.041113351538561958	0.97939769144291011	0.34895092707115705	0.87052699392707733	0.020498629083761568	-0.48609706346840675	1	0.12919037773817008	ASN:chr11:2739889-4466102
OSCAR	1	0	-1.7278319774775197	0	0	-0.78318596225753612	-0.61331357493121674	0.047171657657516339	0	-0.50941457891017539	0	-1.2523015016816492	ASN:chr19:52985347-54734184
OTOF	1	1	-0.041834247043002565	0.36244091086149771	0.015866878670386407	1.166251868932372	-0.094216447293595837	0.31650822673812962	3.9136769406319443e-11	-1.2625405033716455	1	-0.16304636674791123	ASN:chr2:26209579-29456860
OTUB2	1	1	0.81440435865318794	1.4077278632670609	0.28439344408682626	0.0098983900604843918	0.86316316111647406	1.9677809811614642	0.16428186782772841	-1.1998770986860694	1	1.1680884609140532	ASN:chr14:94325285-95947052
OTUD4	1	1	0.48456282353090813	0.89742706519197102	0.12716415390957958	0.87274976490106015	-0.15576932299272769	0.26650370776020282	0	0.57791175806387796	1	-0.59382570200266105	ASN:chr4:145025810-148834277
OXER1	1	0	-1.1005287404213606	0.0088686597339591063	0	-1.9554074139716211	0.74390101087122695	1.686931010076963	0.12245744692210375	0.74925644590609553	0	2.3327654294627376	ASN:chr2:42336744-44322128
OXSR1	1	0	-1.2085564309381371	0.0037499503475822565	0	1.0771182745292214	0.32784690303617237	0.83540799364230256	0.017710679266505356	0.57017854145523961	0	0.26278497115925559	ASN:chr3:35283408-38353505
P2RX4	1	1	1.1421639687523826	2.0230110730019977	0.49899333444806421	0.064081565071153895	0.34828464909154966	0.86940347774198501	0.020406426656416871	0.50282403587880642	1	0.1067961372999407	ASN:chr12:119859279-122015993
P2RX7	1	1	1.1531239878394115	2.0448399272740492	0.50684621558852527	0.66973135055200073	0.33289357514803664	0.8437185106126277	0.018352766021775411	-0.18579268548961117	1	0.12946723195942642	ASN:chr12:119859279-122015993
P4HTM	1	0	-1.6091962897809595	0	0	-0.19729737841858275	-1.0566191596841554	0.00067907290229961726	0	0.45343510281395133	0	0.009540706901116542	ASN:chr3:47793553-51831792
PACSIN2	1	1	1.6582773155813735	3.0858475813437702	0.88762458528217536	1.6062095874824156	0.7003544430769808	1.5861816569895693	0.1077655543083339	0.84940327292380335	1	2.6835880088614399	ASN:chr22:42690818-44994946
PADI2	1	0	0.89008352975082616	1.5421117912888798	0.3297977848125665	0.66156357496572471	-0.0069814757773463687	0.39754975887277244	0.0001587345721004951	-1.0931517940764952	1	0.45269732898043452	ASN:chr1:14893157-17875820
PADI3	1	0	-0.53471895156236848	0.10881421554419492	3.8807420016321925e-06	0.3495625442027675	0.058087333412784645	0.46626377197469565	0.00083798577712794692	-1.5424114315453052	0	-0.88272983875114164	ASN:chr1:14893157-17875820
PAG1	1	0	-1.3708300392316957	0.00047098492529404823	0	1.4369366313130012	0.42880478988571558	1.0123074144931785	0.033676941902342404	-0.23084951236379053	0	1.0929290038816408	ASN:chr8:82016264-83727741
PARVB	1	1	1.5068219478407321	2.7708298317969082	0.77189329306992704	1.5800921382486288	1.0104550008618955	2.3165805536314332	0.21656221038779225	0.3406413111146418	1	2.6148518884249063	ASN:chr22:42690818-44994946
PARVG	1	1	1.5284584289465224	2.8158323674464287	0.78842633481452196	0.56659488600217145	0.90825185396113717	2.0745548251614703	0.18028582318480835	0.55067332031079141	1	2.6276367119344064	ASN:chr22:42690818-44994946
PATE1	1	0	-0.46895883704021657	0.13175053683911678	0.00010478003404413961	-1.409826958151426	0.7129795345132327	1.6152404988834523	0.11197652149977542	-1.5424114315453052	0	0.86903089961703861	ASN:chr11:124496119-126773879
PATE2	1	0	-0.47991885612724555	0.12772341536521081	7.359036684580317e-05	-1.6239507375458959	0.71653191792640514	1.623440475541488	0.11316897167581212	-1.5424114315453052	0	0.85272538515254159	ASN:chr11:124496119-126773879
PAX2	1	0	1.3884352277834189	2.5248740474837286	0.68158244095455833	1.1099542097316415	0.11263399115075703	0.52962424260023055	0.002093322146774369	-1.482206058210068	1	0.27730703357979269	ASN:chr10:102471756-106139565
PBLD	1	0	0.4033614114445303	0.79340334848440586	0.099935929505221621	0.62715748413319372	0.61323467464150139	1.390010463306113	0.080109707754286441	1.444638970696065	1	-0.32398759476883587	ASN:chr10:68757629-71054709
PBX2	1	1	1.625798969441467	3.0182946404171869	0.86280697053692046	-1.0849219030697299	-3.2343253118689308	0	0	0.8526315396242321	1	3.279333544592713	ASN:chr6:31571894-32682590
PBX4	1	1	1.2359037473861192	2.211525258188674	0.56713726851014412	0.72480290395715286	-0.22761597561604202	0.21515268321547737	0	-0.97204641688175619	1	0.25838250199534135	ASN:chr19:16749208-20221313
PBXIP1	1	1	-0.78679939056392489	0.045474454793135742	0	-0.47446720196913961	-0.63247487699280824	0.04269260989574232	0	0.92198807020926765	0	0.59333454594484569	ASN:chr1:153397055-156616039
PCCB	1	0	0.84690927411360328	1.4647795046255934	0.30353482859371389	1.0528160557555051	-0.13964538803776366	0.27905119525935773	0	1.3589610382068835	1	0.10652002267321167	ASN:chr3:135268752-137727495
PCP4L1	1	0	-1.089555784856181	0.0095599803702747198	0	0.1388724218396889	0.4538348913029393	1.0597086855916622	0.038734820057239737	-0.3745438613257136	0	-0.018189844563329151	ASN:chr1:159953315-162888864
PDE12	1	0	0.27354252480967911	0.64433147827005066	0.064971711823542486	-0.5753017955223525	0.74685747161684424	1.6938200113303195	0.12347067902657517	0.26687142904068867	1	-0.71938164174120933	ASN:chr3:56847831-59704331
PDE4C	1	1	0.93345519853683001	1.6214728168168522	0.35708476631334324	0.58102088906883131	-1.1720369588242543	4.6645734547715198e-06	0	-1.1634712757314924	1	1.0951767456198382	ASN:chr19:16749208-20221313
PDE6C	1	0	-0.66764440329294228	0.070898225724481762	0	0.67215623443236983	0.46794243085958975	1.0870297174461983	0.041780415307787595	-1.0149874057224155	0	-0.74414162453649291	ASN:chr10:95362627-97064851
PDGFB	1	0	-1.2416608258298025	0.0027169859994987688	0	-0.032425785549389394	-0.2385693608480613	0.20795714715968813	0	-0.23739553614427666	0	-0.47240538846886232	ASN:chr22:37977990-40527060
PDHB	1	0	0.4033614114445303	0.79340334848440586	0.099935929505221621	-0.98247112177939333	0.31024428931047238	0.80684856721608633	0.015588533192586924	1.2409154912336549	1	-1.34715629221554	ASN:chr3:56847831-59704331
PDXP	1	0	-1.3924665203375077	0.00030704356658577104	0	-0.76994110639668756	-0.42732622945581961	0.10787456002708318	0	0.90338129390388111	0	1.9543725534873726	ASN:chr22:37977990-40527060
PDZD3	1	0	0.38142962432374916	0.76675704270861378	0.093315765407124163	-1.188290847936343	0.28006786588135241	0.75941634874410935	0.012357305506190722	-1.3412777748263425	1	0.92465025264060541	ASN:chr11:118900987-120771784
PDZD7	1	0	1.455319699719207	2.6637214400523046	0.73254604119599276	0.038287719954288403	-0.11893532912701296	0.29573729702436508	0	-1.0259130052277403	1	0.44056350929418492	ASN:chr10:102471756-106139565
PEX26	1	0	-0.019598054472204664	0.37889105030012488	0.017966398155719047	0.66918180414378958	0.15935308268085061	0.5882522023423028	0.0038505312723935035	0.3133913603150254	1	-0.67336998547045601	ASN:chr22:18557031-19912242
PFDN2	1	0	-0.99219161988005922	0.017327753153940514	0	-0.18460752005811565	0.3760635265842921	0.91707122649853234	0.024490505241882527	1.2207504689019095	0	-0.039751369335646519	ASN:chr1:159953315-162888864
PFDN6	1	1	1.2578984674066658	2.2562868763906834	0.58341196794716443	-0.69051576611349108	-0.12151142892583996	0.29362646706480644	0	1.1319648946002117	1	2.8225383320474968	ASN:chr6:33209310-35757007
PGAP2	1	0	0.035541232645811001	0.4218135432168616	0.023953666133402492	0.19239609377530165	0.89019907702107881	2.031804316764052	0.17387809948719485	0.69304731947605303	1	-0.38332522009278092	ASN:chr11:2739889-4466102
PGAP3	1	0	-0.17042112872845266	0.2765639529270385	0.0068402541124427283	0.10807289232882933	-0.77982114108971956	0.017297987552869144	0	0.68946496020657122	0	-0.56154659907200055	ASN:chr17:36495389-38649589
PGBD1	1	1	0.40321613674744683	0.79322484486009137	0.099891079098890209	-0.046224037897640138	0.11679299884406744	0.53467783830927418	0.0022217964311787332	-0.41819723667778325	1	-0.13514496190888992	ASN:chr6:26697553-28901402
PGLS	1	0	-0.61355320052842277	0.085030827581755217	0	-0.64453878955975086	-1.0666234019801581	0.0005458619656752041	0	0.95552553676730823	0	1.5108274438518143	ASN:chr19:16749208-20221313
PGLYRP1	1	0	-1.0354645820916615	0.013496276338575921	0	-1.3402761377569605	-1.1987801456356493	9.7541058657408871e-12	0	-1.3412777748263425	0	-0.29934491262529611	ASN:chr19:45579043-47334409
PGLYRP2	1	0	-0.54864375721100822	0.10432670998311686	7.4354239564815343e-07	0.23586386417084115	0.50198080368182152	1.154638376975452	0.049673146923341516	1.5769252031030643	0	-0.26449051640285071	ASN:chr19:12500149-15648148
PGPEP1	1	1	1.4851718848826918	2.7257991599709062	0.75534993415347662	0.21140133596997884	-1.0011597895385538	0.0018204596016581365	0	0.42813166860987051	1	1.0926795955211153	ASN:chr19:16749208-20221313
PHF1	1	1	1.1929748494005139	2.1247050424258278	0.53566653656800312	-1.0041594732170396	0.0030867738018019631	0.40770757335700902	0.00021985466326199829	0.8686718135833309	1	2.7808494865990325	ASN:chr6:33209310-35757007
PHF19	1	0	-1.4681942042078173	3.0576074156377125e-05	0	-0.02394359119716049	-0.15576932299272769	0.26650370776020282	0	-0.36738748356092887	0	1.6419401423888444	ASN:chr9:122117725-124681439
PHF21B	1	1	1.6690955561342906	3.1083488491685731	0.89589110615448941	1.3499035843503455	0.67148874898663291	1.5202804468874007	0.098311166920560605	-1.5424114315453052	1	2.6688004011253255	ASN:chr22:44994946-46915049
PHLDA2	1	0	0.23026956259807674	0.59914494527796136	0.055451225694475359	-2.2612523247162537	0.2374000962736991	0.69557701933611149	0.0085995085162752592	0.070642058443157407	1	-0.088175574591423847	ASN:chr11:2739889-4466102
PHLDB1	1	0	0.33814721231964068	0.71593434552743151	0.081121629881525936	0.6452320567232438	0.34361396464258914	0.86155463027450752	0.019767827903672944	0.09724654153901223	1	0.052119174183700621	ASN:chr11:117901740-118900987
PHYHD1	1	0	0.24108780315097184	0.61023666941831523	0.057737524243196447	-0.041330061964850687	-0.69293573200333891	0.030433154485285548	0	1.026250071924695	1	0.51630594488206338	ASN:chr9:130597604-132047808
PICK1	1	0	-1.3491935581258834	0.00068484593755081672	0	-0.10807067955428906	-0.49864750600439411	0.080647259975177313	0	0.55459424262210932	0	1.9299385042226074	ASN:chr22:37977990-40527060
PIH1D1	1	1	1.2736841977966862	2.2885172112699497	0.59514889454684006	-0.87081787380062214	-1.3865642847276383	0	0	0.97351449556953662	1	0.026977667188016495	ASN:chr19:49093112-51334271
PIK3R2	1	1	0.89018223632520566	1.5422905429963327	0.32985888137258235	0.086298865730377622	-1.3245701551500977	0	0	0.18937660221091152	1	1.1376721825180456	ASN:chr19:16749208-20221313
PINK1	1	0	0.94488362518594904	1.6426487783555126	0.36441752730860649	-0.16294475003834766	0.58736072812900852	1.3335355121852102	0.072471906785516099	1.2156675495215807	1	1.0639543111457606	ASN:chr1:20304720-22145806
PIP4K2B	1	0	-0.59242464576839504	0.091024357849645784	0	0.33411429766233608	-0.88133580981803106	0.0075305710526684909	0	0.32252853164017126	0	-0.60780211035564213	ASN:chr17:36495389-38649589
PITPNC1	1	0	0.33715583605037241	0.71479737060115189	0.080855548509730771	2.049826552911032	0.42752838026396039	1.0099281260542603	0.033431239944651255	0.19928012204816672	1	0.90173800916889679	ASN:chr17:64800166-67858770
PIWIL3	1	0	1.7120849612776472	3.197764139393275	0.92874051573894423	0.70411061311457079	-0.1228008267847045	0.29257372986595559	0	-1.5424114315453052	1	0.52605506940156055	ASN:chr22:23398337-25209349
PIWIL4	1	0	-0.060728330825558528	0.34884321054586603	0.014217020207446933	0.95939597722587333	0.37770393677317271	0.91993933785078952	0.024747378660930075	-0.74604207705408054	1	-1.0276652094806982	ASN:chr11:92731401-94987750
PKD2	1	1	0.54393358194774821	0.97898115128293106	0.14992832131897399	0.88142966307936566	0.66223439706125109	1.4993267659164145	0.095336254616144492	0.086660015094070078	1	-1.2720914314210781	ASN:chr4:87214993-89236855
PKD2L1	1	0	1.1766343999867088	2.0918665112519004	0.52380014210530146	0.49316901923061474	0.2654898935520475	0.73718397140069969	0.010970861396057253	-1.0704100410848536	1	0.14221361043031336	ASN:chr10:100365649-102471756
PKLR	1	0	-1.0607998677395392	0.011540042071430757	0	-0.50390644022410169	-0.53698088311883407	0.068118456723994386	0	1.16652137252489	0	0.56573017685689231	ASN:chr1:153397055-156616039
PLA1A	1	0	-0.73309248478168709	0.056007644212740938	0	0.27686357264525518	0.56704883665087702	1.2898840457736664	0.066696183972798487	0.94948206340882169	0	-1.1820519104453073	ASN:chr3:118903462-120523073
PLA2G1B	1	0	0.99968372062107191	1.7456227088801253	0.40035229336247469	-1.0535162330731243	0.45697922072658598	1.0657611837106271	0.039401740554229847	-1.0149874057224155	1	-0.61524955905924228	ASN:chr12:119859279-122015993
PLA2G4C	1	1	0.19960232726828681	0.56843467831644168	0.049299796539293061	0.79879968193227691	-0.16850609040575082	0.25686234848623046	0	0.25263602330866858	1	-0.14138164264711459	ASN:chr19:47334409-49093112
PLB1	1	1	-0.031005958954609735	0.37039078247381335	0.01686755772922003	1.6352494562163009	0.49245145034297683	1.1354779302801925	0.047388477695912055	-0.86967247267934789	1	-1.0830051579285835	ASN:chr2:26209579-29456860
PLBD2	1	0	-0.98137337932714208	0.018387316952807799	0	0.24898415480223918	0.30240471193464513	0.79434159085405243	0.014700726098547364	0.40672211304685968	0	0.71973731448227296	ASN:chr12:113028429-114181109
PLCD1	1	0	-1.0462828226445786	0.012635954976136983	0	-0.0015980308833623716	0.19444820432358725	0.63503107438629935	0.0056763231189947208	0.070642058443157407	0	-0.47670718442676846	ASN:chr3:35283408-38353505
PLCE1	1	0	-0.74337208716327396	0.053877645143337427	0	2.0943441975662589	0.87196819696728045	1.988632045073107	0.16740715916942819	-1.0817388028381392	0	0.44647053326371022	ASN:chr10:95362627-97064851
PLEKHA4	1	1	0.40784268992174932	0.79892280014251804	0.10132602993151142	0.26634061306273704	-0.3343916084851048	0.1517236199315877	0	0.55067332031079141	1	0.50364253631301914	ASN:chr19:49093112-51334271
PLEKHH2	1	0	-1.111347571489596	0.0082204952181234043	0	1.3610329097712821	0.75810246751198707	1.7200712835182106	0.12734024610926256	-0.64868702072582451	0	0.88679055097175941	ASN:chr2:42336744-44322128
PLEKHM2	1	0	0.62704307166224083	1.1011455503027352	0.18607731108620529	0.62789050491619425	0.41600084497352041	0.98860890081781638	0.031266161890791164	0.4865369838791111	1	0.51803202481248123	ASN:chr1:14893157-17875820
PLVAP	1	0	-0.72173560605746179	0.058425316628706467	0	0.11484949330422108	-0.92262821178519216	0.0049600011457429814	0	0.26214094686780554	0	1.5309000963370929	ASN:chr19:16749208-20221313
PMP2	1	0	-1.2951023553613639	0.0014814378654875455	0	-0.8710317606089758	0.31974345008089899	0.82217824102708092	0.016711303381827827	-1.4675165657271294	0	0.88030038410068123	ASN:chr8:82016264-83727741
PMVK	1	1	-0.83063946691201873	0.037927010353956965	0	-0.46116349169104492	-0.62568935422862815	0.044244751307889185	0	1.0660496411322735	0	0.59071745870360259	ASN:chr1:153397055-156616039
PNMT	1	0	-0.15960052572744204	0.28320217091543615	0.0074146852598789446	-1.686736661543154	-0.79646087093742768	0.015319268583276311	0	-1.424273135697375	0	-0.60466774946325086	ASN:chr17:36495389-38649589
PNN	1	0	-1.5036531389746264	2.9381859354574867e-06	0	-0.78624562077724158	0.66026538040566995	1.4948802190900505	0.09470706234200961	1.2706748772377361	0	0.49338368008299838	ASN:chr14:35858508-40256601
PNPLA5	1	1	1.5825496317110419	2.928338706570317	0.82975893917604271	-0.4562800831234663	0.84262343974555287	1.9191514124987923	0.15699471713021004	-1.4101251991383059	1	2.6639982571547201	ASN:chr22:42690818-44994946
POGLUT1	1	0	-0.78719549978680625	0.045402135106722835	0	0.11091617615463616	0.5850171362404728	1.3284672806244699	0.071795281146289608	0.1285749809558504	0	-1.1689035396090741	ASN:chr3:118903462-120523073
POLE3	1	0	1.1208973400402225	1.9808344604630634	0.48385271855313478	-1.4399104437175159	0.53178664269359899	1.2156710108955828	0.057174530760000897	0.72841847545893146	1	0.79584407097099674	ASN:chr9:112864469-116400502
POLR2F	1	0	-1.5222854069723368	1.5901441386517561e-07	0	1.0677703234849243	-0.34309000195587214	0.14719094490776824	0	0.76981532799192598	0	1.9185734750219106	ASN:chr22:37977990-40527060
POLR3A	1	0	-0.50183889430128148	0.11991704108844231	3.104593601308884e-05	0.68606624993793264	0.43008031846538275	1.0146887907387163	0.033923673933862503	-0.11755744074719161	0	0.4800933625585509	ASN:chr10:79466701-80464093
POM121L2	1	1	0.035355800715382003	0.42166402050800728	0.023931579682578585	0.12562225269212013	0.48782277140187924	1.1262353256870166	0.046299431139488749	-1.5424114315453052	1	0.45452312037903947	ASN:chr6:26697553-28901402
POP5	1	0	1.1750440260134476	2.0886769948566166	0.52264876360328771	-1.6447051805902559	0.32312420835357952	0.82768057639079118	0.017123540992879879	0.86227580328697162	1	-0.016542304654184197	ASN:chr12:119859279-122015993
POPDC2	1	0	-0.71145127877964387	0.060673818432261113	0	0.19828578184871459	0.54321588393580711	1.2394966051759346	0.060187072382608925	-0.67463198061055163	0	-1.2403629377500724	ASN:chr3:118903462-120523073
POU4F2	1	0	0.41880270900875627	0.81252964778357895	0.10478003404414644	-1.4083209638380287	0.25640746111609042	0.72355448596552274	0.010161845654399863	-1.5424114315453052	1	-0.27545299161157255	ASN:chr4:145025810-148834277
PPA1	1	0	0.91181871743101783	1.581680274959705	0.34336314169485949	0.25517659729210451	1.0287594367216932	2.3599270117155573	0.22305925889283473	1.3402977049591591	1	-0.88638382220653755	ASN:chr10:71054709-72673145
PPA2	1	0	-1.003159260807398	0.016295923806441567	0	1.1924191853473032	0.30001213716316694	0.79055047116113608	0.014436650349807402	1.0462788402264303	0	-0.0035005011797277748	ASN:chr4:105305539-107501341
PPARG	1	0	-1.0921781916160949	0.0093916104763822044	0	1.4513700292573914	0.79405230477074817	1.8044385216011725	0.13985385307677686	0.46593210738885804	0	-0.465969017043387	ASN:chr3:11019488-12860229
PPFIA3	1	1	0.76952331979355149	1.3307093864504582	0.25891127785412926	0.26882671163284233	-0.83208908482320154	0.011602067312738882	0	-0.72787570822561765	1	0.36918017980216	ASN:chr19:49093112-51334271
PPM1G	1	1	0.30467097178523794	0.6782041844025003	0.072455249219123607	0.18824633830453685	-0.28398196509646595	0.17983462515455251	0	0.93426845770724076	1	-0.14068841093205314	ASN:chr2:26209579-29456860
PPM1K	1	0	0.52229591981129986	0.94871044963090045	0.14134191488988407	0.15104816840120569	0.70448080569163241	1.5956644558421786	0.10913710810329619	-0.46312845164973759	1	-1.6784260025392435	ASN:chr4:87214993-89236855
PPM1L	1	0	0.8142537443647021	1.4074659411297898	0.28430606293665045	2.0582257708845404	0.77537165036420064	1.7605225565003606	0.13332685911112926	-0.93027403655757335	1	-0.42593756598383631	ASN:chr3:159155377-161620009
PPM1N	1	0	-1.1003740254090981	0.0088781676761591818	0	-0.37363079448037828	-1.0255252841712252	0.0012276169823846916	0	-0.95101813940956448	0	1.0567290382607963	ASN:chr19:45579043-47334409
PPOX	1	0	-1.0030098604329543	0.016309696543809381	0	-0.50337548464325055	0.37770393677317271	0.91993933785078952	0.024747378660930075	0.18440077856624923	0	0.0065205743032059719	ASN:chr1:159953315-162888864
PPP1CC	1	1	0.60890798194971307	1.0737042585469017	0.17776630177756031	0.031991602901337873	-0.92064084257794876	0.005067723753791175	0	1.0146866255275124	1	2.2260154959638947	ASN:chr12:109270450-113028429
PPP1R11	1	1	0.29502192026741741	0.66758061867009011	0.070077249576772277	-1.3991339312338202	-6.6748363630784686	0	0	0.99423859385708369	1	1.0349078705322261	ASN:chr6:29688046-30458591
PPP1R13B	1	0	-0.21687839803866019	0.24924107844483762	0.0047097834781322833	1.2546083864313224	-0.035057897183350513	0.37011778244319565	4.9948655772209921e-05	0.29030761328157983	0	0.3148866019063864	ASN:chr14:103390025-105001894
PPP1R13L	1	0	-1.1761017092794299	0.0049890182585784091	0	0.13864191717876939	-0.71649897069853385	0.026377922591879634	0	-0.15440017527324418	0	0.85114674351049358	ASN:chr19:45579043-47334409
PPP1R15A	1	1	0.48456282353090813	0.89742706519197102	0.12716415390957958	-1.390475135249889	-0.43902358652640322	0.10304370155481103	0	1.1238786234851077	1	0.73368050462035372	ASN:chr19:49093112-51334271
PPP1R1B	1	0	-0.12713871672436616	0.3037524335217569	0.009329048756949997	-0.62665656931907054	-0.77247352919698187	0.018223368629340542	0	-1.5120136015842425	0	-0.80834195461873304	ASN:chr17:36495389-38649589
PPP2R3A	1	0	0.80363631190197882	1.3890596934538453	0.27817735793081644	1.6167811019115521	0.025442550790914613	0.43087774036010956	0.00040758678323199379	-0.87960804296603545	1	-0.61176986111438836	ASN:chr3:135268752-137727495
PPP4R4	1	1	0.78194786544852646	1.3518203561343525	0.26585211016881821	1.3778862889551244	0.89590599058646558	2.0453187725793804	0.1759037338488546	-0.25720278193313983	1	1.1656478684998606	ASN:chr14:94325285-95947052
PPT2	1	1	1.6744916829460808	3.1195724574822172	0.90001443792004987	-0.42821429437371678	-3.2764850558417757	0	0	0.42813166860987051	1	3.4563001557183894	ASN:chr6:31571894-32682590
PPTC7	1	1	0.46827085476196684	0.87586835904977833	0.12134801333598565	0.65145996419691887	-0.62568935422862815	0.044244751307889185	0	0.317966744478204	1	2.1291474969943476	ASN:chr12:109270450-113028429
PRDM10	1	0	-0.86478414176006546	0.032664607516249625	0	1.1785476646525785	0.5254400241262539	1.2025394880385714	0.055533503367239133	-0.31130671705196428	0	0.64708117444187585	ASN:chr11:128188777-130049774
PRDM12	1	0	-0.44046135168196926	0.14261582353672553	0.00022435703285364654	-0.14895988912642535	0.11149808990214964	0.52824957088727043	0.0020591158128189118	-1.5120136015842425	0	2.4965422336377614	ASN:chr9:132047808-133641809
PREB	1	1	0.54289330972963812	0.97751130239205219	0.14950776591572593	-1.3389001131516545	-0.36109965652564568	0.13809502734414364	0	1.0204792371194538	1	-0.048270646911901659	ASN:chr2:26209579-29456860
PRIMA1	1	1	0.93341150040357712	1.6213920539044815	0.35705683980087577	0.88224183661281264	0.80449404441308281	1.8290451415706916	0.14352131046252373	-1.3145807497409923	1	-0.12919037773817021	ASN:chr14:92916399-94325285
PRKAR1A	1	0	0.61869132634832191	1.0884551084233829	0.18222129131966036	0.4404756909072412	0.28903502996250435	0.7733114325323468	0.013265561925730395	1.2950411070994965	1	0.87003260738946908	ASN:chr17:64800166-67858770
PRKAR2A	1	0	-1.5010020733009299	3.7889724489386888e-06	0	1.1794429672770379	-1.1035324103320292	0.00020497367422421322	0	-0.052226719577656198	0	-0.13251328819218033	ASN:chr3:47793553-51831792
PRKCG	1	0	-1.414103001443298	0.00018638705563250394	0	0.18740828662449832	-0.80950727277772538	0.013877955715423518	0	-1.4675165657271294	0	-2.0378367170022775	ASN:chr19:52985347-54734184
PRM2	1	0	-1.0252487658093259	0.014343734779478015	0	-2.5230356266962648	0.64386945313004218	1.4580206666601423	0.089521521620131023	-1.5424114315453052	0	1.4306896962225695	ASN:chr16:10868121-12612116
PRMT1	1	1	1.0490038065126803	1.840181419632043	0.43370924125584315	-0.40160065264557471	-1.1652222419809213	9.1446934826642421e-06	0	1.0291273740797553	1	-0.43663402908111276	ASN:chr19:49093112-51334271
PRODH	1	0	-0.041518092646262612	0.36267139604794929	0.015895519238697448	0.048786914977550298	0.16561660642430456	0.59642651541871794	0.0041423292533745385	0.73539594315561607	1	-0.65863304940021761	ASN:chr22:18557031-19912242
PRPF31	1	0	-1.6304678125013758	0	0	-0.24156773072428833	-0.65642236491416917	0.03750539052593832	0	0.78673986823822695	0	-1.4037098859977761	ASN:chr19:52985347-54734184
PRR12	1	1	1.1092839114913176	1.9579066229200968	0.47564088672056454	0.34209845000607414	-1.1849781747459818	6.6454544034624148e-07	0	-0.31820578596976723	1	0.65412084316333308	ASN:chr19:49093112-51334271
PRR5	1	1	1.6366408344755612	3.0408450456942044	0.87109154353756302	0.86879714293549026	0.77484269030436115	1.7592812833042692	0.13314276578665737	0.66415159094917364	1	2.6545743274965505	ASN:chr22:44994946-46915049
PRR5-ARHGAP8	1	1	1.5933678722639588	2.9508399743951212	0.83802546004835654	1.518946104387128	0.82262630889365096	1.8718545624378	0.14991556751564397	-0.33209764775131578	1	2.6319954706208222	ASN:chr22:44994946-46915049
PRRG2	1	1	1.1312039496653536	2.0012446044824705	0.49117411791068394	-0.58993590791559758	-1.1888017266096333	2.5825763453846412e-07	0	-0.087516555387269102	1	0.63125296294911748	ASN:chr19:49093112-51334271
PRRT1	1	1	1.6907225874476186	3.1533317298372263	0.91241692704775967	-1.0092622959523412	-3.2859859608653461	0	0	-0.77370120825070487	1	3.5512873810192511	ASN:chr6:31571894-32682590
PRRT4	1	0	0.69522711135343129	1.2080193214469095	0.21932173632168339	-0.51966890281384182	0.12056580937554995	0.53928988443918635	0.0023427946648207397	-1.424273135697375	1	1.8512802613048975	ASN:chr7:126869221-129589868
PRRX2	1	0	-0.27818774338841079	0.21602193015621235	0.0026464480428230628	0.72145791587620578	-0.26067285236290089	0.19392898323071964	0	-1.5424114315453052	0	2.5713108315763997	ASN:chr9:132047808-133641809
PRSS16	1	1	0.024536379067376865	0.4130008455268947	0.022666273534474906	-0.70555173657164683	0.48967563448133533	1.1299300541057336	0.046733736002953843	-1.2883401064786222	1	0.28787919717345967	ASN:chr6:26697553-28901402
PRSS54	1	0	-0.74337208716327396	0.053877645143337427	0	-0.30313243212674884	0.84338825535545836	1.9209615585698738	0.15726586077510382	-1.1515253769195539	0	-0.41424238387360185	ASN:chr16:56907578-58867358
PRSS56	1	0	1.3986395423116931	2.5460237513664308	0.68933956867199553	-1.1139884991845472	0.36520014363532805	0.8982278873821844	0.022834122737002992	-1.5424114315453052	1	0.46933802521113305	ASN:chr2:232191250-233550713
PSMB3	1	0	-0.60324524876940566	0.087920887067371237	0	-0.510574467024698	-0.92196551787225467	0.0049957501498398447	0	1.4533856624540178	0	-0.61458618613997062	ASN:chr17:36495389-38649589
PSMB8	1	1	1.4634899244261095	2.6807081852478341	0.73878546180376592	-1.325852543345061	-0.86520228708017832	0.0087367140420330797	0	1.2853409784529271	1	3.0018480187748806	ASN:chr6:32682590-33209310
PSMB9	1	1	1.4418487184240663	2.6357223614885994	0.72226313081554383	-0.28298870809142762	-0.82956632408132092	0.01184294907039701	0	0.96154531016940614	1	2.9778775521446597	ASN:chr6:32682590-33209310
PSMD12	1	0	0.70531763105537659	1.2243133064879346	0.22449938756456037	0.194114109688723	0.11339087093050416	0.53054154390197494	0.0021163237189197131	0.93426845770724076	1	0.81502108501249459	ASN:chr17:64800166-67858770
PSMD3	1	0	-0.27862715873869093	0.21579517941491252	0.0026344119685440546	-0.20199277147457795	-0.58991479315602835	0.053052884972831157	0	1.1211737060446065	0	-0.37241513131056264	ASN:chr17:36495389-38649589
PSMD9	1	1	1.339444312318816	2.4235863514663438	0.64447647298557165	0.21670541657950335	0.19589613541151496	0.63701253301019078	0.0057620047485739782	0.54674235721434805	1	0.34649541792755045	ASN:chr12:122015993-124721969
PTCD2	1	0	-1.3491935581258834	0.00068484593755081672	0	0.4466620362173776	-0.18488495254535176	0.24480958934972283	0	-0.21137728190805274	0	-0.6591447094859898	ASN:chr5:71419711-73759199
PTGES	1	0	-0.28900598394130589	0.21048544178623721	0.0023606292926970792	-0.32040954641155017	-0.20545240657575031	0.23021633598674807	0	-1.1162355411099409	0	2.5566170350146082	ASN:chr9:132047808-133641809
PTH2	1	1	1.2956042359707223	2.3334050888715976	0.61151848071973758	-2.3693738350169622	-1.4097118352793729	0	0	-1.5424114315453052	1	-0.028076277597462333	ASN:chr19:49093112-51334271
PTPN11	1	1	0.50072557642067417	0.91916150684043263	0.13311492264228073	1.0869597159284232	-0.76211417040696194	0.019583278683955846	0	0.76981532799192598	1	0.30912174884809035	ASN:chr12:109270450-113028429
PUS3	1	0	-0.50183889430128148	0.11991704108844231	3.104593601308884e-05	-0.63850542163425961	0.75355916154863156	1.7094559725658172	0.12577391719056935	0.72491781202550087	0	0.73962259891865467	ASN:chr11:124496119-126773879
PVALB	1	0	-1.3203858856164512	0.0010585040836160891	0	-0.13206413202803841	0.1220727794541111	0.54113945661724494	0.0023923266666452132	-0.33209764775131578	0	1.889967386504078	ASN:chr22:36453608-37977990
PVR	1	0	-1.4898306853136296	9.1674347207151519e-06	0	-0.093830616256413132	-0.28398196509646595	0.17983462515455251	0	0.64581158485450141	0	0.76494467335976413	ASN:chr19:43862455-45579043
PXK	1	0	0.3384519681271157	0.71628410147665611	0.081203542253220337	1.1001231810976957	0.41053218866120483	0.97860087749467928	0.030272600260108442	-0.023425870031421252	1	-1.3650593655629037	ASN:chr3:56847831-59704331
PXN	1	0	0.93392360609892011	1.6223386272464742	0.3573841688493844	0.69908954221775899	0.56616062612840712	1.2879897213531077	0.066448290821822908	0.77321519704574815	1	-0.71104932725206837	ASN:chr12:119859279-122015993
PYGO2	1	1	-0.76487935238988891	0.04959730854584353	0	-0.91165970317815603	-0.63587700490637145	0.041928249212377006	0	0.37623804244697634	0	0.59726781795944417	ASN:chr1:153397055-156616039
PYHIN1	1	0	-1.2301929120439492	0.0030498881960419303	0	0.56130401144205644	0.70969433905879697	1.6076662930411241	0.11087666712276761	-0.31130671705196428	0	0.52968438283554053	ASN:chr1:157982579-159953315
PYROXD1	1	0	1.2580024151239468	2.2564988332371101	0.58348910503638018	0.2954686778245732	0.80110694647030256	1.8210591081418872	0.14233032956713454	0.4742072770265966	1	-0.39843890969198736	ASN:chr12:20523761-21757656
PYROXD2	1	0	-0.19164181896518404	0.26384829869199566	0.0058013926409418923	0.26838857130324079	0.22212352284984824	0.6736210758733352	0.0074667487316098166	0.58943902312423935	0	0.096033487981285776	ASN:chr10:97064851-100365649
QPCTL	1	0	-1.0030098604329543	0.016309696543809381	0	-0.50983815073339234	-1.2142375503298204	0	0	-0.017729981305854219	0	-0.54682110376907811	ASN:chr19:45579043-47334409
RAB25	1	0	-0.88543956234714161	0.029730801117488017	0	-0.67006219531217692	-0.62174260865666942	0.045164611719583789	0	-0.012055149518268044	0	-1.2239401439564164	ASN:chr1:153397055-156616039
RAB35	1	0	0.96132365381647045	1.6732961665425141	0.37506586300837308	0.0032616993749382053	0.50075396748311463	1.1521617479116384	0.049375834708919514	0.53091705983291126	1	-1.0151760692583951	ASN:chr12:119859279-122015993
RAB3A	1	1	0.91181871743101783	1.581680274959705	0.34336314169485949	-0.86114835381159127	-1.241603088918084	0	0	-0.70992181642016494	1	1.1143827848685173	ASN:chr19:16749208-20221313
RAB3GAP2	1	1	0.44663437365615466	0.84777499045637639	0.11390184998510197	1.3214359891628	0.51876772358309897	1.1888120114072804	0.053833372953456006	0.20420802435511257	1	-1.155686481875926	ASN:chr1:220125116-221151629
RAB8A	1	0	-0.41882487057615708	0.15125275593229157	0.00035950042284110491	0.010034628879053075	0.36354859114678661	0.89538595251580966	0.022589041007520381	1.080017346697048	0	0.22516484029055095	ASN:chr19:15648148-16749208
RABGEF1	1	0	-1.6304678125013758	0	0	1.3526593564839555	0.81435934381210084	1.852325575535567	0.14699669283963873	0.36298581409320924	0	0.80340357133397011	ASN:chr7:63624322-67371495
RAC2	1	0	-1.5871948502897735	0	0	-0.11617292230143179	0.0038898689715139516	0.40852518221824219	0.00022531231978247123	0.74234183849229562	0	1.9007219288421657	ASN:chr22:36453608-37977990
RAD52	1	0	-1.1813600776968138	0.0047721056547777923	0	0.96330581787119329	0.41182038805560001	0.98095226198269125	0.030504720098908648	-0.029142972544210624	0	-0.073301415834149009	ASN:chr12:61107-1739022
RAD9B	1	1	0.45745261420904976	0.8617453546601751	0.11758564027569125	0.23890569176169202	-0.61219260313073975	0.047442969567299723	0	-1.2371673595673942	1	2.1251913895694767	ASN:chr12:109270450-113028429
RAF1	1	0	-1.2870873772069678	0.001635855490978447	0	0.98902559018184344	0.7874961283186348	1.7890090392364286	0.13755775118793784	1.0434335377430501	0	0.48425666847922166	ASN:chr3:11019488-12860229
RALGDS	1	1	1.3942444077539389	2.5369124178004525	0.68599745911309362	0.83719164927230016	0.23137560666136184	0.68686235952387575	0.0081400375459654752	0.60846083096809334	1	-1.2332838543307598	ASN:chr9:134722557-136612240
RAP1GAP	1	0	0.8681634915767682	1.5026339281639027	0.31634755093803246	0.9135191452500343	0.6656049806795804	1.5069480302892337	0.096416412623736375	0.50282403587880642	1	0.99989701220342586	ASN:chr1:20304720-22145806
RAP1GDS1	1	0	-0.51631186273760643	0.1149412095081894	1.4727962668981739e-05	1.6178746145755341	0.70145570768431964	1.5887110403175457	0.10813113931094405	0.36298581409320924	0	0.95843733148674592	ASN:chr4:99040831-101711689
RAPGEFL1	1	0	-0.34355077674484263	0.18400715692581027	0.001227839609652732	-0.13823279033058755	-0.45336451625621371	0.097320646202367786	0	-0.38173375854656599	0	-0.18520682936070709	ASN:chr17:36495389-38649589
RARA	1	0	-0.38683318874892914	0.16465167338403441	0.00064486086687376193	0.58412925261939896	-0.29574771193935173	0.17298717643513342	0	0.60088036988254712	0	0.15164960363694638	ASN:chr17:36495389-38649589
RASAL1	1	0	-0.87319097379812516	0.031448307481159031	0	0.39806979860239294	0.033361662787826395	0.43929118790083199	0.00049356245084574736	-1.2498015070218957	0	0.80872264650869474	ASN:chr12:113028429-114181109
RASAL3	1	0	-0.53782551665809109	0.10780213949361535	2.881418929768477e-06	-0.41900259435284387	0.48473053179741732	1.1200844435666844	0.04557953342807422	0.010436685107920078	0	-0.30854583132256558	ASN:chr19:12500149-15648148
RASD2	1	0	-1.4875970654559325	1.064302359901568e-05	0	-0.40802175376782351	0.55517078221482086	1.2646553788781836	0.063414677435295344	-1.424273135697375	0	-1.0032973484181043	ASN:chr22:34860926-36453608
RASIP1	1	1	0.26536244179041668	0.63562136939565661	0.063094540774435395	-0.079084062098605995	-0.20141028621140977	0.23303723857503178	0	-0.12363681602118484	1	0.26363764791960054	ASN:chr19:49093112-51334271
RAX	1	0	0.30920251813853256	0.68323205181293079	0.07359036684582522	-0.88680821328935522	0.83546985487123282	1.9022241959410611	0.15445981117667665	-1.5424114315453052	1	-0.62723709080117096	ASN:chr18:54958664-57377707
RBFOX2	1	0	-1.5210393014238377	2.174317218004161e-07	0	1.9737043421870251	0.65378094244550666	1.4802665525459013	0.092644608691688571	0.46177773340449191	0	-0.6189029655318008	ASN:chr22:34860926-36453608
RBKS	1	1	0.12059007428273585	0.49418522400134651	0.035582824003043523	1.2263406513691142	-0.070241705293074483	0.33756164677680256	3.4613221134071445e-06	0.8526315396242321	1	-0.029312254880479751	ASN:chr2:26209579-29456860
RBL2	1	0	0.69448934296700571	1.2068326863352987	0.21894570836574109	0.7310892508253396	0.48565874711526535	1.1219287797618787	0.045794981622323976	1.0491188785023953	1	-1.6419401423888444	ASN:chr16:51214363-54450244
RBM28	1	0	0.68440650835239858	1.1906800860724636	0.21384159801617844	0.56073794357566287	0.14639035421339647	0.5715729169157896	0.0032908281021136734	0.38937684092173319	1	1.8407196651431983	ASN:chr7:126869221-129589868
RCN3	1	1	1.1640840069264404	2.066729217743859	0.51473170931322021	-0.10989919837330181	-1.2653861965643394	0	0	0.71083477517050186	1	0.5647638592860762	ASN:chr19:49093112-51334271
RCOR1	1	0	-0.42511876069212268	0.14870537400411915	0.00031577741398485973	1.4023183490561688	0.2203389529801818	0.67108679616722777	0.0073413107102577183	0.26687142904068867	0	-0.31128235474761995	ASN:chr14:101357468-103390025
RECQL	1	0	1.268820655676842	2.2785782375830261	0.59152797991588746	0.29563320588711312	0.77775009868794498	1.7661055221829391	0.13415515262942743	0.46593210738885804	1	-0.40677526417327953	ASN:chr12:20523761-21757656
REEP3	1	0	0.89008352975082616	1.5421117912888798	0.3297977848125665	1.1832438505257952	0.32986722607606661	0.83872834232040783	0.017965895392329675	0.44083552249901781	1	1.1746309691599328	ASN:chr10:64198067-66313715
RELB	1	0	-1.305920595914259	0.0012888661458841425	0	0.38445380386913502	-0.56954422716051556	0.058554699118195934	0	0.28097603287098549	0	0.66358635465788696	ASN:chr19:43862455-45579043
REXO4	1	1	1.5915247513203945	2.9470063974117111	0.83661707966749488	-0.4788890815040876	0.11565965200913982	0.53329754037102917	0.0021862802426827642	0.35408700511211993	1	-0.6999572576017421	ASN:chr9:134722557-136612240
RFC4	1	0	-0.2475717207222683	0.23221474304122997	0.0035783112141286742	-0.2013202452444787	0.55844486562275442	1.2715867735033155	0.064311889837416175	0.11820304791289835	0	0.24421459749265137	ASN:chr3:186230742-188951597
RFXANK	1	1	1.3225300520931738	2.3887342898959405	0.63172910379480585	-0.64366260704534717	-0.3334276429147735	0.15223158868892017	0	0.49876844501171047	1	0.39368771819437109	ASN:chr19:16749208-20221313
RGL2	1	1	1.2470778644056331	2.2342437708099827	0.57539352695189527	-0.82203333689651692	-0.11080129139706028	0.30246859943775128	0	0.63841378619765898	1	2.8152426544741012	ASN:chr6:33209310-35757007
RGL4	1	0	1.3832843886669319	2.5142043143288073	0.67767011747298478	-0.54166516548890065	-0.11679131919114888	0.29750177085622509	0	-0.00076803800037141131	1	-0.58843082219727239	ASN:chr22:23398337-25209349
RGS3	1	0	1.0317180441258089	1.8068492798899118	0.42191514231758664	1.4822674258098767	0.69732257700486699	1.5792235438696833	0.10676083482874812	1.0434335377430501	1	0.86005443591224573	ASN:chr9:112864469-116400502
RHOA	1	0	-1.6200157114289426	0	0	0.67834250851663913	-1.0516372757905945	0.0007528102994603592	0	1.4985055590420491	0	-0.060231167801255737	ASN:chr3:47793553-51831792
RHOF	1	1	1.3175242741447801	2.3784333344164694	0.62796381224958242	0.1071728272697029	0.20347921612297187	0.6474571433370675	0.0062248456543410775	-0.093477884239779013	1	0.28802228215811737	ASN:chr12:122015993-124721969
RHOG	1	0	0.046359473198706092	0.43059812924779034	0.025265860062117403	-0.35853233850688343	0.88472374870002035	2.0188382744678868	0.17193466490360956	0.82988978663259039	1	-0.37742229237513886	ASN:chr11:2739889-4466102
RING1	1	1	1.3120014824117847	2.3670760183335151	0.62381370656179724	-1.2806679600289219	-0.19335247421542839	0.23872916669555536	0	0.95853837433956268	1	2.8614659878551443	ASN:chr6:32682590-33209310
RIT1	1	0	-0.57855902791046232	0.095106801518902259	0	-0.3813491513180533	-0.75302153951594208	0.020831257521199804	0	0.086660015094070078	0	-1.2879750311890454	ASN:chr1:153397055-156616039
RMI2	1	0	-1.079351780814445	0.010234265385536644	0	1.1711515696577313	0.66476291096510975	1.5050428875624746	0.096146193743631203	-0.74604207705408054	0	1.4055506054405427	ASN:chr16:10868121-12612116
RNF10	1	0	1.1092839114913176	1.9579066229200968	0.47564088672056454	0.52476818445568263	0.3744216589006048	0.91420654231178189	0.024235189680893297	0.99423859385708369	1	-0.44753241334990568	ASN:chr12:119859279-122015993
RNF123	1	0	-1.6524739763729581	0	0	0.27833114451086949	-1.0487965035840683	0.00079715286251390597	0	0.73887281950114025	0	0.36301504268100188	ASN:chr3:47793553-51831792
RNF139	1	1	0.82442880002758767	1.4252116167299571	0.29023679066587726	-0.40550530751889541	0.57000645885142187	1.2962008208226905	0.067524512563854944	0.59707605504741001	1	0.87223944372442241	ASN:chr8:123780420-126401023
RNF26	1	0	0.48963565433398742	0.90421130620866685	0.12901234126093244	-1.601528022372718	0.2522004656589153	0.71729863617850453	0.0098009929741219668	0.35854285802399921	1	0.9545332227817126	ASN:chr11:118900987-120771784
RNF34	1	1	1.1312039496653536	2.0012446044824705	0.49117411791068394	0.24178433836501134	0.35825368220486881	0.8863150825076237	0.021815139052240654	0.40672211304685968	1	-0.073714352792165844	ASN:chr12:119859279-122015993
RNF39	1	1	0.3058413419154225	0.67950036929475188	0.072747291678779996	-1.0612825987318477	-6.7200938566870159	0	0	-0.71887251379344685	1	1.0488444272125497	ASN:chr6:29688046-30458591
RNF5	1	1	1.6474401754435102	3.0633070035571848	0.87934362270719446	-1.0372849231215862	-3.2506066679085048	0	0	1.2308660920009888	1	3.3454581029854702	ASN:chr6:31571894-32682590
RPGRIP1L	1	0	0.6295196144366928	1.1049258770879384	0.18723003440501146	1.2015371777391859	0.59145487561634269	1.3424087636900783	0.073660155839370633	-1.1162355411099409	1	-1.4242256536812015	ASN:chr16:51214363-54450244
RPH3A	1	0	-0.81909977103360565	0.03982559507633026	0	2.070502925858297	-0.12753633118648466	0.288728990182195	0	-1.482206058210068	0	0.91688970712210438	ASN:chr12:109270450-113028429
RPL13A	1	1	1.2188841023615633	2.177013978642409	0.55461154604057339	-1.1902313292704294	-1.3237464769744707	0	0	1.9358686741645081	1	0.27331488792487402	ASN:chr19:49093112-51334271
RPL18	1	1	0.090002136398041069	0.46727514018266458	0.031045936013082514	-1.2841355078304595	-0.083242004150713672	0.32603329861323305	3.5918333561481557e-07	1.8456908919483384	1	0.22066155357902836	ASN:chr19:49093112-51334271
RPL19	1	0	-0.045984194216698492	0.35942453389675949	0.015494116885977172	-1.2421345710189373	-0.83398341810690091	0.011423353041851162	0	1.9875373236322766	1	-1.1867579474248338	ASN:chr17:36495389-38649589
RPL39L	1	0	-0.36668288969447937	0.173484395187084	0.00088544464923821147	0.76104182143700805	0.6720481320562659	1.5215498491702464	0.098491904783399573	-0.3251360020311444	0	0.92823463752863267	ASN:chr3:186230742-188951597
RPL6	1	1	0.55481677918519368	0.99444696294131918	0.15437549961431754	-0.378410437538583	-0.82515976307822914	0.012271659270797481	0	1.8608145635461177	1	0.36272181045708518	ASN:chr12:109270450-113028429
RPL7A	1	1	1.6024847704074014	2.9698025557736392	0.84499193749215973	-1.4920200146390854	0.1137691945998425	0.53100045045747624	0.0021278838645470868	1.9053115994032312	1	-0.63024804263293321	ASN:chr9:134722557-136612240
RPLP0	1	0	0.96132365381647045	1.6732961665425141	0.37506586300837308	-1.2241597725734348	0.50014024381210631	1.1509239021614655	0.049227454453512884	1.8757906847760917	1	-0.81502108501249482	ASN:chr12:119859279-122015993
RPP14	1	0	0.42499789255034248	0.82028886520318345	0.10676670031011186	-0.14641011242411378	0.28455688713653432	0.76635132401467532	0.012806617027261023	0.45761208566415257	1	-1.222200056629557	ASN:chr3:56847831-59704331
RPS11	1	1	1.1969640641875054	2.1327402107921292	0.53857334580423222	-1.4656401984602343	-1.3114351592429017	0	0	1.9859968917415523	1	0.32543464836333136	ASN:chr19:49093112-51334271
RPS18	1	1	1.2903602764097415	2.3226531431470416	0.60759515391221741	-1.2324958152391787	-0.13531161035625539	0.2824895745772445	0	2.0567763656837967	1	2.8453743599818466	ASN:chr6:33209310-35757007
RPS19BP1	1	0	-1.425611076847203	0.00013756458708028284	0	-1.3703692949578072	-0.19469300525457528	0.23777587853695831	0	1.1480107576067045	0	-0.94205108894242273	ASN:chr22:37977990-40527060
RPS25	1	0	0.24076178531043504	0.60990042578972881	0.057667722652026757	-1.5499783698263352	0.31194415324822405	0.80957767383808654	0.015785637052547728	1.9689493235441056	1	0.51191920368360477	ASN:chr11:117901740-118900987
RPUSD4	1	0	-0.53471895156236848	0.10881421554419492	3.8807420016321925e-06	-0.64973668637642357	0.75623304706280015	1.7157019918265854	0.12669528882727307	0.49470211084500149	0	-2.4813461881150451	ASN:chr11:124496119-126773879
RRAS	1	1	1.1092839114913176	1.9579066229200968	0.47564088672056454	-1.1655355208622828	-1.1849781747459818	6.6454544034624148e-07	0	0.76981532799192598	1	0.65412084316333308	ASN:chr19:49093112-51334271
RSC1A1	1	0	0.61608305257521179	1.0845103099283306	0.18102700815218897	-1.9153489916530109	0.43898445112578421	1.0314159773408478	0.035679373361799903	0.57017854145523961	1	0.53411211988227236	ASN:chr1:14893157-17875820
RSPH6A	1	0	-0.98137337932714208	0.018387316952807799	0	-0.099424403297773675	-1.2196783339426338	0	0	-1.5424114315453052	0	-0.5741272291225239	ASN:chr19:45579043-47334409
RSU1	1	0	1.3661848206529859	2.4788153199137417	0.66469939472103989	1.785678179426867	0.8809812470027627	2.0099757127264333	0.17060628662178062	0.53091705983291126	1	-0.5897370940958031	ASN:chr10:16679279-18537267
RTKN2	1	0	0.70627214692583495	1.2258608125277901	0.22499249932877732	1.0357703817779276	0.55248766524625526	1.2589881568914887	0.062683622102086486	-1.3961064692836005	1	1.1527470128512762	ASN:chr10:62085190-64198067
RTN2	1	0	-1.1328287470678053	0.0070286942798708438	0	-0.49224378026138127	-0.97302004422037836	0.0027123353560984595	0	-0.3251360020311444	0	0.9044210516102269	ASN:chr19:45579043-47334409
RTP1	1	0	-0.35585460160608656	0.17835875269657664	0.0010364608924118915	-1.327205424057708	0.67036947459964269	1.5177414504473936	0.097949836867568474	-1.5424114315453052	0	0.92950256489916816	ASN:chr3:186230742-188951597
RTP2	1	0	-0.32336973734095209	0.19352789996088554	0.0015904141003510593	-1.2678467712921484	0.64415337753045043	1.4586563498997378	0.089610478833293539	-1.5424114315453052	0	1.0834988172024012	ASN:chr3:186230742-188951597
RTP4	1	0	-0.51827892293182498	0.1142757498187648	1.3097504255517452e-05	-1.3740608151127414	0.73689415241540612	1.6706265727243008	0.12006335618434331	0.28097603287098549	0	0.96913997297049592	ASN:chr3:186230742-188951597
RUFY2	1	0	1.1281835284890958	1.9952573089217971	0.48902531340553806	0.83711023097936099	0.64840701699725278	1.4681910886869143	0.090946806679305922	-0.25057192820870744	1	-0.22572807045520302	ASN:chr10:68757629-71054709
RUSC1	1	0	-1.0827199059135972	0.010008306752572844	0	-0.60122881230251146	-0.53375588761194748	0.069118629768257264	0	0.15927680938315789	0	0.52905269784584696	ASN:chr1:153397055-156616039
RUSC1-AS1	1	0	-1.0388798295654813	0.013220592733518973	0	-0.85872351539218672	-0.54021151673262302	0.067126255969322993	0	0.58943902312423935	0	0.53585445211481542	ASN:chr1:153397055-156616039
RUVBL2	1	1	0.51744288079199507	0.94200793732027144	0.13946222531276653	0.0080568024566777495	-0.45645210587414514	0.096116868659171698	0	0.91271287431447545	1	0.34067058103530501	ASN:chr19:49093112-51334271
RXFP2	1	0	-0.67846264384583732	0.068274185887305758	0	0.80320039833101042	0.37310711361563326	0.91191726599705025	0.02403205762738702	-1.5424114315453052	0	-0.16610757986639837	ASN:chr13:32301388-34095663
RXFP4	1	0	-0.56759900882343339	0.098418775754379781	0	-2.2857161826911252	-0.75665322484420561	0.020326633976306872	0	-1.5424114315453052	0	-1.2595511553320924	ASN:chr1:153397055-156616039
RXRA	1	0	-0.39223870343103578	0.16233431754985489	0.00058872293476664611	1.3172453640888788	0.39630240779692671	0.95287641396645339	0.027786417428384783	0.98834591771373725	0	-1.292709012222768	ASN:chr9:136612240-138198537
RXRB	1	1	1.3444632914148607	2.4339408551439479	0.64826593092582829	-0.86379273905108422	-0.20096170702328178	0.2333517047165119	0	0.74580303556251748	1	2.8870859159601285	ASN:chr6:32682590-33209310
SAG	1	0	1.6799137966871858	3.1308501169933334	0.90415762702678659	0.43461210154524194	0.62244982582569153	1.4103440708804205	0.082900774935441762	-1.5424114315453052	1	0.8742493511816698	ASN:chr2:233550713-234883167
SAMD13	1	0	-1.6953772558188125	0	0	1.0872035168781806	0.54171606893875723	1.2363572427833591	0.059787615659848373	-1.2883401064786222	0	1.2908119479039404	ASN:chr1:83991644-86012417
SAMM50	1	1	1.5500949100523345	2.8608349030959928	0.80495937655913352	0.69610581016615081	0.87848202839565592	2.00405735089186	0.16971920413317246	0.80347984057227462	1	2.6408660212093427	ASN:chr22:42690818-44994946
SAR1A	1	0	0.9010004768781007	1.5619341203057358	0.33658333513767175	0.031163679860242596	1.0331348537040841	2.3702883705840021	0.22461228661694041	1.0604267767854996	1	-0.88923401145699488	ASN:chr10:71054709-72673145
SARDH	1	1	1.5038445986241846	2.7646371305159745	0.76961821707005706	0.94753581105047213	0.14564687323115874	0.5706259526232268	0.003260485252519586	1.2105677433348889	1	-0.93607748028979365	ASN:chr9:134722557-136612240
SCAF1	1	1	1.1092839114913176	1.9579066229200968	0.47564088672056454	-0.23152825446523265	-1.1849781747459818	6.6454544034624148e-07	0	0.4865369838791111	1	0.65412084316333308	ASN:chr19:49093112-51334271
SCAMP3	1	1	-0.97311971504335137	0.019224127748079092	0	-0.95526728760106594	-0.55808167051818192	0.061811528499988111	0	0.8686718135833309	0	0.57947716407441541	ASN:chr1:153397055-156616039
SCD	1	0	1.243518871922519	2.2270028198416374	0.57276116701356916	-0.17784011537768593	0.21354182651462236	0.66149236635106989	0.0068764081743616437	1.4314247692928403	1	0.091345629065942374	ASN:chr10:100365649-102471756
SCGN	1	1	-0.38648588991898214	0.1648013104611751	0.00064858485604087199	0.61418426109460145	0.92051578241209242	2.1035968488882748	0.18463883021646607	-0.30443851655469145	0	-0.10265526079193965	ASN:chr6:24397129-26141757
SCHIP1	1	0	0.82507434736571272	1.4263409489253835	0.29061493483738021	0.72877637710756582	0.77166574633030993	1.7518290099381939	0.13203801208219268	0.419603645285127	1	1.9159856502648644	ASN:chr3:159155377-161620009
SCN2B	1	0	0.04599093129200181	0.43029687909366587	0.025220388225572689	-0.32009573435759059	0.47106286719111029	1.093129704939479	0.042472397080902488	-1.5271372731820223	1	-1.0886982675380317	ASN:chr11:117901740-118900987
SCN4B	1	0	0.03517032829099119	0.42151450049746225	0.023909501993742258	-0.10328151402122937	0.49737596213520069	1.1453575154249744	0.048562037452569408	-1.2246363491606882	1	-1.0839927406656473	ASN:chr11:117901740-118900987
SCUBE1	1	1	1.6474590750284783	3.0633463135190091	0.87935806440987718	1.4467311851440059	0.75836937326191844	1.7206952694087208	0.12743238184833586	-0.77370120825070487	1	2.6785934803454023	ASN:chr22:42690818-44994946
SDCBP	1	0	0.098933498105972198	0.47502891567733968	0.032328166944430865	0.22627994364335685	0.40827567661544789	0.97449106757024584	0.02986884402310154	1.3426430686702471	1	-0.20759889315164723	ASN:chr8:59047312-60470380
SDHB	1	0	0.87364350112028266	1.5124623314478804	0.3196879512597165	0.35639050369311742	0.013100464483215042	0.41798052035019512	0.00029449265541923563	1.5525911624765489	1	0.49975042550472587	ASN:chr1:14893157-17875820
SDHC	1	0	-1.1328287470678053	0.0070286942798708438	0	0.6046471451951726	0.51998266245422664	1.1913055908933754	0.054141005909378932	1.197743606506996	0	-0.089415923405199965	ASN:chr1:159953315-162888864
SDS	1	0	-0.97055513877424693	0.019489217291131119	0	0.32101482324476704	0.30103790569154515	0.79217435716868834	0.014549476799982386	1.6244657329622567	0	0.71831516903664427	ASN:chr12:113028429-114181109
SDSL	1	0	-1.3383753175729882	0.00081256969057024147	0	-0.2541360155461202	0.33322953041783443	0.84427368708056461	0.018396051900604719	1.0117821019546285	0	0.70963598034603559	ASN:chr12:113028429-114181109
SEC11C	1	0	0.28728247996447459	0.65914015570325579	0.068207921420740142	-0.10930246492780599	0.85228779350239503	1.942029112961392	0.16042234266228295	1.4336350508126381	1	-0.54745886016760881	ASN:chr18:54958664-57377707
SEC23A	1	0	-1.5361380032397607	0	0	0.96084344777022324	0.67148874898663291	1.5202804468874007	0.098311166920560605	0.9705309372925055	0	-0.12158069116941229	ASN:chr14:35858508-40256601
SEC31B	1	0	1.2100766359546138	2.1592004834283043	0.5481542851922705	0.50916632883018098	0.22959995364069671	0.68430776860088383	0.0080078070189575044	0.25739584185197012	1	0.065733047192444258	ASN:chr10:100365649-102471756
SEL1L	1	0	-1.5794511555932882	0	0	0.79066372342048974	0.52937145273186437	1.2106654157538339	0.056547325925533742	1.0405829515008636	0	-1.455578012342563	ASN:chr14:81000021-83137833
SEMA4A	1	0	-1.3128803067410957	0.0011742581902526898	0	0.23776641434511128	-0.50339591621394009	0.079018276699611326	0	-0.27055104213303399	0	-1.2152764282065813	ASN:chr1:153397055-156616039
SEMA4G	1	0	1.4107300517620003	2.571101511578481	0.69854062854765475	-0.23921031090904379	-0.08534741847943822	0.32419133159202612	1.9610396215994797e-07	0.90960864625904037	1	0.25469396958248186	ASN:chr10:102471756-106139565
SERBP1	1	0	0.93328037737595093	1.6211497217534547	0.35697304709233307	0.010034628879053075	0.67958327695634912	1.5386799947784113	0.10093642672146551	1.074445506640205	1	-0.3763906365727393	ASN:chr1:66774011-68477862
SERPINA10	1	1	0.92259266933536388	1.6014456785618076	0.35016920169604887	-0.62107035510545017	0.83008643411374139	1.8894908462978115	0.15255384853284476	1.6008795032444572	1	1.1225937366842325	ASN:chr14:94325285-95947052
SERPINA11	1	1	0.77112903438031322	1.3334284669531673	0.25980330396876272	-0.59313493451710642	0.88721454562170787	2.0247366930364223	0.17281875816604969	1.7534737817388557	1	1.0188599884986569	ASN:chr14:94325285-95947052
SERPINA12	1	1	0.74949137224388684	1.2970218594540752	0.24790922052986436	0.24241418407460094	0.92783526104589786	2.1209299956854788	0.18723683477009995	-0.78303278866129922	1	1.0080774014115332	ASN:chr14:94325285-95947052
SERPINA3	1	1	0.71703487903922525	1.2433830030353901	0.23059209603028041	-0.49841550381214572	1.0109206483272355	2.3176832463608319	0.21672748913179379	2.1797583514372687	1	0.90111976699440521	ASN:chr14:94325285-95947052
SERPINA4	1	1	0.73867254117567371	1.2790108914924072	0.24206596705845393	-0.71431482681191427	0.94383678442625241	2.1588229615108863	0.19291647845609139	1.7390601523621116	1	0.95301888203314622	ASN:chr14:94325285-95947052
SERPINA5	1	1	0.72785371010743849	1.2611306476267816	0.23629325493067926	0.26982376810874259	0.96328751022912429	2.2048839314953117	0.19982039562499429	1.7281604124814582	1	0.92886841455316116	ASN:chr14:94325285-95947052
SERPINA6	1	1	0.86849851399427591	1.503233996431421	0.316551338653286	-0.11781973696511071	0.84211338675958536	1.9179442708451975	0.15681390482121954	1.8046171304780785	1	1.1269867497292485	ASN:chr14:94325285-95947052
SERPINA9	1	1	0.76031020331210009	1.3151616763337024	0.2538220034612062	-0.21060803800490413	0.89838177064117786	2.0511816299320502	0.17678249696542847	-1.2883401064786222	1	1.0177072800473546	ASN:chr14:94325285-95947052
SESN3	1	0	-0.22793951066506185	0.24301254925814411	0.0042780747266775755	0.84652076705466617	0.49214323218590744	1.1348611608755836	0.047315535411482014	-0.49383028007704521	0	-0.18911842627279252	ASN:chr11:92731401-94987750
SETD1B	1	1	1.3284842932318091	2.4009952212806818	0.63621225247623847	0.18778687454445822	0.19878859846564775	0.64098313121116512	0.0059357398123704866	0.054455192281274593	1	0.33021478241918001	ASN:chr12:122015993-124721969
SETD6	1	0	-0.63518968163423495	0.07917198890167132	0	-1.1440431937571329	0.76821788233280253	1.7437468764551303	0.13084086836753839	0.38500972488861901	0	-0.19499127132361524	ASN:chr16:56907578-58867358
SETX	1	1	1.3504043314058451	2.4462047754187828	0.65275542175876922	1.1041463217084195	0.29693141076513124	0.78568674189589149	0.014101304273007606	0.48243807556837204	1	-1.0692883487675338	ASN:chr9:134722557-136612240
SFT2D2	1	0	-1.533103647525254	1.5107228861038698e-11	0	0.14928803987074699	0.50749150942501253	1.1657983492162314	0.051020038265208734	0.22861299389183048	0	-1.1164284684701289	ASN:chr1:168175845-170169621
SFTA2	1	0	1.0524558446187642	1.8468617574702513	0.43607739931291334	-2.5406073512235423	-8.1438047326678564	0	0	-1.3014043576765615	1	1.2152764282065813	ASN:chr6:30458591-31054923
SFXN3	1	0	1.4664671117085086	2.6868988314652613	0.74105948686276224	-0.61729167345527947	-0.15052450786428684	0.27054297858709903	0	0.13373478497471114	1	0.40886375458777224	ASN:chr10:102471756-106139565
SGIP1	1	0	0.92245977437491833	1.6012012745665236	0.35008492577042066	1.7438450526600946	0.79823608345087671	1.8142932771106763	0.14132184643419626	-1.0149874057224155	1	-1.0889465949487405	ASN:chr1:66774011-68477862
SGSM1	1	0	1.6244048085814595	3.015394872497585	0.86174165314152307	1.3035454564067357	-0.054844000534503223	0.35156367326908061	1.493037344165247e-05	-1.2753861034403373	1	0.67768141440981966	ASN:chr22:23398337-25209349
SH2B3	1	1	0.68463566582004476	1.1910458481172854	0.2139568753155999	0.55153951915520605	-1.0157405005722715	0.0014471152029123654	0	0.55850517531162203	1	2.234267181547696	ASN:chr12:109270450-113028429
SH2D1B	1	0	-1.2626476337026566	0.0021721826379338641	0	-0.21515739569532227	0.73473283993929273	1.665603986841129	0.11932701878196714	-1.0704100410848536	0	-0.86703009528765396	ASN:chr1:159953315-162888864
SH2D5	1	0	0.96680366335998502	1.6835595642337402	0.37864099503512955	-0.40966480284632961	0.57413919338383357	1.3050501501506178	0.068689296642226325	-1.4970374803542688	1	1.0986842723514338	ASN:chr1:20304720-22145806
SH3BP1	1	0	-1.3600117986787785	0.00057126079936688104	0	0.28426902557995493	-0.43240294132031287	0.10575981489376307	0	-0.081578287825861809	0	1.9590278184313519	ASN:chr22:37977990-40527060
SH3BP4	1	0	1.149820009594908	2.0382530064403124	0.50447542505161291	1.1831028614729759	0.87397489943831885	1.9933840868849619	0.16811942604229918	0.47007526847434317	1	1.3830536641630085	ASN:chr2:234883167-236066960
SH3GLB2	1	0	0.18699660038645236	0.55612199341494184	0.046909402037233885	-0.036937445877186864	-0.66793593459895872	0.035168622780432528	0	0.79010249882777717	1	0.46749972648350263	ASN:chr9:130597604-132047808
SHC1	1	1	-0.77583937147689586	0.047506068719138803	0	-0.47127873736989861	-0.63360822382773585	0.042436956419793885	0	1.0175856636890626	0	0.59644762597712464	ASN:chr1:153397055-156616039
SHE	1	0	-1.115599963174662	0.0079746407683932881	0	0.28577017244413311	-0.48290701938214253	0.086207024163886453	0	-0.25720278193313983	0	0.86065070765264495	ASN:chr1:153397055-156616039
SIN3B	1	0	-0.61355320052842277	0.085030827581755217	0	0.63572671249718371	-0.30331729530993373	0.16867503391622674	0	0.35408700511211993	0	1.1103053467614363	ASN:chr19:16749208-20221313
SIRT4	1	0	0.97776368244701395	1.7041562998934376	0.38582900026475242	-0.54916263134915322	0.48844059887551233	1.1274665553640417	0.046444003471002741	-0.47074653304359965	1	-0.64758898811020005	ASN:chr12:119859279-122015993
SIX5	1	0	-0.95973689822135189	0.020634283519636767	0	-1.2426543542467741	-1.2298253437818032	0	0	0.1285749809558504	0	-0.58614725829321757	ASN:chr19:45579043-47334409
SLAMF1	1	0	-1.3167388364671762	0.0011137504440126729	0	0.43374834081626595	0.25710769680329637	0.72459926221418358	0.010222754583766584	-0.63163084246833168	0	0.32934510893069019	ASN:chr1:159953315-162888864
SLAMF7	1	0	-0.84073625213939585	0.036316155092370413	0	-0.27678492301819002	0.28834679086463338	0.77223901459565236	0.013194325836923985	0.317966744478204	0	0.33514767469348894	ASN:chr1:159953315-162888864
SLC10A5	1	0	-1.3600117986787785	0.00057126079936688104	0	-1.6645341961887599	0.41020999844917283	0.9780133631799276	0.030214729677370111	-0.15440017527324418	0	0.46199426568665258	ASN:chr8:82016264-83727741
SLC10A6	1	1	0.59802773728883618	1.0574467655693687	0.17289125987474563	0.11166266676106754	0.57089282322516066	1.2980965437623537	0.067773610229286241	-1.327871224541181	1	-0.87545699255334941	ASN:chr4:87214993-89236855
SLC10A7	1	0	0.39688267083472034	0.78546871621017489	0.097948778271790646	1.9137771804888024	0.45760744509314116	1.0669730064721732	0.039535813030211961	-0.12974036382504378	1	-0.087210952722576604	ASN:chr4:145025810-148834277
SLC16A6	1	0	0.72697420723214023	1.2596828989901527	0.23582710099632945	0.063827540302135291	0.10846560190850996	0.5245912995029488	0.0019696257155236018	-1.0149874057224155	1	0.97287916227935067	ASN:chr17:64800166-67858770
SLC17A1	1	1	-0.37566705885076895	0.16950823456669098	0.00077189619898423881	0.60817870053365986	0.90628205022346808	2.0698901626827775	0.17958665329358223	0.84616820270580295	0	-0.14221361043031336	ASN:chr6:24397129-26141757
SLC17A2	1	1	-0.34321056564612934	0.18416501109207162	0.0012334414296260817	-0.1668773260020979	0.88272869106340379	2.0141138086125383	0.17122653129409901	1.0175856636890626	0	-0.0058341898150292377	ASN:chr6:24397129-26141757
SLC17A3	1	1	-0.3107540724414678	0.19964321314810124	0.0018498226803746784	0.60908643690853237	0.86517944277469105	1.9725556988102118	0.16499753203815004	0.93120755888588336	0	-0.027526968239797524	ASN:chr6:24397129-26141757
SLC17A4	1	1	-0.33239173457789417	0.18923203629196095	0.0014205918622520663	0.13218866733506601	0.87823192053083088	2.0034650742348692	0.16963042986327928	0.87185985263222321	0	-0.13542203433362562	ASN:chr6:24397129-26141757
SLC17A7	1	1	1.2846442168836931	2.3109426293004702	0.60332369345424108	-0.41828940712100049	-1.3985305186739361	0	0	-1.3145807497409923	1	-0.0004804599835018805	ASN:chr19:49093112-51334271
SLC1A6	1	0	-0.13755061620066455	0.29705639725387473	0.0086829852192154122	0.91207479563392502	0.17588694147133946	0.60999327261379466	0.0046520758552896528	-1.5424114315453052	0	-0.34722434577888578	ASN:chr19:12500149-15648148
SLC22A13	1	0	-1.2842841148084687	0.0016922949535474164	0	-0.44586601335486498	0.27868443182353475	0.75728758160973109	0.012220985450901013	-1.4385526828579982	0	0.31993944053057932	ASN:chr3:35283408-38353505
SLC22A14	1	0	-1.3491935581258834	0.00068484593755081672	0	0.37427240981510851	0.30786184976968423	0.80303392744255331	0.015315054078896046	-1.3548024460188213	0	0.20703786798426985	ASN:chr3:35283408-38353505
SLC22A18	1	0	0.19781484093936944	0.56667779837738985	0.048956011072346914	0.1035620074167979	0.24587195962293554	0.70795615867792894	0.0092744200730494712	1.026250071924695	1	-0.64471357905729687	ASN:chr11:2739889-4466102
SLC22A18AS	1	0	0.25190604370388892	0.62146444672998435	0.060085818547135836	-0.25793721444184081	0.23066555018522233	0.68584005623645483	0.0080869873151163101	-0.29079362448653651	1	-0.65761024608720464	ASN:chr11:2739889-4466102
SLC25A1	1	0	0.024242021875889232	0.41276682523812314	0.022632487353536641	-1.4834418137846102	0.14824774903900614	0.57394323889314025	0.0033674531894233839	1.3355961997516146	1	-0.58924712432075621	ASN:chr22:18557031-19912242
SLC25A16	1	0	1.1065470473832835	1.952514431610443	0.47371162861303845	0.61306469876199232	0.72089472817230926	1.6335246894227238	0.11463782242978146	0.55067332031079141	1	-0.50255197855570366	ASN:chr10:68757629-71054709
SLC25A18	1	0	0.10096215548504804	0.47680196943738185	0.032624248158263536	0.24369747375605919	-0.028917935981140439	0.37600536402735107	6.6996354608159372e-05	1.2583451703852213	1	-0.65216685747513548	ASN:chr22:17581547-18557031
SLC25A20	1	0	-1.4901826516529249	8.9481552615900037e-06	0	0.48800596207270847	-1.1278136374651033	8.5095940479121567e-05	0	1.2780254431602163	0	-0.069998364149719036	ASN:chr3:47793553-51831792
SLC25A28	1	0	1.3104033438583069	2.3637910477923354	0.62261360073487393	-0.61139096390982794	0.18355240650454008	0.62025207614607714	0.0050586449714073931	0.98834591771373725	1	0.3098417899899063	ASN:chr10:100365649-102471756
SLC25A34	1	0	0.63800309074924777	1.1179348055036502	0.19121072350906609	-1.1527841455372192	0.3599099716017784	0.88914590573513141	0.022055290039818327	-0.58980154450568834	1	0.47102452666784989	ASN:chr1:14893157-17875820
SLC25A42	1	1	1.2792168997396465	2.2998329835850817	0.59927303207023197	0.60389164554419172	-0.3195063569852285	0.1596944209025582	0	0.97946427143019898	1	0.7283009943667299	ASN:chr19:16749208-20221313
SLC27A1	1	0	-0.65682616274004724	0.073588653272117568	0	0.39763763123706342	-0.98189609506845221	0.0024052839141201531	0	-0.058052306267077552	0	1.4989013223396588	ASN:chr19:16749208-20221313
SLC2A11	1	0	1.4380844841020548	2.6279007960685274	0.71939098718129724	0.21774625975925635	0.086329964763980666	0.49839805241438245	0.0013935964034388871	-0.31820578596976723	1	-0.47793788754897626	ASN:chr22:23398337-25209349
SLC2A6	1	1	1.6901649231036113	3.1521718226693758	0.91199080008959721	-0.78557528067244486	0.081331941237916913	0.49260711586328521	0.0012813675407606141	-0.30443851655469145	1	-0.71707198249789417	ASN:chr9:134722557-136612240
SLC30A3	1	1	0.36964070031552887	0.75268371719621285	0.089881252810579515	-0.0062103182624371357	-0.28867927814031175	0.17707961456474702	0	-1.4675165657271294	1	-0.22052089842448247	ASN:chr2:26209579-29456860
SLC35D1	1	0	1.0090245983831134	1.7634005014344365	0.40659919471839984	0.6912992210013551	0.58384422477207343	1.3259337976540548	0.071457627743020474	0.87185985263222321	1	-0.28931031279576058	ASN:chr1:66774011-68477862
SLC35E1	1	0	-0.20246005951807913	0.25751863380949552	0.0053148567069214933	0.0081933675234164005	0.22639947220798443	0.67971932170695504	0.0077731024645504342	0.29495221667459859	0	0.29074202119792142	ASN:chr19:15648148-16749208
SLC36A4	1	0	-0.049580918836256843	0.35682384236396358	0.015175809077656069	0.67742703377107205	0.37014596322542914	0.90677443969553229	0.023578646455222965	-0.10547044719272196	1	-1.4403056559092715	ASN:chr11:92731401-94987750
SLC37A4	1	0	0.31109570481709209	0.6853399289567913	0.074068085009938459	-0.91561624880114934	0.3058173111619778	0.79976991947442055	0.015082928440838621	1.4380460890499092	1	0.66461320830105519	ASN:chr11:118900987-120771784
SLC38A7	1	0	-0.6460079221871301	0.076346297880943104	0	-0.08441732172475569	0.77113572425398957	1.7505861985107929	0.13185385659764912	-0.006401219552568789	0	-0.22924988936170809	ASN:chr16:56907578-58867358
SLC39A12	1	0	1.4310942639704005	2.6133791822916348	0.71405906648609241	1.086042669575904	0.86543132336615747	1.9731521734331061	0.1650869355262016	-1.3412777748263425	1	-0.55368872216252263	ASN:chr10:16679279-18537267
SLC39A7	1	1	1.3336426884138282	2.4116243411358727	0.64009995326050351	-1.3243092994071872	-0.19782469797722269	0.23555874320146411	0	1.1480107576067045	1	2.8740401874257948	ASN:chr6:32682590-33209310
SLC39A8	1	1	-1.6636643428697229	0	0	1.6082800015178575	0.29109821062686853	0.77653224040187618	0.013480646626475886	0.77321519704574815	0	-0.12683751443307512	ASN:chr4:102707193-105305539
SLC4A1AP	1	1	0.15307493854787033	0.5238746497594915	0.040863310041315645	0.26553456519213275	-0.15008811113149537	0.27088089480622618	0	0.419603645285127	1	-0.8072005811244638	ASN:chr2:26209579-29456860
SLC50A1	1	1	-0.85803951462959116	0.033662786993940132	0	-1.4239536950820659	-0.6200537232780986	0.045562100362270666	0	0.94341470274178296	0	0.55625077872704864	ASN:chr1:153397055-156616039
SLC5A5	1	0	-0.53782551665809109	0.10780213949361535	2.881418929768477e-06	0.030069456382689444	-1.1865066462611	4.7159935002979421e-07	0	-1.4970374803542688	0	1.3710082037331834	ASN:chr19:16749208-20221313
SLC5A6	1	1	0.46709529311097631	0.87432626855091033	0.12093534496577013	-0.39419562472078123	-0.31807219163856298	0.1604768102441389	0	0.76640791205277092	1	-0.20437388497647815	ASN:chr2:26209579-29456860
SLC6A12	1	0	-1.0936799250006042	0.0092960888790779711	0	0.071789329970062793	-0.58162937220776245	0.05524705194479778	0	0.98834591771373725	0	0.05088206611156687	ASN:chr12:61107-1739022
SLC6A13	1	0	-1.1046399440876331	0.0086184876800547896	0	0.49153080931244469	-0.49759395868029005	0.081011697257097129	0	0.58560621151926406	0	0.20549538416582316	ASN:chr12:61107-1739022
SLC6A16	1	1	1.1421639687523826	2.0230110730019977	0.49899333444806421	0.35940341892481886	-1.1918662745033952	8.9797665568008605e-08	0	0.070642058443157407	1	-0.019837433848278772	ASN:chr19:49093112-51334271
SLCO1A2	1	0	1.2255476934652176	2.1905123592763918	0.55950832385195148	1.4922009903126943	0.91414869807609722	2.0885190526424777	0.18237887224324525	-0.64868702072582451	1	-0.24492180609252989	ASN:chr12:20523761-21757656
SLCO1B3	1	0	1.2147294529123225	2.1686070305521632	0.55156338366863766	1.9458710578667964	0.99900983050026526	2.2894774185692022	0.2124998165747547	1.2998682816758187	1	-0.19149473309239504	ASN:chr12:20523761-21757656
SLCO1C1	1	0	1.2039112123594273	2.1467499079110652	0.54364445645445381	0.7358667419204814	1.1117146113929559	2.5563719078757612	0.25250369507822934	-1.4529663122347427	1	0.040713067305043954	ASN:chr12:20523761-21757656
SLMAP	1	0	0.29517900591549129	0.66775267470400057	0.070115540329498807	1.5800035076155665	0.65801250361773611	1.4897977895689636	0.093988822329843305	0.317966744478204	1	-0.70558047655784317	ASN:chr3:56847831-59704331
SMAD1	1	0	0.4626427853568722	0.86850192317761343	0.1193808227661565	0.95245804862922845	-0.1180774266248681	0.29644249250188526	0	0.4865369838791111	1	-0.21616273737426495	ASN:chr4:145025810-148834277
SMARCB1	1	0	1.5805647322333656	2.9242102390497386	0.82824222184281271	0.58256045002862544	-0.013048862063457428	0.39151064693811172	0.00012804366323127567	0.78673986823822695	1	-0.5159922775183764	ASN:chr22:23398337-25209349
SMARCE1	1	0	-0.51668042476121068	0.11481632822430429	1.4412722686010615e-05	0.041432922589186891	-0.16102906645759793	0.2624935186995121	0	0.98834591771373725	0	1.204715233896235	ASN:chr17:38649589-39900528
SMC4	1	0	0.86835675936982126	1.502980082986346	0.31646510519593329	0.36158528667395817	0.17515523607416419	0.60901997766705218	0.0046144474807076541	0.29030761328157983	1	-1.0073931274219656	ASN:chr3:159155377-161620009
SMO	1	0	0.61948289034626891	1.0896540266501162	0.18258467531353237	0.077426330466713322	0.22817820172872999	0.68226689928551398	0.0079029693824902245	0.42813166860987051	1	-0.6797553783753808	ASN:chr7:126869221-129589868
SND1	1	0	0.54373866933910653	0.97870563811828359	0.14984946318279482	2.2962341509776789	0.43039906308996234	1.0152844607229097	0.033985517969474355	1.071651984030682	1	1.7430475961408469	ASN:chr7:126869221-129589868
SNRNP70	1	1	0.71472322435842861	1.2396082444531216	0.22938330657400033	0.029571567494018878	-0.71590621304904922	0.02647523319272066	0	1.4468303204619117	1	0.37035607706467916	ASN:chr19:49093112-51334271
SNRPD2	1	0	-1.0462828226445786	0.012635954976136983	0	-1.1338940388836807	-1.1972414927936956	1.5717514525832738e-09	0	1.2974565918627223	0	-0.40037164727475938	ASN:chr19:45579043-47334409
SNRPD3	1	0	1.5257646367982427	2.8102294472399199	0.78636793271942096	0.68719766526247961	0.00027318898529404953	0.40485174755527142	0.00020143029178658475	1.2003170190967736	1	0.49431414447486	ASN:chr22:23398337-25209349
SNX17	1	1	0.40212556458066334	0.79188567910675511	0.099554817040781118	-0.93699056406808345	-0.3047400506398768	0.16787262307297018	0	1.026250071924695	1	-0.24506326250191418	ASN:chr2:26209579-29456860
SOX10	1	0	-1.4898306853136296	9.1674347207151519e-06	0	-0.22138798229799497	-0.37189190462609079	0.13282820904942583	0	-1.4385526828579982	0	1.9255378701499477	ASN:chr22:37977990-40527060
SOX14	1	0	0.38172493033871807	0.76711180549425029	0.093402902764637669	-2.545298929189447	0.044391713608533924	0.45119125382240044	0.0006323165091920471	-1.5424114315453052	1	0.6374641368758267	ASN:chr3:135268752-137727495
SPACA4	1	1	0.0790421173110121	0.45787606541044051	0.029519367094586763	-2.4132911698495745	-0.073169272657668677	0.33494222853049349	2.3638658051494211e-06	-1.5424114315453052	1	0.21335320307951219	ASN:chr19:49093112-51334271
SPARCL1	1	1	0.58720890622062305	1.0414365761617015	0.16812766663258383	0.73180976769479067	0.60077900492326197	1.3627067646107172	0.076395251929915323	0.57791175806387796	1	-0.91521900326449213	ASN:chr4:87214993-89236855
SPATA16	1	0	-1.6771030692740392	0	0	1.8661213135749801	0.25780766724970566	0.72564464739553503	0.01028388320591782	-1.5424114315453052	0	0.071925049176519415	ASN:chr3:172048457-175051223
SPATA21	1	0	0.73664326253248658	1.2756470929701955	0.24097777920372643	0.62590362348024597	0.15935308268085061	0.5882522023423028	0.0038505312723935035	-0.8113727982236163	1	0.24492180609252989	ASN:chr1:14893157-17875820
SPDEF	1	0	-1.4252661217649161	0.00013888683698705259	0	-0.14295425082390481	0.60106962723359125	1.3633414017352843	0.07648113726827542	-1.4675165657271294	0	2.6024806928094129	ASN:chr6:33209310-35757007
SPECC1L	1	0	1.3942444077539389	2.5369124178004525	0.68599745911309362	1.451024262851613	0.13520660841865351	0.5574385543278253	0.0028538927007644632	0.28564891395377445	1	0.3460581495957718	ASN:chr22:23398337-25209349
SPEN	1	0	0.67088314801033466	1.1692071645180984	0.20709909752234537	1.0956051333498911	0.25605724374435462	0.72303232630315384	0.010131473504221807	0.36741594776055586	1	0.50457777704028139	ASN:chr1:14893157-17875820
SPHK2	1	1	0.11192217457207702	0.48645741556174227	0.034255165917247664	-0.51520931099785083	-0.094216447293595837	0.31650822673812962	3.9136769406319443e-11	0.44083552249901781	1	0.22446090299548285	ASN:chr19:49093112-51334271
SPP1	1	1	0.60884656835704942	1.0736120563886724	0.17773854894886673	-0.81474146973545791	0.56941531298700054	1.2949371803019898	0.067358600255240722	0.80347984057227462	1	-1.2571272601204653	ASN:chr4:87214993-89236855
SPP2	1	0	1.6582773155813735	3.0858475813437702	0.88762458528217536	0.13111269723477342	0.68292239297964852	1.5462889511797868	0.1020254658550548	1.6818928880489434	1	1.4707926269535694	ASN:chr2:234883167-236066960
SPPL3	1	0	1.0216037587951079	1.7874400377247204	0.41506494985250975	1.4240367821862694	0.40956544945190948	0.97683873300068502	0.030099179680404303	0.36741594776055586	1	0.39576526471687851	ASN:chr12:119859279-122015993
SPTA1	1	0	-1.2951023553613639	0.0014814378654875455	0	0.94346380316713752	0.74524544305597495	1.6900630548511404	0.12291798689811324	-1.3822146075020518	0	0.61458618613997074	ASN:chr1:157982579-159953315
SQLE	1	1	0.90022681664627147	1.5605258934013893	0.33610058999334735	0.049240169736819238	0.48039268483735698	1.1114882717407777	0.044580088354909314	0.59707605504741001	1	0.62306461857402118	ASN:chr8:123780420-126401023
SRGN	1	0	0.97672816074843238	1.7022063343377793	0.38514773346186332	-0.22281527406302512	0.8944189288460036	2.0417972841328003	0.17537591030205008	1.3473230730583965	1	0.01159993643807119	ASN:chr10:68757629-71054709
SRSF9	1	0	1.0764038542302308	1.8934162825895633	0.45261982492962188	-0.77767113534459864	0.39370336101626957	0.94822712250736363	0.027347558921056087	1.228343428737616	1	-0.5108240591850467	ASN:chr12:119859279-122015993
SSBP4	1	1	1.4527153916780522	2.6583075552228963	0.73055758886692679	-0.27067976794199644	-0.94262035005230571	0.0039600238721051789	0	0.55459424262210932	1	1.0817721629326587	ASN:chr19:16749208-20221313
SSR2	1	0	-0.62239910425855627	0.082601769393008187	0	-0.48320723209318006	-0.68534192159087315	0.031823467685227647	0	1.4203253698835359	0	-1.2213313990942063	ASN:chr1:153397055-156616039
SST	1	0	-0.29088487307579558	0.20953362426607741	0.002313188963014893	-2.0815583386914946	0.62388555113792588	1.4135219579836271	0.083338815602661986	-1.5424114315453052	0	1.0800487277786079	ASN:chr3:186230742-188951597
SSX2IP	1	0	-1.7061954963717076	0	0	0.57512597103161212	0.54621186701168034	1.2457791224188697	0.060988697154122369	-0.13586827715378455	0	1.3132406747410095	ASN:chr1:83991644-86012417
ST14	1	0	-0.91892558220198561	0.025356934978375975	0	0.63362363278480405	0.55636202928680423	1.2671752871034168	0.063740469378736633	0.24786139970718202	0	0.77639856593851819	ASN:chr11:128188777-130049774
ST3GAL4	1	0	-0.58951904699749136	0.09186997615213717	0	1.0270221015703893	0.82365708396231252	1.8742906939736166	0.15027987772932483	0.50282403587880642	0	-2.4416052632465446	ASN:chr11:124496119-126773879
ST6GAL1	1	0	-0.52910721102021785	0.11065846287163934	6.2261798675671442e-06	1.4570008749865688	0.74255559984971053	1.6837978438385008	0.12199694514890894	1.6303060960644284	0	0.69837971460020409	ASN:chr3:186230742-188951597
ST8SIA1	1	0	1.3445483395471738	2.4341163635999874	0.64833017047369246	2.1688584001435407	0.41214229763857951	0.98154043971094396	0.030562909495195238	-1.4529663122347427	1	0.27645120383711702	ASN:chr12:21757656-24562053
ST8SIA6	1	0	1.4743672261820029	2.7033275953875009	0.74709457607267815	1.3912532885411966	0.78223438798566358	1.7766386082543897	0.13571907645294726	-1.1279089072535582	1	-0.22967269791139705	ASN:chr10:16679279-18537267
STAC	1	0	-1.2518293931497395	0.0024428719357089228	0	1.552690220164495	0.54800712812091057	1.2495509985680255	0.061471385325731681	-1.1515253769195539	0	0.050057370773653014	ASN:chr3:35283408-38353505
STAC2	1	0	-0.045984194216698492	0.35942453389675949	0.015494116885977172	-0.28864027915346124	-0.81450165948390474	0.013351078380310325	0	-1.5424114315453052	1	-1.1702637324478879	ASN:chr17:36495389-38649589
STAG1	1	0	0.78199983079616664	1.3519089954892614	0.26588132525351982	2.2525696084860325	0.2714043621723099	0.74615085569590656	0.011520118887667657	0.19928012204816672	1	0.38391624475354991	ASN:chr3:135268752-137727495
STAM	1	0	1.4527307450762126	2.6583394710009687	0.73056931093458011	0.89966036330364207	0.78591917875080763	1.7853003795543956	0.13700630267299169	-0.017729981305854219	1	-0.22657305004453338	ASN:chr10:16679279-18537267
STIM1	1	0	0.013904751539998806	0.40460442832686	0.02146716319960738	1.8245940414298596	1.1440546172889516	2.6329557873653195	0.26398258405186442	0.72841847545893146	1	0.067521578434024787	ASN:chr11:2739889-4466102
STK19	1	0	1.0740923257245762	1.8889069637758089	0.45101460684032468	-0.49499524622538654	-8.3532272985393252	0	0	0.35854285802399921	1	1.0179377135328065	ASN:chr6:31571894-32682590
STOX1	1	0	1.0200011229600567	1.784371103809909	0.41398303286406563	0.85666863497461143	0.86895405147408222	1.9814942926571848	0.16633730650526748	-1.2625405033716455	1	-0.20661714187879382	ASN:chr10:68757629-71054709
STT3A	1	0	-0.41415874160509375	0.15315998304827594	0.00039439837231431058	0.31294570042568159	0.64273331909091846	1.455477900136954	0.08916586014391803	1.0547832400968487	0	0.99673376278728409	ASN:chr11:124496119-126773879
SUGP2	1	1	1.3766714925350938	2.5005123362106314	0.6726507091980124	0.50749045472746046	-0.40065005772677154	0.11945121657474146	0	0.63841378619765898	1	0.69767914210572046	ASN:chr19:16749208-20221313
SULT2A1	1	1	0.25440242270340968	0.6240747364498801	0.060636593775551778	-0.25933731398990334	-0.19961662243901634	0.23429634108149724	0	1.9085569288367417	1	-0.21784927590904044	ASN:chr19:47334409-49093112
SULT2B1	1	1	0.013282002788860256	0.40411616723163274	0.021398267665830903	0.5792669036953525	-0.026875807409489503	0.37797729972430344	7.3424791345440938e-05	-1.2883401064786222	1	0.22094287698820125	ASN:chr19:47334409-49093112
SULT4A1	1	1	1.5717313911581468	2.9058374387455568	0.82149241830374498	0.41009328529547284	0.84974943876752451	1.9360194413751557	0.15952180992541276	-1.4385526828579982	1	2.6592567717103943	ASN:chr22:42690818-44994946
SUN2	1	0	-1.5338171068574413	0	0	0.75405102161180382	-0.19782469797722269	0.23555874320146411	0	1.2028861247178617	0	-0.63343248104039096	ASN:chr22:37977990-40527060
SUPT7L	1	1	0.16390322663626317	0.53402910853947738	0.042733065495521791	-0.41603532959239214	-0.16322505240399374	0.26083120790280845	0	0.59707605504741001	1	-0.58582128452789517	ASN:chr2:26209579-29456860
SUPV3L1	1	0	0.98754640130134952	1.7226180340131187	0.39228668145872214	0.19828578184871459	0.88646765900066016	2.0229680021103098	0.17255365528924527	0.60846083096809334	1	0.057618423862983603	ASN:chr10:68757629-71054709
SURF1	1	1	1.6244048085814595	3.015394872497585	0.86174165314152307	-1.1603784481870838	0.11036148999563186	0.5268764366085924	0.0020252634663012791	1.1612553630712972	1	-0.62991321063128347	ASN:chr9:134722557-136612240
SURF2	1	1	1.6134447894944304	2.9925987141356116	0.85336679531684134	-1.2127389221691083	0.11225543497685679	0.52916584794951427	0.0020818806171966175	0.62351036573022134	1	-0.62123216590176156	ASN:chr9:134722557-136612240
SURF4	1	1	1.5367246558852716	2.8330256056018928	0.79474279054410235	-0.32413273419306071	0.12733751793377504	0.54763429496666172	0.002570844460659855	1.3659016992413684	1	-0.60912362796085395	ASN:chr9:134722557-136612240
SURF6	1	1	1.5257646367982427	2.8102294472399199	0.78636793271942096	-1.0528386957929969	0.13258729974988512	0.55416222270785731	0.0027574849581228304	0.55459424262210932	1	-0.69086639355404611	ASN:chr9:134722557-136612240
SUSD2	1	0	1.4600045222760909	2.673461270064577	0.73612351985615532	-0.80407861133846681	0.073616180732264211	0.48375564230754514	0.001120210347340679	-0.44049845580206315	1	0.438749061377875	ASN:chr22:23398337-25209349
SYDE1	1	0	-0.28900598394130589	0.21048544178623721	0.0023606292926970792	-0.83061181888025681	0.281450265015525	0.76154750454723252	0.012494532427471769	-0.34611637760602121	0	-0.33558331993291618	ASN:chr19:12500149-15648148
SYMPK	1	0	-1.0138281009858714	0.015332317771686045	0	0.58783636691254559	-1.2080390641610783	0	0	0.72841847545893146	0	-0.56170732383567801	ASN:chr19:45579043-47334409
SYN2	1	0	-0.92975387029035639	0.024040361633357165	0	1.6368235615024358	0.73959224306324622	1.6769009901388561	0.12098399779607716	-1.5120136015842425	0	-0.4566551275348249	ASN:chr3:11019488-12860229
SYNGAP1	1	1	1.1713336433984707	2.081240411374321	0.51996507166927197	0.31560665072852589	0.047138969863699524	0.45418826279598989	0.0006705100935317233	-0.50160265237970003	1	2.7679653760267384	ASN:chr6:33209310-35757007
SYNGR1	1	0	-1.2957638408349215	0.0014691465633054994	0	0.36104579597754483	-0.23491101378552579	0.21034226460506689	0	-0.25720278193313983	0	-0.60499740205340058	ASN:chr22:37977990-40527060
SYNGR4	1	1	0.0023219837018312807	0.39558722699787452	0.020209754495033337	-0.47869629683756787	-0.013454063678153019	0.39110952678496719	0.00012614836615714242	-1.4385526828579982	1	0.22572807045520302	ASN:chr19:47334409-49093112
SYT11	1	0	-0.55663898973640435	0.1018067612456813	1.4373118524592796e-07	0.10852253056949179	-0.76515501683350995	0.019177319885241139	0	-0.7644260123559129	0	-0.39576526471687867	ASN:chr1:153397055-156616039
TAB1	1	0	-1.3065844438359542	0.0012776261199479422	0	0.395989053387173	-0.19872044300514544	0.23492712985721503	0	0.26214094686780554	0	-0.68113964661230331	ASN:chr22:37977990-40527060
TACR2	1	0	1.0091828824071396	1.7637022936202236	0.40670534287784138	-0.41799244065185265	0.87171720586924961	1.9880376768449013	0.16731807140126478	-1.3412777748263425	1	-0.066971238389240476	ASN:chr10:71054709-72673145
TACR3	1	0	-1.0356157540120596	0.013483993212230747	0	1.3789112906397423	0.19263669358502181	0.63255785746339588	0.0055703281548427118	-1.5424114315453052	0	0.95887202339075583	ASN:chr4:102707193-105305539
TAF1D	1	0	-0.13318650875600849	0.29985090434086992	0.0089500202051609138	0.68673115789816852	0.45572213091183189	1.0633388556212202	0.039134281962188343	0.79345777939925077	0	-1.6325012655472348	ASN:chr11:92731401-94987750
TAP1	1	1	1.452669321425099	2.6582117870638724	0.73052241502991566	-0.71895349653406704	-0.84411945699354662	0.010498210631990327	0	0.86227580328697162	1	2.9896480984655254	ASN:chr6:32682590-33209310
TAP2	1	1	1.4743105274271422	2.7032096799409455	0.7470512587561442	0.0892542841839358	-0.8793923334358168	0.0076695792590606559	0	0.4742072770265966	1	3.0145117872218878	ASN:chr6:32682590-33209310
TAPBP	1	1	1.2362572614046226	2.2122432837310999	0.56739808375482614	-0.32161367898298537	-0.089143219793031497	0.32088804608281019	4.1731888835556243e-08	1.1612553630712972	1	2.8080938146290944	ASN:chr6:33209310-35757007
TATDN1	1	1	0.85691366429274418	1.4825446735822794	0.30953721591965722	0.63602884167527074	0.60397333926478192	1.3696887331988843	0.077341325384885654	0.61223706965056268	1	0.86703009528765373	ASN:chr8:123780420-126401023
TBC1D13	1	0	0.3384519681271157	0.71628410147665611	0.081203542253220337	0.030964845778113821	-1.0073945836846534	0.0016538183159116994	0	0.1285749809558504	1	0.61724130503058872	ASN:chr9:130597604-132047808
TBCCD1	1	0	-0.13928883983845	0.29594819840988973	0.0085781222693169495	0.07106606358706051	0.48905821985600345	1.1286981320794958	0.046588771963211123	0.15420229153778112	0	0.3102738917710815	ASN:chr3:186230742-188951597
TBX19	1	0	-1.7061954963717076	0	0	0.31025246209521701	0.57590753988855903	1.3088447061718471	0.069190283615663956	-0.65728670848542503	0	-1.1471627869887997	ASN:chr1:168175845-170169621
TCAP	1	0	-0.13795931972539879	0.29679558131862049	0.0086582526879578538	-1.7266327503601286	-0.79769942457389142	0.015178341989519617	0	-0.96149627053967945	0	-0.64066322588264102	ASN:chr17:36495389-38649589
TCF23	1	1	0.51040844546450359	0.93234886171555276	0.13676732959287455	-1.2314702126518238	-0.34066967160800715	0.14844296706439644	0	-1.5424114315453052	1	-0.14457138909840273	ASN:chr2:26209579-29456860
TCF7L2	1	0	0.83609103356068615	1.4456769371050213	0.29710231455952713	1.7527914719334901	0.28903502996250435	0.7733114325323468	0.013265561925730395	0.57405001954846724	1	-1.0536151597805512	ASN:chr10:112170486-115752990
TCTA	1	0	-1.4631340975329121	3.8233161520764799e-05	0	-1.2730578266147099	-1.1263329306900263	9.0507434817234037e-05	0	0.74580303556251748	0	0.14831775434586644	ASN:chr3:47793553-51831792
TCTN1	1	1	0.52236205752648635	0.94880201105970419	0.14136764745824482	0.35541256754544065	-0.76576378704373349	0.019096727883543947	0	0.32252853164017126	1	2.1735741656411798	ASN:chr12:109270450-113028429
TDP2	1	1	0.60512303348818286	1.0680310339352372	0.17606086672587368	-0.20680724349820076	1.1811536873197748	2.7208095347502903	0.27715067397981524	0.93426845770724076	1	-0.12476204195533384	ASN:chr6:24397129-26141757
TDRD10	1	0	-1.1046399440876331	0.0086184876800547896	0	0.55579215912838587	-0.51771479767896078	0.074239157443247938	0	-0.23084951236379053	0	0.8714364667695953	ASN:chr1:153397055-156616039
TDRD9	1	0	-0.14015826442947937	0.2953949351419628	0.0085259901775925212	1.321708769594016	-0.10185249930153495	0.3099912928740659	0	-1.2246363491606882	0	0.55705216999317764	ASN:chr14:103390025-105001894
TEAD2	1	1	1.2079240832745344	2.1548517505053062	0.54657876967740116	-0.015694675188785038	-1.3204554307681398	0	0	0.054455192281274593	1	-0.017366068716475218	ASN:chr19:49093112-51334271
TECPR2	1	0	-0.41415874160509375	0.15315998304827594	0.00039439837231431058	1.4112151377761766	0.20600001037433421	0.6509542940453017	0.0063840217855155755	-0.47840261001302059	0	-0.040438292653274852	ASN:chr14:101357468-103390025
TECTB	1	0	0.85772751466649833	1.4839940238460658	0.31002775401013649	-0.035743796572477844	0.22212352284984824	0.6736210758733352	0.0074667487316098166	-1.1876456375534696	1	-1.2193081071231231	ASN:chr10:112170486-115752990
TEKT3	1	0	-1.6011077317700737	0	0	0.40645910928407364	0.34628437255878075	0.8660363048725519	0.020131281562417135	-1.327871224541181	0	-1.0304624081746072	ASN:chr17:14215665-15280576
TEPP	1	0	-0.70009912495164961	0.063221951941431376	0	-0.49821776769658049	0.83008643411374139	1.8894908462978115	0.15255384853284476	-1.4970374803542688	0	-0.45650277256795585	ASN:chr16:56907578-58867358
TET1	1	0	1.0632740851716591	1.8678471334838653	0.4435259145658158	1.3791471932922854	0.85785993081666734	1.9552228341828055	0.1623996320342822	-1.3548024460188213	1	-0.31257941548996876	ASN:chr10:68757629-71054709
TET2	1	0	-1.0139780918756331	0.0153190487661035	0	1.3798084860113178	0.3020631051388824	0.79379956266987661	0.014662826488309882	-0.2772689532940576	0	0.29862716702078124	ASN:chr4:105305539-107501341
TFPT	1	0	-1.6737407747130002	0	0	-0.72194403029524401	-0.64555052145687408	0.039804851350655736	0	0.29495221667459859	0	-1.3326714403391859	ASN:chr19:52985347-54734184
TH	1	0	0.30599724646840842	0.67967315813299589	0.072786253670369547	-0.79462606559933424	0.13033921923366595	0.55136049599950687	0.0026764930024282133	-1.1162355411099409	1	-0.8226991831723387	ASN:chr11:70855-2739889
THADA	1	0	-1.0897099093531475	0.0095500296952355252	0	2.2766862175593063	0.73283961566905009	1.6612070421229856	0.11868286782732358	0.016008525164763355	0	2.341190738068867	ASN:chr2:42336744-44322128
THBS3	1	1	-0.9183196196082285	0.02543199902759052	0	-0.3889169133509105	-0.59490393601198521	0.051760099670414977	0	0.4450468838518411	0	0.60170382507883879	ASN:chr1:153397055-156616039
THRA	1	0	-0.32190957074279941	0.19422921897858633	0.0016191106765893737	0.35918705561458908	-0.5531908287842745	0.063237120124994661	0	0.11820304791289835	0	-0.36844550325906883	ASN:chr17:36495389-38649589
THY1	1	0	0.50045625733499799	0.9187965026914463	0.13301427527495471	-0.82858473618807715	0.24939047164636755	0.7131402938459106	0.0095647895943571214	-0.052226719577656198	1	0.97840281415394204	ASN:chr11:118900987-120771784
TIGD1	1	0	1.4310942639704005	2.6133791822916348	0.71405906648609241	-1.7013778559347819	0.34428192848735362	0.86267420263401595	0.019858326768938738	-0.62317329903326701	1	0.48101782023685136	ASN:chr2:232191250-233550713
TIMMDC1	1	0	-0.77637489678579563	0.047405422054018639	0	0.13410423972771937	0.58090868490705205	1.3196020190055162	0.070615447405563803	0.88454620790070082	0	-1.1787456995201482	ASN:chr3:118903462-120523073
TIMP4	1	0	-0.77815783705301089	0.047071360778673958	0	-0.97349957065888304	0.57708549814768373	1.3113750455822963	0.069524863275310669	-1.2498015070218957	0	-0.39621067527923137	ASN:chr3:11019488-12860229
TIPRL	1	0	-1.5222854069723368	1.5901441386517561e-07	0	-0.018623006360418446	0.49522310282621568	1.1410326078180322	0.04804711135644165	0.66050107733744023	0	-1.1154050431979354	ASN:chr1:164954020-168175845
TIRAP	1	0	-0.52375893247533944	0.11243540912563707	9.1987958557254132e-06	-0.26666891922250574	0.75569857939271989	1.7144531786011961	0.12651101406021886	-0.081578287825861809	0	-2.5027856292283817	ASN:chr11:124496119-126773879
TLX1	1	0	1.488761935687112	2.7332661465269186	0.75809314084201695	-0.76238079462653241	-0.17468643715802415	0.25226900592590124	0	-1.1998770986860694	1	0.61028082906222447	ASN:chr10:102471756-106139565
TMC4	1	0	-1.5871948502897735	0	0	-0.41007611359315077	-0.669091246894437	0.034939651664860794	0	-0.17946261363158367	0	-1.4930173718633049	ASN:chr19:52985347-54734184
TMEM116	1	1	0.54399853863227654	0.97907298043943147	0.14995460777037098	1.0009546942379992	-0.79584190527884635	0.01539002219743205	0	0.38500972488861901	1	2.0801291218281595	ASN:chr12:109270450-113028429
TMEM120B	1	1	1.2736841977966862	2.2885172112699497	0.59514889454684006	0.88296548545589248	0.28421196469849619	0.76581697083819378	0.012771713278908641	-0.19214896890006133	1	0.27830575843575839	ASN:chr12:122015993-124721969
TMEM143	1	1	0.024242021875889232	0.41276682523812314	0.022632487353536641	0.27474147866774046	-0.029326632644624907	0.37561154072743841	6.5756627079831622e-05	0.25263602330866858	1	0.21503872013696168	ASN:chr19:47334409-49093112
TMEM161A	1	1	1.3550149163583303	2.4557274232601976	0.65624230004744655	-0.10989919837330181	-0.36452672167399586	0.13640775005486178	0	0.73191117378096904	1	0.75833988535968377	ASN:chr19:16749208-20221313
TMEM171	1	0	-1.3708300392316957	0.00047098492529404823	0	-0.50856798801115943	0.26931906352361351	0.74298109849931671	0.011324420786849455	-0.38895749070245772	0	-0.11093884584423759	ASN:chr5:71419711-73759199
TMEM174	1	0	-1.3816482797845906	0.00038318896460853131	0	-1.8768770761390163	0.27937627831473988	0.75835166641629548	0.012289032221059079	-1.5424114315453052	0	-0.012149072261614914	ASN:chr5:71419711-73759199
TMEM214	1	1	0.5862064620831654	1.0399610322150832	0.16769055726902188	-0.71755019596469083	-0.37583203822208033	0.13093924537992166	0	0.98539107512610491	1	0.17446434745632777	ASN:chr2:26209579-29456860
TMEM236	1	0	1.4635489856291077	2.6808309911701214	0.73883057177644185	0.59991306312026005	0.78170738899266723	1.7754002813700895	0.13553513203877049	-1.5271372731820223	1	-0.17223470863098161	ASN:chr10:16679279-18537267
TMEM25	1	0	0.28404419731452152	0.65562977430694902	0.067435741031729113	-0.24459579976737542	0.30683986322519519	0.80140126704503123	0.015198727931275767	0.38063014916378046	1	0.0022650274860941759	ASN:chr11:117901740-118900987
TMEM39A	1	0	-0.80883670578887146	0.041566474263758577	0	0.43639544698929855	0.60426345967615092	1.3703235590026641	0.077427476456705502	0.46177773340449191	0	-1.1395095435899461	ASN:chr3:118903462-120523073
TMEM40	1	0	-0.97306702264388378	0.019229550006082653	0	0.3668309598975153	0.7058542148640502	1.5988239116403509	0.10959465158592091	-1.4529663122347427	0	0.6135916335014745	ASN:chr3:11019488-12860229
TMEM45B	1	0	-0.79981441322977453	0.043138166954397261	0	0.52598884132114065	0.46387797013407445	1.0791149371799627	0.040888961963268779	0.67866744616590291	0	0.59055402519578948	ASN:chr11:128188777-130049774
TMEM51	1	0	0.51744288079199507	0.94200793732027144	0.13946222531276653	0.85732607557080198	0.66616614738793756	1.5082180583028799	0.096596623913077134	-0.040641455150152536	1	0.5282633883310115	ASN:chr1:14893157-17875820
TMEM59L	1	1	1.4957826615072829	2.7478688024900992	0.76345786492017087	-0.38061342058228392	-0.79151494103561715	0.015890728960226752	0	-1.3822146075020518	1	1.1004431148797011	ASN:chr19:16749208-20221313
TMEM82	1	0	0.6489631098362767	1.1348761259763764	0.1964261934019457	-1.0696816839594157	0.34928397599635069	0.87108896280993253	0.020544821763486865	0.82661328538800782	1	0.47516981997379892	ASN:chr1:14893157-17875820
TMPRSS13	1	0	0.0027085192879153161	0.39588596276738292	0.020250902770471941	0.19692445138575024	0.59057832158468671	1.3405069572408908	0.073405091955293822	-1.212206805538584	1	-1.5035610983009369	ASN:chr11:116383543-117901740
TMPRSS4	1	0	0.024349725289958563	0.41285244150711842	0.022644845603396691	0.53754105957810061	0.5447144826363971	1.242637239350417	0.060587435607907705	-1.3822146075020518	1	-1.0862186764359008	ASN:chr11:117901740-118900987
TMPRSS6	1	0	-1.2535014136806411	0.0023996448223716615	0	0.5249950242588336	0.084409247455188866	0.49616728358044199	0.0013497234884691219	1.1925838024881352	0	1.8826480263993437	ASN:chr22:36453608-37977990
TNC	1	0	0.98712839616862413	1.7218277093325769	0.39200995597046057	1.1371497464201623	0.75061341184569197	1.7025797797800353	0.12476044002802797	-0.41083491920601256	1	1.1092888676353831	ASN:chr9:116400502-119530000
TNFAIP2	1	0	-0.28263851256079003	0.21373253897201711	0.0025262193118794607	-0.35897221028672271	0.021867848417113919	0.42711535293729097	0.00037229579203537904	1.0405829515008636	0	-0.32485574531885536	ASN:chr14:103390025-105001894
TNFSF15	1	0	1.0205706321365071	1.7854614677847136	0.41436738953162566	-0.028871218404476415	0.71461994470211332	1.6190258164834608	0.11252676643362718	-1.3014043576765615	1	1.1120869510011659	ASN:chr9:116400502-119530000
TNFSF8	1	0	0.94253874821141737	1.6382951939718107	0.36290829366735922	0.38298655623417732	0.80423371871617821	1.8284312175638002	0.14342973109217724	-0.77370120825070487	1	1.0964278853433225	ASN:chr9:116400502-119530000
TNNT3	1	0	0.37090668978582297	0.75418670077060845	0.090245970041653231	-0.11790015956642839	0.025045702951651271	0.4304589706288301	0.00040356339263776438	-1.2498015070218957	1	-0.89516108160237895	ASN:chr11:70855-2739889
TNP2	1	0	-1.0685311778134345	0.010983158675850424	0	-1.9441172936503539	0.65632104175462858	1.4859855417746424	0.093450741803895232	-1.5424114315453052	0	1.4223357471114031	ASN:chr16:10868121-12612116
TNPO1	1	0	-1.3924665203375077	0.00030704356658577104	0	1.1580617631355572	0.37475014916125776	0.91477920472772456	0.024286128254400959	0.55459424262210932	0	-0.076192241000902203	ASN:chr5:71419711-73759199
TNPO3	1	0	0.60866228734523631	1.0733354191469924	0.17765528827399152	1.1567496736873588	0.28110476217139968	0.7610144918136208	0.012460140590483481	0.56629727453214351	1	-0.037278598364947194	ASN:chr7:126869221-129589868
TNRC6B	1	0	-1.5446377098584738	0	0	1.977154151434904	-0.20860240215037454	0.22803387805619391	0	-0.27055104213303399	0	-0.50691781334739705	ASN:chr22:37977990-40527060
TNS4	1	0	-0.47339801275712412	0.13010937226045549	9.1260650568717174e-05	0.11088630146994513	-0.16894685891265074	0.25653293016665046	0	-1.4675165657271294	0	1.2092656877332559	ASN:chr17:38649589-39900528
TOM1	1	0	-1.5433341254024411	0	0	0.60117833405991161	0.6834783261837295	1.5475568219648048	0.1022071186703581	0.97946427143019898	0	-0.96235610369747648	ASN:chr22:34860926-36453608
TOMM22	1	0	-1.5770995188615498	0	0	-1.5800085038058134	-0.15752090791668791	0.26516374298982354	0	1.0117821019546285	0	-0.79358508051045118	ASN:chr22:37977990-40527060
TOMM40	1	0	-1.4032847608904029	0.00024171938050188241	0	-0.40878416192781392	-0.46574594921825258	0.092553410807843683	0	0.81674160988583244	0	0.66085149121212972	ASN:chr19:43862455-45579043
TOMM40L	1	0	-1.0679193037503909	0.011026564205875835	0	-1.2130724225259453	0.40116578973319172	0.96161702780564229	0.028620181915223718	0.86227580328697162	0	-0.0065205743032058332	ASN:chr1:159953315-162888864
TOP2A	1	0	-0.4084743947509944	0.15550497358823095	0.00043987488423665865	0.21326061593899168	-0.30379142538474002	0.1684073488556046	0	-0.84999219990435326	0	0.13445232618758743	ASN:chr17:36495389-38649589
TOR1A	1	0	-0.32146070560001316	0.19444514918824454	0.0016280010577893274	-0.53127612386790546	-0.18889104772092524	0.24192015390153787	0	0.8686718135833309	0	2.5638947408902082	ASN:chr9:132047808-133641809
TOR1B	1	0	-0.31064246504711807	0.19969788065297209	0.001852235150904149	-0.77738695734258267	-0.19112041456922288	0.24032209247618813	0	0.53488870564562641	0	2.560238937758673	ASN:chr9:132047808-133641809
TOX	1	0	0.055620345752444886	0.43821430037259362	0.026426513655608861	2.0352276847343425	0.66110950160333581	1.4967859509866084	0.094976633505902353	-0.99336676308912741	1	0.0041868776420227356	ASN:chr8:59047312-60470380
TP53AIP1	1	0	-0.98389531073227654	0.018136559219108294	0	-0.75076592146314591	0.5652719884789541	1.2860957319354487	0.066200680035751247	-1.3684473380869764	0	-0.21531969892155739	ASN:chr11:128188777-130049774
TPCN1	1	0	-0.91646393600972753	0.025662794349972158	0	0.95893936049696638	0.22568750072685095	0.67870138355585596	0.0077215220231728584	0.60467527972704138	0	0.71565255348083634	ASN:chr12:113028429-114181109
TPD52	1	0	-1.305920595914259	0.0012888661458841425	0	1.9277264661341507	0.32683591260897016	0.83374975182635891	0.017583878907750559	0.62724980789687312	0	0.83781285830078955	ASN:chr8:79751440-82016264
TPM3	1	0	-1.2361601731319367	0.0028734649921068546	0	0.43659116733856285	-0.16762486866447965	0.25752179477719261	0	1.1822118694451833	0	0.64184349063061996	ASN:chr1:153397055-156616039
TPM4	1	0	-0.45127959223486436	0.13842347812781097	0.00017182000260583747	0.36790149452926529	0.3793428920526043	0.92281087120295946	0.025005811798976905	1.1822118694451833	0	0.58582128452789517	ASN:chr19:15648148-16749208
TPRX1	1	1	0.34756258494311199	0.72679266665595221	0.083677834653527877	-0.17359186219686179	-0.2736897149356044	0.18597069589598483	0	-1.5424114315453052	1	-0.42894567428268759	ASN:chr19:47334409-49093112
TPST1	1	0	-1.5547401286310443	0	0	1.7453767293087481	0.52906933191758354	1.2100399820678556	0.0564691016281453	0.53091705983291126	0	0.33601902887093488	ASN:chr7:63624322-67371495
TRAF1	1	0	-1.4573759636549224	4.8389353816108045e-05	0	0.14051277297021128	-0.1693877325772562	0.25620371512251161	0	0.13373478497471114	0	1.6382521121581126	ASN:chr9:122117725-124681439
TRAF3	1	0	-0.43607877977915166	0.14433798724823552	0.00024836748810458549	1.3802854141678917	0.24622411245038087	0.70847388140726386	0.0093032135355085692	-0.29079362448653651	0	-0.38909346184212373	ASN:chr14:101357468-103390025
TRAFD1	1	1	0.47908909531486193	0.89014483297585434	0.1251897985166941	0.17760867044904632	-0.69762440424638816	0.029595287846680796	0	0.4450468838518411	1	2.0143204181400778	ASN:chr12:109270450-113028429
TRANK1	1	0	-1.2301929120439492	0.0030498881960419303	0	1.2837981146492354	0.47199797151557221	1.0949616455416873	0.042681037424398278	0.1693757948241261	0	0.38509869675154079	ASN:chr3:35283408-38353505
TRAPPC4	1	0	0.2624029913124783	0.63248960528124776	0.062424416603567165	-0.88998074797976723	0.31160430553114343	0.80903156190339365	0.015746098679653407	0.81674160988583244	1	0.51960252869078982	ASN:chr11:117901740-118900987
TRAPPC6A	1	0	-1.2193746714910323	0.0033878738600495025	0	-0.28999681751247958	-0.63758042056525122	0.041548992148834625	0	0.84292630023306081	0	0.77417376663714532	ASN:chr19:45579043-47334409
TRAPPC6B	1	0	-1.5577945794165244	0	0	0.013975103646101845	0.67958327695634912	1.5386799947784113	0.10093642672146551	0.61223706965056268	0	0.25157560996009815	ASN:chr14:35858508-40256601
TRDMT1	1	0	1.3878213017587762	2.5236021077793374	0.68111601463505067	0.75898471211748642	0.6028124019208505	1.3671495953981343	0.076996960469427153	-1.1515253769195539	1	-0.37594862103819199	ASN:chr10:16679279-18537267
TREH	1	0	0.40307083032579238	0.79304632903929462	0.099846232323681672	0.0020926531452879361	0.3156783588949148	0.81559448000874335	0.016224447515897394	0.317966744478204	1	0.062156609677610039	ASN:chr11:117901740-118900987
TRIAP1	1	0	1.0544838160561947	1.8507898885169189	0.43747058061838812	-1.7001208996364399	0.40051807785960603	0.96044986849568792	0.028508190321136273	0.99717647083095529	1	-0.51160624265829635	ASN:chr12:119859279-122015993
TRIM27	1	1	0.48977150993146595	0.90439346365669759	0.12906208225501686	-0.047140546614863069	-0.662745949097298	0.036209570011392515	0	0.90338129390388111	1	-0.33660007338354603	ASN:chr6:26697553-28901402
TRIM38	1	1	-0.32157290350968099	0.19439116048178665	0.0016257757836540387	0.067407894038618354	0.86794824279151606	1.9791124523080226	0.16598030081290532	0.51894009204864411	0	0.12310205126027586	ASN:chr6:24397129-26141757
TRIM46	1	1	-0.89639958143417053	0.028248014907412973	0	-0.50530194332908163	-0.60548101479740513	0.049089182034586266	0	-1.3548024460188213	0	0.61176986111438814	ASN:chr1:153397055-156616039
TRIM54	1	1	0.32632754796200159	0.70245706626468429	0.077987068185510253	0.089008432174272914	-0.28492047296652251	0.17928191516860001	0	-1.424273135697375	1	-0.22685474583078166	ASN:chr2:26209579-29456860
TRIM59	1	0	0.87917736237083188	1.5224152617230065	0.32307625656954236	0.67080039545032277	0.14713353618859504	0.57252054682510878	0.0033213463056672851	-1.1634712757314924	1	-1.0244119398113434	ASN:chr3:159155377-161620009
TRIOBP	1	0	-1.5006489258665467	3.9133734964063438e-06	0	0.97871088520196736	-0.34648379897300546	0.14544724003324533	0	0.39807397608655815	0	1.9370582312435516	ASN:chr22:37977990-40527060
TRMT61A	1	0	-0.20591837895163123	0.2555167645173636	0.0051652676041762258	-0.8003617128287368	-0.056917289158162826	0.34965617297820201	1.2722976254525885e-05	0.021560213857318659	0	0.39546836796150503	ASN:chr14:103390025-105001894
TRPM4	1	1	0.84624345340273233	1.4636005635257021	0.30313717736045948	0.68179434025440222	-0.92064084257794876	0.005067723753791175	0	-0.15440017527324418	1	0.33268021664872205	ASN:chr19:49093112-51334271
TRPM5	1	0	0.21945132204518164	0.58818844495817568	0.053226093550243568	-0.14299579552141431	0.23350414053819663	0.68993300072524866	0.0083004551797015592	-1.424273135697375	1	-0.67819963184238963	ASN:chr11:70855-2739889
TRPM8	1	0	1.5825496317110419	2.928338706570317	0.82975893917604271	1.1710008097610893	0.7895966365941588	1.7939505825547744	0.13829279439547126	0.72491781202550087	1	1.4768931865144173	ASN:chr2:233550713-234883167
TSEN2	1	0	-0.94058215837874926	0.022770168127287573	0	0.69723652722205698	0.71707783283626114	1.6247014963562474	0.11335250713671444	-0.13586827715378455	0	-0.049095269200682488	ASN:chr3:11019488-12860229
TSEN34	1	0	-1.6196495719484807	0	0	-1.3634443516822337	-0.66505080995915089	0.035744788612125877	0	0.59326228848868523	0	-1.4473125008831518	ASN:chr19:52985347-54734184
TSHR	1	0	-1.5144814270629972	7.6543076965281023e-07	0	1.6542797615647742	0.48782277140187924	1.1262353256870166	0.046299431139488749	-1.0817388028381392	0	-1.5525248468242796	ASN:chr14:81000021-83137833
TSKS	1	0	-0.12919824534245039	0.30242002155734821	0.0091987958557281525	0.042445822572462148	-1.2423909473637946	0	0	-1.2498015070218957	0	-0.35379305862799276	ASN:chr19:49093112-51334271
TSPAN15	1	0	0.95509167964262021	1.6616531695990695	0.37101566148375603	0.7111293889172059	0.91071115956290727	2.0803786696109623	0.18115873879421621	-0.034881447452529551	1	-0.11466891007604357	ASN:chr10:71054709-72673145
TSPAN32	1	0	0.24108780315097184	0.61023666941831523	0.057737524243196447	-0.24630433703754698	0.22639947220798443	0.67971932170695504	0.0077731024645504342	-0.73693201915635886	1	-0.66461320830105508	ASN:chr11:70855-2739889
TSPAN33	1	0	0.63030349334727953	1.1061240664337244	0.18759577824829449	0.054819191875358227	0.23102061252782957	0.68635113009082394	0.0081134860727410784	0.60088036988254712	1	-0.68982112650238336	ASN:chr7:126869221-129589868
TSPAN5	1	0	0.68463566582004476	1.1910458481172854	0.2139568753155999	1.6419029766861633	0.80032442604513521	1.8192146417348514	0.14205535318445889	-0.87960804296603545	1	2.1318035329214386	ASN:chr4:99040831-101711689
TSSC4	1	0	0.27354252480967911	0.64433147827005066	0.064971711823542486	-1.4509621619928865	0.21533296938667626	0.66401170544862631	0.0069969528202733075	0.62351036573022134	1	-0.6428558581885464	ASN:chr11:70855-2739889
TSSK2	1	0	0.0023219837018312807	0.39558722699787452	0.020209754495033337	-1.9321410545235245	0.15417889782239441	0.58155615632546309	0.0036200836346001112	-1.2753861034403373	1	-0.643362289080608	ASN:chr22:18557031-19912242
TSSK6	1	1	1.1925905950325917	2.1239314400967748	0.53538674364751515	-1.4018998627157813	-0.2629905774333523	0.19249567363251543	0	-1.1634712757314924	1	0.13833192670832714	ASN:chr19:16749208-20221313
TST	1	0	-1.2980910616378478	0.0014264442073643557	0	-0.71790078138136892	0.10618796568373901	0.52185478538140351	0.0019041440239073973	1.7005675739691002	0	1.8802305016633809	ASN:chr22:36453608-37977990
TTC29	1	0	0.40784268992174932	0.79892280014251804	0.10132602993151142	1.826404673513002	0.30649907540377386	0.80085733859385111	0.015160069613033979	-1.5424114315453052	1	-0.27488270789610175	ASN:chr4:145025810-148834277
TTF1	1	1	1.3284842932318091	2.4009952212806818	0.63621225247623847	0.25814321413494273	0.32177264716228088	0.82547791431022188	0.016957932717324774	-0.17946261363158367	1	-1.3731194206429287	ASN:chr9:134722557-136612240
TTLL1	1	1	1.7015201351865488	3.1757899578953248	0.92066763596082812	0.61983490791115725	0.63647206513510146	1.4414920719767559	0.087214635184166861	-0.74604207705408054	1	2.6937826299601775	ASN:chr22:42690818-44994946
TTLL12	1	1	1.6799137966871858	3.1308501169933334	0.90415762702678659	-0.064802310429540655	0.64017446067638029	1.4497565158708188	0.088366614321344572	0.44083552249901781	1	2.6886503912473225	ASN:chr22:42690818-44994946
TTLL7	1	0	-1.6629225341600831	0	0	1.3808481540608437	0.48720473729698016	1.1250044447792118	0.04615505558290061	-0.93027403655757335	0	1.3013039494016114	ASN:chr1:83991644-86012417
TUBA8	1	0	-0.063438130820320557	0.34692136514447286	0.013990218647079087	0.37306194776156593	0.18136551636005069	0.61731369575337725	0.0049403347836198073	-0.48609706346840675	1	-0.70136098179466921	ASN:chr22:18557031-19912242
TULP2	1	1	0.50648286170496604	0.92698740888045972	0.13527864170381679	-0.17532301265187605	-0.44720477069799652	0.099752127458846929	0	-1.3548024460188213	1	0.69627902320437307	ASN:chr19:49093112-51334271
TXN2	1	0	-1.364975533573636	0.00052364889666327004	0	-0.30600227446042622	0.20959519041188218	0.65596371661217712	0.006615701033433518	1.2829063383703356	0	1.8528058866324211	ASN:chr22:36453608-37977990
TYSND1	1	0	0.92263695798391288	1.6015271320870772	0.35019728932608507	-0.72547724237857436	1.027375570988204	2.3566499001743884	0.22256806414289479	-0.029142972544210624	1	-0.8992671034212435	ASN:chr10:71054709-72673145
UAP1	1	0	-1.2842841148084687	0.0016922949535474164	0	0.4160453883406971	0.80397335634076561	1.827817228894125	0.1433381458565082	1.2926218154241154	0	-0.81253603477737946	ASN:chr1:159953315-162888864
UBA52	1	1	1.3986212363369424	2.5459857964878303	0.68932564553964226	-1.0345024406511167	-0.80763785232853846	0.014078677913244774	0	1.3842581541638501	1	1.0827584272368487	ASN:chr19:16749208-20221313
UBAP2L	1	0	-1.2252001540449078	0.0032029322921473644	0	0.64141699400459795	-0.20141028621140977	0.23303723857503178	0	0.79010249882777717	0	0.70241468246435823	ASN:chr1:153397055-156616039
UBD	1	1	0.64124341300349386	1.1229277500504069	0.19274417711715838	-1.2480460971497316	-2.188985456850264	0	0	1.3705114331869375	1	-0.12351701695494034	ASN:chr6:28901402-29688046
UBE2D3	1	0	-1.7177673578748418	0	0	0.9283323155981934	0.3020631051388824	0.79379956266987661	0.014662826488309882	1.5111570612910437	0	-0.20325264278169658	ASN:chr4:102707193-105305539
UBE2H	1	0	0.66276530235035536	1.1564240184713899	0.20310925861415266	1.3092865566454708	0.19698133968450784	0.63850030799740765	0.0058267841594496078	0.84292630023306081	1	-0.21995832140199301	ASN:chr7:129589868-131635483
UBE2Q1	1	0	-1.0059997723044163	0.016035539269656986	0	-0.58387203869769566	-0.5526482001042865	0.063396624117813327	0	0.79680574201383325	0	0.8780779394841145	ASN:chr1:153397055-156616039
UBE4A	1	0	0.12173515229918619	0.49521218934242894	0.035760738520720974	0.44216781188777587	0.40310756429689398	0.96512171885608433	0.028957678230236459	0.73539594315561607	1	-0.39398440633116283	ASN:chr11:117901740-118900987
UBQLN4	1	0	-0.64431914243261423	0.076782898800103291	0	-0.14453452747366785	-0.67256152388881041	0.034257858531857165	0	0.49876844501171047	0	-1.2353421947490988	ASN:chr1:153397055-156616039
UBR7	1	0	0.26264397417407331	0.63274423375634492	0.062478805325335812	-0.005271751257542783	0.70228122565937068	1.5906077769131088	0.10840540684448272	0.30419947506312861	1	0.78795523357118147	ASN:chr14:92916399-94325285
UCN	1	1	0.44543871693421266	0.84624028533852624	0.11349949576472278	-2.356010008529843	-0.3118703049772894	0.1638895890338562	0	-0.51726646431793644	1	-0.24138698035358011	ASN:chr2:26209579-29456860
UFC1	1	0	-1.0571010631974738	0.011812994048812803	0	-1.0008606836274485	0.39565298872279647	0.95171328302804992	0.027676323951284547	1.1796078989305243	0	-0.022308920146223592	ASN:chr1:159953315-162888864
UGT1A10	1	0	1.5068219478407321	2.7708298317969082	0.77189329306992704	1.3963557745775184	0.85962936583250749	1.9594128051596209	0.16302761736478105	1.8988002842307146	1	1.4595491627106563	ASN:chr2:233550713-234883167
UGT1A3	1	0	1.5717313911581468	2.9058374387455568	0.82149241830374498	0.52611080063053806	0.79300487838225597	1.8019723571855393	0.13948666184344738	1.8507486897705119	1	1.4875996076719564	ASN:chr2:233550713-234883167
UGT1A4	1	0	1.5609131506052516	2.8833361709207961	0.8132258974314478	0.68783335645681676	0.80006351224923011	1.8185996925234078	0.14196368350603381	1.8708148611314295	1	1.483874273102145	ASN:chr2:233550713-234883167
UGT1A5	1	0	1.5500949100523345	2.8608349030959928	0.80495937655913352	0.76548437988859064	0.80371295727651149	1.8272031756396656	0.14324655478487464	1.8490646081421485	1	1.4814021117065876	ASN:chr2:233550713-234883167
UGT1A6	1	0	1.5392766694994395	2.8383336352712321	0.79669285568683612	0.99915680808983609	0.81798069259001838	1.8608781748952898	0.14827463571822555	1.9326806351156158	1	1.4764847705815209	ASN:chr2:233550713-234883167
UGT1A7	1	0	1.5284584289465224	2.8158323674464287	0.78842633481452196	1.0852677978178806	0.82494474477423674	1.8773342759258191	0.15073508537552618	1.8557898773893069	1	1.4736327304684651	ASN:chr2:233550713-234883167
UGT1A8	1	0	1.496003707287815	2.7483285639721045	0.76362677219761266	-0.41284347701031898	0.87848202839565592	2.00405735089186	0.16971920413317246	1.9020593942666306	1	1.452811805893591	ASN:chr2:233550713-234883167
UGT1A9	1	0	1.5176401883936272	2.7933310996216685	0.78015981394222422	1.1658876846485133	0.83188265083434787	1.8937388614643078	0.15318960680063562	1.8574666009315355	1	1.4720083604329497	ASN:chr2:233550713-234883167
UHMK1	1	0	-1.2951023553613639	0.0014814378654875455	0	0.28665043600269735	0.819272313497027	1.8639294223554419	0.14873069708873043	0.70729373496059544	0	-0.77974299056185237	ASN:chr1:159953315-162888864
UNC119B	1	0	1.1969640641875054	2.1327402107921292	0.53857334580423222	-0.40381280171729927	0.31771202229506018	0.8188837598207469	0.016466809804846185	-0.27055104213303399	1	0.12393200391989738	ASN:chr12:119859279-122015993
UNC13A	1	0	-0.68928088439875446	0.065715704409860215	0	1.049945316588158	-0.93659996550270741	0.0042454532967986219	0	-1.4970374803542688	0	1.4322193645817203	ASN:chr19:16749208-20221313
UPB1	1	0	1.5476846749722786	2.8558217639638199	0.80311764836876742	0.776196687467399	-0.0017391404702631376	0.40281740750356015	0.00018890435332147445	1.5525911624765489	1	0.48271372831221987	ASN:chr22:23398337-25209349
UPF1	1	1	1.4632977972421484	2.6803086963668594	0.73863871879729948	0.37463305667278618	-0.68825892607412598	0.031284507473479078	0	0.73191117378096904	1	0.50442187295589369	ASN:chr19:16749208-20221313
UPK1B	1	0	-0.7439130877827197	0.053767067729280874	0	0.26880237704376886	0.61986270591835246	1.4046243223929651	0.082113595299418682	-1.4675165657271294	0	-1.3000245589906543	ASN:chr3:116898042-118903462
UPK2	1	0	0.35978841832170594	0.74105526125580023	0.08707644431087333	0.31048302198006184	0.26966677675381034	0.74350901495462163	0.011356897286955473	-1.5424114315453052	1	0.3625752060416299	ASN:chr11:117901740-118900987
USE1	1	0	-0.81909977103360565	0.03982559507633026	0	-1.2354091308022097	-0.9074460563752641	0.0058227260407634103	0	0.84940327292380335	0	1.4631429830449307	ASN:chr19:16749208-20221313
USF1	1	0	-0.89482745490391535	0.028457608225063546	0	-0.92313294269304258	0.34261156594351633	0.8598763307626448	0.019632534796896323	0.93426845770724076	0	-0.17711317144725047	ASN:chr1:159953315-162888864
USHBP1	1	0	-0.74337208716327396	0.053877645143337427	0	0.31540052646748945	-0.91733330284327441	0.0052504429533240856	0	-0.6147620985344987	0	1.5099684351552292	ASN:chr19:16749208-20221313
USP19	1	0	-1.7173905062609669	0	0	-0.42227984909027805	-1.0032357178112701	0.0017637886806748273	0	0.48243807556837204	0	0.21447681347179237	ASN:chr3:47793553-51831792
USP2	1	0	0.42471203632783566	0.81992975940124002	0.10667448421394318	0.13274060871037754	0.26688323722327889	0.73928990451833454	0.011098648390164461	0.18937660221091152	1	0.95366761741613271	ASN:chr11:118900987-120771784
USP21	1	0	-0.94891865766843475	0.021823344989051422	0	-0.97680564495070854	0.36948728492352695	0.90563310449968659	0.023478571254988305	0.20420802435511257	0	-0.0040496022021120374	ASN:chr1:159953315-162888864
USP40	1	0	1.6474590750284783	3.0633463135190091	0.87935806440987718	1.0844330963468196	0.70283136616847497	1.5918721230243298	0.10858828876998465	0.4783281929250992	1	1.4859413571997457	ASN:chr2:233550713-234883167
USP48	1	0	0.90104354883785509	1.5620125358969772	0.33661021931407337	1.194644860991946	0.6310474931173683	1.4294133657934467	0.085536466811564668	0.5624061691525849	1	1.2227796743863659	ASN:chr1:20304720-22145806
USPL1	1	0	-0.84073625213939585	0.036316155092370413	0	0.48431777059672232	0.65744885500685968	1.4885270791330623	0.093809404438563754	0.419603645285127	0	1.1009462669830197	ASN:chr13:30625939-32301388
UTP15	1	0	-1.4357394825491101	0.00010238058664042925	0	-0.23110888873808433	0.4906013698049066	1.1317785808313212	0.046951547375540123	-0.081578287825861809	0	0.55017181491536449	ASN:chr5:71419711-73759199
VARS2	1	0	1.041562013979574	1.8258068861633501	0.42861846301333262	-0.15611071065363355	-7.7850195706106504	0	0	0.56629727453214351	1	1.3659311657913182	ASN:chr6:30458591-31054923
VASP	1	0	-1.1111922659619933	0.008229568663537053	0	-0.068828898052509371	-1.0087829548667331	0.001618150913282979	0	0.95250677424026065	0	1.1900957454011865	ASN:chr19:45579043-47334409
VAV2	1	1	1.3065642550577512	2.3559026404285182	0.61973220432446707	1.7984406695994628	0.40956544945190948	0.97683873300068502	0.030099179680404303	0.80014641852338841	1	-1.1498174705066373	ASN:chr9:136612240-138198537
VGLL4	1	0	-0.9622387345555129	0.020365593977321655	0	1.5388507595048686	0.7409398125508242	1.6800365810224862	0.12144439974894972	0.46177773340449191	0	-0.16889185154361205	ASN:chr3:11019488-12860229
VILL	1	0	-1.0354645820916615	0.013496276338575921	0	-0.11850359700689966	0.17552112498862113	0.60950654379604186	0.0046332380641873538	-0.64868702072582451	0	-0.53284598710477615	ASN:chr3:35283408-38353505
VIM	1	0	1.496003707287815	2.7483285639721045	0.76362677219761266	-0.67088648400089668	0.58589633154201137	1.3303676725280627	0.072048810708062183	1.5525911624765489	1	-0.36228202058382741	ASN:chr10:16679279-18537267
VKORC1L1	1	0	-1.4573759636549224	4.8389353816108045e-05	0	1.0413575271978421	0.32008180437213529	0.82272782626482077	0.016752259834482613	0.43661257554328448	0	0.28044681962869711	ASN:chr7:63624322-67371495
VPREB3	1	0	1.6956449326471257	3.1635699018503627	0.91617822900193779	-1.9704257382187222	-0.11080129139706028	0.30246859943775128	0	-0.60639673586813225	1	-0.58459943672850523	ASN:chr22:23398337-25209349
VPS11	1	0	0.21912057930839179	0.58785559667899467	0.053159020023710576	-0.34329304854965453	0.31194415324822405	0.80957767383808654	0.015785637052547728	0.43237797906395303	1	0.98173138033467389	ASN:chr11:118900987-120771784
VPS26A	1	0	0.96590992019553734	1.6818840879094301	0.37805705623087332	0.61110153859484972	0.91071115956290727	2.0803786696109623	0.18115873879421621	0.70018705444177343	1	0.09424082773519965	ASN:chr10:68757629-71054709
VPS29	1	1	0.44663437365615466	0.84777499045637639	0.11390184998510197	-0.54306102401962175	-0.60939314500342812	0.048125068920372771	0	1.1506688366263549	1	2.1238800470774963	ASN:chr12:109270450-113028429
VPS52	1	1	1.3011808794107522	2.3448479617384534	0.61569546229036654	-0.018764412470049847	-0.13964538803776366	0.27905119525935773	0	0.78336985535825332	1	2.8533278252734684	ASN:chr6:33209310-35757007
VSTM5	1	0	-0.14990762673997204	0.28923802094083584	0.0079557956621151525	0.28476973315876541	0.45760744509314116	1.0669730064721732	0.039535813030211961	-1.5424114315453052	0	-1.6304233726096236	ASN:chr11:92731401-94987750
VTI1A	1	0	0.81445455245487397	1.407815156648065	0.2844225675100458	2.1657148542478701	0.58706794163446818	1.3329018930225032	0.072387233159179665	-0.23739553614427666	1	-0.79264502906010492	ASN:chr10:112170486-115752990
VWA5B1	1	0	-0.6333591233455852	0.079656915629978189	0	0.81094092412777041	0.61034549025617435	1.3836584184912599	0.079242068980306335	-1.5424114315453052	0	1.1503493803760079	ASN:chr1:20304720-22145806
WDR20	1	0	-0.27167849347378309	0.21939951499085714	0.0028290609191917648	1.0328172099027488	0.021072530153737931	0.42628126699530255	0.00036473168647082005	0.21401662162793145	0	-0.22319409585329764	ASN:chr14:101357468-103390025
WDR46	1	1	1.2687190704076763	2.2783707243734788	0.59145239435961605	-0.58623274752082166	-0.1223709275257175	0.29292444378952059	0	0.59326228848868523	1	2.829987411131532	ASN:chr6:33209310-35757007
WDR5	1	1	1.339444312318816	2.4235863514663438	0.64447647298557165	0.075332932832068183	0.3149999734407391	0.81449921088247967	0.016144132926223388	0.50282403587880642	1	-1.3400471669754417	ASN:chr9:136612240-138198537
WDR6	1	0	-1.576738024836944	0	0	-0.70831738143786693	-1.0580450254620164	0.00065889266433426783	0	0.97649226614501561	0	0.03865233090616043	ASN:chr3:47793553-51831792
WIPF2	1	0	-0.35437137974587529	0.17903345081115121	0.0010583943413330289	0.82118557569837092	-0.331501219017167	0.15325012633830387	0	0.059869801952823244	0	0.052256635525429397	ASN:chr17:36495389-38649589
WIPI1	1	0	0.68366105487861284	1.1894906903813913	0.21346683356438723	0.38027528174693737	0.2063598432946474	0.65145452252094083	0.0064069624461826286	0.50686894006456717	1	0.93310316882538769	ASN:chr17:64800166-67858770
WIZ	1	0	-0.52700727610519604	0.11135390892325699	7.3017985352875834e-06	0.18689419077631725	0.47666640841474028	1.1041345235634112	0.043731378109745769	0.28564891395377445	0	-0.31402121122128346	ASN:chr19:12500149-15648148
WLS	1	0	1.0523070103872219	1.8465735747057404	0.43597520969960185	1.3839358923945091	0.54531358199532642	1.2438938439887643	0.060747832884865363	0.43237797906395303	1	-0.6372959446383536	ASN:chr1:68477862-69687902
WNK1	1	0	-1.1704000586097849	0.0052315369716102612	0	1.5111636203563583	0.33725623683720268	0.85094690813381313	0.018920177347070483	0.64581158485450141	0	-0.087624352105984196	ASN:chr12:61107-1739022
WNT4	1	0	1.0325637778821368	1.8084754232068541	0.42248965932254146	0.13717082538227807	0.55069675382542305	1.2552120376604532	0.062197790431494614	-0.94061104700266285	1	1.0649218828394036	ASN:chr1:22145806-23916165
WNT8B	1	0	1.2212240479439156	2.1817519567939141	0.5563299729291884	-0.057629411695631592	0.22675535510873313	0.68022852506242759	0.0077989711191332944	-1.482206058210068	1	0.061193860381224284	ASN:chr10:100365649-102471756
XRCC3	1	0	-0.19495835986460225	0.26189692062039222	0.005649210504898851	-0.16983999683191592	-0.062734903000617959	0.34434062802621462	7.7118142628974846e-06	0.032603716527207366	0	0.30078086700072093	ASN:chr14:103390025-105001894
YJEFN3	1	1	1.2250754592977262	2.189555174606268	0.55916098481764742	-0.033794535388037783	-0.26949571550381396	0.18851058088087419	0	-0.29079362448653651	1	0.14276831027529141	ASN:chr19:16749208-20221313
YY1AP1	1	0	-0.71007925695476604	0.060978079738873613	0	0.21639288903079101	-0.63928540788265953	0.041171682277265712	0	0.84292630023306081	0	-0.25355973564458767	ASN:chr1:153397055-156616039
ZBTB10	1	0	-1.2626476337026566	0.0021721826379338641	0	0.46173393640111865	0.17039207582155363	0.60270944395589876	0.0043744474171443122	0.11820304791289835	0	1.1298409158598042	ASN:chr8:79751440-82016264
ZBTB17	1	0	0.69280318618437065	1.2041230694897005	0.218087607296613	0.33021454585984589	0.18173017782278589	0.61780302123712549	0.0049599333137953236	0.28097603287098549	1	0.5353791094705479	ASN:chr1:14893157-17875820
ZBTB40	1	0	1.010643739708079	1.7664884830975416	0.40768547719286702	0.97632649643742353	0.5518908876029528	1.2577292675305665	0.062521540515378102	-0.06977022767520083	1	0.88516451470077773	ASN:chr1:22145806-23916165
ZBTB44	1	0	-1.0055518869090403	0.01607641054327754	0	1.0564900970486892	0.62904494571263803	1.4249635087340806	0.084919898018621209	0.13887730318557678	0	0.41170099169480645	ASN:chr11:130049774-131429519
ZBTB7B	1	1	-0.8196794478249898	0.039728744548251128	0	-0.26224218057933535	-0.62794842780633509	0.043723897932815094	0	0.78336985535825332	0	0.57655697163533959	ASN:chr1:153397055-156616039
ZBTB9	1	1	1.1605130403974602	2.0595907845975852	0.51215895972702463	-1.5525662228905679	0.052230206618891308	0.45977737516931416	0.00074529909868110424	-0.44049845580206315	1	2.7616917577608375	ASN:chr6:33209310-35757007
ZC3HC1	1	0	0.52209746333706331	0.948435740717405	0.14126471907018434	0.30513938426167769	0.11225543497685679	0.52916584794951427	0.0020818806171966175	0.37623804244697634	1	-0.19233368716683596	ASN:chr7:129589868-131635483
ZDHHC6	1	0	0.86854575521939348	1.5033186198953958	0.31658007909077512	-0.22702041558309927	0.16304007902851919	0.59305487025751513	0.0040205754142441539	0.75614004600760676	1	-1.085228707803034	ASN:chr10:112170486-115752990
ZDHHC7	1	0	-0.88458092679603384	0.029849109467227096	0	0.39671074060868888	0.67568000040101495	1.5297993294667915	0.099667856900812951	0.52294280683368799	0	1.0673451848409603	ASN:chr16:84445738-85374253
ZFAND1	1	0	-1.3816482797845906	0.00038318896460853131	0	0.26717020491236415	0.44342047990041628	1.0398162244296911	0.036575584661948497	0.75614004600760676	0	0.38864929347008764	ASN:chr8:82016264-83727741
ZFP36L2	1	0	-1.0572534161485079	0.01180166711714006	0	-1.2843184436901114	0.67148874898663291	1.5202804468874007	0.098311166920560605	1.16652137252489	0	2.3519616777471462	ASN:chr2:42336744-44322128
ZFP57	1	1	0.68452109959549245	1.1908629792035959	0.21389923871857544	-0.72344366463353538	-2.5130567892090792	0	0	-1.3145807497409923	1	-0.42849421118931186	ASN:chr6:28901402-29688046
ZFYVE21	1	0	-0.17303832169056629	0.27497409246639015	0.0067059221788249241	-0.16799235653372016	-0.064400447914112577	0.34282880429601914	6.5703226265989049e-06	0.77321519704574815	0	0.30020641099028383	ASN:chr14:103390025-105001894
ZKSCAN3	1	1	0.42485498004345706	0.82010931880150317	0.10672059065569182	-0.11340938161744941	0.019878910590381816	0.42503150351191687	0.00035357278251626448	-0.6147620985344987	1	-0.17251336643638715	ASN:chr6:26697553-28901402
ZKSCAN4	1	1	0.37075787180343139	0.75400992027942937	0.090203046188250063	-0.32597475541974441	0.16451282025524444	0.59498053997267919	0.0040898732711359713	-0.31820578596976723	1	0.0010295572497796904	ASN:chr6:26697553-28901402
ZNF101	1	1	1.24673203547449	2.2335399609775681	0.57513762962121528	-0.32056650041876428	-0.20365481698222654	0.23146800459666647	0	-0.33209764775131578	1	0.19205402079614795	ASN:chr19:16749208-20221313
ZNF114	1	1	0.046162060049925173	0.43043674411772836	0.025241495828115877	1.2643660680945006	-0.051531569521780618	0.35462560417705785	1.8963599386241372e-05	-1.482206058210068	1	-0.038102829281733835	ASN:chr19:47334409-49093112
ZNF14	1	1	1.1167925784139079	1.9727220171074937	0.48094560462237684	0.010749487409670154	-0.079458292759898325	0.32936107174176693	8.4180586751678945e-07	-0.84024587985937749	1	-0.23545523218102216	ASN:chr19:16749208-20221313
ZNF165	1	1	0.32748018521143279	0.70376384451690566	0.078289129092867907	-0.73500906851391812	0.30445302763273485	0.79759683358575395	0.014929347334159272	-0.54908190889440711	1	0.16805643353988617	ASN:chr6:26697553-28901402
ZNF180	1	0	-1.5871948502897735	0	0	0.078953727065606327	-0.10610842461990745	0.30639823611458922	0	-0.27055104213303399	0	0.51913124312196124	ASN:chr19:43862455-45579043
ZNF184	1	1	0.056994644011370284	0.43935212276378682	0.026601723509598225	0.0021614697318566526	0.43167349207593897	1.0176684411081796	0.034233537579140993	-0.44800478005195782	1	0.96017718760453652	ASN:chr6:26697553-28901402
ZNF229	1	0	-1.6142404516720332	0	0	0.25517659729210451	-0.088299034325438883	0.32162074653754269	6.3487598961765562e-08	-1.0149874057224155	0	0.50309718264165149	ASN:chr19:43862455-45579043
ZNF253	1	1	1.0193379856184606	1.783101768575345	0.41353564183104463	0.19617602943575302	0.22354993894261285	0.675651320869463	0.0075680333076902952	-0.3251360020311444	1	-0.013384641511902638	ASN:chr19:16749208-20221313
ZNF285	1	0	-1.6142404516720332	0	0	-0.11105419619939766	-0.088299034325438883	0.32162074653754269	6.3487598961765562e-08	-1.0369169251111676	0	0.50309718264165149	ASN:chr19:43862455-45579043
ZNF296	1	0	-1.2518293931497395	0.0024428719357089228	0	-1.137967916134013	-0.5843870535976573	0.054510168994015264	0	-1.1634712757314924	0	0.53110644769844728	ASN:chr19:45579043-47334409
ZNF311	1	1	0.5005909315794711	0.91897901260968295	0.13306459810880358	-0.57800174291616169	-0.72303188494943316	0.025321190915876732	0	-0.94061104700266285	1	-0.24350751101416362	ASN:chr6:28901402-29688046
ZNF319	1	0	-0.72173560605746179	0.058425316628706467	0	-1.0391455140261272	0.83649349259657735	1.9046459368111559	0.15482239738694059	-0.56524037652057402	0	-0.43015000371217715	ASN:chr16:56907578-58867358
ZNF365	1	0	0.71709038747875209	1.2434737197046402	0.23062116276940883	1.9950130786447549	0.71161141276833473	1.6120851514748817	0.11151814333658736	-1.4970374803542688	1	1.1532807207067699	ASN:chr10:62085190-64198067
ZNF391	1	1	0.046175222363365145	0.43044750304616275	0.025243119800154541	0.20945870420419982	0.47821993684286773	1.1071969428753969	0.044084105147038109	-1.3684473380869764	1	1.0017090835291111	ASN:chr6:26697553-28901402
ZNF486	1	1	0.97602483326493328	1.7008823828568338	0.38468526845031353	0.3073877683277832	0.57826270599537655	1.3139058809255415	0.069859909162603553	-1.1396717253508322	1	0.038789708129421986	ASN:chr19:20221313-21822864
ZNF506	1	1	1.0301662737068533	1.8038668682631667	0.42086169205054264	0.36640232889141555	0.038490946626266322	0.44479867975860871	0.00055524239342033489	-0.21784061882648162	1	-0.10141334423302684	ASN:chr19:16749208-20221313
ZNF512	1	1	0.19638809090141965	0.56527807875258274	0.048682755473873046	0.65351494507305996	-0.17071098501935175	0.25521729007867705	0	0.28564891395377445	1	-0.46199426568665258	ASN:chr2:26209579-29456860
ZNF513	1	1	0.39129727649229251	0.7786707928842973	0.096256925088001988	-1.4130640430678185	-0.307113746478686	0.16653956878591419	0	0.67142667684276491	1	-0.21307234261906155	ASN:chr2:26209579-29456860
ZNF532	1	0	0.25440242270340968	0.6240747364498801	0.060636593775551778	1.3196916308427344	1.0011173258320112	2.2944681464320946	0.21324785926229667	-0.29760090947951401	1	-0.50301928719106326	ASN:chr18:54958664-57377707
ZNF572	1	1	0.91105510473464224	1.5802831543600462	0.3428827902244575	-0.99946928570023152	0.44626659967374716	1.0452288484435504	0.037158029793133263	-1.0704100410848536	1	0.6854739286785948	ASN:chr8:123780420-126401023
ZNF618	1	0	0.95368616020071906	1.6590315444284915	0.37010450468405287	1.6086729223074532	0.79221891879441431	1.8001220905462307	0.13921122022429208	-0.31130671705196428	1	1.2374057823731186	ASN:chr9:116400502-119530000
ZNF626	1	0	0.80363631190197882	1.3890596934538453	0.27817735793081644	0.47839078665591928	0.82957290848686338	1.8882764776951133	0.15237212482349408	-0.59807671414342678	1	0.71636208757546282	ASN:chr19:20221313-21822864
ZNF682	1	1	0.99768140944169692	1.7418201129098614	0.39901766056207744	0.49513028083297567	0.54141595980997492	1.2357295249401414	0.059707833818083193	-0.39621537774727372	1	0.09892997834929311	ASN:chr19:16749208-20221313
ZNF70	1	0	1.6956449326471257	3.1635699018503627	0.91617822900193779	-0.65650637169724968	-0.11080129139706028	0.30246859943775128	0	-1.1634712757314924	1	-0.58459943672850523	ASN:chr22:23398337-25209349
ZNF704	1	0	-1.3924665203375077	0.00030704356658577104	0	1.8488761152320092	0.5172479258525392	1.1856965302071396	0.05344977198456987	-0.54106601469859672	0	1.1037186001354868	ASN:chr8:79751440-82016264
ZNF761	1	0	-1.641286053054293	0	0	0.12623749319886668	-0.67140404063366277	0.03448427002673296	0	-0.17315853803510961	0	-0.48441102586112356	ASN:chr19:52985347-54734184
ZNF765	1	0	-1.6953772558188125	0	0	0.40028854972218414	-0.65642236491416917	0.03750539052593832	0	-0.82093694287225649	0	-0.4508730454098932	ASN:chr19:52985347-54734184
ZNF813	1	0	-1.5763766097368563	0	0	0.36745205128080438	-0.68184758341174889	0.032477204494440595	0	-1.1396717253508322	0	-0.50847938027676365	ASN:chr19:52985347-54734184
ZNF827	1	0	0.44072274718281423	0.84020508374043668	0.11192174917664001	1.6116517342658756	0.025442550790914613	0.43087774036010956	0.00040758678323199379	-1.1396717253508322	1	-0.20381323185024169	ASN:chr4:145025810-148834277
ZNF839	1	0	-0.304558550734848	0.20269302450936949	0.0019869399048371809	0.09765806419352889	0.073229545736311144	0.48331490897822965	0.0011125114960727131	0.1285749809558504	0	-0.15373286231951305	ASN:chr14:101357468-103390025
ZNF85	1	0	-0.91660861226167045	0.025644750674311521	0	0.16023740696126629	0.81435934381210084	1.852325575535567	0.14699669283963873	-1.0931517940764952	0	0.7229424784350128	ASN:chr19:20221313-21822864
ZNF90	1	1	0.98685312135332603	1.7213073171318887	0.3918277585917635	0.606924891553135	0.56438292329152717	1.2842020821475859	0.06595335327364335	-1.3822146075020518	1	0.088726823869983429	ASN:chr19:16749208-20221313
ZNF93	1	1	1.0085096975300898	1.7624188900909905	0.40625395982170703	0.339127969348056	0.36387901974962017	0.89595406232490182	0.022637933841409965	-0.99336676308912741	1	0.064770079359953853	ASN:chr19:16749208-20221313
ZPBP2	1	0	-0.20288293773152855	0.25727328908447483	0.005296412206446533	-0.63874268669188383	-0.70409081501872206	0.028465173350010486	0	-1.5424114315453052	0	-0.54379479005208065	ASN:chr17:36495389-38649589
ZSCAN12	1	1	0.43567440169144023	0.83377640190564273	0.1102490821861682	-0.05480849914370213	-0.011024185673312027	0.39351903881368777	0.00013779878730638446	-0.71887251379344685	1	-0.17948422511476486	ASN:chr6:26697553-28901402
ZSCAN16	1	1	0.33829960685943794	0.71610922835917756	0.081162583649728309	-1.0749606023944134	0.27695368152709715	0.75462998607399245	0.012051858198766597	-0.17946261363158367	1	0.16415935687103003	ASN:chr6:26697553-28901402
ZSCAN23	1	1	0.44649382333944537	0.84759448859530429	0.11385450371456025	-0.50543498040591539	-0.10952023626331311	0.30353795408661943	0	-1.4529663122347427	1	-0.23192837237347247	ASN:chr6:26697553-28901402
