gene_symbol	intercept	high	S	log_gene_length	log_cis_snp_count	log1p_adjacent_expression	stratum5	Y	EAS_ld_block
ABCA8	1	0	0.001478905310524745	1.0572857269906208	0.26235102375747127	0.82988978663259039	1	0.0044614287611309663	ASN:chr17:64800166-67858770
ABCC2	1	0	1.3549929918155137	0.87426973256637186	0.15787622189780615	1.2804678307085455	1	0.1072103245135789	ASN:chr10:100365649-102471756
ABCC9	1	0	1.3120936178884663	1.4355638431676299	0.71079005326607103	0.4450468838518411	1	-0.31185876140671781	ASN:chr12:21757656-24562053
ABCE1	1	1	0.49552284261793711	0.25927739323002752	-0.1853296455944046	0.72841847545893146	1	-0.58305301445360436	ASN:chr4:145025810-148834277
ABCG2	1	1	0.4898394266066603	1.4196665179349817	0.77827822728725704	0.54280130177539077	1	-1.5520668821044903	ASN:chr4:87214993-89236855
ABCG4	1	0	0.34896781532067328	-0.37897470431971975	0.29247238578327706	-1.4101251991383059	1	0.91459314759050969	ASN:chr11:118900987-120771784
ABCG5	1	0	-1.0464345850802728	0.12930634239186334	0.66812888995846098	1.1717693784922276	0	0.66290217414796826	ASN:chr2:42336744-44322128
ABCG8	1	0	-1.068072247216721	0.43975492454300347	0.68208817945720035	1.0491188785023953	0	0.60945417355430698	ASN:chr2:42336744-44322128
ABHD1	1	1	0.55372159781803099	-0.89261621674666636	-0.36697852242696	-0.41083491920601256	1	-0.032059034148501392	ASN:chr2:26209579-29456860
ABHD6	1	0	0.41417965199744738	0.73793355003885319	0.29041073965300973	0.9705309372925055	1	-1.1962497192501593	ASN:chr3:56847831-59704331
ABHD8	1	0	-0.78664504937487634	-0.16085839571978344	-0.90481836740576727	0.29495221667459859	0	1.5242870495002898	ASN:chr19:16749208-20221313
ABT1	1	1	0.14363683242368419	-1.5198325935100452	0.60947785335639826	0.51894009204864411	1	0.49307362022434259	ASN:chr6:26141757-26697553
ACAD10	1	1	0.61972622250260823	0.89165081211268515	-0.92130306152659636	0.66779344378501093	1	2.1494452242690678	ASN:chr12:109270450-113028429
ACADS	1	0	1.2298441214485702	-0.34394001124463436	0.30649907540377386	1.3543164348138643	1	0.12863669897932381	ASN:chr12:119859279-122015993
ACOT13	1	1	0.62704307166224083	0.41051851897749025	1.1911052819178478	0.92814054437850002	1	-0.23969133744811666	ASN:chr6:24397129-26141757
ACOX2	1	0	0.38172493033871807	0.28199984228683866	0.35792224610741041	1.4577403894888361	1	-1.1757262846084875	ASN:chr3:56847831-59704331
ACRV1	1	0	-0.44703879886615866	-0.64917522373425052	0.67791145360067917	-1.5424114315453052	0	0.87304298346909659	ASN:chr11:124496119-126773879
ACSL5	1	0	0.84690927411360328	0.68558489447726434	0.23704625769790691	1.3705114331869375	1	-1.0969288220811004	ASN:chr10:112170486-115752990
ACTL7A	1	0	-1.330400529560495	-2.1136525102657568	0.89317879595171679	-1.5424114315453052	0	1.1337478577685673	ASN:chr9:110368474-112864469
ACTL7B	1	0	-1.3087439533837313	-1.7266327503601286	0.88820992509981589	-1.5424114315453052	0	1.1355770330502568	ASN:chr9:110368474-112864469
ADAM15	1	1	-0.73747930467231648	-0.46412108422866744	-0.63758042056525122	0.54674235721434805	0	0.56331537072859439	ASN:chr1:153397055-156616039
ADAMTS13	1	1	1.5805647322333656	0.54059031882623476	0.1220727794541111	0.69662133797135584	1	-0.68877661259488621	ASN:chr9:134722557-136612240
ADAMTS15	1	0	-0.82147098940653818	0.16548728169666452	0.494299680491805	-1.1876456375534696	0	-0.44116864743261908	ASN:chr11:130049774-131429519
ADAMTS4	1	0	-0.98137337932714208	-0.31873735828555183	0.37244949013665618	0.21401662162793145	0	0.030685615574886967	ASN:chr1:159953315-162888864
ADAMTS8	1	0	-0.87561242984843624	0.058313650235897393	0.51603118707184092	-1.2753861034403373	0	-0.2559703746146535	ASN:chr11:130049774-131429519
ADAMTSL2	1	1	1.5476846749722786	0.51140700628958768	0.12320220107820029	0.77660755257067671	1	-1.0067093248001255	ASN:chr9:134722557-136612240
ADAR	1	0	-1.0717598868265681	0.5559430069862159	-0.5332189351291865	1.0462788402264303	0	0.86863046059730886	ASN:chr1:153397055-156616039
ADH1A	1	0	0.76036334969035446	-0.32329213297760612	0.71215878302009517	2.0180257191115394	1	2.2131199696477672	ASN:chr4:99040831-101711689
ADH4	1	0	0.79281807134908377	0.32746840844162273	0.64386945313004218	2.1286546763296097	1	2.2243832102681074	ASN:chr4:99040831-101711689
ADH5	1	0	0.7711815902432716	-0.17307327521454605	0.69704670599496077	1.3888131730856661	1	2.1990391743877242	ASN:chr4:99040831-101711689
ADH6	1	0	0.78199983079616664	-0.21392641742303722	0.65010573501767654	1.6068101233076757	1	2.2276537341978067	ASN:chr4:99040831-101711689
ADH7	1	0	0.70627214692583495	0.03914081519179461	0.79248094246821932	-1.3548024460188213	1	2.2052433772577849	ASN:chr4:99040831-101711689
ADIPOQ	1	0	-0.23674343263387546	-0.26622997397255127	0.54950184789537793	-1.5424114315453052	0	0.24647809683180624	ASN:chr3:186230742-188951597
ADO	1	0	0.79144335796760945	-1.3785968438632799	0.43421971632504891	0.10776055695994285	1	1.1870355923103397	ASN:chr10:64198067-66313715
ADORA2A	1	0	1.5915247513203945	0.071412058370687981	-0.017104882033401107	0.12339777452962181	1	0.62907643938230706	ASN:chr22:23398337-25209349
ADPRH	1	0	-0.75473369078375241	-0.5674024909214348	0.56022828730509822	-0.41083491920601256	0	-1.209265687733255	ASN:chr3:118903462-120523073
AFF1	1	1	0.47902059553842508	1.7114186354591934	0.8187557734639147	0.59326228848868523	1	-1.8052883428487276	ASN:chr4:87214993-89236855
AGBL5	1	1	0.56454988590640176	0.18187049417156043	-0.37090818250734459	0.4450468838518411	1	0.1379161566520114	ASN:chr2:26209579-29456860
AGER	1	1	1.6366195724424994	-1.458266200759742	-3.2436113713918711	0.13373478497471114	1	3.3105895089069963	ASN:chr6:31571894-32682590
AGMAT	1	0	0.59416301440115382	-0.43038366652152488	0.50932476548452088	1.0911007179534018	1	0.40513555167422649	ASN:chr1:14893157-17875820
AGPAT1	1	1	1.6582607784445429	-0.62681232201264614	-3.2552849538411763	0.86547713969292384	1	3.3849398005981626	ASN:chr6:31571894-32682590
AHCYL2	1	0	0.57620047834216037	1.7081836443637688	0.39402844184328906	0.038095816304544595	1	-0.44616723145047776	ASN:chr7:126869221-129589868
AIFM2	1	0	0.89018223632520566	0.34021551958365792	1.0365818272020026	0.28097603287098549	1	-0.89741752132808328	ASN:chr10:71054709-72673145
AIM2	1	0	-1.2193746714910323	1.0261854571657925	0.70695220774033518	-0.70992181642016494	0	0.3944295035796993	ASN:chr1:157982579-159953315
AK4	1	0	-0.75432614623840655	1.0260398609359687	0.55963400463188673	0.94341470274178296	0	-1.1664606273679596	ASN:chr1:65041376-66774011
AK8	1	1	1.372324369579903	1.4832329005670497	0.24587195962293554	-1.3412777748263425	1	-1.4691750228350973	ASN:chr9:134722557-136612240
AKAP8	1	0	-0.49455255444648871	0.12988950070009683	0.45005462004308044	0.43661257554328448	0	-0.33093970112984439	ASN:chr19:12500149-15648148
AKAP8L	1	0	-0.50537079499938387	0.43174225136098088	0.46512952585846296	0.90960864625904037	0	-0.32500046086629514	ASN:chr19:12500149-15648148
AKNA	1	0	1.0428654561151105	0.76474360173990186	0.69511445491219737	0.19928012204816672	1	1.2172897943701089	ASN:chr9:116400502-119530000
AKTIP	1	0	0.71614591914376935	-0.39419562472078123	0.46199904576637807	0.77999242770249122	1	-1.6596347566903484	ASN:chr16:51214363-54450244
ALAD	1	0	1.1097499280509207	-0.30487356025333556	0.54201612933665999	1.3589610382068835	1	0.77806969039392215	ASN:chr9:112864469-116400502
ALDH16A1	1	1	1.2408041405355994	-0.17052862439278296	-1.352795926959645	0.39807397608655815	1	0.15067764199081465	ASN:chr19:49093112-51334271
ALDH2	1	1	0.6413627036084204	0.50670474781889641	-0.95000533409385868	1.9952163804181677	1	2.1398631619653985	ASN:chr12:109270450-113028429
ALDH5A1	1	1	0.45168276626984322	0.49344171563182271	1.2150228618321046	1.153322320865807	1	0.024917859384851051	ASN:chr6:24397129-26141757
ALOX5AP	1	0	-0.82991801158650069	0.19945833190976214	0.61496601951183272	0.26687142904068867	0	1.111322974384692	ASN:chr13:30625939-32301388
ALPI	1	0	1.377003061205881	-1.3408666162941909	0.39922197262924919	-1.5424114315453052	1	0.58549537299941234	ASN:chr2:232191250-233550713
ALPK2	1	0	0.2434424036163807	1.4551423976842495	1.0609854708850464	-0.54106601469859672	1	-0.18841971629203713	ASN:chr18:54958664-57377707
ALPL	1	0	0.81336339614164532	0.86967849763843585	0.68041862178625501	0.96754156877173336	1	1.0046607354727297	ASN:chr1:20304720-22145806
ALPP	1	0	1.1822747312536153	-1.2577060176280153	0.43071775274435586	-1.5424114315453052	1	0.62389824336860311	ASN:chr2:232191250-233550713
AMBP	1	0	1.0651602800937139	-0.1507203947986869	0.62732674758194706	2.338363381515546	1	1.3054767512285919	ASN:chr9:116400502-119530000
AMIGO3	1	0	-1.5442797598929285	-0.88343127792633702	-1.086071600519352	-0.35317404636178301	0	0.39116726457244827	ASN:chr3:47793553-51831792
AMN	1	0	-0.35935864616997087	-0.54866990457283338	0.10998246795421937	0.4450468838518411	0	-0.40617887876555625	ASN:chr14:101357468-103390025
AMOTL1	1	0	-0.21679209867576016	1.5647995857063413	0.54740890151923971	-0.099462454199207656	0	-1.0156358054029366	ASN:chr11:92731401-94987750
AMT	1	0	-1.4631340975329121	-1.0142703257716081	-1.1263329306900263	1.0434335377430501	0	0.14637493805951765	ASN:chr3:47793553-51831792
AMZ2	1	0	0.73780249532053299	-0.65070014741994642	0.1073271347055906	0.82661328538800782	1	0.97001856202892611	ASN:chr17:64800166-67858770
ANAPC10	1	1	0.45168276626984322	1.3652326430613204	-0.058577596508330637	0.42813166860987051	1	-0.87827980061725874	ASN:chr4:145025810-148834277
ANAPC5	1	1	1.1202439305783247	1.0877076876598055	0.3691578577087456	1.0434335377430501	1	-0.025741769330159134	ASN:chr12:119859279-122015993
ANAPC7	1	0	0.39254317089163521	0.2489342141197016	-0.36845116584910453	0.44924672299778623	1	2.0613867750564188	ASN:chr12:109270450-113028429
ANKLE1	1	0	-0.75419032771616901	-1.0109280222079227	-0.91205352223323077	-1.2625405033716455	0	1.5286883144979155	ASN:chr19:16749208-20221313
ANKRA2	1	0	-1.4465577231020272	-0.39534797572430563	0.49337579648468005	0.3406413111146418	0	0.54825636895312269	ASN:chr5:71419711-73759199
ANKRD49	1	0	0.017303553099531282	-1.0169805115887256	0.31669547035427253	0.25739584185197012	1	-1.040552595101125	ASN:chr11:92731401-94987750
ANKRD54	1	0	-1.4681942042078173	-0.14540923186056645	-0.40365074356569286	0.28097603287098549	0	1.942463194081921	ASN:chr22:37977990-40527060
ANKRD9	1	0	-0.32647858890890596	-1.5556831727420803	0.08248653168873836	0.070642058443157407	0	-0.07027358879285206	ASN:chr14:101357468-103390025
ANO8	1	0	-0.78664504937487634	-0.50317647066728877	-0.90481836740576727	-0.12363681602118484	0	1.5242870495002898	ASN:chr19:16749208-20221313
ANXA2	1	0	-0.46895883704021657	0.70498111026642618	0.57767419581319668	1.3261497684000905	0	-0.30422969568383229	ASN:chr15:59909705-61292486
AP1M1	1	0	-0.3322789461529303	0.40525748349243612	0.28490174520535794	0.94341470274178296	0	0.29575771832759112	ASN:chr19:15648148-16749208
AP2A1	1	0	-1.2032801158708499	0.45218564359242119	-1.193400456373521	0.83967753658594735	0	-0.26605460891575311	ASN:chr19:49093112-51334271
APEH	1	0	-1.5659186031889389	-0.62083847350285737	-1.0774026778670875	1.0462788402264303	0	0.33035975226737058	ASN:chr3:47793553-51831792
APLP2	1	0	-0.89726900602519999	0.93300885350570228	0.54351570091649748	1.5849515756396562	0	0.79659797061709181	ASN:chr11:128188777-130049774
APOBEC3A	1	0	-1.3660977603415787	-0.58453525673875562	-0.20995404572380688	-0.88960834055134685	0	-0.67457592096648955	ASN:chr22:37977990-40527060
APOBEC3B	1	0	-1.3282256498379974	-0.58343021052963284	-0.20635185753360077	-1.0704100410848536	0	-0.32746166959300277	ASN:chr22:37977990-40527060
APOBEC3C	1	0	-1.3390462528390301	-0.97729664341232503	-0.19514006512283033	0.043568336361981534	0	-0.31705111230963617	ASN:chr22:37977990-40527060
APOBEC3D	1	0	-1.3498668558400406	-0.1272459515563493	-0.18399588735792155	-0.65728670848542503	0	-0.30523628423645482	ASN:chr22:37977990-40527060
APOBEC3F	1	0	-1.3823286648431166	-0.39794708920807487	-0.17911366006246446	-0.66593484544572656	0	-0.30408592250306077	ASN:chr22:37977990-40527060
APOBEC3G	1	0	-1.3660977603415787	0.5706667504395575	-0.18088752336778638	0.049021415809869226	0	-0.28073239139956224	ASN:chr22:37977990-40527060
APOBEC3H	1	0	-1.3931492678441493	-0.90985774668152875	-0.182663091082025	-0.78303278866129922	0	-0.29260413396577661	ASN:chr22:37977990-40527060
APOL1	1	0	-1.4207125935201443	-0.33073171827823539	0.23492180225438691	1.422551679556284	0	1.8024941839489788	ASN:chr22:36453608-37977990
APOL2	1	0	-1.4095651815308428	-0.37301441530855495	0.22283686852804463	0.96154531016940614	0	1.8031914046200441	ASN:chr22:36453608-37977990
APOL3	1	0	-1.4318600055094461	0.11339174251514629	0.28214107696989643	1.0204792371194538	0	1.8088009818657649	ASN:chr22:36453608-37977990
APOL4	1	0	-1.3872703575522394	-0.26989552078769052	0.21461672055739173	-0.78303278866129922	0	1.8073932493839235	ASN:chr22:36453608-37977990
APOL5	1	0	-1.4541548294880495	-0.50284489498632923	0.46544228238902824	-1.2883401064786222	0	-1.0768565448364664	ASN:chr22:34860926-36453608
APOL6	1	0	-1.4653022414773511	-0.083686131463468108	0.50412580909553173	0.88454620790070082	0	-1.0010291715886588	ASN:chr22:34860926-36453608
APPL1	1	0	-0.21327830007097423	0.55248284133379344	0.65010573501767654	0.17940877335280311	0	-0.25242582781422201	ASN:chr3:56847831-59704331
AQP10	1	0	-1.1813600776968138	-1.2792125993654384	-0.32957680128904343	-1.5424114315453052	0	0.78739362296782678	ASN:chr1:153397055-156616039
ARCN1	1	0	0.31109570481709209	0.24425038999298754	0.32683591260897016	1.0827957008497084	1	0.069035119515257287	ASN:chr11:117901740-118900987
ARF4	1	0	0.30599724646840842	0.14272315082860645	0.65378094244550666	1.4180958266444044	1	-0.57623280954955969	ASN:chr3:56847831-59704331
ARHGAP24	1	0	-0.68941315982908347	2.4352061436750922	0.80865427570486492	-0.16062752762840354	0	-2.3123981854251996	ASN:chr4:84922154-87214993
ARHGAP30	1	0	-0.92728217656264456	0.024173749961441462	0.36156477779853141	0.1693757948241261	0	-0.087486550651117365	ASN:chr1:159953315-162888864
ARHGAP31	1	0	-0.83047791179091468	1.334836117665084	0.70173092132045467	-0.46312845164973759	0	-1.2210420512885767	ASN:chr3:118903462-120523073
ARHGAP32	1	0	-1.4711682747094699	2.0363897652670992	0.80865427570486492	-0.081578287825861809	0	-0.08914027851423155	ASN:chr11:128188777-130049774
ARHGAP8	1	1	1.6258225939226663	1.5181637027326829	0.77801418185472815	-0.67463198061055163	1	2.6453804142540016	ASN:chr22:44994946-46915049
ARHGEF19	1	0	0.83528343431570329	-0.31837205077610203	0.04988214790852865	-0.70102300743907542	1	0.30926574424371728	ASN:chr1:14893157-17875820
ARHGEF2	1	0	-0.61143908517152723	0.76451356007037374	-0.70291341965781817	0.22376294167290725	0	-1.2628961436543693	ASN:chr1:153397055-156616039
ARIH2	1	0	-1.6308351330769477	0.85292869790557224	-1.0487965035840683	0.70729373496059544	0	-0.055143555820731049	ASN:chr3:47793553-51831792
ARL14	1	0	0.84671555336775595	-2.1969799369410978	0.27556791321586793	-0.68337867236850436	1	-0.68495313600451158	ASN:chr3:159155377-161620009
ARL4C	1	0	1.4635489856291077	-1.3208482695746186	0.93318451254983315	0.58176380588274323	1	1.3400471669754423	ASN:chr2:234883167-236066960
ARL5B	1	0	1.4094577828645882	-0.0027052324572773038	0.97780161810665867	0.54280130177539077	1	-0.095206068329083501	ASN:chr10:18537267-20311057
ARL5C	1	0	-0.045984194216698492	-0.57370089869240759	-0.84666217766501206	-1.5424114315453052	1	-1.2006128248303769	ASN:chr17:36495389-38649589
ARMC6	1	1	1.365843204446701	0.12303874167138687	-0.38126347607230565	0.83642188266082707	1	0.70364498648866169	ASN:chr19:16749208-20221313
ARPC3	1	1	0.41417965199744738	-0.27564885198667566	-0.51292949861360027	1.5546337978415425	1	2.1021268130337369	ASN:chr12:109270450-113028429
ARRDC2	1	0	-0.49455255444648871	-0.41763623202656419	-1.2400283790175741	0.86227580328697162	0	1.3812696804690481	ASN:chr19:16749208-20221313
ARSG	1	0	0.65117619061347842	1.533563781664071	0.24305231847862716	-0.78303278866129922	1	0.90814681886440463	ASN:chr17:64800166-67858770
ART1	1	0	0.067995954304518283	-0.11213109885738226	0.76662438816413192	-1.5424114315453052	1	-0.33311550283977154	ASN:chr11:2739889-4466102
ART5	1	0	0.07881419485741338	-1.3600050989388923	0.72796239946314589	-1.3412777748263425	1	-0.27445505377962687	ASN:chr11:2739889-4466102
ASB14	1	0	-0.20246005951807913	0.066807050908876189	0.64017446067638029	-0.70102300743907542	0	-0.31618513045803986	ASN:chr3:56847831-59704331
ASB2	1	1	0.83604202078961443	0.49856856824958357	0.8571010825588935	-0.95101813940956448	1	1.1713534476483025	ASN:chr14:94325285-95947052
ASB6	1	0	-0.25655126228259861	-1.110477042416615	-0.38522366393978891	0.17940877335280311	0	2.5750725658831857	ASN:chr9:132047808-133641809
ASCL2	1	0	0.20863308149226453	-1.6982393046589979	0.23244018006944805	-0.95101813940956448	1	-0.6474196983380115	ASN:chr11:70855-2739889
ASH1L	1	0	-1.159440039522756	1.7877856090172886	-0.34405902240619574	0.13373478497471114	0	0.55769354066430932	ASN:chr1:153397055-156616039
ASL	1	0	-1.2951023553613639	-0.17566971034947518	0.1201888747579422	1.5648064013408349	0	0.18604478813585179	ASN:chr7:63624322-67371495
ATF4	1	0	-1.4147904738461925	-1.5468843848381855	-0.19603450945608458	1.6438478118019662	0	-0.89168279268414197	ASN:chr22:37977990-40527060
ATF6	1	0	-1.2734658742555516	1.6798584980618363	0.78223438798566358	0.8526315396242321	0	-0.71034247643100701	ASN:chr1:159953315-162888864
ATF6B	1	1	1.7123637934496618	0.22989750805001688	-3.366290136026767	0.79345777939925077	1	3.7684056854726791	ASN:chr6:31571894-32682590
ATG16L1	1	0	1.6907320372400807	1.0353299258031796	0.60687249573710644	0.51894009204864411	1	0.44540915637450523	ASN:chr2:233550713-234883167
ATG7	1	0	-1.4170268342675716	1.9615270508212923	0.87196819696728045	0.24307187866002822	0	-0.20914204989611435	ASN:chr3:11019488-12860229
ATP13A1	1	1	1.2683886116512535	-0.14445127410113684	-0.20950338800753057	0.58943902312423935	1	0.20241187886978751	ASN:chr19:16749208-20221313
ATP13A2	1	0	0.85720347248973927	0.11686793214386811	0.013100464483215042	-0.13586827715378455	1	0.60978478575037942	ASN:chr1:14893157-17875820
ATP6V1E1	1	0	0.0790421173110121	0.3827347470591379	0.034941420914748715	1.1319648946002117	1	-0.5941532189692319	ASN:chr22:17581547-18557031
ATP6V1F	1	0	0.71686831735547452	-1.5399680481332414	0.19806590703820356	1.1211737060446065	1	0.4253364074202291	ASN:chr7:126869221-129589868
ATP6V1G1	1	0	0.99827580815792583	-0.57101596588175718	0.73635406123622027	1.2533854237431963	1	1.1749046658844011	ASN:chr9:116400502-119530000
ATP8B1	1	0	0.34208257539959747	1.5005058385574641	0.79483748513370778	0.16433460720533127	1	0.69470551911211242	ASN:chr18:54958664-57377707
ATP8B2	1	0	-1.1704000586097849	0.11043804203270062	-0.33246417993339517	-0.17315853803510961	0	0.79001660269898055	ASN:chr1:153397055-156616039
ATXN2	1	1	0.59808974139679605	1.4538487087805299	-0.91403167259849738	0.36741594776055586	1	2.2083775883843018	ASN:chr12:109270450-113028429
B3GALT4	1	1	1.279539673408709	-0.81982850821466302	-0.1344460731243084	-0.72787570822561765	1	2.8375969129437872	ASN:chr6:33209310-35757007
B3GNT3	1	0	-0.58109847886971555	-0.15454869077288513	-1.136722880707578	-0.77370120825070487	0	1.3557093108095644	ASN:chr19:16749208-20221313
B4GALNT3	1	0	-1.1375200013487201	1.1786670985083085	-0.035467954204098671	-1.1755108688243088	0	-0.23206939109782193	ASN:chr12:61107-1739022
B4GALT3	1	0	-0.94891865766843475	-0.98743174178770721	0.36948728492352695	0.51894009204864411	0	0.05060716384816176	ASN:chr1:159953315-162888864
B4GALT4	1	0	-0.76555429378476303	0.21161105690881793	0.61236839353035244	0.51492691263787738	0	-1.2882897323366647	ASN:chr3:118903462-120523073
BABAM1	1	0	-0.70009912495164961	-0.36438113532724925	-0.93059913121698268	0.9705309372925055	0	1.531343352475498	ASN:chr19:16749208-20221313
BAG5	1	0	-0.22783841712568917	-0.97508961210140011	-0.024020613442299759	0.24307187866002822	0	0.37668535445036538	ASN:chr14:103390025-105001894
BAK1	1	1	1.1496924373964275	-0.8200286864689682	0.15343854446456229	0.14911094275663597	1	2.7555249873849554	ASN:chr6:33209310-35757007
BANK1	1	1	-1.7394085638769072	2.611750626518869	0.49768330882304895	-1.0817388028381392	0	0.047858348111279508	ASN:chr4:101711689-102707193
BARHL1	1	1	1.3832843886669319	-0.78185117580998786	0.24516745257802369	-1.5424114315453052	1	-1.4200745441782081	ASN:chr9:134722557-136612240
BARX2	1	0	-0.75650126087624714	0.94694100507663626	0.3691578577087456	-1.424273135697375	0	-0.30955375427695914	ASN:chr11:128188777-130049774
BASP1	1	0	-1.7170137369246026	1.7305482196213515	0.30990412880211748	0.50686894006456717	0	1.6835007013305494	ASN:chr5:13611631-17400372
BAX	1	1	0.47360280444387914	-0.89426797786452827	-0.43953385077275781	0.94948206340882169	1	0.64809696883030266	ASN:chr19:49093112-51334271
BCAM	1	0	-1.414103001443298	-0.45565623934756011	-0.45490766620511686	0.95552553676730823	0	0.71352610893827029	ASN:chr19:43862455-45579043
BCAT2	1	1	0.36948262311714791	-0.25759964051103257	-0.27508983266119563	0.24786139970718202	1	0.25341797936554228	ASN:chr19:49093112-51334271
BCL2L12	1	1	1.0764038542302308	-0.75664364009322704	-1.1834509664306083	0.4450468838518411	1	0.65505624118456662	ASN:chr19:49093112-51334271
BCL2L13	1	0	0.057122079136954149	1.1683123321504756	0.13296171408738819	0.69662133797135584	1	-0.59088090799130499	ASN:chr22:17581547-18557031
BCL3	1	0	-1.4465577231020272	-0.45603048494921877	-0.39018586336737865	1.2459156267631173	0	0.81005599223588076	ASN:chr19:43862455-45579043
BCL6	1	0	-0.31254144925255928	0.067281439710452237	0.63361901229659701	1.0632407835319135	0	1.1014496979586434	ASN:chr3:186230742-188951597
BCL7A	1	0	0.38592265174769136	0.49824349341221996	0.023060184380464671	-0.040641455150152536	1	0.41110340390911126	ASN:chr12:122015993-124721969
BCL9L	1	0	0.41389143332682504	0.27115925819791825	0.29693141076513124	0.032603716527207366	1	0.33326061225978892	ASN:chr11:117901740-118900987
BDH2	1	0	-1.6312025338666689	-0.067170554790486836	0.23704625769790691	1.0688533683962624	0	0.044835067611363577	ASN:chr4:102707193-105305539
BID	1	0	-0.03055807355923364	0.46143082438687943	0.1634083743872711	0.73191117378096904	1	-0.57493676603879273	ASN:chr22:17581547-18557031
BLOC1S2	1	0	1.2323714599332172	-0.43044401420422956	0.21533296938667626	0.74580303556251748	1	0.17125951147732218	ASN:chr10:100365649-102471756
BLOC1S3	1	0	-1.2301929120439492	-1.5303380175904531	-0.62568935422862815	-0.21784061882648162	0	0.77658413931194903	ASN:chr19:45579043-47334409
BNIP2	1	0	-0.39223870343103578	0.23781708471249319	0.33960110322542891	0.8971285754813455	0	0.13043630002766701	ASN:chr15:59909705-61292486
BPNT1	1	1	0.47908909531486193	0.3008329395163703	0.4623123325275646	0.48243807556837204	1	-1.1327043157766585	ASN:chr1:220125116-221151629
BPTF	1	0	0.6620044787018492	1.5111393884012483	0.21246630686659224	0.065265379565178264	1	0.57607075121265372	ASN:chr17:64800166-67858770
BRAP	1	1	0.66299918471423258	0.51997148323474796	-0.98806612402732719	0.09724654153901223	1	2.1794397725408956	ASN:chr12:109270450-113028429
BRD2	1	1	1.4093869094209905	-0.42509150934269074	-0.52678764572669601	1.2731289788800044	1	2.9448506156490639	ASN:chr6:32682590-33209310
BRD3	1	1	1.405204426840968	0.41455663665991543	0.22426273430590563	0.070642058443157407	1	-1.197935958424166	ASN:chr9:136612240-138198537
BRD4	1	0	-0.48373431389357163	1.1210622020451548	0.43262873735770568	0.53885010203840145	0	-0.34052510892539029	ASN:chr19:12500149-15648148
BSN	1	0	-1.6632933980209632	1.2760695825184099	-1.0157405005722715	-1.1396717253508322	0	0.31387700231899879	ASN:chr3:47793553-51831792
BSPRY	1	0	0.92024392423281398	-0.021704465348182479	0.5587422221213314	-0.85980079717717228	1	0.78384250416612711	ASN:chr9:112864469-116400502
BST2	1	0	-0.67846264384583732	-1.6230979936207377	-0.96283114527916613	1.578935734170162	0	1.5375807791631804	ASN:chr19:16749208-20221313
BTBD7	1	0	0.2734628052422865	1.1197176906232797	0.7551639570957982	-0.23084951236379053	1	0.79924019339452057	ASN:chr14:92916399-94325285
BTF3	1	0	-1.4249212419962149	-0.86782968101012525	0.47386676178752346	1.6553606676458306	0	0.33616427935636861	ASN:chr5:71419711-73759199
BTN1A1	1	1	0.12199917028725782	-0.68193428427064562	0.65491030654875537	-1.5120136015842425	1	0.49788490156311765	ASN:chr6:26141757-26697553
BTN2A1	1	1	0.08954267708259625	-0.13600637522288025	0.65942087344158473	0.43237797906395303	1	0.48379366553472258	ASN:chr6:26141757-26697553
BTN2A2	1	1	0.067905014946147868	-0.49185151519087694	0.7058542148640502	-0.081578287825861809	1	0.52952644178206598	ASN:chr6:26141757-26697553
BTN3A1	1	1	0.078723846014383064	-0.41710222791625845	0.68236629247698	0.60088036988254712	1	0.49462439435874089	ASN:chr6:26141757-26697553
BTN3A2	1	1	-0.12693552400465111	-0.40649919872646845	0.77510718926086031	0.66779344378501093	0	0.57574667991540018	ASN:chr6:26141757-26697553
BTN3A3	1	1	0.11118033921902264	-0.41924047032004413	0.65349849354064915	0.57791175806387796	1	0.48302222430746794	ASN:chr6:26141757-26697553
BTNL2	1	1	1.5825165574373805	-0.40614826706573026	-2.904369470196245	-1.4529663122347427	1	3.178842947771606	ASN:chr6:31571894-32682590
C11orf54	1	0	-0.13318650875600849	0.028641312526993278	0.45572213091183189	1.2558673001937726	0	-1.6393035611024103	ASN:chr11:92731401-94987750
C12orf43	1	0	1.2408041405355994	-0.35442071716115647	0.30308773613625917	0.091962404650528268	1	0.21742758336672971	ASN:chr12:119859279-122015993
C16orf74	1	0	-0.94950454480216362	0.77484843132524839	0.89317879595171679	-0.93027403655757335	0	0.73045026125357093	ASN:chr16:85374253-86981136
C17orf58	1	0	0.77028735958566752	-1.6702515668742652	0.0074994843585805705	0.22861299389183048	1	0.61011546461206856	ASN:chr17:64800166-67858770
C17orf98	1	0	-0.58160404276736233	-0.9653564159454725	-0.88003993181511786	-1.5424114315453052	0	-0.66033925475167432	ASN:chr17:36495389-38649589
C19orf44	1	0	-0.22409654062389131	0.088823991631552801	0.23279490162854088	-0.11755744074719161	0	0.29317729562003975	ASN:chr19:15648148-16749208
C1QA	1	0	-0.27167849347378309	-1.518839512996059	0.32750996767988627	1.578935734170162	0	1.0241799781644907	ASN:chr1:22145806-23916165
C1QB	1	0	-0.26071847438675411	-0.71833923777554132	0.32717297087829111	1.6875191872625062	0	1.0253403381142654	ASN:chr1:22145806-23916165
C1QC	1	0	-0.24975845529972512	-1.2359243916547189	0.3227864107187069	1.574912035273156	0	1.0255725758127205	ASN:chr1:22145806-23916165
C1QTNF5	1	0	0.47340474983244946	-0.81593539950958227	0.25430516059762232	0.038095816304544595	1	0.95075145975809117	ASN:chr11:118900987-120771784
C1QTNF6	1	0	-1.6196495719484807	-0.11493010419034824	0.08325585807637817	0.21401662162793145	0	1.8858886067931386	ASN:chr22:36453608-37977990
C1orf115	1	1	0.42499789255034248	-0.67270303164308709	0.55099535962011092	1.153322320865807	1	-0.83469709023197258	ASN:chr1:220125116-221151629
C1orf141	1	0	1.0414864073861891	1.4121526507533522	0.58677510874320749	-1.5424114315453052	1	-0.32239661888043641	ASN:chr1:66774011-68477862
C1orf226	1	0	-1.2518293931497395	-0.088006358387702238	0.72769106520578652	-0.06977022767520083	0	-0.8811096244413118	ASN:chr1:159953315-162888864
C1orf43	1	0	-1.2142401349578789	-0.36310827676037744	-0.21130667866678288	1.435842154356473	0	0.72669124967480392	ASN:chr1:153397055-156616039
C2	1	1	1.1390017690419909	0.58794891270380578	-9.3598406062987767	1.7408692748464547	1	1.1097969638639942	ASN:chr6:31571894-32682590
C22orf15	1	0	1.6792049040165824	-1.5867536456172424	-0.10781354303978213	-0.034881447452529551	1	-0.59300718808038899	ASN:chr22:23398337-25209349
C22orf23	1	0	-1.5114671664194419	-0.60652066241060598	-0.35134291814518531	-0.84999219990435326	0	1.9220440195731407	ASN:chr22:37977990-40527060
C22orf39	1	0	0.14480223183316396	1.1302973414591031	-0.13704390198198627	0.14911094275663597	1	-0.57347987040899873	ASN:chr22:18557031-19912242
C2CD2L	1	0	0.17583816730430529	-0.23963411409754837	0.31296332155593548	0.19928012204816672	1	0.93013708926203831	ASN:chr11:118900987-120771784
C2orf16	1	1	0.23970124325494696	-0.98594019680380485	-0.2339975575353774	-0.84999219990435326	1	-0.4339175674149871	ASN:chr2:26209579-29456860
C4A	1	0	1.041637604065869	-0.059341840999817867	-7.8683986136488357	1.1638906259507675	1	1.3909559882285567	ASN:chr6:31571894-32682590
C4B	1	1	0.99836464185424456	-0.059379110057635159	-6.2624844951705319	1.1638906259507675	1	2.3163953535505648	ASN:chr6:31571894-32682590
C4orf17	1	0	0.65218094416131556	0.26055749997789318	0.83008643411374139	-1.5424114315453052	1	2.1975012691360312	ASN:chr4:99040831-101711689
C4orf36	1	1	0.55475241301596145	0.76150391452048671	0.64045895331898872	-1.1279089072535582	1	-1.6874778759191953	ASN:chr4:87214993-89236855
C5orf22	1	0	-1.2580802113059728	0.016377033525027236	0.69345663007933467	0.18937660221091152	0	-0.054456153059652089	ASN:chr5:31391126-33500818
C6orf62	1	1	0.69280318618437065	-0.25721402289129053	1.1664461161713031	1.1874065960619067	1	-0.26804621442559795	ASN:chr6:24397129-26141757
C9orf43	1	0	1.0986025160616191	-0.098600387684535357	0.54740890151923971	-0.77370120825070487	1	0.7754710997901102	ASN:chr9:112864469-116400502
C9orf50	1	0	-0.22409654062389131	-0.73833277308495515	-0.42834045668019388	-1.4101251991383059	0	2.582707204731379	ASN:chr9:132047808-133641809
C9orf78	1	0	-0.29982422449422302	-0.73635478737030768	-0.19872044300514544	1.0632407835319135	0	2.5675851348046645	ASN:chr9:132047808-133641809
CA11	1	1	0.14480223183316396	-0.7548020280161466	-0.11721992222134973	-0.54908190889440711	1	0.23771395768119613	ASN:chr19:49093112-51334271
CABIN1	1	0	1.372324369579903	1.5494277056024908	0.19553425898689403	0.14911094275663597	1	0.29432390813677278	ASN:chr22:23398337-25209349
CABP1	1	0	1.1640840069264404	0.140282758982849	0.32885734065713257	-1.3014043576765615	1	0.055968473558772602	ASN:chr12:119859279-122015993
CABP5	1	1	0.27632246087744561	-0.35332798323032499	-0.20455339320047849	-1.5424114315453052	1	-0.15081648491833974	ASN:chr19:47334409-49093112
CACNA1I	1	0	-1.6095613278646037	1.2886467711074128	-0.095486933391372236	-1.3961064692836005	0	-0.97840281415394204	ASN:chr22:37977990-40527060
CACNB1	1	0	-0.045984194216698492	0.06401806673619985	-0.84158023027120299	-0.96149627053967945	1	-1.194286729287056	ASN:chr17:36495389-38649589
CACNB2	1	0	1.3986395423116931	2.2244004612719666	1.2443883989657976	-0.040641455150152536	1	0.075779227555179046	ASN:chr10:16679279-18537267
CACNG1	1	0	0.49958015737611083	-0.46456255046497352	0.23385865794099503	-1.5424114315453052	1	0.79622096422605926	ASN:chr17:64800166-67858770
CACNG2	1	0	-1.398417769541541	1.4118604897562288	0.2203389529801818	-1.5424114315453052	0	1.8414672093205748	ASN:chr22:36453608-37977990
CACNG4	1	0	0.1422466504594995	0.86342027768645313	0.44626659967374716	-1.482206058210068	1	0.73745882563476683	ASN:chr17:64800166-67858770
CACNG5	1	0	-0.020177670866238909	0.62683656794644604	0.51359530343499848	-1.5424114315453052	1	0.69557947544467269	ASN:chr17:64800166-67858770
CACNG6	1	0	-1.5006489258665467	-0.069697183035296859	-0.72600904357055307	-1.5424114315453052	0	-1.5608244801400235	ASN:chr19:52985347-54734184
CACNG7	1	0	-1.4357394825491101	0.3378831707094313	-0.79336811380308248	-1.5424114315453052	0	-1.8123360818693932	ASN:chr19:52985347-54734184
CACNG8	1	0	-1.4898306853136296	0.15178509091098188	-0.75362632497590709	-1.5271372731820223	0	-1.769355234528168	ASN:chr19:52985347-54734184
CAD	1	1	0.43461042884581985	0.13395928734996043	-0.29858267330809246	-0.006401219552568789	1	-0.21279149896530533	ASN:chr2:26209579-29456860
CADM3	1	0	-1.1761017092794299	0.27045537942161124	0.68930554943503208	-1.1876456375534696	0	0.38998202902780843	ASN:chr1:157982579-159953315
CALR3	1	0	-0.24573302172970352	-0.20324972777291928	0.23633837722327869	-1.3548024460188213	0	0.29160133219938933	ASN:chr19:15648148-16749208
CALU	1	0	0.76015072935958306	0.28990105557730461	0.15676780121691453	0.78673986823822695	1	1.6852019413562265	ASN:chr7:126869221-129589868
CAMKK2	1	1	1.0983238924042886	0.76939356797127401	0.38327046410799809	0.60846083096809334	1	0.081975826411035013	ASN:chr12:119859279-122015993
CAND2	1	0	-0.90809729411359275	0.93789189744520818	0.70859797476889497	-0.79242144331295483	0	0.55689186313351147	ASN:chr3:11019488-12860229
CARD10	1	0	-1.533103647525254	0.20576999151316719	-0.29056155174988318	0.49470211084500149	0	1.9451870954645032	ASN:chr22:36453608-37977990
CARD8	1	1	0.12288219365910599	0.93515219742424838	-0.10738711591052777	0.38063014916378046	1	-0.15970860219712274	ASN:chr19:47334409-49093112
CASC3	1	0	-0.31108896774176675	0.27435501417485664	-0.46989159752213572	0.64581158485450141	0	-0.38672544826301786	ASN:chr17:36495389-38649589
CASP14	1	0	-0.25655126228259861	-0.70676048391695867	0.25535660981883573	-1.5424114315453052	0	-0.33137473582391119	ASN:chr19:12500149-15648148
CASP9	1	0	0.57224297622711795	0.36188723641628845	0.58413752244056083	0.37623804244697634	1	0.42909618140630207	ASN:chr1:14893157-17875820
CBL	1	0	0.15419696130224006	1.1708801805843423	0.37212059061519842	-0.3745438613257136	1	0.91292594775433455	ASN:chr11:118900987-120771784
CBLC	1	0	-1.4357394825491101	0.015464506358055657	-0.40065005772677154	0.4783281929250992	0	0.78851709281076643	ASN:chr19:43862455-45579043
CBX6	1	0	-1.4634831873507843	-0.55403645869628992	-0.21853749036347389	-0.70992181642016494	0	-0.64353113604586687	ASN:chr22:37977990-40527060
CBX7	1	0	-1.3174050468369649	0.28971161523143735	-0.18488495254535176	0.33161163654635928	0	-0.30207375633889899	ASN:chr22:37977990-40527060
CBY1	1	0	-1.5608686143600119	-0.19952970879760759	-0.14355449693653582	0.63841378619765898	0	-0.82926390087919621	ASN:chr22:37977990-40527060
CCAR1	1	0	1.0957288068303885	0.89509984984013913	0.81642955487463564	0.73191117378096904	1	-0.26420620556227575	ASN:chr10:68757629-71054709
CCDC105	1	0	-0.14836885675355965	-0.44451263846717104	0.19914983821979021	-1.5424114315453052	0	-0.34299911789228793	ASN:chr19:12500149-15648148
CCDC113	1	0	-0.79746328992779347	0.66137361145793638	0.88148068537240398	-1.1046502766824373	0	-0.43769130048550109	ASN:chr16:56907578-58867358
CCDC121	1	1	0.20721637898979048	-1.4543773039010235	-0.21491854779890956	-0.64868702072582451	1	-0.52715890751853822	ASN:chr2:26209579-29456860
CCDC124	1	0	-0.50537079499938387	-0.54621098979744376	-1.2088127388453642	0.95853837433956268	0	1.3759439325377258	ASN:chr19:16749208-20221313
CCDC136	1	0	0.73850952335751774	0.26242460481446178	0.18719148203352812	-1.2246363491606882	1	1.3844840268653034	ASN:chr7:126869221-129589868
CCDC153	1	0	0.37060902132271656	-0.87801562840220038	0.28765829534384163	-0.92000617051240963	1	0.9343768615567819	ASN:chr11:118900987-120771784
CCDC63	1	1	0.57645326029100585	0.77132173963675765	-0.86520228708017832	-1.5424114315453052	1	2.2211363073934507	ASN:chr12:109270450-113028429
CCDC71	1	0	-1.6741128196689683	-1.3654746417874504	-1.0108674694210193	0.18937660221091152	0	0.23418522752192172	ASN:chr3:47793553-51831792
CCDC77	1	0	-1.126559982261691	0.6714353407491136	-0.14747189272882427	-0.38895749070245772	0	0.53775703546082421	ASN:chr12:61107-1739022
CCNG2	1	0	-0.8840092143510202	1.9370975119738407	0.69096710083403268	-0.29079362448653651	0	0.83995967485383127	ASN:chr4:77718852-78969420
CCNI	1	0	-0.92728217656264456	0.19775221362324119	0.82159495853540288	1.1559712261828132	0	0.92296758792408806	ASN:chr4:77718852-78969420
CCR7	1	0	-0.48421861575815678	-0.49676925257178056	-0.18577444568234405	-0.63163084246833168	0	1.2115503332433479	ASN:chr17:38649589-39900528
CD1A	1	0	-1.2734658742555516	-1.2981640193664346	0.73229833799780297	-1.3822146075020518	0	0.68235195282634575	ASN:chr1:157982579-159953315
CD1B	1	0	-1.19773819038522	-1.4085359256045293	0.70448080569163241	-1.3548024460188213	0	0.68079345727511675	ASN:chr1:157982579-159953315
CD1C	1	0	-1.1869199498323248	-1.3537728015776083	0.69897693875943112	-0.55713988146771742	0	0.68356526271442841	ASN:chr1:157982579-159953315
CD1D	1	0	-1.305920595914259	-1.1592889505965818	0.76236834032009071	0.29030761328157983	0	0.73980306962560283	ASN:chr1:157982579-159953315
CD1E	1	0	-1.0679193037503909	-1.3062159179218502	0.66082817071196243	-0.8113727982236163	0	0.73152616072789856	ASN:chr1:157982579-159953315
CD244	1	0	-0.87319097379812516	0.29525709006675643	0.33591497605872245	-0.26386240300889641	0	0.45345789166144762	ASN:chr1:159953315-162888864
CD37	1	1	1.1860040451004765	-0.77398497804713406	-1.308165946614162	0.42387357919353502	1	-0.015443969935958307	ASN:chr19:49093112-51334271
CD3D	1	0	0.11091454929815356	-1.3646618831353305	0.38523112419264577	0.33161163654635928	1	-1.0825117624415506	ASN:chr11:117901740-118900987
CD3E	1	0	0.089273343296110308	-0.50158620816183042	0.40310756429689398	0.46177773340449191	1	-1.1179658025858243	ASN:chr11:117901740-118900987
CD3G	1	0	0.10009394629712093	-0.55737406678297985	0.39662703176902858	-0.7644260123559129	1	-0.29862716702078107	ASN:chr11:117901740-118900987
CD48	1	0	-0.82991801158650069	0.30374533711282609	0.26304901128472086	0.66415159094917364	0	0.37109127288833815	ASN:chr1:159953315-162888864
CD5L	1	0	-1.257238513426209	0.8504290857914808	0.72470375593288849	1.2028861247178617	0	0.49400394216388777	ASN:chr1:156616039-157982579
CD80	1	0	-0.79801610278783885	0.35336575120276337	0.5937903223176253	-0.8113727982236163	0	-1.1892600535334812	ASN:chr3:118903462-120523073
CD81	1	0	0.26272428425678401	-0.037842959333083868	0.22533141209362337	1.8201488675398916	1	-0.62690289184011372	ASN:chr11:70855-2739889
CDA	1	0	0.87912351066379724	0.2268969009531191	0.58178983661559747	1.0632407835319135	1	1.1431958530352508	ASN:chr1:20304720-22145806
CDC42	1	0	0.98872370153404299	0.45547706629841572	0.56290019677658965	1.3308802505729731	1	1.1543491230980114	ASN:chr1:22145806-23916165
CDC42BPB	1	0	-0.40319872251806477	1.3271318697439709	0.16782220281475521	0.63098016271030077	0	-0.4224829978105995	ASN:chr14:103390025-105001894
CDC42EP1	1	0	-1.414103001443298	-0.70253814499687717	-0.41519872436028765	1.2003170190967736	0	1.9609018715333102	ASN:chr22:36453608-37977990
CDC6	1	0	-0.36519198274688591	-0.29115427551521383	-0.34260568221612486	-0.97204641688175619	0	0.066420918627568035	ASN:chr17:36495389-38649589
CDH6	1	0	-1.2690402303930017	1.3881265861691394	0.72443194274471923	-0.86967247267934789	0	0.10251726227913337	ASN:chr5:29594524-31391126
CDHR4	1	0	-1.7390293495569771	-0.69017742923187864	-0.99908619071641758	-1.3961064692836005	0	0.44404526564802704	ASN:chr3:47793553-51831792
CDKN1C	1	0	0.28436076536259625	-1.6348347176774127	0.20419979400553726	-0.11755744074719161	1	-0.67319778892439486	ASN:chr11:2739889-4466102
CDON	1	0	-0.60047906608452029	1.2107847309820035	0.85178040141891753	-0.84024587985937749	0	0.099895658409535543	ASN:chr11:124496119-126773879
CEACAM16	1	0	-1.4681942042078173	-0.50590079129631149	-0.37533906184022381	-1.2753861034403373	0	0.83956905680922866	ASN:chr19:43862455-45579043
CEACAM19	1	0	-1.4790124447607345	-0.0078468545246651398	-0.3195063569852285	0.3406413111146418	0	0.81904606626072396	ASN:chr19:43862455-45579043
CEACAM20	1	0	-1.5655583691839612	0.17706057263518846	-0.13661067681146005	-1.3145807497409923	0	0.61624512646030016	ASN:chr19:43862455-45579043
CECR2	1	0	0.11192217457207702	1.6768826277153717	-0.08071866927102278	-0.57338384522302643	1	-0.69627902320437307	ASN:chr22:17581547-18557031
CECR3	1	0	0.16672227000719989	-0.62759155847767134	-0.20455339320047849	-1.5424114315453052	1	-0.6667547414257744	ASN:chr22:17581547-18557031
CEL	1	1	1.416164445927997	-0.62689021017718438	0.20383954018698414	-1.1876456375534696	1	-1.2550123942235025	ASN:chr9:134722557-136612240
CELA2A	1	0	0.53936291896603106	-0.28728612681148308	0.59961605840506615	-1.5424114315453052	1	0.41813440700701887	ASN:chr1:14893157-17875820
CELA2B	1	0	0.56128295714008891	0.10253585535385169	0.58765346824152775	-1.1876456375534696	1	0.43256053762150376	ASN:chr1:14893157-17875820
CELA3A	1	0	0.99968372062107191	-0.55269130908997166	0.56141627960343998	-1.5424114315453052	1	1.2001895898342778	ASN:chr1:22145806-23916165
CELA3B	1	0	0.97776368244701395	-0.02422839118624754	0.56793662045677018	-1.5424114315453052	1	1.2187309396860073	ASN:chr1:22145806-23916165
CENPA	1	1	0.31549925987360872	0.38474691814070777	-0.24361144298413953	-1.2753861034403373	1	0.20199155060052723	ASN:chr2:26209579-29456860
CENPE	1	0	-1.6420231368676796	1.0956633317282429	0.28317681092868202	-1.2246363491606882	0	0.26179042298035504	ASN:chr4:102707193-105305539
CEP55	1	0	-0.68928088439875446	0.28859771082431729	0.49583846145874944	-1.2246363491606882	0	-0.83061989873664366	ASN:chr10:92107336-95362627
CFB	1	0	1.1173652879361786	0.068418781631025868	-8.9096460106857975	2.1202048921479082	1	1.0569689919293697	ASN:chr6:31571894-32682590
CGB1	1	1	0.59416301440115382	-0.40556373620345493	-0.59490393601198521	-1.5424114315453052	1	0.38435960126143909	ASN:chr19:49093112-51334271
CGB2	1	1	0.57224297622711795	-2.17281774874523	-0.56571546933233885	-1.5424114315453052	1	0.40901300063029111	ASN:chr19:49093112-51334271
CGB5	1	1	0.61608305257521179	-2.116343479666416	-0.61892865660320973	-1.5424114315453052	1	0.39739882145083161	ASN:chr19:49093112-51334271
CGB7	1	1	0.6489631098362767	-1.2179244827649054	-0.64783402123020639	-1.5424114315453052	1	0.39947942913661999	ASN:chr19:49093112-51334271
CGB8	1	1	0.63800309074924777	-2.0753992213489698	-0.629644547206203	-1.5424114315453052	1	0.40394371754312208	ASN:chr19:49093112-51334271
CGREF1	1	1	0.53206502164126734	-0.075117733495416811	-0.36061059420800545	1.3519888524872592	1	0.0099525492925658984	ASN:chr2:26209579-29456860
CHCHD10	1	0	1.6682448849295533	-1.6520444693618512	-0.10696078716104553	1.5949258813651959	1	-0.59202549546545358	ASN:chr22:23398337-25209349
CHD9	1	0	0.60786303825992904	1.9311634169747895	0.62158785490603208	0.13887730318557678	1	-1.5300144853096769	ASN:chr16:51214363-54450244
CHEK1	1	0	-0.45799881795318764	0.63815549456103149	0.68653297283625769	-0.8113727982236163	0	0.87264114316631458	ASN:chr11:124496119-126773879
CHERP	1	0	-0.21327830007097423	0.076427208825351728	0.22959995364069671	0.60088036988254712	0	0.2926041339657765	ASN:chr19:15648148-16749208
CHGA	1	0	-0.25840000881063913	-0.46393196187888069	0.72796239946314589	-1.4675165657271294	0	0.60747189683267522	ASN:chr14:92916399-94325285
CHMP4C	1	0	-1.4032847608904029	0.14911749110245426	0.49583846145874944	0.081339246334298773	0	0.30538010782731234	ASN:chr8:82016264-83727741
CHRNA10	1	0	0.057177713751623192	-1.0375504466840453	0.77272533463710802	-0.99336676308912741	1	-0.38288203946338328	ASN:chr11:2739889-4466102
CHRNB2	1	0	-1.0169597913914452	-0.46191754225251819	-0.54668977737765023	-1.4970374803542688	0	0.87364600839572826	ASN:chr1:153397055-156616039
CHRND	1	0	1.4094577828645882	-0.56761882180705792	0.360572071915714	-1.5424114315453052	1	0.47378715163114088	ASN:chr2:232191250-233550713
CHRNG	1	0	1.4202760234175054	-0.92887666943607938	0.35161363928463518	-1.4385526828579982	1	0.47916931499667376	ASN:chr2:232191250-233550713
CHUK	1	0	1.276961107890402	0.47441396180995127	0.20779847470745974	0.42813166860987051	1	0.094378713852049087	ASN:chr10:100365649-102471756
CIB3	1	0	-0.35391542725872049	-0.46746992899930223	0.32514969846110464	-1.5424114315453052	0	0.27559557653176114	ASN:chr19:15648148-16749208
CIB4	1	1	0.10976178619434301	0.76368228129939419	-0.098454802262650326	-1.5424114315453052	1	0.054043723774698293	ASN:chr2:26209579-29456860
CIITA	1	0	-1.1875578108246834	0.69490347538434094	0.88397585447473304	-0.20494104501434526	0	1.4073960995974124	ASN:chr16:10868121-12612116
CILP2	1	1	1.2142471712093554	-0.75104043940569398	-0.26809982827408207	-1.3548024460188213	1	0.15039996484678494	ASN:chr19:16749208-20221313
CINP	1	0	-0.31551856982187698	-0.072876655950662339	0.08248653168873836	0.74580303556251748	0	-0.13944076397457633	ASN:chr14:101357468-103390025
CISD2	1	0	-1.7069467548738313	-0.074129335936950105	0.27764617617879245	0.41532180080646014	0	-0.19247352599215831	ASN:chr4:102707193-105305539
CKB	1	0	-0.18399834077757327	-1.4365587381115363	-0.061902693143535269	0.45343510281395133	0	0.39903343933617785	ASN:chr14:103390025-105001894
CKM	1	0	-1.2410111525968444	-0.22938722558769661	-0.63134222482347169	-1.4385526828579982	0	0.79057937701438108	ASN:chr19:45579043-47334409
CKS1B	1	1	-0.72103927604177298	-1.2162479020463126	-0.63814857489914256	0.95250677424026065	0	0.58957375511182419	ASN:chr1:153397055-156616039
CLASRP	1	0	-1.3167388364671762	0.27558619401949874	-0.55590636484447409	0.83642188266082707	0	0.54809683931364261	ASN:chr19:43862455-45579043
CLCNKA	1	0	0.78048333888058041	-0.2967648638065839	0.10694748972091328	-1.3014043576765615	1	0.32905527314580163	ASN:chr1:14893157-17875820
CLCNKB	1	0	0.82432341522867436	-0.38503838846432864	0.10162425406656811	-1.5424114315453052	1	0.27103562009270948	ASN:chr1:14893157-17875820
CLDN23	1	0	-0.16207830260353734	-1.7945379605756113	0.73554362837924936	0.19928012204816672	0	0.22277190648975936	ASN:chr8:7153079-9099581
CLK2	1	0	-1.0279198104784744	-0.27436661322991612	-0.54831289733832389	0.78336985535825332	0	0.57882780612128537	ASN:chr1:153397055-156616039
CLMN	1	1	0.66294072369813728	1.4026029926485248	1.1546382679674676	0.26687142904068867	1	1.2239401439564159	ASN:chr14:94325285-95947052
CLPTM1	1	0	-1.3600117986787785	0.42509674052259211	-0.50762699294829239	1.1586155683531729	0	0.66136390112962107	ASN:chr19:43862455-45579043
CLTCL1	1	0	0.035202040962918207	1.2438138142315853	0.14713353618859504	-0.50160265237970003	1	-0.59235266290036714	ASN:chr22:18557031-19912242
CMAS	1	0	1.3553665801000687	-0.10371566373559787	0.44373693198722702	0.99129508336687	1	0.24577061817024615	ASN:chr12:21757656-24562053
CNGB1	1	0	-0.80828153048068851	1.0521741510074754	0.90381683913691191	-1.4970374803542688	0	-0.40990866837320739	ASN:chr16:56907578-58867358
CNNM1	1	0	1.1543395760081054	0.82590914164992979	0.37999806736754382	-1.2625405033716455	1	0.34052510892539029	ASN:chr10:100365649-102471756
CNOT1	1	0	-0.7758268088219813	1.227749549595027	0.84746193450625451	0.66415159094917364	0	-0.38096245747380525	ASN:chr16:56907578-58867358
CNOT3	1	0	-1.5655583691839612	-0.16640606802689725	-0.67719872069218057	0.49062497630925811	0	-1.4921810159478981	ASN:chr19:52985347-54734184
CNOT6L	1	0	-0.91646393600972753	1.2013415224197199	0.75409424826336491	0.22861299389183048	0	1.2044316580765744	ASN:chr4:77718852-78969420
COL11A2	1	1	1.3552838944158714	0.22323935811666862	-0.20770185537016034	-0.98266957519798592	1	2.8960641573833237	ASN:chr6:32682590-33209310
COL13A1	1	0	0.85772751466649833	1.5280743277625897	1.0770024739134925	-1.1515253769195539	1	-0.83781285830078955	ASN:chr10:71054709-72673145
COL27A1	1	0	0.96483357219002075	1.5018608736301491	0.77986170806660571	0.72491781202550087	1	1.2106928505753558	ASN:chr9:116400502-119530000
COMP	1	1	1.4741260853305194	-0.73932367489832973	-0.74457526056410805	-1.327871224541181	1	0.51520833107566488	ASN:chr19:16749208-20221313
COPE	1	1	1.4308129329769921	-0.088741665235901185	-0.62568935422862815	1.2533854237431963	1	0.57509871862906337	ASN:chr19:16749208-20221313
COQ5	1	0	1.0873638733172597	0.25713090515114373	0.39175167420599505	1.0001087358110112	1	-0.45330575815345819	ASN:chr12:119859279-122015993
COX15	1	0	1.3438455798262121	-0.074433323132734944	0.17369095552494693	0.29495221667459859	1	0.26733480509621976	ASN:chr10:100365649-102471756
COX17	1	0	-0.70063067577863325	0.021393469713924342	0.5587422221213314	1.4113877012554978	0	-1.2613739447332104	ASN:chr3:118903462-120523073
COX6A1	1	0	1.0654438351432018	-1.6394638819388874	0.39792495769169028	1.7801398880417836	1	-0.51771807742851805	ASN:chr12:119859279-122015993
COX7A2L	1	0	-1.1546228957624487	1.0867915323484678	0.87748139376640122	1.2308660920009888	0	2.2798304936292912	ASN:chr2:42336744-44322128
COX8C	1	0	0.29510046737873485	-2.2723960310220246	0.66644666685055132	-1.4970374803542688	1	0.74922104489121844	ASN:chr14:92916399-94325285
CPEB3	1	0	-0.59191671942261059	1.8428045671700517	0.42401370097834096	0.4110279791248429	0	0.32355361108681052	ASN:chr10:92107336-95362627
CPLX4	1	0	0.3201625372255395	0.51385362222351572	0.81849744929261015	-1.5120136015842425	1	-0.62073276816583201	ASN:chr18:54958664-57377707
CPN1	1	0	1.3661404038048155	0.44329382990622768	0.15306825652495759	1.1400087920477864	1	-0.15609469616023469	ASN:chr10:100365649-102471756
CPT1C	1	1	1.0654438351432018	0.017760657981006973	-1.1659781928838437	-0.99336676308912741	1	-0.43663402908111276	ASN:chr19:49093112-51334271
CRAT	1	0	0.15454187872774505	-0.23798729943386945	-0.63190846412816992	1.2182111130700659	1	0.57056972270500661	ASN:chr9:130597604-132047808
CRCP	1	0	-1.3924665203375077	0.44870673248694015	0.21246630686659224	0.76640791205277092	0	-0.086659776715888301	ASN:chr7:63624322-67371495
CRLF1	1	1	1.3874997806234646	0.35797429611046849	-0.79522314687479567	-1.2883401064786222	1	1.0944268839660705	ASN:chr19:16749208-20221313
CROCC	1	0	0.84624345340273233	1.8050726997919075	0.016692150660411766	-0.38895749070245772	1	0.60714174953575117	ASN:chr1:14893157-17875820
CROCCP2	1	0	0.87364350112028266	0.13029744885180386	0.015096707473524203	1.0001087358110112	1	0.44586397067550393	ASN:chr1:14893157-17875820
CRTC1	1	1	1.4091563568002283	1.1433245874139137	-0.60995269745476699	-0.34611637760602121	1	0.52432176012660248	ASN:chr19:16749208-20221313
CRX	1	1	0.33112255631256848	0.052405503321732633	-0.25512214393985533	-1.4675165657271294	1	-0.43829567523887814	ASN:chr19:47334409-49093112
CRYBB2	1	0	1.6134447894944304	-0.45553153123005757	-0.052359120792406302	-1.3014043576765615	1	0.8238550814410045	ASN:chr22:25209349-26524344
CRYBB3	1	0	1.6353648276684885	-0.8379538295485387	-0.062318751223965296	-0.83056105120184698	1	0.81062786713056334	ASN:chr22:25209349-26524344
CSF2RB	1	0	-1.331533297605753	0.14169051728251542	0.12621062169613487	-0.2772689532940576	0	1.8875163518865481	ASN:chr22:36453608-37977990
CSF3	1	0	-0.25698595273664765	-1.6998069809524905	-0.61836638002609789	-1.3822146075020518	0	-0.38805718820579715	ASN:chr17:36495389-38649589
CSNK2A2	1	0	-0.78664504937487634	0.44965009004940798	0.85583564256119637	0.49062497630925811	0	-0.49804029563855035	ASN:chr16:56907578-58867358
CTBS	1	0	-1.7170137369246026	0.083672585557597115	0.54800712812091057	0.72140914706869153	0	1.3093488472906925	ASN:chr1:83991644-86012417
CTDSPL	1	0	-1.1220105065149104	1.3111237529671271	0.25745771516903904	0.4110279791248429	0	-0.51583546287404869	ASN:chr3:35283408-38353505
CTRC	1	0	0.55032293805305998	-0.55844231388335441	0.59699674973629779	-1.327871224541181	1	0.39650765932381815	ASN:chr1:14893157-17875820
CUBN	1	0	1.377003061205881	2.0155389987191583	0.73500314228109076	-1.2883401064786222	1	-0.88394652176047706	ASN:chr10:16679279-18537267
CUTA	1	1	1.1821542463995034	-1.9062671263617588	0.004692615272767554	1.4091451292711226	1	2.7743498659147079	ASN:chr6:33209310-35757007
CUTC	1	0	1.3772878157941171	0.67437235514956995	0.13894204926293702	0.73539594315561607	1	0.22488325200286666	ASN:chr10:100365649-102471756
CUX2	1	1	0.53318029807938139	2.0419210881897447	-0.78473583004097425	0.50686894006456717	1	2.2179126530745732	ASN:chr12:109270450-113028429
CWC15	1	0	-0.038433506846977161	-0.54522961864898645	0.36849882704683151	1.0434335377430501	1	-0.95691733389292688	ASN:chr11:92731401-94987750
CWC25	1	0	-0.57078343976632973	0.089008432174272914	-0.8722836897611892	0.57791175806387796	0	-0.65369585142202002	ASN:chr17:36495389-38649589
CWF19L1	1	0	1.2546662839118206	0.35495577188323141	0.21246630686659224	0.15927680938315789	1	0.11798586102114451	ASN:chr10:100365649-102471756
CXCL13	1	0	-0.93810041711553971	1.1554507295214433	0.81798069259001838	-0.58157074596391278	0	0.71193339070773132	ASN:chr4:77718852-78969420
CXCR5	1	0	0.44635324232987889	-0.35699476340750552	0.2727932551023492	-1.1998770986860694	1	0.1923336871668361	ASN:chr11:117901740-118900987
CXXC4	1	0	-1.0247969229438463	0.13500233583939647	0.30308773613625917	-1.3822146075020518	0	0.57736764208383362	ASN:chr4:105305539-107501341
CYP21A2	1	1	0.98754640130134952	-1.4471098936025231	-5.955616660783444	0.032603716527207366	1	2.2529757331863292	ASN:chr6:31571894-32682590
CYP26A1	1	0	-0.62437144108131792	-1.2471739031494358	0.44753013610343534	0.49062497630925811	0	-0.82868322553406104	ASN:chr10:92107336-95362627
CYP26C1	1	0	-0.63518968163423495	-0.84619458857853291	0.45194572232965574	-1.5424114315453052	0	-0.82424062552891253	ASN:chr10:92107336-95362627
CYP4F11	1	0	-0.47291607334067653	0.0064503457304584079	0.41246415115440083	1.0491188785023953	0	-0.34241680979476385	ASN:chr19:15648148-16749208
CYP4F12	1	0	-0.6460079221871301	0.069396814849877031	0.61496601951183272	1.16652137252489	0	-0.084042047292500519	ASN:chr19:15648148-16749208
CYP4F2	1	0	-0.51618903555227891	-0.080500102354823175	0.45131556990874006	1.3956204580786438	0	-0.26577018015475645	ASN:chr19:15648148-16749208
CYP4F22	1	0	-0.59191671942261059	0.51969045822791993	0.55814746126765602	-0.19853168183936099	0	-0.22333483447855165	ASN:chr19:12500149-15648148
CYP4F3	1	0	-0.63518968163423495	-0.013374046510223262	0.60803088596869048	1.3426430686702471	0	-0.01077623920963448	ASN:chr19:15648148-16749208
CYP4F8	1	0	-0.62437144108131792	-0.28448508477575674	0.58765346824152775	-1.5120136015842425	0	-0.085833062013161279	ASN:chr19:15648148-16749208
CYP7A1	1	0	0.077276921929208542	-0.6133783582426664	0.45823545595948123	0.58943902312423935	1	-0.20353292932068406	ASN:chr8:59047312-60470380
CYTH2	1	1	-0.03055807355923364	-0.39933687924184347	0.0062970624813742894	0.419603645285127	1	0.22009895912436583	ASN:chr19:47334409-49093112
CYTH4	1	0	-1.5763766097368563	0.30859038953448786	-0.0057703854294057439	0.12339777452962181	0	1.9049174730341853	ASN:chr22:36453608-37977990
DAG1	1	0	-1.5334603382449454	0.84538236767454522	-1.0745220506954136	0.81674160988583244	0	0.19345250332319006	ASN:chr3:47793553-51831792
DALRD3	1	0	-1.5929671573089517	-0.9141443000768168	-1.057331955047448	0.86227580328697162	0	0.040850455782346327	ASN:chr3:47793553-51831792
DAP3	1	0	-0.699119237867737	0.63719093330982912	-0.64213055387413831	1.074445506640205	0	-0.27930476096542556	ASN:chr1:153397055-156616039
DAPP1	1	0	0.59808974139679605	0.67069933312667385	0.8941709688380598	-0.50941457891017539	1	2.2068077730636193	ASN:chr4:99040831-101711689
DAXX	1	1	1.2146160554025791	-0.56495497982802478	-0.079038358215104895	0.64949715745401293	1	2.7942124494623797	ASN:chr6:33209310-35757007
DBH	1	1	1.7120849612776472	0.022835109221282852	0.065479809251513782	0.76640791205277092	1	-0.99786234851070421	ASN:chr9:134722557-136612240
DBP	1	1	0.13384221274613498	-0.84878802080159554	-0.1090934151604986	0.22861299389183048	1	0.2368667941088041	ASN:chr19:49093112-51334271
DCAF6	1	0	-1.7386502180304149	1.4142001760278344	0.58384422477207343	1.0938591018947177	0	-0.7760274993776386	ASN:chr1:164954020-168175845
DCDC2	1	1	0.1557622509201709	1.6338209128539178	1.3160206897468061	-0.029142972544210624	1	-0.10969583659090505	ASN:chr6:23199920-24397129
DCLK3	1	0	-1.19773819038522	0.15922801501020814	0.4227339765806426	-1.5120136015842425	0	0.28916717461492658	ASN:chr3:35283408-38353505
DCPS	1	0	-0.56759900882343339	0.48690685810514611	0.78539322970601011	0.92814054437850002	0	-2.487355829173723	ASN:chr11:124496119-126773879
DCST1	1	1	-0.80871942873798275	-0.20455374241109975	-0.62907900107893666	-1.0480002963675215	0	0.56283280388544299	ASN:chr1:153397055-156616039
DCST2	1	1	-0.79775940965095382	-0.29241435887896783	-0.63134222482347169	-0.77370120825070487	0	0.57364168754723122	ASN:chr1:153397055-156616039
DDA1	1	0	-0.78664504937487634	-0.37083303879693202	-0.90481836740576727	0.14400265101987489	0	1.5242870495002898	ASN:chr19:16749208-20221313
DDI2	1	0	0.60512303348818286	0.64460499246811687	0.47728797651895966	0.28097603287098549	1	0.57315628117067541	ASN:chr1:14893157-17875820
DDIT4L	1	0	0.72790862803164713	-1.165065265999824	0.73770399332666226	-1.3684473380869764	1	2.1779663339947679	ASN:chr4:99040831-101711689
DDOST	1	0	0.95584364427295598	-0.6389009040294148	0.57266427754496063	1.2003170190967736	1	1.0528980220273991	ASN:chr1:20304720-22145806
DDR1	1	1	1.041562013979574	0.04758774128234345	-7.628764116695737	0.12339777452962181	1	1.3171524952585361	ASN:chr6:30458591-31054923
DDR2	1	0	-1.305920595914259	1.497315047533986	0.87723115042436806	-0.62317329903326701	0	-0.73421962267877172	ASN:chr1:159953315-162888864
DDT	1	0	1.4490445031890617	-0.6899237741106814	0.081331941237916913	1.6476950324881818	1	-0.46214700544905818	ASN:chr22:23398337-25209349
DDX17	1	0	-1.4797140918523222	0.06316032622921175	-0.2783609053815399	1.4269946356254941	0	-0.88658716825582373	ASN:chr22:37977990-40527060
DDX21	1	0	1.041637604065869	0.20036317176290513	0.86391952457191712	0.75614004600760676	1	-0.075228563055715778	ASN:chr10:68757629-71054709
DDX24	1	1	0.79276669651676157	0.23621936395828771	0.88272869106340379	1.1130302373421537	1	1.1492858857541406	ASN:chr14:94325285-95947052
DDX25	1	0	-0.55663898973640435	-0.088586805422098236	0.76556129481887736	-1.2371673595673942	0	0.38879734107050434	ASN:chr11:124496119-126773879
DDX31	1	1	1.3613643504928741	0.9576375096941826	0.25640746111609042	-0.034881447452529551	1	-1.3967581573111918	ASN:chr9:134722557-136612240
DDX49	1	1	1.4199846448886211	-0.70305392364170549	-0.60939314500342812	0.66050107733744023	1	0.55288882505687631	ASN:chr19:16749208-20221313
DDX50	1	0	1.0524558446187642	0.54975077430604613	0.86240648795101538	0.51894009204864411	1	-0.15553889269753232	ASN:chr10:68757629-71054709
DDX54	1	0	-0.8840092143510202	0.18314989414426913	0.097812532507928263	0.51492691263787738	0	0.84171904467297165	ASN:chr12:113028429-114181109
DDX6	1	0	0.45717384533091154	0.48372896203153787	0.31364245495440035	0.71436766568342425	1	0.10983394032556072	ASN:chr11:117901740-118900987
DEDD	1	0	-0.97055513877424693	-0.49604601572975404	0.37310711361563326	0.70374450736719441	0	-0.040026136393683458	ASN:chr1:159953315-162888864
DERL3	1	0	1.5586446940593075	-1.2114063635296874	-0.0021418694587621405	-0.17946261363158367	1	-0.50957321512357023	ASN:chr22:23398337-25209349
DEXI	1	0	-1.1659166048226401	-0.38287945771997356	0.84160319295280472	0.8686718135833309	0	1.4163219278809225	ASN:chr16:10868121-12612116
DGCR6	1	0	0.046162060049925173	-0.76965976688625881	0.13408450214608605	0.61223706965056268	1	-0.61906922553227584	ASN:chr22:18557031-19912242
DGKD	1	0	1.6258225939226663	1.2796195501462899	0.74846809515554724	0.09724654153901223	1	1.3996769586466109	ASN:chr2:233550713-234883167
DGKG	1	0	-0.26922829689903194	1.8802299910436224	0.53931383011307199	-1.0480002963675215	0	-0.48827372582248096	ASN:chr3:184112682-186230742
DHDH	1	1	0.4626427853568722	-0.52463175685785035	-0.43851346313975048	-1.2371673595673942	1	0.64894397524503755	ASN:chr19:49093112-51334271
DICER1	1	1	0.67375955476635052	0.89958529070731408	1.0926591321988195	0.48243807556837204	1	1.2628961436543693	ASN:chr14:94325285-95947052
DIO2	1	0	-1.4603399866210989	1.6498970305523841	0.38196220072137266	-1.5271372731820223	0	-0.61607915616474185	ASN:chr14:78561980-81000021
DIRAS3	1	0	1.0631276133882324	-1.054737304798911	0.51511810694632754	0.14400265101987489	1	-0.70522837282725281	ASN:chr1:68477862-69687902
DIS3L2	1	0	1.160638250147803	2.1888849512719109	0.7039311560872169	0.070642058443157407	1	0.51756112287183154	ASN:chr2:232191250-233550713
DKKL1	1	1	1.2517641596226283	-0.39638656841055209	-1.3595004130675126	-1.3961064692836005	1	-0.022858157298069805	ASN:chr19:49093112-51334271
DLEC1	1	0	-1.1544652281736176	1.0280757067884403	0.27418110492832271	-0.47074653304359965	0	0.1338982640647137	ASN:chr3:35283408-38353505
DLG5	1	0	-0.51279891338831052	1.3905847539137328	0.50167417098279621	-0.31820578596976723	0	-0.27431251356494718	ASN:chr10:79466701-80464093
DMC1	1	0	-1.5229965038564306	0.64150697770724885	-0.21537052822342712	-1.4101251991383059	0	-0.88943787281524278	ASN:chr22:37977990-40527060
DMP1	1	1	0.64130306156171091	-0.35584359392419451	0.53931383011307199	-1.5424114315453052	1	-1.0790653464289306	ASN:chr4:87214993-89236855
DMPK	1	0	-0.98137337932714208	-0.42569106202599216	-1.2196783339426338	0.22861299389183048	0	-0.5741272291225239	ASN:chr19:45579043-47334409
DMWD	1	0	-0.98137337932714208	-0.62907428415746802	-1.2196783339426338	-0.13586827715378455	0	-0.5741272291225239	ASN:chr19:45579043-47334409
DNA2	1	0	1.1173652879361786	0.73622485599549525	0.69870131463237162	-0.48609706346840675	1	-0.29332060107640889	ASN:chr10:68757629-71054709
DNAH12	1	0	0.25190604370388892	1.6974380865327885	0.81176831428438212	-1.2371673595673942	1	-0.40305021843565186	ASN:chr3:56847831-59704331
DNAJB14	1	0	0.60890798194971307	0.62851607463719728	0.89168953707479959	0.081339246334298773	1	2.2036843598732947	ASN:chr4:99040831-101711689
DNAJC16	1	0	0.58320299531412489	0.82985278383550154	0.55129391717087528	0.32707680237592568	1	0.42248299781059928	ASN:chr1:14893157-17875820
DNAJC5G	1	1	0.42378214075744902	-1.001113935459246	-0.29905558999817922	-1.5424114315453052	1	-0.2271364596196756	ASN:chr2:26209579-29456860
DNAJC6	1	0	-0.77596380837483292	1.5526305239844425	0.56882397795589901	-1.3014043576765615	0	-1.0763664130757904	ASN:chr1:65041376-66774011
DNAL4	1	0	-1.5013552978543874	-0.2710721913014818	-0.20590207733023075	-0.012055149518268044	0	-0.62907643938230706	ASN:chr22:37977990-40527060
DNASE1L3	1	0	0.43581613310323758	0.0043946668043912196	0.27383424017715419	1.4771852128346781	1	-0.90050186905722607	ASN:chr3:56847831-59704331
DNASE2B	1	0	-1.6737407747130002	-0.23297448742578911	0.51420457543406195	-1.327871224541181	0	1.3009839021353842	ASN:chr1:83991644-86012417
DNMBP	1	0	1.1989292239653122	1.3821099515435196	0.23244018006944805	0.22861299389183048	1	-0.017915251270453996	ASN:chr10:100365649-102471756
DOLK	1	0	0.25190604370388892	-1.8231023823859343	-0.69762440424638816	0.17940877335280311	1	0.49602110874410971	ASN:chr9:130597604-132047808
DOLPP1	1	0	0.067995954304518283	-0.67055666261351643	-0.6200537232780986	0.4783281929250992	1	0.54172702189280042	ASN:chr9:130597604-132047808
DPAGT1	1	0	0.18665877030531591	-0.48859038882329531	0.3105843872145187	0.68946496020657122	1	0.94590908033556531	ASN:chr11:118900987-120771784
DPM3	1	1	-0.84159948599904766	-2.6597536072945527	-0.62117947534241347	1.0405829515008636	0	0.56042193148232067	ASN:chr1:153397055-156616039
DPYSL5	1	1	0.2613578194317106	1.1746184275539475	-0.19872044300514544	-1.5424114315453052	1	0.20437388497647815	ASN:chr2:26209579-29456860
DROSHA	1	0	-1.2800002494800307	1.3668126162655883	0.79588387358546209	0.14400265101987489	0	-0.09989565840953539	ASN:chr5:31391126-33500818
DSPP	1	1	0.63048423049347579	-0.75379101597102816	0.54141595980997492	-1.5424114315453052	1	-1.0332676928653155	ASN:chr4:87214993-89236855
DTX1	1	0	-0.86237273324520802	0.47437669816377281	-0.0057703854294057439	0.72841847545893146	0	0.80113091633801448	ASN:chr12:113028429-114181109
DUSP10	1	1	0.57645326029100585	0.46373904489427042	0.24446267684239445	0.8971285754813455	1	1.3158463172653441	ASN:chr1:221151629-223654495
DUSP12	1	0	-1.19773819038522	-0.84134246103275667	0.58384422477207343	0.34961818026662567	0	-0.75614563450469574	ASN:chr1:159953315-162888864
DYNC2LI1	1	0	-1.0788910782849344	0.36766610459819954	0.70503029185578503	0.29495221667459859	0	0.7789990323295084	ASN:chr2:42336744-44322128
DYNLL1	1	0	1.0435237969691658	0.19228859038034671	0.40116578973319172	1.5257865549367768	1	-0.47056443904532325	ASN:chr12:119859279-122015993
ECE1	1	0	0.73664326253248658	1.3464239305791399	0.78460402535644391	0.86547713969292384	1	1.036785774997649	ASN:chr1:20304720-22145806
ECEL1	1	0	1.3878213017587762	-0.7895098866847845	0.39175167420599505	-1.3822146075020518	1	0.42698996413805335	ASN:chr2:232191250-233550713
ECT2	1	0	-1.721692717231246	0.88889346380885992	0.28317681092868202	-0.72787570822561765	0	0.042773976612134688	ASN:chr3:172048457-175051223
EFCAB6	1	1	1.5176401883936272	1.9573279525832792	0.96639025366823095	-1.1396717253508322	1	2.6190660830379433	ASN:chr22:42690818-44994946
EFHD2	1	0	0.52840289987900202	-0.067170554790486836	0.60716216137864554	0.76981532799192598	1	0.39057457821604263	ASN:chr1:14893157-17875820
EFNA1	1	1	-0.87447954326011268	-0.84993190446970557	-0.61892865660320973	1.4836124668174118	0	0.55528958048098753	ASN:chr1:153397055-156616039
EFNA3	1	1	-0.67719919969367914	0.049369622099428516	-0.64498008713950983	-0.99336676308912741	0	0.56106451178279204	ASN:chr1:153397055-156616039
EFNA4	1	1	-0.68815921878070807	-1.0342379660481313	-0.64326983994994469	-0.21137728190805274	0	0.56363715484343491	ASN:chr1:153397055-156616039
EGFL8	1	1	1.6744916829460808	-1.3835759109296493	-3.2764850558417757	0.40672211304685968	1	3.4563001557183894	ASN:chr6:31571894-32682590
EGR2	1	0	0.78048333888058041	1.2133933642654737	0.43961882186885742	0.09724654153901223	1	1.1826042030182942	ASN:chr10:64198067-66313715
EHD2	1	1	0.21056234635529378	0.22254193946615433	-0.29480369048514349	0.054455192281274593	1	-0.4296983071542671	ASN:chr19:47334409-49093112
EI24	1	0	-0.40319872251806477	-0.28229139304963863	0.61871171120258239	1.3888131730856661	0	1.0197831309131216	ASN:chr11:124496119-126773879
EIF3D	1	0	-1.3538281215843564	-0.14067273802004995	0.20275835714897134	1.1691476182472438	0	1.8551024422273299	ASN:chr22:36453608-37977990
EIF3L	1	0	-1.4790124447607345	0.45970460158642579	-0.38720694500638847	1.4046501326469263	0	1.9406552351387298	ASN:chr22:37977990-40527060
EIF4A2	1	0	-0.22591514454550463	-0.9266890024181702	0.55487285041950796	1.574912035273156	0	0.2179898486952043	ASN:chr3:186230742-188951597
EIF4E	1	0	0.67381742526712773	0.74800236815771237	0.81772226003852688	0.60467527972704138	1	2.1439456749404564	ASN:chr4:99040831-101711689
EIF4E2	1	0	1.4419125045232954	0.3149881123123105	0.3691578577087456	1.099361044165829	1	0.48672777472548906	ASN:chr2:232191250-233550713
EIF4G3	1	0	0.67088314801033466	2.1629492662103713	0.92807874506448929	0.4742072770265966	1	0.89413693262458716	ASN:chr1:20304720-22145806
EIF5	1	0	-0.26071847438675411	-0.51151261648921098	0.0062970624813742894	1.2558673001937726	0	-0.41783479639120813	ASN:chr14:103390025-105001894
ELFN2	1	0	-1.5655583691839612	0.75517744676746035	-0.068988451968384795	-1.4101251991383059	0	1.9134105932929804	ASN:chr22:36453608-37977990
ELL	1	1	1.4310777295416037	0.97785878120936998	-0.85175813940925449	0.24307187866002822	1	1.0709919352959645	ASN:chr19:16749208-20221313
ELSPBP1	1	1	0.22152236544232276	0.24069979694324967	-0.18310724970847178	-1.5424114315453052	1	-0.15748441619356901	ASN:chr19:47334409-49093112
EMCN	1	0	0.74954510913745942	2.3701128122090984	0.70887212682880385	-0.30443851655469145	1	2.1564123825509371	ASN:chr4:101711689-102707193
EMILIN1	1	1	0.59703475017155827	-0.80555076213769561	-0.38175803567820821	0.46593210738885804	1	0.1043113961995865	ASN:chr2:26209579-29456860
EML2	1	0	-1.089555784856181	0.42266952093636539	-1.0623292359352718	0.27158737821932971	0	1.2132679763233847	ASN:chr19:45579043-47334409
EMP3	1	1	0.057122079136954149	-0.6951830392550854	-0.057747256365658639	0.79010249882777717	1	0.20465423562088528	ASN:chr19:47334409-49093112
ENDOD1	1	0	-0.17220245071855342	0.50211738893890412	0.43231037712667658	-0.063900085721273411	0	-0.28744997756741947	ASN:chr11:92731401-94987750
ENDOG	1	0	0.3492702086800108	-1.2850506221206832	-1.042420688323769	1.0117821019546285	1	0.71228717190899604	ASN:chr9:130597604-132047808
ENTHD1	1	0	-1.6203819308656362	1.4711786602586876	-0.081138985878414588	-1.5424114315453052	0	-0.70628494659878127	ASN:chr22:37977990-40527060
ENTPD7	1	0	1.2992559318690053	0.56918556784171415	0.19191159176821593	-0.1420207513230172	1	0.28601962744843595	ASN:chr10:100365649-102471756
EPHA2	1	0	0.75856330070652245	0.27157157779662949	0.12583483685367758	0.77999242770249122	1	0.24860127474827132	ASN:chr1:14893157-17875820
EPHX3	1	0	-0.44046135168196926	-0.94754996467170138	0.39077505727684592	-1.2371673595673942	0	-0.33326061225978892	ASN:chr19:12500149-15648148
EPM2AIP1	1	0	-1.1652834687265128	-0.84567694883488753	0.35526861512700719	0.35854285802399921	0	0.36404160150956044	ASN:chr3:35283408-38353505
EPS15L1	1	0	-0.29982422449422302	1.2746871691231625	0.26931906352361351	0.027091896421117274	0	0.29289070276556051	ASN:chr19:15648148-16749208
ERBB2	1	0	-0.18124173172948529	0.49629015666616233	-0.73377217841115405	0.77660755257067671	0	-0.46979784757803711	ASN:chr17:36495389-38649589
ERC1	1	0	-1.192320096783843	2.4022109603850672	0.85811281100268222	-0.13586827715378455	0	-0.15734543054684025	ASN:chr12:61107-1739022
ERCC1	1	0	-1.1652834687265128	0.8965009943103075	-0.74216911184339729	0.79010249882777717	0	0.83722803282057234	ASN:chr19:45579043-47334409
ERCC2	1	0	-1.19773819038522	-0.04370012050435812	-0.69235048355619011	0.10776055695994285	0	0.82945752147106167	ASN:chr19:45579043-47334409
ERLIN1	1	0	1.2881085198797038	0.41475798762918675	0.19878859846564775	1.1506688366263549	1	0.086246411996308212	ASN:chr10:100365649-102471756
ERP29	1	1	0.5872715008439009	-0.60750745202584533	-0.90285004985085593	1.496386800596238	1	2.0313111677877442	ASN:chr12:109270450-113028429
ETS1	1	0	-1.1679762082347787	1.3496585472765015	0.62818604634489839	0.78336985535825332	0	-0.27773502459100691	ASN:chr11:128188777-130049774
EXOC3L2	1	0	-1.2734658742555516	-0.02533298732664363	-0.58162937220776245	-0.25720278193313983	0	0.74269388671006809	ASN:chr19:45579043-47334409
EXOC3L4	1	0	-0.29359853164781902	-0.58652834574358104	0.038490946626266322	0.94037200551109967	0	-0.47932329449227257	ASN:chr14:103390025-105001894
EXOC6	1	0	-0.73255384661035683	1.7904067515402513	0.62417256239212238	0.23826736691223324	0	-0.71512063926783598	ASN:chr10:92107336-95362627
F11R	1	0	-1.0138281009858714	0.46850382109846694	0.37770393677317271	1.1238786234851077	0	-0.2306594110236857	ASN:chr1:159953315-162888864
FABP4	1	0	-1.3167388364671762	-1.1757955520551089	0.33557950869710079	0.17940877335280311	0	0.87767432451745087	ASN:chr8:82016264-83727741
FABP5	1	0	-1.2734658742555516	-1.2473482629195656	0.24833562129534301	0.54280130177539077	0	1.0989353274483458	ASN:chr8:82016264-83727741
FAM107A	1	0	0.3492702086800108	0.80511858774484135	0.39142619257478367	-0.42559503533462567	1	-1.3956666687132748	ASN:chr3:56847831-59704331
FAM110B	1	0	0.012307193398917575	1.725186531505172	0.84109285824742697	-0.35317404636178301	1	0.19597072753869563	ASN:chr8:57212083-59047312
FAM118B	1	0	-0.57855902791046232	0.64502309204836494	0.78644497814443248	0.027091896421117274	0	-2.4695890512062162	ASN:chr11:124496119-126773879
FAM131C	1	0	0.8024033770546164	-0.26263032556447613	0.10504809397714154	-1.482206058210068	1	0.27060841444183853	ASN:chr1:14893157-17875820
FAM163B	1	1	1.6572848658425243	-0.86644623847843738	0.09399293223025014	-0.19853168183936099	1	-0.98819764808333554	ASN:chr9:134722557-136612240
FAM181A	1	1	0.91177383826715075	-0.56473939605985801	0.83162615531635231	-1.5424114315453052	1	1.1743573603986719	ASN:chr14:94325285-95947052
FAM20A	1	0	0.67283276679024207	0.83814476576671415	0.22817820172872999	0.88138443489763763	1	0.82250664032496301	ASN:chr17:64800166-67858770
FAM32A	1	0	-0.3430971867058254	-0.93003057487049579	0.29315909034577758	1.16652137252489	0	0.29403721878754346	ASN:chr19:15648148-16749208
FAM3D	1	0	0.37090668978582297	0.29901000521152049	0.37343583761479526	-1.2883401064786222	1	-1.4884302691219524	ASN:chr3:56847831-59704331
FAM43B	1	0	0.29824249905150357	-1.6606466321691034	0.53690846438923312	-1.2246363491606882	1	1.1458384719231947	ASN:chr1:20304720-22145806
FAM83E	1	1	0.068082098223983131	-0.35639155520121973	-0.068153421698223998	-1.3548024460188213	1	0.20942267725788494	ASN:chr19:49093112-51334271
FAM83F	1	0	-1.5121759008553981	0.59901028728330652	-0.27135854021440936	-0.25720278193313983	0	-0.56058255485429909	ASN:chr22:37977990-40527060
FBLIM1	1	0	0.65992312892330574	0.22759038746905608	0.33490839121871341	0.032603716527207366	1	0.47133130714550703	ASN:chr1:14893157-17875820
FBXO33	1	0	-1.5902794436816809	0.34287243776777382	0.70969433905879697	-0.11150204729202418	0	0.87626279658972639	ASN:chr14:35858508-40256601
FBXO42	1	0	0.70924321481491415	1.1968859896808268	0.17295837991320084	0.21401662162793145	1	0.33340572869752888	ASN:chr1:14893157-17875820
FBXO46	1	0	-0.93810041711553971	-0.073711549430117887	-1.2321748952190181	0.13887730318557678	0	-0.59284353297796832	ASN:chr19:45579043-47334409
FCER1A	1	0	-1.0030098604329543	-0.14382716060594861	0.55069675382542305	-0.339091009506784	0	0.36374825988587045	ASN:chr1:157982579-159953315
FCER1G	1	0	-1.0354645820916615	-1.0829474748280061	0.39012369246346651	1.3214046633842549	0	-0.012423641536876228	ASN:chr1:159953315-162888864
FCGR2A	1	0	-1.1761017092794299	-0.14079700998960648	0.5756129329598485	0.35408700511211993	0	-0.76641693652434362	ASN:chr1:159953315-162888864
FCGR2B	1	0	-1.1436469876207005	1.1340950638287635	0.55009939744187142	0.64581158485450141	0	-0.79546729073051758	ASN:chr1:159953315-162888864
FCGR3A	1	0	-1.1544652281736176	1.0682873780236977	0.55248766524625526	1.2131197642889209	0	-0.80435173630184376	ASN:chr1:159953315-162888864
FCGR3B	1	0	-1.1220105065149104	-0.71912908909081441	0.5163354468825947	-0.42559503533462567	0	-0.82173677364520004	ASN:chr1:159953315-162888864
FCGRT	1	1	1.1750440260134476	-0.10304480823559219	-1.2741839372764125	1.6107511787466333	1	0.55785391917362803	ASN:chr19:49093112-51334271
FCHO1	1	0	-0.63518968163423495	0.46558819006655833	-1.04171362041523	-0.39621537774727372	0	1.3468162169650388	ASN:chr19:16749208-20221313
FCHO2	1	0	-1.4032847608904029	1.3832495261181867	0.40601640575591708	0.42813166860987051	0	-0.15567783905200203	ASN:chr5:71419711-73759199
FCRL1	1	0	-1.2842841148084687	0.10888205218324164	0.73013164045346146	-1.1396717253508322	0	0.48070962203769274	ASN:chr1:156616039-157982579
FCRL2	1	0	-1.257238513426209	0.26301327737663516	0.72416008956932421	-1.0817388028381392	0	0.56847095189077601	ASN:chr1:156616039-157982579
FCRLA	1	0	-1.1869199498323248	-0.85170307441648285	0.58355088054470672	-1.1162355411099409	0	-0.76955102654662511	ASN:chr1:159953315-162888864
FCRLB	1	0	-1.2085564309381371	-0.94002621019162513	0.58736072812900852	-0.92000617051240963	0	-0.75541502636046931	ASN:chr1:159953315-162888864
FDPS	1	0	-1.0936799250006042	-0.48275494733072605	-0.53214549800552036	1.3519888524872592	0	0.55593032224980532	ASN:chr1:153397055-156616039
FECH	1	0	0.35304259448662645	0.41975472109516854	0.66812888995846098	0.016008525164763355	1	0.67906373257120412	ASN:chr18:54958664-57377707
FETUB	1	0	-0.12846055175005719	-0.20158918524315628	0.47043920132072292	1.4642494038363751	0	0.33848925428055371	ASN:chr3:186230742-188951597
FEZ1	1	0	-0.42511876069212268	0.62987227190602513	0.64301741809315727	0.3133913603150254	0	0.99808821820749583	ASN:chr11:124496119-126773879
FGF21	1	1	0.3201625372255395	-1.6056828385099671	-0.24361144298413953	0.44924672299778623	1	0.25200069611667852	ASN:chr19:49093112-51334271
FHAD1	1	0	0.50648286170496604	1.4822875522215297	0.6790261705438011	-1.3412777748263425	1	0.39873615689664799	ASN:chr1:14893157-17875820
FKBP8	1	1	1.4202588984733906	-0.45684197505575674	-0.8264177086383272	1.3142593894264956	1	1.0688021794250584	ASN:chr19:16749208-20221313
FKBPL	1	1	1.7015431904486293	-2.0360370682440387	-3.3317945911685052	-0.25057192820870744	1	3.6388835622139935	ASN:chr6:31571894-32682590
FLAD1	1	1	-0.73747930467231648	-0.6355063761867682	-0.63758042056525122	0.64949715745401293	0	0.58321573003638494	ASN:chr1:153397055-156616039
FLI1	1	0	-1.3520571057372588	1.3372150606199396	0.67456326251754961	0.10776055695994285	0	-0.15526100899412959	ASN:chr11:128188777-130049774
FLNB	1	0	0.32763372757419862	1.5350028820500257	0.47293260288832151	0.90649812797021612	1	-0.7986735335142241	ASN:chr3:56847831-59704331
FLNC	1	0	0.72768892035650712	0.19908544147299392	0.2052801342622208	-1.1279089072535582	1	0.73170555962843986	ASN:chr7:126869221-129589868
FLT3LG	1	1	1.2298441214485702	-0.47593834169477128	-1.3328271928220712	0.075999970515501863	1	0.24959247417396044	ASN:chr19:49093112-51334271
FNBP1	1	0	-0.38637014891744975	1.4972163556442331	0.03730852878294226	0.419603645285127	0	2.5188353474990048	ASN:chr9:132047808-133641809
FNDC3B	1	0	-1.7328401292205478	2.1453382725499832	0.61323467464150139	0.63098016271030077	0	0.0029514012127844396	ASN:chr3:168270619-172048457
FNDC4	1	1	0.27218610752008143	-1.4568914047484871	-0.25697052814640292	1.1559712261828132	1	-0.29088522477294437	ASN:chr2:26209579-29456860
FOSB	1	0	-1.1436469876207005	-0.87242347513693208	-0.96215387865753788	0.91581083752598547	0	0.90235659620104181	ASN:chr19:45579043-47334409
FOSL2	1	1	0.03396376957568123	0.083363021596161532	0.22426273430590563	0.57791175806387796	1	-1.4643451325531769	ASN:chr2:26209579-29456860
FOXA3	1	0	-0.91646393600972753	-0.63275439504480002	-1.2614010279798777	1.153322320865807	0	-0.20157125801526837	ASN:chr19:45579043-47334409
FOXB1	1	0	-0.44703879886615866	0.72889687150486671	0.49337579648468005	-1.5424114315453052	0	-0.43240980573844773	ASN:chr15:59909705-61292486
FOXD1	1	0	-1.414103001443298	-1.3835759109296493	0.44847722177706945	-1.5271372731820223	0	0.25795672360211391	ASN:chr5:71419711-73759199
FOXR1	1	0	0.25158238831146768	-0.65053948682635054	0.29727396743613554	-1.5424114315453052	1	0.33994329250663513	ASN:chr11:117901740-118900987
FOXRED1	1	0	-0.49087887521427453	-0.6924640939310448	0.75007731611915018	0.94948206340882169	0	-2.5059442813129009	ASN:chr11:124496119-126773879
FOXRED2	1	0	-1.3761229455629376	-0.087658300109491591	0.21031338783888992	-0.10547044719272196	0	1.8520425351325775	ASN:chr22:36453608-37977990
FRA10AC1	1	0	-0.58109847886971555	0.3397274217500178	0.41792710153059126	0.23826736691223324	0	-0.70171212877717459	ASN:chr10:95362627-97064851
FRAS1	1	0	-0.97055513877424693	2.3731464387806134	0.90011284520001356	-1.0369169251111676	0	1.2326967158928706	ASN:chr4:78969420-80322665
FSTL1	1	0	-0.65734826377452471	0.7480937763574893	0.57354936830495773	0.84292630023306081	0	0.084868635624947397	ASN:chr3:118903462-120523073
FUBP3	1	0	-0.45127959223486436	0.75364925314774012	0.12883897806628508	0.81674160988583244	0	2.4873558291737257	ASN:chr9:132047808-133641809
FUT1	1	1	0.30920251813853256	-0.85180738788615273	-0.23125989487699761	-1.0259130052277403	1	0.25937616724543311	ASN:chr19:49093112-51334271
FUT2	1	1	0.23248238452935174	-0.61944864862326665	-0.1880000535105962	-1.4101251991383059	1	0.25115056925792872	ASN:chr19:49093112-51334271
FUT4	1	0	0.0061561411102295923	-1.0051773356184452	0.3210964956887955	-0.64868702072582451	1	-1.041260518896427	ASN:chr11:92731401-94987750
FXYD2	1	0	-0.61406585177043826	0.17078452128735835	0.59874336797258876	0.78673986823822695	0	-1.6242315652753665	ASN:chr11:116383543-117901740
FXYD6	1	0	-0.0081120837131173091	0.45911566270803994	0.62618039397420255	0.81674160988583244	1	-1.5758505868919201	ASN:chr11:116383543-117901740
GAB4	1	0	0.22152236544232276	0.56176987266535927	-0.48709139016278863	-1.5424114315453052	1	-0.81425591867051461	ASN:chr22:16050408-17581547
GABBR1	1	1	0.66288225629950415	0.9669601032337769	-2.3001110154897622	0.075999970515501863	1	-0.2010109232712729	ASN:chr6:28901402-29688046
GADD45A	1	0	1.0198452013841459	-1.4766004385100606	0.59466535443393376	1.4577403894888361	1	-0.60121035188111649	ASN:chr1:66774011-68477862
GALR3	1	0	-1.4303303622726626	-1.8143119664888649	-0.43189464205801548	-1.4385526828579982	0	1.9506786029673391	ASN:chr22:37977990-40527060
GATAD2A	1	1	1.1492774426790644	1.3148600950245251	-0.22125635591980083	0.45343510281395133	1	-0.11232016838481877	ASN:chr19:16749208-20221313
GATC	1	0	1.0325637778821368	-0.29813580630678238	0.40698500294228629	0.78673986823822695	1	-0.50115071035734782	ASN:chr12:119859279-122015993
GBGT1	1	1	1.4490445031890617	-0.5450194874840405	0.18755499574698961	-0.73693201915635886	1	-1.2385873448953986	ASN:chr9:134722557-136612240
GCAT	1	0	-1.4519668433784747	-0.67609989569882134	-0.42732622945581961	0.94645138078509305	0	1.9470110797598723	ASN:chr22:37977990-40527060
GCNT3	1	0	-0.37031866525699986	0.54627957383277892	0.31601745825478528	-1.3412777748263425	0	0.14457138909840259	ASN:chr15:58828306-59909705
GDF1	1	1	1.4524695091537556	0.16216838355590263	-0.66044395944249734	-1.4529663122347427	1	0.56058255485429909	ASN:chr19:16749208-20221313
GDF15	1	1	1.4743530538144787	-0.33471843047879662	-0.98944004376082173	1.2333846163564111	1	1.0889465949487405	ASN:chr19:16749208-20221313
GEMIN7	1	0	-1.2626476337026566	-0.45665463217571861	-0.58162937220776245	0.25263602330866858	0	0.51160624265829613	ASN:chr19:45579043-47334409
GFI1B	1	1	1.4928845795371557	0.55952115459779062	0.1478764193971599	-1.5424114315453052	1	-1.3598502169929467	ASN:chr9:134722557-136612240
GGA1	1	0	-1.3762391595081431	0.090328964584982185	-0.4298628420111909	0.68946496020657122	0	1.9618414865775577	ASN:chr22:37977990-40527060
GGT1	1	0	1.5696047131463366	0.54441050622334086	-0.010619516459731278	0.73191117378096904	1	0.47886139008049688	ASN:chr22:23398337-25209349
GGT5	1	0	1.405204426840968	0.10244524682566217	0.11981186323843956	0.81012504683872599	1	0.41349463855185731	ASN:chr22:23398337-25209349
GHSR	1	0	-1.6993978932526426	-1.4658717778157837	0.26200193110385323	-1.5424114315453052	0	0.13930214996798404	ASN:chr3:172048457-175051223
GIGYF2	1	0	1.4743672261820029	1.5322776039172361	0.46262556618479728	0.28564891395377445	1	0.52054544630153254	ASN:chr2:233550713-234883167
GINS2	1	0	-0.90622213279807706	-0.36571158305763546	0.82159495853540288	-0.43302865882198394	0	0.78964155879058162	ASN:chr16:85374253-86981136
GINS3	1	0	-0.65682616274004724	1.2356156530120386	0.78539322970601011	-0.82093694287225649	0	-0.023819339005905511	ASN:chr16:56907578-58867358
GIPR	1	0	-1.0679193037503909	-0.2814455015734143	-1.1705204039944308	-1.0817388028381392	0	-0.0092661462101479367	ASN:chr19:45579043-47334409
GJD3	1	0	-0.37601258574791852	-1.5889246320730206	-0.33680372468247483	-0.50160265237970003	0	0.12849828545772377	ASN:chr17:36495389-38649589
GMIP	1	1	1.2900451878280172	-0.34837553367010571	-0.26996124566282542	-0.099462454199207656	1	0.22924988936170809	ASN:chr19:16749208-20221313
GMNN	1	1	0.8024033770546164	-0.5327911048896713	1.1198528275324597	0.51090321374087144	1	-0.22136489489798453	ASN:chr6:24397129-26141757
GMPPB	1	0	-1.5550991815409339	-0.88071869122289059	-1.084623953005893	0.3406413111146418	0	0.39517150606166002	ASN:chr3:47793553-51831792
GNG12	1	0	0.96574218637902687	1.368576012381564	0.68514512301028418	0.82988978663259039	1	-0.6195681082520732	ASN:chr1:66774011-68477862
GNG5	1	0	-1.7278319774775197	-0.76685201190800367	0.54830616881359717	1.451203657466446	0	1.3070877432454859	ASN:chr1:83991644-86012417
GOLGA4	1	0	-1.1761017092794299	1.3177875743481087	0.35792224610741041	0.8686718135833309	0	-1.0438607159366069	ASN:chr3:35283408-38353505
GOLT1B	1	0	1.2904571367826543	-0.22641827300796744	0.75676736019545943	0.47007526847434317	1	-0.42278319437885925	ASN:chr12:20523761-21757656
GON4L	1	0	-0.98407973413035832	1.2259827592599104	-0.55753760398799579	0.14400265101987489	0	-0.33340572869752899	ASN:chr1:153397055-156616039
GOT1	1	0	1.165486987997407	0.31869191054081886	0.32750996767988627	1.6399909247219586	1	0.3763906365727393	ASN:chr10:100365649-102471756
GOT2	1	0	-0.66764440329294228	0.15322854715970383	0.79300487838225597	1.6457726274150277	0	-0.27018125817255961	ASN:chr16:56907578-58867358
GPLD1	1	1	0.42976272809578525	0.88723866156279685	1.2297639611698237	0.71083477517050186	1	-0.027114991681362811	ASN:chr6:24397129-26141757
GPN1	1	1	0.18555980281302681	0.032057798298113262	-0.17336033594831657	0.65684186165880531	1	-0.50754229158001929	ASN:chr2:26209579-29456860
GPN3	1	1	0.42499789255034248	-0.21918318949214652	-0.55427656439507611	0.60467527972704138	1	2.1186708754141299	ASN:chr12:109270450-113028429
GPR107	1	0	-0.40800663002323995	1.0453350771607308	0.051839070633426972	0.23826736691223324	0	2.5027856292283817	ASN:chr9:132047808-133641809
GPR156	1	0	-0.66816886677555742	1.298068087314695	0.70173092132045467	-1.5271372731820223	0	-0.73854028005379446	ASN:chr3:118903462-120523073
GPR161	1	0	-1.6629225341600831	0.66348978560578709	0.54111580193447795	-1.2246363491606882	0	-1.1735370611247156	ASN:chr1:164954020-168175845
GPR4	1	0	-1.0787375443032861	-0.44950730822172569	-1.102801573084446	-0.43302865882198394	0	1.2147020847592294	ASN:chr19:45579043-47334409
GPR83	1	0	-0.027286094857675473	0.059592052392267114	0.360572071915714	-1.3684473380869764	1	-1.0533760536693184	ASN:chr11:92731401-94987750
GPSM3	1	1	1.6149783664404342	-1.1897457502182429	-3.2320110699178435	0.67866744616590291	1	3.2509861093565684	ASN:chr6:31571894-32682590
GPX1	1	0	-1.5118214949489353	-2.1179625876484875	-1.0889703022218451	1.6146821418430763	0	-0.051019518683942534	ASN:chr3:47793553-51831792
GPX5	1	1	0.46813266663545566	-0.69663139408375463	-0.2440704970062309	-1.5424114315453052	1	-0.3179173319909957	ASN:chr6:26697553-28901402
GPX6	1	1	0.45731324498745052	0.08506408509404409	-0.21040481337000366	-1.5424114315453052	1	-0.29661829619480767	ASN:chr6:26697553-28901402
GRAP2	1	0	-1.598740724863593	0.90872233495544186	-0.24820712293653416	-0.70992181642016494	0	-0.72615508650237603	ASN:chr22:37977990-40527060
GRB7	1	0	-0.21370354073256118	-0.66841626082803807	-0.73377217841115405	0.25263602330866858	0	-0.4149903608796161	ASN:chr17:36495389-38649589
GRIN2D	1	1	-0.063438130820320557	0.62205284524360971	0.038490946626266322	-1.3548024460188213	1	0.23178735826116473	ASN:chr19:47334409-49093112
GRM4	1	0	1.0739482163892651	1.3788307219565119	0.66279658810800279	-1.5424114315453052	1	2.7150535218374166	ASN:chr6:33209310-35757007
GRP	1	0	0.29824249905150357	-0.57253869741617736	0.84058238256560946	-1.5424114315453052	1	-0.48255949754213007	ASN:chr18:54958664-57377707
GRWD1	1	1	-0.0086380353851976937	-0.52722787710520436	0.0030867738018019631	0.4450468838518411	1	0.22586888917873971	ASN:chr19:47334409-49093112
GSC	1	1	0.68457838583458575	-1.8531505107423596	1.069575215323278	-1.5424114315453052	1	0.79640945327198609	ASN:chr14:94325285-95947052
GSC2	1	0	0.013282002788860256	-1.9784968314223623	0.15084496936313796	-1.5424114315453052	1	-0.6297458211120035	ASN:chr22:18557031-19912242
GSDMA	1	0	-0.28944776173972353	-0.31639197175939177	-0.58825473439211107	-1.3548024460188213	0	-0.36330830612214043	ASN:chr17:36495389-38649589
GSDMB	1	0	-0.2245241437335718	-0.29251525470005763	-0.63077615897238437	1.115749529904984	0	-0.3702090619314769	ASN:chr17:36495389-38649589
GSK3B	1	0	-0.81965730878988208	1.9282848528793872	0.84440751735395325	0.22861299389183048	0	-1.2391787751288694	ASN:chr3:118903462-120523073
GSTT1	1	0	1.4928845795371557	-0.73869295347127639	0.051056550208256266	1.2028861247178617	1	-0.44207665772843169	ASN:chr22:23398337-25209349
GSTT2	1	0	1.4709645413631198	-1.3693470061849486	0.075161912279040219	-0.86967247267934789	1	-0.46535703904090858	ASN:chr22:23398337-25209349
GTF2A1	1	0	-1.5469662913281537	0.55574186994029662	0.51389996454465348	0.027091896421117274	0	-1.5706453052244329	ASN:chr14:81000021-83137833
GTF2A2	1	0	-0.38127868434402878	-0.10454517546491211	0.32717297087829111	0.74234183849229562	0	0.16318547944012157	ASN:chr15:59909705-61292486
GTF2H4	1	0	1.041562013979574	-1.0211287516254846	-7.7850195706106504	0.67866744616590291	1	1.3659311657913182	ASN:chr6:30458591-31054923
GTF3C2	1	1	0.29384268369684508	0.25693322615356329	-0.27882867451615601	0.43237797906395303	1	-0.22826349529509657	ASN:chr2:26209579-29456860
GTF3C4	1	1	1.4271244650150259	0.085094978758370396	0.19444820432358725	-0.3745438613257136	1	-1.4744463756590926	ASN:chr9:134722557-136612240
GTF3C5	1	1	1.4600045222760909	0.16967816498168511	0.18245928493677133	0.64211714203560788	1	-1.309996107961207	ASN:chr9:134722557-136612240
GTPBP1	1	0	-1.5608686143600119	0.29134400744655226	-0.16059018224785826	0.40240413481205911	0	-0.63309697491013728	ASN:chr22:37977990-40527060
GTPBP3	1	0	-0.78664504937487634	-0.80761651394195466	-0.90481836740576727	0.081339246334298773	0	1.5242870495002898	ASN:chr19:16749208-20221313
GUSB	1	0	-1.3383753175729882	-0.023907998605133231	0.15232745797568037	1.3094773287045756	0	0.20185144911118449	ASN:chr7:63624322-67371495
GUSBP11	1	0	1.6463248467555174	0.97207251707944564	-0.1112285072020897	0.30880229785298768	1	-0.585169523649404	ASN:chr22:23398337-25209349
GYS1	1	1	0.44072274718281423	0.093238414846819426	-0.41419168239726051	0.13887730318557678	1	0.35730260597165159	ASN:chr19:49093112-51334271
GYS2	1	0	1.2796388962297371	0.86532888171309585	0.7639655071925735	1.2998682816758187	1	-0.44889842983548406	ASN:chr12:21757656-24562053
H19	1	0	0.36008844923292788	-0.97423302790240351	0.038490946626266322	1.8873385971115593	1	-0.50426598113106225	ASN:chr11:70855-2739889
HAAO	1	0	-1.1329852336260222	0.10292836912992342	0.77193070037140121	1.602858923570686	0	2.3306847473025454	ASN:chr2:42336744-44322128
HAPLN4	1	1	1.30087347591641	-0.87553716479910582	-0.31998465955200395	-0.093477884239779013	1	0.048408081665454947	ASN:chr19:16749208-20221313
HAX1	1	0	-1.192320096783843	-1.4564336844248267	-0.29103241987739437	1.2409154912336549	0	0.78496284048345655	ASN:chr1:153397055-156616039
HCG9	1	1	0.59808974139679605	-1.472618060986256	-5.2854347236681125	-1.4101251991383059	1	0.83644871064521531	ASN:chr6:29688046-30458591
HCN3	1	0	-1.0498398486525102	-0.4606612013051184	-0.53805713356068652	0.4865369838791111	0	0.56524695209517506	ASN:chr1:153397055-156616039
HDHD3	1	0	0.93139133622211567	-1.4085359256045293	0.5360056444267628	1.057607601979716	1	0.78477604936846723	ASN:chr9:112864469-116400502
HELZ	1	0	0.48875186928774	1.5880844143655504	0.38882027364277477	0.23826736691223324	1	0.76973562009277052	ASN:chr17:64800166-67858770
HEPHL1	1	0	-0.20564468668645847	1.0938904654657979	0.50626832754588458	-1.3822146075020518	0	-1.5902681697458816	ASN:chr11:92731401-94987750
HFE	1	1	-0.20256576175929189	-0.54013263852991877	0.81772226003852688	0.032603716527207366	0	0.10168931210604863	ASN:chr6:24397129-26141757
HHEX	1	0	-0.61355320052842277	-0.84360986325503162	0.4399359255944601	1.1822118694451833	0	-0.83644871064521531	ASN:chr10:92107336-95362627
HIF1AN	1	0	1.3326981678369103	0.25132772017412991	0.17661835725623998	-0.00076803800037141131	1	0.24209370283952727	ASN:chr10:100365649-102471756
HIF3A	1	0	-0.84073625213939585	0.56344796217211002	-1.451592879009411	-1.0259130052277403	0	-0.80075254278361141	ASN:chr19:45579043-47334409
HINFP	1	0	0.29486480031555418	-0.33418567455018156	0.30513529530023364	0.17940877335280311	1	0.91167721127426105	ASN:chr11:118900987-120771784
HIRA	1	0	0.090002136398041069	1.2757209218233896	-0.015887140996631046	0.38063014916378046	1	-0.57801645172348526	ASN:chr22:18557031-19912242
HJURP	1	0	1.5933678722639588	-0.041184450245334209	0.78223438798566358	-1.1998770986860694	1	1.4900946800063712	ASN:chr2:233550713-234883167
HK1	1	0	0.94427343908972516	1.3679750429507262	0.96948779619397352	0.20912015734771949	1	-0.11370170527147593	ASN:chr10:68757629-71054709
HKDC1	1	0	0.99836464185424456	0.57773702743508459	0.88347709011099562	0.086660015094070078	1	0.09465449147163571	ASN:chr10:68757629-71054709
HLA-A	1	1	0.61972622250260823	-1.2115728072794909	-4.8604785646755229	1.8624858105814093	1	0.64826633290128244	ASN:chr6:29688046-30458591
HLA-DMA	1	1	1.420207512422023	-0.065929137329805237	-0.57118755493126405	1.1691476182472438	1	2.9555049165209946	ASN:chr6:32682590-33209310
HLA-DMB	1	1	1.4310281154230338	-0.95646146429732404	-0.59712566390981281	0.9002581183599988	1	2.9665056576621929	ASN:chr6:32682590-33209310
HLA-DOA	1	1	1.3985663064199798	-1.0873262504908099	-0.49338576567142617	0.17440048098093763	1	2.9345204614183125	ASN:chr6:32682590-33209310
HLA-DOB	1	1	1.4851311304281527	-1.2701784008675112	-0.99356794262493398	-0.27055104213303399	1	3.0276782716846324	ASN:chr6:32682590-33209310
HLA-DQA2	1	1	1.5067723364302181	-1.0275243792378779	-1.2274787759027719	0.49062497630925811	1	3.0557017278182443	ASN:chr6:32682590-33209310
HLA-DRA	1	1	1.5716959544363478	-1.1206159624501524	-2.8136557016817987	1.8046171304780785	1	3.1580706070237792	ASN:chr6:31571894-32682590
HLA-DRB5	1	1	1.5608753514353373	-0.41918099443746032	-2.3510914060737749	1.2003170190967736	1	3.1385775789981065	ASN:chr6:31571894-32682590
HLA-F	1	1	0.69545390637293991	-0.26798725854363059	-2.7953047866604464	1.2706748772377361	1	-0.69802938552869975	ASN:chr6:29688046-30458591
HLA-F-AS1	1	1	0.70627214692583495	0.0046690746706851511	-2.8099709109166562	0.0048445468639775257	1	-0.69645396338389254	ASN:chr6:29688046-30458591
HLA-G	1	1	0.71709038747875209	-1.2933359705952132	-3.8175999790185302	-1.0369169251111676	1	0.35496242149323715	ASN:chr6:29688046-30458591
HLX	1	1	0.48990733586775703	-0.92588458426422815	0.46544228238902824	0.26687142904068867	1	-0.56685821548968562	ASN:chr1:220125116-221151629
HMBS	1	0	0.20829997630735916	-0.72654037565921026	0.3088832714206135	0.49470211084500149	1	0.95431675440590114	ASN:chr11:118900987-120771784
HMGA1	1	0	-1.3603495918769073	-0.66890967180095284	0.50443203528836256	0.65317390232627215	0	2.5904954192383096	ASN:chr6:33209310-35757007
HMGB1	1	0	-0.89482745490391535	1.5111200022880054	0.74658889782719418	1.379689578618116	0	1.0724546301303957	ASN:chr13:30625939-32301388
HMGN4	1	1	0.132818001355471	-0.80427473554325224	0.62359849529945965	0.67866744616590291	1	0.47809177631264116	ASN:chr6:26141757-26697553
HMGXB4	1	0	-1.5321867134131393	0.41706974673519209	0.67232776010498385	-0.058052306267077552	0	-0.96607078476860642	ASN:chr22:34860926-36453608
HMOX1	1	0	-1.4987444774452343	-0.36693318319549822	0.60165073477184583	1.3842581541638501	0	-1.0954268363926454	ASN:chr22:34860926-36453608
HNF1A	1	0	1.2079240832745344	0.055140446026366412	0.31398192808044251	0.59326228848868523	1	0.38583800266640406	ASN:chr12:119859279-122015993
HNF1A-AS1	1	0	1.2517641596226283	-0.4552198492851009	0.29795889033368123	-0.42559503533462567	1	0.41948311985006825	ASN:chr12:119859279-122015993
HNRNPH3	1	0	1.1390017690419909	-0.47638663842016343	0.58149616606171406	1.1426807513826243	1	-0.27659382804990529	ASN:chr10:68757629-71054709
HOMER3	1	1	1.3983280687118576	-0.47363693001490037	-0.58770171270418359	0.091962404650528268	1	0.57396536689696354	ASN:chr19:16749208-20221313
HP1BP3	1	0	0.91200356792486215	0.53427285107025535	0.61352334479071169	1.0405829515008636	1	1.0788196640887433	ASN:chr1:20304720-22145806
HPD	1	1	1.3065642550577512	0.058345636175024661	0.22319343813000592	2.0888182173772396	1	0.30710648466451057	ASN:chr12:122015993-124721969
HPS1	1	0	-0.18082357841226693	0.24640798772630179	0.18500889679189955	0.60088036988254712	0	0.37919178088368022	ASN:chr10:97064851-100365649
HRC	1	1	0.83528343431570329	-1.2808500737049262	-0.91271267043227411	-0.99336676308912741	1	0.35408535393060786	ASN:chr19:49093112-51334271
HRH1	1	0	-1.3628853938256515	1.3355852735948137	0.79195685796203552	-1.0931517940764952	0	-0.40290133321531973	ASN:chr3:11019488-12860229
HSD17B11	1	1	0.53311475087953508	0.69142572554416404	0.66279658810800279	1.4707309345791446	1	-1.0327995809678592	ASN:chr4:87214993-89236855
HSD17B14	1	1	0.39688267083472034	0.045183775804619943	-0.28538990570280448	0.22376294167290725	1	0.36242860941853688	ASN:chr19:49093112-51334271
HSD17B8	1	1	1.3228220854127954	-1.7871198729967155	-0.19737698823392613	1.0204792371194538	1	2.8740401874257948	ASN:chr6:32682590-33209310
HSH2D	1	0	-0.39718838947034485	0.073516129865919835	0.35759075055419803	0.027091896421117274	0	0.27716438120053227	ASN:chr19:15648148-16749208
HSPA6	1	0	-1.1652834687265128	-1.6414979268782539	0.56616062612840712	-0.10547044719272196	0	-0.77639856593851819	ASN:chr1:159953315-162888864
HSPB7	1	0	0.79144335796760945	-1.0688514693983167	0.10656776672431746	-1.1515253769195539	1	0.35364692231253547	ASN:chr1:14893157-17875820
HSPG2	1	0	0.93392360609892011	1.262775118654581	0.60484356388949323	0.3406413111146418	1	1.2958811646478194	ASN:chr1:22145806-23916165
HSPH1	1	0	-0.74337208716327396	0.11070702901326866	0.42752838026396039	0.90338129390388111	0	0.98507085916370229	ASN:chr13:30625939-32301388
HVCN1	1	1	0.56563501973808872	0.95469777547216439	-0.82390267326347499	-0.18579268548961117	1	2.1929184799676915	ASN:chr12:109270450-113028429
HYLS1	1	0	-0.54567897064939741	-0.20780087747150386	0.76076979181519511	0.021560213857318659	0	0.73872060642879345	ASN:chr11:124496119-126773879
HYOU1	1	0	0.22994118230940241	-0.41508821514205896	0.30069604611117562	0.99129508336687	1	0.99133412839937718	ASN:chr11:118900987-120771784
IAPP	1	0	1.2471841745710299	0.088147331352372377	0.84236843085031055	-0.99336676308912741	1	-0.33630953693444265	ASN:chr12:20523761-21757656
IARS2	1	1	0.46827085476196684	0.67952814580086318	0.46794243085958975	0.99423859385708369	1	-1.1572940458219199	ASN:chr1:220125116-221151629
IBSP	1	1	0.65212189262992415	-0.45590571620059134	0.53088131633119862	-1.5424114315453052	1	-1.1366239841112598	ASN:chr4:87214993-89236855
IDE	1	0	-0.70009912495164961	1.3103881423982557	0.51907153319437294	0.42387357919353502	0	-0.13085165236141166	ASN:chr10:92107336-95362627
IFI16	1	0	-1.2085564309381371	0.69718072830471234	0.70612877425188558	0.93120755888588336	0	0.4114021794374198	ASN:chr1:157982579-159953315
IFI27	1	1	0.82522318972140118	-0.48709489678432549	0.86240648795101538	1.666787819053646	1	1.1798463370106786	ASN:chr14:94325285-95947052
IFI27L1	1	1	0.80358552758497481	0.0086370367646925184	0.8787321024140945	0.35408700511211993	1	1.1757262846084879	ASN:chr14:94325285-95947052
IFI27L2	1	1	0.84686085185784954	-1.6929329570565246	0.8588712439935976	0.41532180080646014	1	1.1795710436671683	ASN:chr14:94325285-95947052
IFI30	1	1	0.9010004768781007	-1.1583563210921992	-1.2902879342391154	1.4577403894888361	1	1.125951144362161	ASN:chr19:16749208-20221313
IFT172	1	1	0.21804466707818329	0.54719545824492066	-0.22716099052044725	-0.21784061882648162	1	-0.28687776711046625	ASN:chr2:26209579-29456860
IFT27	1	0	-1.2757962376592444	-0.16303002757074775	0.097430927559452707	0.61976179182760216	0	1.8932531978552005	ASN:chr22:36453608-37977990
IFT46	1	0	0.16501756430327269	0.18686712358831978	0.33993584137622401	0.40240413481205911	1	0.049095269200682488	ASN:chr11:117901740-118900987
IFT80	1	0	0.83589495036674533	1.4296225642666494	0.27452790458335502	0.070642058443157407	1	-0.75980474968756462	ASN:chr3:159155377-161620009
IGF2	1	0	0.32763372757419862	-0.065553345082523432	0.10428778869736575	1.670578043819495	1	-0.8796938319662263	ASN:chr11:70855-2739889
IGFL1	1	0	-0.85155449269231287	-2.0825896657870735	-1.3857125115130073	-1.5424114315453052	0	-0.28809382686161261	ASN:chr19:45579043-47334409
IGFL2	1	0	-1.0571010631974738	-0.1571256099262392	-1.1796384584629991	-1.5424114315453052	0	-0.30379839499420436	ASN:chr19:45579043-47334409
IGFL3	1	0	-0.87319097379812516	-1.2150764641652589	-1.3057178270822174	-1.5424114315453052	0	-0.33079470348634188	ASN:chr19:45579043-47334409
IGFL4	1	0	-1.0246463415387665	0.39704042958376523	-1.199549952752144	-1.5424114315453052	0	-0.29647485131149515	ASN:chr19:45579043-47334409
IGSF11	1	0	-0.84129851479192541	1.8463121390939801	0.80969287174536819	-1.4970374803542688	0	-1.2326967158928706	ASN:chr3:116898042-118903462
IGSF23	1	0	-1.5114671664194419	0.028075965984267356	-0.2611361648779072	0.18440077856624923	0	0.72169514493731701	ASN:chr19:43862455-45579043
IKZF3	1	0	-0.33273017374381003	1.1489772348257226	-0.56954422716051556	-0.87960804296603545	0	-0.34780762090527761	ASN:chr17:36495389-38649589
IL10RA	1	0	0.013529122288947943	-0.29889849721390904	0.55218930051541748	0.58560621151926406	1	-1.2251022641392326	ASN:chr11:116383543-117901740
IL12RB2	1	0	0.95492158337799427	1.0697332860691111	0.68985956591539876	-1.0931517940764952	1	-0.33369598264111883	ASN:chr1:66774011-68477862
IL17RA	1	0	0.21056234635529378	0.24665847920784198	-0.29386015104344376	-0.093477884239779013	1	-0.65607732952314912	ASN:chr22:16050408-17581547
IL20RB	1	0	0.79281807134908377	0.8214586500239518	0.065091467975225262	-0.50941457891017539	1	0.61674313924063295	ASN:chr3:135268752-137727495
IL23R	1	0	0.94410098037698365	1.1037350800119146	0.68736518269334368	-1.4101251991383059	1	-0.23390305562442543	ASN:chr1:66774011-68477862
IL2RB	1	0	-1.2423540016913395	0.60902386874890824	0.064703045071761098	0.075999970515501863	0	1.8867018544751584	ASN:chr22:36453608-37977990
IL6R	1	0	-1.1484800204357271	0.81432704759562002	-0.42631255858211653	0.82988978663259039	0	0.83450262383183915	ASN:chr1:153397055-156616039
ILVBL	1	0	-0.32146070560001316	-0.55851358308606314	0.28937905341251968	1.0434335377430501	0	-0.33848925428055382	ASN:chr19:12500149-15648148
IMPA1	1	0	-1.3383753175729882	0.19467699932285359	0.40730775588283691	0.65684186165880531	0	0.47194500123879052	ASN:chr8:82016264-83727741
IMPDH1	1	0	0.7060477143544639	-0.16640606802689725	0.10276623903838923	-0.081578287825861809	1	1.854335836656098	ASN:chr7:126869221-129589868
IMPDH2	1	0	-1.6416545547249528	-1.1387247092370438	-1.0495062873286976	0.97351449556953662	0	0.044972480353396412	ASN:chr3:47793553-51831792
INPP5D	1	0	1.6690955561342906	1.6565260086154112	0.68208817945720035	0.18937660221091152	1	0.48117193647005208	ASN:chr2:233550713-234883167
INS	1	0	0.31681548702130352	-2.0467980327346962	0.11603751152511349	-1.5424114315453052	1	-0.84211036962981733	ASN:chr11:70855-2739889
INSL3	1	0	-0.55946199776390326	-1.1419113890200194	-1.1614471192043987	-1.3145807497409923	0	1.3598502169929467	ASN:chr19:16749208-20221313
INSL5	1	0	1.0306658043851566	-1.42263877493028	0.53208831961148673	-1.5424114315453052	1	-0.44010976155236969	ASN:chr1:66774011-68477862
IP6K2	1	0	-1.4469049650609263	0.65655040348611493	-1.2157904260148358	0.92198807020926765	0	-0.14401654582410039	ASN:chr3:47793553-51831792
IP6K3	1	1	1.106410025392341	0.097293261551336357	0.3088832714206135	-0.39621537774727372	1	2.7318532319903177	ASN:chr6:33209310-35757007
IQCD	1	0	-0.90564569545683238	0.10741294752481703	0.12357852160825077	-1.327871224541181	0	0.84465713270206155	ASN:chr12:113028429-114181109
IQSEC1	1	0	-0.83229927749490895	1.5896046853377532	0.68514512301028418	0.59707605504741001	0	0.60318512490958287	ASN:chr3:12860229-14816750
IQSEC3	1	0	-1.0827199059135972	1.2399772700703844	-0.63701244086001885	-1.1998770986860694	0	-0.040575679596220868	ASN:chr12:61107-1739022
IRF2BP1	1	0	-0.8840092143510202	-1.6818152828243913	-1.2886712045153221	0.45343510281395133	0	-0.1916345493959678	ASN:chr19:45579043-47334409
IRF3	1	1	1.0873638733172597	-0.97276681150294508	-1.1857422524729835	1.0491188785023953	1	0.65412084316333308	ASN:chr19:49093112-51334271
IRF5	1	0	0.59784168434422569	-0.45080752943198077	0.26618669671129425	-0.00076803800037141131	1	-0.023682026006757166	ASN:chr7:126869221-129589868
IRF8	1	0	-0.91704273579908768	0.049887213992007969	0.77246049451391363	0.77321519704574815	0	0.54299921990754829	ASN:chr16:85374253-86981136
IRX3	1	0	0.64034790252508555	-1.434999588459015	0.56082237892134568	-1.2371673595673942	1	-0.84838921204287976	ASN:chr16:51214363-54450244
ISYNA1	1	1	1.4418965606098171	-1.3400794121747679	-0.93793613472681014	0.44083552249901781	1	1.0810331546882366	ASN:chr19:16749208-20221313
ITGA9	1	0	-1.2410111525968444	2.1649938129611748	0.4875137801869785	-0.029142972544210624	0	-0.88699397037598626	ASN:chr3:35283408-38353505
ITLN1	1	0	-0.86237273324520802	-0.73116432686650878	0.32413723092244151	0.016008525164763355	0	0.40975936759768189	ASN:chr1:159953315-162888864
ITLN2	1	0	-0.8840092143510202	-0.63542761148653903	0.33926630442816735	-1.212206805538584	0	0.44677387615421915	ASN:chr1:159953315-162888864
ITPK1	1	0	-0.42082433013637754	1.6048076164000171	0.88746344076067085	0.73887281950114025	0	0.57850321866584731	ASN:chr14:92916399-94325285
ITPR3	1	1	1.1280512313943842	0.94565909866185249	0.24798387066014679	-0.47840261001302059	1	2.743496971220678	ASN:chr6:33209310-35757007
IZUMO1	1	1	0.28728247996447459	-1.0037781214904018	-0.22170988935106789	-1.3412777748263425	1	0.25966011860488769	ASN:chr19:49093112-51334271
JAK1	1	0	-0.95988393653454518	1.375970834013357	0.5940820457307241	1.057607601979716	0	-1.6857701067035824	ASN:chr1:65041376-66774011
JAK3	1	0	-0.57028023831679842	0.033050046871755952	-1.1554229184122506	-0.16688024605093937	0	1.3591584465887336	ASN:chr19:16749208-20221313
JMJD1C	1	0	0.72790862803164713	1.9973902464063669	0.59320673729574702	0.55459424262210932	1	1.0600939454246376	ASN:chr10:64198067-66313715
JOSD1	1	0	-1.5879201218625605	-0.25538497224385975	-0.15358217401397864	0.69304731947605303	0	-0.71955946673342819	ASN:chr22:37977990-40527060
JUND	1	1	1.496003707287815	-1.9087333929504195	-1.1137945975108714	1.5153511629446732	1	1.0939273178870723	ASN:chr19:16749208-20221313
KAAG1	1	1	0.38592265174769136	-2.1415519492983255	1.1585109664643436	-0.53309176169937322	1	-0.15901345971265807	ASN:chr6:23199920-24397129
KATNAL1	1	0	-0.90564569545683238	1.1913186149296524	0.81073088438685947	-0.54106601469859672	0	1.2164263193435194	ASN:chr13:30625939-32301388
KATNB1	1	0	-0.71091736550456663	-0.027833081809825484	0.70420600132553601	-0.14819798400629924	0	-0.39992549841044089	ASN:chr16:56907578-58867358
KAZALD1	1	0	1.4776145236978104	-0.97472238788183485	-0.1623463448475303	-1.1998770986860694	1	0.3976959456058306	ASN:chr10:102471756-106139565
KCNA7	1	1	0.6818431670973637	-1.0748212187492929	-0.66793593459895872	-1.5424114315453052	1	0.38716928525728211	ASN:chr19:49093112-51334271
KCNG3	1	0	-1.1438040646942353	0.65256944813097384	0.8727209657833509	-1.5424114315453052	0	2.298691677625202	ASN:chr2:42336744-44322128
KCNJ1	1	0	-1.1246630558812294	0.25460668793344782	0.62933115681154883	-1.482206058210068	0	-0.16388109032928835	ASN:chr11:128188777-130049774
KCNJ13	1	0	1.48518546673492	-0.60986568245655193	0.40116578973319172	-1.424273135697375	1	0.5240067823102118	ASN:chr2:233550713-234883167
KCNJ14	1	1	-0.041518092646262612	-0.5729016968862054	0.011501915978319474	-1.1046502766824373	1	0.21925519798534537	ASN:chr19:47334409-49093112
KCNJ4	1	0	-1.4472522828492682	0.19844578023418646	-0.31473012802383321	-1.0149874057224155	0	-0.90297552871274611	ASN:chr22:37977990-40527060
KCNJ5	1	0	-1.0163801749974111	0.21964217874345021	0.60077900492326197	-1.327871224541181	0	-0.24562913720981794	ASN:chr11:128188777-130049774
KCNJ8	1	0	1.3337300989942567	-0.57108840865402632	0.65152014148276916	0.92814054437850002	1	-0.42023273445040299	ASN:chr12:21757656-24562053
KCNK3	1	1	0.13141836237110668	0.4621694509526082	-0.15183431674825057	-1.327871224541181	1	0.11232016838481863	ASN:chr2:26209579-29456860
KCNN1	1	0	-0.54864375721100822	0.60228374292867393	-1.180400331059412	-1.4529663122347427	0	1.3713596488687072	ASN:chr19:16749208-20221313
KCNN3	1	0	-1.126559982261691	1.5760357151016915	-0.47925345126783392	-1.3684473380869764	0	0.62189827067129266	ASN:chr1:153397055-156616039
KCNQ1	1	0	0.10045067596322557	2.2305796933479169	0.41053218866120483	-0.60639673586813225	1	-0.65658813025557561	ASN:chr11:70855-2739889
KCNQ1DN	1	0	0.29517900591549129	-1.8293902167846607	0.20239782218413138	-1.5424114315453052	1	-0.68339187115029465	ASN:chr11:2739889-4466102
KCNQ1OT1	1	0	0.18699660038645236	1.0878336787840375	0.24692821684313274	-1.3412777748263425	1	-0.72436938119399807	ASN:chr11:70855-2739889
KCP	1	0	0.67358590535138796	0.59404993361884817	0.25360386193401713	-1.3145807497409923	1	0.40781928702759834	ASN:chr7:126869221-129589868
KCTD17	1	0	-1.2646488256699429	-0.50019741795607864	0.085561917389488096	-0.38173375854656599	0	1.884265843178913	ASN:chr22:36453608-37977990
KCTD6	1	0	0.39254317089163521	-0.59912221509955221	0.31838941304913532	0.4450468838518411	1	-1.2659493520205829	ASN:chr3:56847831-59704331
KCTD7	1	0	-1.5763766097368563	1.6183006217125988	0.56823245363701003	-0.36738748356092887	0	0.99695937834520465	ASN:chr7:63624322-67371495
KDELR1	1	1	-0.052478111733291588	-0.70039277894908503	0.012301363084201584	1.268216845887397	1	0.23474962728372284	ASN:chr19:47334409-49093112
KDELR3	1	0	-1.4634831873507843	-0.28618450175471932	-0.29386015104344376	0.3133913603150254	0	-0.89147852343501111	ASN:chr22:37977990-40527060
KDM2B	1	1	0.98872370153404299	1.4772850818265979	0.46887911515256414	0.17440048098093763	1	-0.12863669897932367	ASN:chr12:122015993-124721969
KDM5A	1	0	-1.115599963174662	1.2234658031704007	-0.24636747922419988	0.086660015094070078	0	0.49167893674000807	ASN:chr12:61107-1739022
KHK	1	1	0.57537817399479463	-0.35743375732487132	-0.37238396213303931	1.4921404901421551	1	0.032608418365547669	ASN:chr2:26209579-29456860
KIAA0319	1	1	0.53936291896603106	1.1704578295602668	1.2588980072572207	-1.4675165657271294	1	-0.031647002344668079	ASN:chr6:24397129-26141757
KIAA0513	1	0	-0.86293972079396863	0.84029076537704539	0.72034993985573847	-0.87960804296603545	0	1.0410244863292069	ASN:chr16:84445738-85374253
KIAA1671	1	0	1.5038445986241846	1.8438213958201	0.033361662787826395	0.4450468838518411	1	0.70013264766133187	ASN:chr22:25209349-26524344
KIF11	1	0	-0.71091736550456663	0.78812674520990611	0.5281626729952702	-0.99336676308912741	0	-0.80701045444272779	ASN:chr10:92107336-95362627
KIF12	1	0	1.0540128681044123	-0.40989981065087749	0.63903605191933921	0.82988978663259039	1	1.3029061888431301	ASN:chr9:116400502-119530000
KIF17	1	0	0.92296358701189107	0.68048389642870299	0.61323467464150139	-0.53309176169937322	1	1.051465368586298	ASN:chr1:20304720-22145806
KIFC1	1	1	1.2037954524015466	-0.14891802135244081	-0.0017391404702631376	-1.0704100410848536	1	2.7874687515725904	ASN:chr6:33209310-35757007
KIFC3	1	0	-0.75419032771616901	1.1911276893014939	0.84185830746365775	0.83315930916849434	0	-0.3817005917356579	ASN:chr16:56907578-58867358
KLC1	1	0	-0.23879843621269614	1.4119707522145919	-0.009810443786376152	0.62724980789687312	0	0.30264853581187562	ASN:chr14:103390025-105001894
KLC3	1	0	-1.1869199498323248	-0.1616667192639176	-0.69527858107332308	-0.69217548870809664	0	0.82984485597346902	ASN:chr19:45579043-47334409
KLF2	1	0	-0.31064246504711807	-1.5300862152785704	0.2714043621723099	0.50282403587880642	0	0.29016926648426034	ASN:chr19:15648148-16749208
KLHDC10	1	0	0.51127686033603059	0.8256612541138294	0.17698395661571287	0.42813166860987051	1	-0.020661248405299766	ASN:chr7:129589868-131635483
KLHDC8B	1	0	-1.6957516629649565	-1.1712010983971413	-1.0060072548233776	0.29495221667459859	0	0.21517920740573468	ASN:chr3:47793553-51831792
KLHDC9	1	0	-0.90564569545683238	-1.8623984965567977	0.35261116803027559	-0.087516555387269102	0	-0.05088206611156687	ASN:chr1:159953315-162888864
KLHL26	1	1	1.4849543734189121	0.31365771743412324	-0.78473583004097425	-0.52515871949388326	1	0.59595570334878167	ASN:chr19:16749208-20221313
KLHL8	1	1	0.50065825767487349	0.98506218195140771	0.76290088267433287	-0.023425870031421252	1	-1.2541077391954047	ASN:chr4:87214993-89236855
KPNA2	1	0	0.75945907149729663	-0.52218032366847145	0.015096707473524203	0.53091705983291126	1	0.95150672362615407	ASN:chr17:64800166-67858770
KPNA4	1	0	0.85753615636878866	0.88672625850779474	0.26025547793877601	0.38500972488861901	1	-0.87043353501189435	ASN:chr3:159155377-161620009
KRT10	1	0	-0.43011560075303762	-1.2362680905719083	-0.18710948869508193	0.4742072770265966	0	1.2547107284470929	ASN:chr17:38649589-39900528
KRT12	1	0	-0.53832163076327588	-1.0230809601646782	-0.17247679686553996	-1.5424114315453052	0	1.2329902319804864	ASN:chr17:38649589-39900528
KRT20	1	0	-0.5491422337642865	-0.67485540128205168	-0.17601349068465957	-1.5424114315453052	0	1.244819116603221	ASN:chr17:38649589-39900528
KRT222	1	0	-0.50585982176020006	0.37560807843845356	-0.16586368487005379	-0.39621537774727372	0	1.2224898141699991	ASN:chr17:38649589-39900528
KRT23	1	0	-0.63570705777248149	-0.30888285452009934	-0.19156661086655391	-0.046423157843222033	0	1.2513999130953386	ASN:chr17:38649589-39900528
KRT24	1	0	-0.39765379174996179	-1.0426128721483303	-0.19379920985314922	-1.5424114315453052	0	1.2638108693609538	ASN:chr17:38649589-39900528
KRT25	1	0	-0.44093620375404829	-0.85893406798797955	-0.17778437913491987	-1.5424114315453052	0	1.2622869130893513	ASN:chr17:38649589-39900528
KRT26	1	0	-0.4625774097561135	-1.0208688307716582	-0.17424429767597155	-1.5424114315453052	0	1.2553141742521114	ASN:chr17:38649589-39900528
KRT27	1	0	-0.4950392187591674	-1.047036358425004	-0.18177509396910899	-1.3412777748263425	0	1.255918077522419	ASN:chr17:38649589-39900528
KRT28	1	0	-0.4517568067550809	-0.81345013180257264	-0.1822190391859986	-1.5424114315453052	0	1.256220200992793	ASN:chr17:38649589-39900528
KRTCAP2	1	1	-0.85803951462959116	-1.3103682894385835	-0.62117947534241347	1.4203253698835359	0	0.61259768741792742	ASN:chr1:153397055-156616039
KRTCAP3	1	1	0.35881241222713606	-1.3013372702036661	-0.30853942891259228	0.43237797906395303	1	-0.22516484029055095	ASN:chr2:26209579-29456860
LAMB2	1	0	-1.7065710846129618	-0.47721988266770388	-1.002543482569451	0.9705309372925055	0	0.22460168154548835	ASN:chr3:47793553-51831792
LAMTOR2	1	0	-0.6333591233455852	-1.3711881044598442	-0.67429910930731329	1.2657548722236605	0	-1.2315237121280997	ASN:chr1:153397055-156616039
LAMTOR3	1	0	0.63054446305552536	-0.2486359555274992	0.8601346076555938	0.33613311330666706	1	2.2195215970943911	ASN:chr4:99040831-101711689
LASP1	1	0	-0.018932686714127931	0.65006714942873856	-0.7633299085800388	1.1211737060446065	1	-0.88780801530925635	ASN:chr17:36495389-38649589
LBX1	1	0	1.132044752029524	-1.5927386518564146	-0.19379920985314922	-1.5424114315453052	1	0.62256465148871509	ASN:chr10:102471756-106139565
LDHB	1	0	1.3229118584413615	1.311161457646395	0.70118045305411947	1.0462788402264303	1	-0.4434393571811554	ASN:chr12:21757656-24562053
LEMD2	1	1	1.0955894223913083	-0.1681640431178564	0.37704794743137943	0.65684186165880531	1	2.7261674667966322	ASN:chr6:33209310-35757007
LENEP	1	1	-0.66623918060665011	-2.6329256119703248	-0.64612113191576115	-1.5424114315453052	0	0.58337846106206148	ASN:chr1:153397055-156616039
LENG1	1	0	-1.5547401286310443	-1.1955930104400034	-0.68126583558499476	0.4110279791248429	0	-1.4963732842522313	ASN:chr19:52985347-54734184
LEP	1	0	0.64112409634831213	-0.23963411409754837	0.1611975003970228	-1.5424114315453052	1	1.8296279859338556	ASN:chr7:126869221-129589868
LEPR	1	0	-0.84087679478413413	1.7653157518907416	0.6591392853333915	1.2706748772377361	0	-1.0712355586169768	ASN:chr1:65041376-66774011
LEPROT	1	0	-0.71105082196553182	-0.28443515866687574	0.37179163254465192	0.84940327292380335	0	-1.1156607899692434	ASN:chr1:65041376-66774011
LGALS1	1	0	-1.4303303622726626	-1.2859668254439964	-0.41872769929582643	1.4707309345791446	0	1.9460982782985985	ASN:chr22:37977990-40527060
LGALS2	1	0	-1.3762391595081431	-0.45422331415789502	-0.42529944344904874	0.021560213857318659	0	1.9627828368850366	ASN:chr22:37977990-40527060
LGI1	1	0	-0.60273495997552773	0.45610695448232658	0.43071775274435586	-1.3822146075020518	0	-0.26633905920212247	ASN:chr10:95362627-97064851
LHB	1	1	0.55032293805305998	-2.3158579011512046	-0.52518331459734113	-1.424273135697375	1	0.34256237592670469	ASN:chr19:49093112-51334271
LIG1	1	1	0.16672227000719989	0.69677606516382184	-0.13098797254756059	0.25739584185197012	1	-0.17544008658418195	ASN:chr19:47334409-49093112
LILRB3	1	0	-1.5114671664194419	0.13111269723477342	-0.70762750883784165	-0.23739553614427666	0	-1.4984793172962663	ASN:chr19:54734184-55660892
LIN7B	1	1	0.74760328161949352	-1.2974192690672748	-0.82076368498292007	-0.13586827715378455	1	0.37123833611296958	ASN:chr19:49093112-51334271
LIPF	1	0	-1.7386502180304149	-0.33856519493173687	0.35261116803027559	-1.5424114315453052	0	-0.10086143163528226	ASN:chr10:89149284-90787308
LMAN1	1	0	0.33112255631256848	0.28094658160656	0.80657533080110588	1.2950411070994965	1	-0.58484373641956466	ASN:chr18:54958664-57377707
LMNA	1	0	-1.1375200013487201	0.72900396180625415	-0.4834295478619221	1.2657548722236605	0	-1.120533914086824	ASN:chr1:153397055-156616039
LMTK3	1	1	-0.019598054472204664	0.17255139106812753	0.0034883650141671668	-1.2753861034403373	1	0.22178695223634487	ASN:chr19:47334409-49093112
LPAR2	1	1	1.311701764004803	-1.1120844722838188	-0.29386015104344376	-0.25720278193313983	1	0.24435602943024984	ASN:chr19:16749208-20221313
LRPPRC	1	0	-1.1221664025578091	1.2246760940332559	0.7684833311526833	0.79680574201383325	0	0.8537131161642848	ASN:chr2:42336744-44322128
LRRC20	1	0	0.86854575521939348	1.0174097822227421	1.0668669755277	0.33613311330666706	1	-0.73727866708923895	ASN:chr10:71054709-72673145
LRRC25	1	1	1.4635342227462653	-0.95264660081278751	-0.98258063738278922	0.075999970515501863	1	1.0879536878081302	ASN:chr19:16749208-20221313
LRRC4	1	0	0.58702108134319297	-1.1458751650242125	0.13371031525477528	-0.88960834055134685	1	1.7983291493120848	ASN:chr7:126869221-129589868
LRRC58	1	0	-0.64652766077351409	0.082309572095895137	0.57796847433223952	0.081339246334298773	0	-0.57866550477275747	ASN:chr3:118903462-120523073
LRRC8A	1	0	0.30599724646840842	0.36672382451629865	-0.73556831199473449	0.66779344378501093	1	0.54347652071907271	ASN:chr9:130597604-132047808
LRRFIP2	1	0	-1.2193746714910323	1.3630857117166544	0.42625108838215958	0.90338129390388111	0	-0.7782555050031027	ASN:chr3:35283408-38353505
LSM4	1	1	1.4959907159509049	-0.20734906668288045	-1.0630442376684806	1.0405829515008636	1	1.0974300342309413	ASN:chr19:16749208-20221313
LSM6	1	0	0.42976272809578525	0.066174077460641426	0.19517231168254939	0.63841378619765898	1	-0.24746877434261502	ASN:chr4:145025810-148834277
LY9	1	0	-0.85155449269231287	0.28209552184474812	0.32008180437213529	-0.50941457891017539	0	0.32702719490309656	ASN:chr1:159953315-162888864
LZTS2	1	0	1.4441722877299052	-0.52935226782634937	-0.11251074753785842	0.43237797906395303	1	0.43965610440535197	ASN:chr10:102471756-106139565
MALT1	1	0	0.26536244179041668	0.97093935536191467	0.97661621684949673	0.49876844501171047	1	-0.23757275192085492	ASN:chr18:54958664-57377707
MAMSTR	1	1	0.2434424036163807	-0.89470904666016249	-0.19514006512283033	-1.2498015070218957	1	0.25767289732265358	ASN:chr19:49093112-51334271
MANBA	1	0	-1.7285879608758745	1.3537957718351263	0.37737597121078487	0.39373156795655168	0	-0.15804038923061522	ASN:chr4:102707193-105305539
MAP1B	1	0	-1.3275570770200711	1.172589841412341	-0.40866274001058961	-0.84999219990435326	0	-0.60022384436130416	ASN:chr5:67851517-71419711
MAP1S	1	0	-0.59191671942261059	-0.2917588581482487	-1.0774026778670875	0.10776055695994285	0	1.3675030275913218	ASN:chr19:16749208-20221313
MAPK10	1	1	0.46820176447021189	2.5068525448562862	1.0734051067593204	-0.7644260123559129	1	-1.6065190516418686	ASN:chr4:87214993-89236855
MAPKAPK5	1	1	0.63054446305552536	0.68839797498655564	-0.95000533409385868	0.419603645285127	1	2.1278250915913239	ASN:chr12:109270450-113028429
MAPRE3	1	1	0.45626700502258349	0.71642663096701931	-0.31329966327190684	0.64211714203560788	1	0.23587865137323322	ASN:chr2:26209579-29456860
MARK1	1	1	0.38172493033871807	1.3928825329091483	0.64557234554643983	-1.2371673595673942	1	-0.86623074484813078	ASN:chr1:220125116-221151629
MARK3	1	0	-0.33743860799591291	1.2851122792207488	0.081331941237916913	0.65684186165880531	0	0.2537014970190592	ASN:chr14:103390025-105001894
MARK4	1	0	-1.2842841148084687	1.7825436529231591	-0.57997673657241466	-0.00076803800037141131	0	0.7782555050031027	ASN:chr19:45579043-47334409
MAS1L	1	1	0.63042399135548877	-2.2096557205712952	-1.9790932196186803	-1.5424114315453052	1	0.088313384392563962	ASN:chr6:28901402-29688046
MASP1	1	0	-0.53993549910858862	0.92163910525768766	0.74470778755132849	1.153322320865807	0	0.91835367519217603	ASN:chr3:186230742-188951597
MAST3	1	1	0.8793639957723105	0.6789998342398702	-1.2590140455729486	0.29495221667459859	1	0.68599490733676005	ASN:chr19:16749208-20221313
MAU2	1	1	1.1601057307674354	0.4113885034115416	-0.22261729028087554	0.40240413481205911	1	-0.11287275726658151	ASN:chr19:16749208-20221313
MB	1	0	-1.4764496534666529	0.25779769728785157	0.53931383011307199	-1.1279089072535582	0	-0.93586475493836663	ASN:chr22:34860926-36453608
MCAM	1	0	0.43553263932886827	-0.41645005882878966	0.25430516059762232	0.37623804244697634	1	0.92992553954065182	ASN:chr11:118900987-120771784
MCM5	1	0	-1.5098918894345359	0.098781785404631617	0.63418997536507293	0.3133913603150254	0	-1.10523436361019	ASN:chr22:34860926-36453608
MCU	1	0	-1.641286053054293	1.6711954056043568	-0.26159959358414037	0.14400265101987489	0	-0.40737179429614107	ASN:chr10:73730459-75699350
MED22	1	1	1.5586446940593075	-0.63134291164771184	0.12508303783744068	-0.023425870031421252	1	-0.63982072579965954	ASN:chr9:134722557-136612240
MED24	1	0	-0.25698595273664765	0.4891217782097898	-0.60827454814335002	0.4865369838791111	0	-0.35452385362234706	ASN:chr17:36495389-38649589
MED26	1	0	-0.18082357841226693	0.6826477773905929	0.20851737063421713	-0.18579268548961117	0	0.74305567513885051	ASN:chr19:15648148-16749208
MEPE	1	1	0.61966539942526255	0.099964475421835827	0.55755250892625496	-1.5424114315453052	1	-1.1450448465602125	ASN:chr4:87214993-89236855
METAP1	1	0	0.69545390637293991	0.84872378545630023	0.80501458581269869	0.60467527972704138	1	2.1536129647690712	ASN:chr4:99040831-101711689
METTL2B	1	0	0.7926125383626369	0.22465807447795272	0.044784428933872522	-0.040641455150152536	1	1.8667345689564676	ASN:chr7:126869221-129589868
MEX3A	1	0	-0.95119967686929341	-0.61898593065177765	-0.56899677582887886	-1.2246363491606882	0	-1.1848169893514275	ASN:chr1:153397055-156616039
MFAP2	1	0	0.90104354883785509	-0.96947799862782991	-0.017510974103252672	-0.7644260123559129	1	0.61342593374553489	ASN:chr1:14893157-17875820
MFNG	1	0	-1.5547401286310443	-0.19418295037803857	-0.26531121312251599	0.15927680938315789	0	1.9415584213102979	ASN:chr22:36453608-37977990
MFRP	1	0	0.47340474983244946	-0.81593539950958227	0.25430516059762232	0.038095816304544595	1	0.95075145975809117	ASN:chr11:118900987-120771784
MGAT3	1	0	-1.4039698708451598	0.34329227692611025	-0.17822736654119417	-1.424273135697375	0	-0.83275384402684915	ASN:chr22:37977990-40527060
MIA2	1	0	-1.6119360198584445	0.037433678369792431	0.73446249805358976	0.51090321374087144	0	0.70698976732796548	ASN:chr14:35858508-40256601
MICALL1	1	0	-1.5439218880781491	0.39280556802241851	-0.29574771193935173	-0.20494104501434526	0	1.9246622031110661	ASN:chr22:37977990-40527060
MIER1	1	0	0.97656278938003749	0.80791445566092657	0.59990686365492463	0.53488870564562641	1	-0.40632796156588347	ASN:chr1:66774011-68477862
MIF	1	0	1.416164445927997	-2.2350218623947256	0.11074043431284628	1.6629882125337589	1	-0.47424794031408274	ASN:chr22:23398337-25209349
MKRN2	1	0	-0.95141044646712003	0.13818070071344327	0.70007902434833325	0.50282403587880642	0	0.099481784172114604	ASN:chr3:11019488-12860229
MLEC	1	0	1.2188841023615633	-0.30595093335396117	0.31126439530183353	0.76640791205277092	1	0.11190574923927235	ASN:chr12:119859279-122015993
MLH1	1	0	-1.1869199498323248	0.90785275517097352	0.40278407686387013	0.53488870564562641	0	0.27117803296547116	ASN:chr3:35283408-38353505
MLN	1	1	1.0847688193902758	-0.67055666261351643	0.38425105418482824	-1.5424114315453052	1	2.7205684900926794	ASN:chr6:33209310-35757007
MMAA	1	0	0.47360280444387914	0.48277118662129581	-0.1223709275257175	0.29030761328157983	1	-0.095481867609653368	ASN:chr4:145025810-148834277
MMP11	1	0	1.6572848658425243	-0.25169200841148903	-0.094639845612878054	-0.77370120825070487	1	-0.57947716407441541	ASN:chr22:23398337-25209349
MMP15	1	0	-0.73255384661035683	-0.034479823933093283	0.84007176582944687	0.81012504683872599	0	-0.41065530940560074	ASN:chr16:56907578-58867358
MNDA	1	0	-1.1652834687265128	-0.15729488995368401	0.68542277637365423	0.19928012204816672	0	0.86603099371072145	ASN:chr1:157982579-159953315
MOAP1	1	0	-0.19343028028034814	-1.6165914812879489	0.70173092132045467	0.55850517531162203	0	0.78290964158840515	ASN:chr14:92916399-94325285
MOG	1	1	0.67370167794748737	-0.28588433193024543	-2.4819724237021497	-1.5424114315453052	1	-0.37874929765276594	ASN:chr6:28901402-29688046
MORN3	1	1	1.2846442168836931	-0.028083538367491039	0.27695368152709715	-1.2625405033716455	1	0.27160530459754978	ASN:chr12:122015993-124721969
MPPED1	1	1	1.604186112816854	1.1276062106489306	0.80058530300701725	0.57791175806387796	1	2.6736648894302202	ASN:chr22:42690818-44994946
MPST	1	0	-1.2869436496485462	-0.6035678597638342	0.10314674392111449	1.5869516283659728	0	1.8786249028000555	ASN:chr22:36453608-37977990
MPV17	1	1	0.41295385266905621	-0.2470649056958166	-0.3018956345476056	0.80014641852338841	1	-0.23714916304822126	ASN:chr2:26209579-29456860
MPV17L2	1	1	0.92263695798391288	-1.3695513553730678	-1.2439676726782447	0.30419947506312861	1	1.1151493693604655	ASN:chr19:16749208-20221313
MPZ	1	0	-1.1003740254090981	-1.1157502518108069	0.4613723128601076	-0.63163084246833168	0	-0.014071077581779296	ASN:chr1:159953315-162888864
MPZL2	1	0	0.078452740295077678	-0.53520746293837296	0.41760619817710171	0.58560621151926406	1	-1.0994376455468851	ASN:chr11:117901740-118900987
MPZL3	1	0	0.067632137294067057	0.10750297331608177	0.43517364663432856	-0.07566290381854722	1	-1.0812794251569338	ASN:chr11:117901740-118900987
MRC1	1	0	1.4419125045232954	1.1681004800771999	0.85583564256119637	-0.31130671705196428	1	-0.4856463009020528	ASN:chr10:16679279-18537267
MRGPRE	1	0	0.12208715706903778	-1.2009922937610875	0.39435346549313322	-1.5424114315453052	1	0.024093966354129619	ASN:chr11:2739889-4466102
MRGPRG	1	0	0.14372363817484995	-2.4978502083354597	0.36849882704683151	-1.5424114315453052	1	0.061881532610260311	ASN:chr11:2739889-4466102
MRPL1	1	0	-0.87319097379812516	1.0760188700388613	0.68875136680786875	0.72491781202550087	0	1.2149892063842835	ASN:chr4:77718852-78969420
MRPL23	1	0	0.3384519681271157	0.39444029896884392	0.0951396415170776	1.1769995036550049	1	-0.70346916359250122	ASN:chr11:70855-2739889
MRPL33	1	1	0.174731514724634	1.7490360983081157	-0.16850609040575082	1.2028861247178617	1	-0.0055596368074804807	ASN:chr2:26209579-29456860
MRPL34	1	0	-0.78664504937487634	-0.34604640260434272	-0.90481836740576727	1.2780254431602163	0	1.5242870495002898	ASN:chr19:16749208-20221313
MRPL40	1	0	0.13384221274613498	-1.2905642687113847	-0.12839863729472351	1.2333846163564111	1	-0.61061160804060621	ASN:chr22:18557031-19912242
MRPL43	1	0	1.4218774637513019	-0.16290211481409672	-0.094216447293595837	1.080017346697048	1	0.39621067527923137	ASN:chr10:102471756-106139565
MRPS27	1	0	-1.3383753175729882	1.1642923497382314	-0.25835803061911566	0.73887281950114025	0	-0.65522637512377502	ASN:chr5:71419711-73759199
MRPS28	1	0	-1.3275570770200711	1.2391290024320512	0.36849882704683151	1.1373321736707733	0	-0.53870905717081696	ASN:chr8:79751440-82016264
MRS2	1	1	0.41880270900875627	0.011803543107644306	1.2041514715300423	0.45343510281395133	1	-0.039201844201985782	ASN:chr6:24397129-26141757
MSI1	1	0	1.010643739708079	0.17067395717389863	0.43961882186885742	-1.0931517940764952	1	-0.62256465148871509	ASN:chr12:119859279-122015993
MSL1	1	0	-0.30026836474075613	-0.33227079998129561	-0.48971144158202795	0.72491781202550087	0	-0.39546836796150486	ASN:chr17:36495389-38649589
MSL2	1	0	0.83609103356068615	0.59486294891658686	-0.10653455674595717	0.42387357919353502	1	-0.058718477604240427	ASN:chr3:135268752-137727495
MSTO1	1	0	-0.65527916151964316	1.4037628033772291	-0.65986890981706103	-0.3745438613257136	0	-0.10306926807080714	ASN:chr1:153397055-156616039
MTNR1B	1	0	-0.78531011013005825	-0.28813846349124173	0.45854938137540985	-1.5424114315453052	0	-1.0126513460742126	ASN:chr11:90954609-92731401
MTSS1	1	1	0.84608537620435131	1.5974473313123005	0.68236629247698	1.074445506640205	1	0.85035821765475927	ASN:chr8:123780420-126401023
MTX1	1	1	-0.92927963869523544	-1.1323906492989033	-0.59490393601198521	0.34961818026662567	0	0.59464461396093571	ASN:chr1:153397055-156616039
MUC1	1	1	-0.90735960052119957	-1.2485698882313165	-0.60213433964828389	-0.84024587985937749	0	0.60928889243618767	ASN:chr1:153397055-156616039
MUC21	1	0	1.1335270979875958	-0.9876806137994818	-9.3598406062987767	-1.5424114315453052	1	0.69173802635790149	ASN:chr6:30458591-31054923
MYADM	1	0	-1.4249212419962149	-0.60153022585700167	-0.80142007406522109	0.9002581183599988	0	-2.0345631127733563	ASN:chr19:52985347-54734184
MYD88	1	0	-1.1436469876207005	-1.225006265854667	0.22639947220798443	1.0911007179534018	0	0.25299274106882036	ASN:chr3:35283408-38353505
MYH9	1	0	-1.4430074174987477	1.2050144336556627	0.28903502996250435	1.2877717632051922	0	1.799021156986464	ASN:chr22:36453608-37977990
MYL2	1	1	0.65218094416131556	-0.62533394208768245	-0.95809548327135408	-1.5424114315453052	1	2.242673863840599	ASN:chr12:109270450-113028429
MYO9B	1	0	-0.82991801158650069	1.4069932410504584	-0.74698454637661249	0.44924672299778623	0	1.3880723818876994	ASN:chr19:16749208-20221313
MYOF	1	0	-0.72173560605746179	1.5895609154785235	0.59903431057831202	-0.3251360020311444	0	-0.75213226494135443	ASN:chr10:92107336-95362627
MYPOP	1	0	-0.89482745490391535	-0.44089483497645982	-1.2749858127311418	-0.22433128494633753	0	-0.18478789877270485	ASN:chr19:45579043-47334409
NAA25	1	1	0.51154381697356921	1.0050992176598663	-0.75665322484420561	0.18937660221091152	1	2.0174620596281523	ASN:chr12:109270450-113028429
NANOS2	1	0	-0.90564569545683238	-2.0472907595110152	-1.2693799780117414	-1.5424114315453052	0	-0.17725261750265323	ASN:chr19:45579043-47334409
NAP1L4	1	0	0.16536011928066216	0.58880051167554914	0.28524653892898549	0.94948206340882169	1	-0.10044751735729983	ASN:chr11:2739889-4466102
NBPF1	1	0	0.81336339614164532	0.64009602328917714	0.10314674392111449	-0.17315853803510961	1	0.29604455324849532	ASN:chr1:14893157-17875820
NBPF3	1	0	0.82432341522867436	0.53797005601279968	0.67930474474443825	-1.0480002963675215	1	1.0391383096770028	ASN:chr1:20304720-22145806
NCAN	1	1	1.2575603235628827	0.45438786230388645	-0.2783609053815399	-1.482206058210068	1	0.23164634875779316	ASN:chr19:16749208-20221313
NCEH1	1	0	-1.7105453052419444	0.99230340687640473	0.28283163077330781	-0.18579268548961117	0	-0.040300906473604341	ASN:chr3:172048457-175051223
NCF4	1	0	-1.3426807095950546	-0.20811730286021884	0.12658633013626813	0.30419947506312861	0	1.8883321034161813	ASN:chr22:36453608-37977990
NCK1	1	0	0.81445455245487397	1.0530357631778515	0.019480866010181522	0.70018705444177343	1	0.65284622190650488	ASN:chr3:135268752-137727495
NCS1	1	0	-0.42964311112905218	0.81992580589671693	0.097812532507928263	-0.8113727982236163	0	2.4903946624588462	ASN:chr9:132047808-133641809
NDRG4	1	0	-0.67846264384583732	0.63313865593900553	0.79928054975333274	-0.99336676308912741	0	-0.0080306314460306828	ASN:chr16:56907578-58867358
NDUFA13	1	1	1.2034188831209627	-0.17653713826132625	-0.26438260910477124	1.6127179186060483	1	0.1417976142701998	ASN:chr19:16749208-20221313
NDUFA3	1	0	-1.6845590152658954	-0.94613364865972038	-0.63928540788265953	1.4402468639792609	0	-1.2789036228909767	ASN:chr19:52985347-54734184
NDUFAF3	1	0	-1.5929671573089517	-1.5353914362046805	-1.057331955047448	1.134650879975442	0	0.043048778055806827	ASN:chr3:47793553-51831792
NDUFB8	1	0	1.3215507558476087	0.064208546031646635	0.17990615047458619	1.5006213970755693	1	0.2271364596196756	ASN:chr10:100365649-102471756
NDUFB9	1	1	0.86774195238111496	0.21255409480222778	0.56290019677658965	1.5505458054113956	1	0.88536764120364331	ASN:chr8:123780420-126401023
NDUFS2	1	0	-1.0246463415387665	-0.19627267597747231	0.38816821931122991	1.3635916307086566	0	-0.0142083655810336	ASN:chr1:159953315-162888864
NECAP2	1	0	0.72568324344545754	-0.10743568962255005	0.1611975003970228	0.82988978663259039	1	0.16624676269240951	ASN:chr1:14893157-17875820
NEDD4L	1	0	0.23248238452935174	2.1349247075223872	1.1167777159955463	0.010436685107920078	1	-0.389389616736313	ASN:chr18:54958664-57377707
NEU2	1	0	1.712368518345893	-1.7211277617951468	0.48689564271460484	-1.5424114315453052	1	0.51395467479104073	ASN:chr2:233550713-234883167
NEUROG3	1	0	1.0849105662774714	-2.057711541743465	0.8359817446131298	-1.5424114315453052	1	-0.24152831519481732	ASN:chr10:71054709-72673145
NFKB1	1	1	-1.6853055488717881	1.2689135211673876	0.37999806736754382	0.60088036988254712	0	-0.094930276290196375	ASN:chr4:102707193-105305539
NFRKB	1	0	-0.81064270131814531	0.27650226537461697	0.4748004486906342	0.24786139970718202	0	0.65182728812014867	ASN:chr11:128188777-130049774
NGEF	1	0	1.7015502777929978	1.3835069851850301	0.57943916438712451	0.62724980789687312	1	0.52196069132423806	ASN:chr2:233550713-234883167
NICN1	1	0	-1.4793632300049198	-0.96378632954321586	-1.1241140927731481	0.38063014916378046	0	0.14845654827531335	ASN:chr3:47793553-51831792
NINJ2	1	0	-1.1539600299792414	1.1508367878292507	0.060424995908492561	-0.006401219552568789	0	-0.16742994703185873	ASN:chr12:61107-1739022
NIT1	1	0	-0.94891865766843475	-0.85389663085544887	0.36948728492352695	1.0883373684217534	0	-0.04497248035339655	ASN:chr1:159953315-162888864
NKAPL	1	1	0.38157729345143654	-2.0102444449700037	0.14527502053719324	-1.1279089072535582	1	-0.082664527383682865	ASN:chr6:26697553-28901402
NKPD1	1	0	-1.2085564309381371	-0.58763785099644938	-0.64498008713950983	-1.5120136015842425	0	0.77937095752549856	ASN:chr19:45579043-47334409
NKX2-3	1	0	1.1877818119760104	-1.406817909691108	0.23421310734391004	-1.5424114315453052	1	0.4230834290523236	ASN:chr10:100365649-102471756
NLRP12	1	0	-1.4790124447607345	0.24795972274745895	-0.76089923153583439	-1.3684473380869764	0	-1.9958759595778566	ASN:chr19:52985347-54734184
NLRX1	1	0	0.32732660931863006	-0.18931416263315753	0.29350234695611194	-0.06977022767520083	1	0.91877231341040899	ASN:chr11:118900987-120771784
NOL11	1	0	0.74863078340890388	0.13815186550822145	0.043213066631343708	0.74234183849229562	1	0.70311758302178806	ASN:chr17:64800166-67858770
NOL12	1	0	-1.4519668433784747	1.0944485678617428	-0.41419168239726051	-0.029142972544210624	0	1.9442775247734407	ASN:chr22:37977990-40527060
NOS1AP	1	0	-1.2410111525968444	2.0351467150457263	0.72741969110199745	-0.99336676308912741	0	-0.68616860826668824	ASN:chr1:159953315-162888864
NOSIP	1	1	1.1531239878394115	0.33665863840499061	-1.2423909473637946	0.83642188266082707	1	0.59431700135339072	ASN:chr19:49093112-51334271
NOTCH3	1	0	-0.37555190836453267	0.47491684458397093	0.35261116803027559	-0.64868702072582451	0	-0.36404160150956044	ASN:chr19:12500149-15648148
NOTCH4	1	1	1.6041577634394237	0.20774828526564104	-3.2067438751196335	0.059869801952823244	1	3.2250324770624634	ASN:chr6:31571894-32682590
NOVA2	1	0	-0.92728217656264456	0.44577302276787728	-1.2384550098663958	-0.98266957519798592	0	-0.28902404235846002	ASN:chr19:45579043-47334409
NPFFR1	1	0	0.93345519853683001	0.3756716239431504	1.0125494910562527	-1.5424114315453052	1	-0.94655344836059296	ASN:chr10:71054709-72673145
NPTXR	1	0	-1.4905346948533549	0.10371279684120195	-0.20905284016757697	-1.2371673595673942	0	-0.64538966561176381	ASN:chr22:37977990-40527060
NR1D1	1	0	-0.25698595273664765	-0.79559520666603167	-0.58273195097342267	0.46593210738885804	0	-0.46428649659110377	ASN:chr17:36495389-38649589
NR1I2	1	0	-0.67898946977656804	0.40993122971170909	0.56200998947406389	1.1184640138135591	0	-1.2607658827808055	ASN:chr3:118903462-120523073
NR2C2AP	1	1	1.3441866282699373	-1.8535336336971282	-0.33873568717567076	0.33613311330666706	1	0.31676242530543625	ASN:chr19:16749208-20221313
NR2F6	1	0	-0.73255384661035683	-0.3556792815637973	-0.91799433735449931	1.0827957008497084	0	1.4963732842522313	ASN:chr19:16749208-20221313
NRBF2	1	0	0.73872686858456427	-0.020250746813211259	0.51937529286571193	0.84616820270580295	1	1.0557698314271466	ASN:chr10:64198067-66313715
NRBP1	1	1	0.34798412413876523	-0.33344043506282078	-0.30000178661712273	1.071651984030682	1	-0.20886143900367304	ASN:chr2:26209579-29456860
NRF1	1	0	0.55455927234011715	1.4428325406082347	0.29693141076513124	-0.093477884239779013	1	-0.24732723413576735	ASN:chr7:126869221-129589868
NRSN1	1	0	0.10096215548504804	0.19590855946303695	1.1064165397965191	-1.5424114315453052	1	-0.1105244904756249	ASN:chr6:23199920-24397129
NSMAF	1	0	0.088105210017579372	0.94698134543015977	0.42241390695891279	0.091962404650528268	1	-0.22530564112844143	ASN:chr8:59047312-60470380
NSMCE2	1	1	0.83525708811595845	1.9348730408770687	0.79457579541346157	0.3406413111146418	1	1.0422052298256852	ASN:chr8:123780420-126401023
NSUN6	1	0	1.4202760234175054	1.2001302518964445	0.97115355558755623	1.0491188785023953	1	-0.10569172743155894	ASN:chr10:18537267-20311057
NTF4	1	1	0.65992312892330574	-0.67510413928272583	-0.65470150001585847	-1.5424114315453052	1	0.38702133112235337	ASN:chr19:49093112-51334271
NTN5	1	1	0.18864230818125785	-0.4986792309918141	-0.15314505468457915	-1.2371673595673942	1	0.23263351217777378	ASN:chr19:49093112-51334271
NUBP1	1	0	-1.1983784138257159	0.1047674966816792	0.84593535700810274	0.76981532799192598	0	1.4364433257306866	ASN:chr16:8961640-10868121
NUCB1	1	1	0.52840289987900202	0.034074028677254543	-0.46367660750544992	1.502734322736478	1	0.65982719149654756	ASN:chr19:49093112-51334271
NUDT3	1	0	-1.3819884351728955	1.2488860198083171	0.58706794163446818	0.4110279791248429	0	2.6065602362181184	ASN:chr6:33209310-35757007
NUDT9	1	1	0.57639007515238783	0.38671208628536369	0.61063461205233927	0.98243053370642275	1	-0.60763699531199267	ASN:chr4:87214993-89236855
NUP188	1	0	-0.029368210671625584	0.75377887878772143	-0.60102012679786954	0.18937660221091152	1	0.45787434931390308	ASN:chr9:130597604-132047808
NUP210L	1	0	-1.2471201922189656	1.5282829046046738	0.072842829828982672	-1.327871224541181	0	0.395319932656788	ASN:chr1:153397055-156616039
NUP98	1	0	0.0247229920928939	1.3370753261000028	0.93075495401366137	0.58943902312423935	1	-0.40752094947170797	ASN:chr11:2739889-4466102
NWD1	1	0	-0.040186451224520678	1.1391716319098941	-0.10866669261930396	-1.4970374803542688	1	0.9480585043852805	ASN:chr19:16749208-20221313
NXNL1	1	0	-0.6460079221871301	-1.0739854463910574	-1.0080886388877117	-1.5424114315453052	0	1.5443308002073088	ASN:chr19:16749208-20221313
OAS1	1	0	-0.82991801158650069	0.10002507724505051	-0.17955696627939738	0.98243053370642275	0	0.84504942870029076	ASN:chr12:113028429-114181109
OAS2	1	0	-0.85155449269231287	0.30891385145221856	-0.085768789352640817	0.58176380588274323	0	0.79603250346412269	ASN:chr12:113028429-114181109
OAS3	1	0	-0.84073625213939585	0.34432984382678611	-0.11850632809051113	0.21401662162793145	0	0.81463844222223669	ASN:chr12:113028429-114181109
OASL	1	0	1.1860040451004765	-0.1257413549711118	0.32312420835357952	0.62724980789687312	1	0.20689762188076435	ASN:chr12:119859279-122015993
OBP2B	1	1	1.4819245604501488	-1.3297242415309287	0.15232745797568037	-1.5424114315453052	1	-1.2923925117705504	ASN:chr9:134722557-136612240
OCEL1	1	0	-0.71091736550456663	-1.5407334688044607	-0.92660937373386398	1.0001087358110112	0	1.477710758245566	ASN:chr19:16749208-20221313
OLFML2B	1	0	-1.2193746714910323	0.46203692912394412	0.65123734678385803	-1.0480002963675215	0	-0.53680550089513701	ASN:chr1:159953315-162888864
ONECUT2	1	0	0.37496263266066238	0.70308686576574631	0.62847239049305204	0.081339246334298773	1	0.68686361914380456	ASN:chr18:54958664-57377707
OPA3	1	0	-1.1220105065149104	0.93113752798225402	-0.99701491612285253	-0.34611637760602121	0	1.2081257283289593	ASN:chr19:45579043-47334409
OPN1SW	1	0	0.77097133236059368	-1.4714506831102465	0.13856884478697898	-0.39621537774727372	1	1.5479597709231596	ASN:chr7:126869221-129589868
OR10C1	1	1	0.60878514805947848	-2.0055614283306022	-1.828112552962798	-1.5424114315453052	1	-0.17446434745632791	ASN:chr6:28901402-29688046
OR10H1	1	0	-0.55946199776390326	-2.3033842348535734	0.51389996454465348	-1.5424114315453052	0	-0.22206834574078757	ASN:chr19:15648148-16749208
OR10H2	1	0	-0.60273495997552773	-2.3686252831235537	0.57384430437715439	-1.5424114315453052	0	-0.13403677573526684	ASN:chr19:15648148-16749208
OR10H3	1	0	-0.58109847886971555	-2.4293143405380255	0.5515924264932951	-1.5424114315453052	0	-0.14512627688273397	ASN:chr19:15648148-16749208
OR10H4	1	0	-0.46209783278775945	-2.4293143405380255	0.39370336101626957	-1.5424114315453052	0	-0.34809930283491608	ASN:chr19:15648148-16749208
OR10H5	1	0	-0.57028023831679842	-2.295179337711053	0.51785599494536472	-1.5424114315453052	0	-0.21335320307951233	ASN:chr19:15648148-16749208
OR10J1	1	0	-0.99219161988005922	-2.3249940305479022	0.54171606893875723	-1.5424114315453052	0	0.48333076627868649	ASN:chr1:157982579-159953315
OR10J5	1	0	-0.94891865766843475	-2.3530715104521427	0.43199196203905793	-1.5424114315453052	0	0.82520502223419689	ASN:chr1:157982579-159953315
OR10K2	1	0	-1.0138281009858714	-2.4390907965035766	0.63590180685055109	-1.5424114315453052	0	0.75724230419180505	ASN:chr1:157982579-159953315
OR10R2	1	0	-1.0571010631974738	-2.3844997746338947	0.64953966916658934	-1.5424114315453052	0	0.69592920675391756	ASN:chr1:157982579-159953315
OR10T2	1	0	-1.0246463415387665	-2.4341870502324641	0.63932071986358574	-1.5424114315453052	0	0.7588890186362216	ASN:chr1:157982579-159953315
OR10X1	1	0	-1.1003740254090981	-2.4054029291021846	0.66728796982726157	-1.5424114315453052	0	0.64218087334645435	ASN:chr1:157982579-159953315
OR10Z1	1	0	-1.1544652281736176	-2.4366350191048354	0.68236629247698	-1.5424114315453052	0	0.64623518890060316	ASN:chr1:157982579-159953315
OR12D2	1	1	0.58714630476349017	-2.3656383324836545	-1.6567139322121414	-1.5424114315453052	1	-0.2061964523435347	ASN:chr6:28901402-29688046
OR12D3	1	1	0.57632688311548508	-1.9091452065797732	-1.5643947838317109	-1.5424114315453052	1	-0.24930924935744131	ASN:chr6:28901402-29688046
OR14J1	1	1	0.55468803981947479	-2.305449195130552	-1.3772163036432123	-1.5424114315453052	1	-0.23531410183424989	ASN:chr6:28901402-29688046
OR1I1	1	0	-0.27818774338841079	-2.2237824575019358	0.27175168328157923	-1.5424114315453052	0	-0.33050472905881934	ASN:chr19:12500149-15648148
OR2B2	1	1	0.067814065659375422	-2.2426070031759844	0.40213693206425449	-1.5424114315453052	1	0.15470527753074931	ASN:chr6:26697553-28901402
OR2B3	1	1	0.52222977487545941	-2.3130684576586535	-0.90876130337486094	-1.5424114315453052	1	-0.21321277074693978	ASN:chr6:28901402-29688046
OR2B6	1	1	0.31666076356342765	-2.4366350191048354	0.35526861512700719	-1.4529663122347427	1	0.091897035708360053	ASN:chr6:26697553-28901402
OR2H1	1	1	0.61960456970748368	-0.876398334421022	-1.9009356172681595	-1.5424114315453052	1	-0.061881532610260311	ASN:chr6:28901402-29688046
OR2H2	1	1	0.65206283465149906	-2.3435981185111712	-2.2545831997689101	-1.5424114315453052	1	-0.17585831157920628	ASN:chr6:28901402-29688046
OR2J2	1	1	0.54386861817146959	-2.3596989737177481	-1.1160010717508395	-1.5424114315453052	1	-0.23940879741855295	ASN:chr6:28901402-29688046
OR2J3	1	1	0.5330491965234645	-2.4415544324033847	-0.96825823275241074	-1.5424114315453052	1	-0.22234975683021271	ASN:chr6:28901402-29688046
OR2W1	1	1	0.51141035322747619	-2.3693738350169622	-0.81763001973066152	-1.5424114315453052	1	-0.23249247497418762	ASN:chr6:28901402-29688046
OR5V1	1	1	0.56550746146747988	0.95097464631727668	-1.5062240635404243	-1.5424114315453052	1	-0.2763085852475855	ASN:chr6:28901402-29688046
OR6K2	1	0	-1.089555784856181	-2.3047602594588787	0.66644666685055132	-1.5424114315453052	0	0.89372753554551299	ASN:chr1:157982579-159953315
OR6K3	1	0	-1.0787375443032861	-2.3937200712051605	0.66307761950637567	-1.5424114315453052	0	0.89803370732935361	ASN:chr1:157982579-159953315
OR6K6	1	0	-1.1220105065149104	-2.2684445139038898	0.66868929085932127	-1.5424114315453052	0	0.90462770916832935	ASN:chr1:157982579-159953315
OR6N1	1	0	-1.2410111525968444	-2.3701231154281435	0.72443194274471923	-1.5424114315453052	0	0.85509734055458342	ASN:chr1:157982579-159953315
OR6N2	1	0	-1.1328287470678053	-2.426889502118621	0.67316639046039084	-1.5424114315453052	0	0.91250954416331076	ASN:chr1:157982579-159953315
OR6Y1	1	0	-1.1436469876207005	-2.4077609265403388	0.67568000040101495	-1.5424114315453052	0	0.64691194030010379	ASN:chr1:157982579-159953315
OR7A10	1	0	0.0247229920928939	-2.4465054820176793	-0.22034962285135182	-1.5424114315453052	1	-0.43980731339626589	ASN:chr19:12500149-15648148
OR7A17	1	0	-0.051004691777415768	-2.2985874245589812	-0.099728206670286326	-1.5424114315453052	1	-0.38140531309698095	ASN:chr19:12500149-15648148
OR7A5	1	0	-0.002322609289365841	0.50303345973157998	-0.23673928200928079	-1.5424114315453052	1	-0.44412101566546242	ASN:chr19:12500149-15648148
OR7C1	1	0	-0.002322609289365841	-2.3414284067085935	-0.23673928200928079	-1.5424114315453052	1	-0.44412101566546242	ASN:chr19:12500149-15648148
ORAI1	1	1	1.2627241787096573	-0.249876014314041	0.29590335958066188	0.38937684092173319	1	0.27744969160239197	ASN:chr12:122015993-124721969
ORM1	1	0	1.0874551040723173	-1.4439518470225878	0.62043793454756369	2.3198761217260575	1	1.2504993405783724	ASN:chr9:116400502-119530000
ORM2	1	0	1.0763076920830157	-1.4520988602087095	0.6218752232226713	2.121616423512001	1	1.2501993750108409	ASN:chr9:116400502-119530000
ORMDL3	1	0	-0.2353447467346044	-0.94236949479387722	-0.61668057608699045	1.4707309345791446	0	-0.35569351974076724	ASN:chr17:36495389-38649589
OSBPL5	1	0	0.15454187872774505	0.97939769144291011	0.34895092707115705	-0.48609706346840675	1	0.12919037773817008	ASN:chr11:2739889-4466102
OSCAR	1	0	-1.7278319774775197	-0.78318596225753612	-0.61331357493121674	-0.50941457891017539	0	-1.2523015016816492	ASN:chr19:52985347-54734184
OTOF	1	1	-0.041834247043002565	1.166251868932372	-0.094216447293595837	-1.2625405033716455	1	-0.16304636674791123	ASN:chr2:26209579-29456860
OTUB2	1	1	0.81440435865318794	0.0098983900604843918	0.86316316111647406	-1.1998770986860694	1	1.1680884609140532	ASN:chr14:94325285-95947052
OTUD4	1	1	0.48456282353090813	0.87274976490106015	-0.15576932299272769	0.57791175806387796	1	-0.59382570200266105	ASN:chr4:145025810-148834277
OXER1	1	0	-1.1005287404213606	-1.9554074139716211	0.74390101087122695	0.74925644590609553	0	2.3327654294627376	ASN:chr2:42336744-44322128
OXSR1	1	0	-1.2085564309381371	1.0771182745292214	0.32784690303617237	0.57017854145523961	0	0.26278497115925559	ASN:chr3:35283408-38353505
P2RX4	1	1	1.1421639687523826	0.064081565071153895	0.34828464909154966	0.50282403587880642	1	0.1067961372999407	ASN:chr12:119859279-122015993
P2RX7	1	1	1.1531239878394115	0.66973135055200073	0.33289357514803664	-0.18579268548961117	1	0.12946723195942642	ASN:chr12:119859279-122015993
P4HTM	1	0	-1.6091962897809595	-0.19729737841858275	-1.0566191596841554	0.45343510281395133	0	0.009540706901116542	ASN:chr3:47793553-51831792
PACSIN2	1	1	1.6582773155813735	1.6062095874824156	0.7003544430769808	0.84940327292380335	1	2.6835880088614399	ASN:chr22:42690818-44994946
PADI2	1	0	0.89008352975082616	0.66156357496572471	-0.0069814757773463687	-1.0931517940764952	1	0.45269732898043452	ASN:chr1:14893157-17875820
PADI3	1	0	-0.53471895156236848	0.3495625442027675	0.058087333412784645	-1.5424114315453052	0	-0.88272983875114164	ASN:chr1:14893157-17875820
PAG1	1	0	-1.3708300392316957	1.4369366313130012	0.42880478988571558	-0.23084951236379053	0	1.0929290038816408	ASN:chr8:82016264-83727741
PARVB	1	1	1.5068219478407321	1.5800921382486288	1.0104550008618955	0.3406413111146418	1	2.6148518884249063	ASN:chr22:42690818-44994946
PARVG	1	1	1.5284584289465224	0.56659488600217145	0.90825185396113717	0.55067332031079141	1	2.6276367119344064	ASN:chr22:42690818-44994946
PATE1	1	0	-0.46895883704021657	-1.409826958151426	0.7129795345132327	-1.5424114315453052	0	0.86903089961703861	ASN:chr11:124496119-126773879
PATE2	1	0	-0.47991885612724555	-1.6239507375458959	0.71653191792640514	-1.5424114315453052	0	0.85272538515254159	ASN:chr11:124496119-126773879
PAX2	1	0	1.3884352277834189	1.1099542097316415	0.11263399115075703	-1.482206058210068	1	0.27730703357979269	ASN:chr10:102471756-106139565
PBLD	1	0	0.4033614114445303	0.62715748413319372	0.61323467464150139	1.444638970696065	1	-0.32398759476883587	ASN:chr10:68757629-71054709
PBX2	1	1	1.625798969441467	-1.0849219030697299	-3.2343253118689308	0.8526315396242321	1	3.279333544592713	ASN:chr6:31571894-32682590
PBX4	1	1	1.2359037473861192	0.72480290395715286	-0.22761597561604202	-0.97204641688175619	1	0.25838250199534135	ASN:chr19:16749208-20221313
PBXIP1	1	1	-0.78679939056392489	-0.47446720196913961	-0.63247487699280824	0.92198807020926765	0	0.59333454594484569	ASN:chr1:153397055-156616039
PCCB	1	0	0.84690927411360328	1.0528160557555051	-0.13964538803776366	1.3589610382068835	1	0.10652002267321167	ASN:chr3:135268752-137727495
PCP4L1	1	0	-1.089555784856181	0.1388724218396889	0.4538348913029393	-0.3745438613257136	0	-0.018189844563329151	ASN:chr1:159953315-162888864
PDE12	1	0	0.27354252480967911	-0.5753017955223525	0.74685747161684424	0.26687142904068867	1	-0.71938164174120933	ASN:chr3:56847831-59704331
PDE4C	1	1	0.93345519853683001	0.58102088906883131	-1.1720369588242543	-1.1634712757314924	1	1.0951767456198382	ASN:chr19:16749208-20221313
PDE6C	1	0	-0.66764440329294228	0.67215623443236983	0.46794243085958975	-1.0149874057224155	0	-0.74414162453649291	ASN:chr10:95362627-97064851
PDGFB	1	0	-1.2416608258298025	-0.032425785549389394	-0.2385693608480613	-0.23739553614427666	0	-0.47240538846886232	ASN:chr22:37977990-40527060
PDHB	1	0	0.4033614114445303	-0.98247112177939333	0.31024428931047238	1.2409154912336549	1	-1.34715629221554	ASN:chr3:56847831-59704331
PDXP	1	0	-1.3924665203375077	-0.76994110639668756	-0.42732622945581961	0.90338129390388111	0	1.9543725534873726	ASN:chr22:37977990-40527060
PDZD3	1	0	0.38142962432374916	-1.188290847936343	0.28006786588135241	-1.3412777748263425	1	0.92465025264060541	ASN:chr11:118900987-120771784
PDZD7	1	0	1.455319699719207	0.038287719954288403	-0.11893532912701296	-1.0259130052277403	1	0.44056350929418492	ASN:chr10:102471756-106139565
PEX26	1	0	-0.019598054472204664	0.66918180414378958	0.15935308268085061	0.3133913603150254	1	-0.67336998547045601	ASN:chr22:18557031-19912242
PFDN2	1	0	-0.99219161988005922	-0.18460752005811565	0.3760635265842921	1.2207504689019095	0	-0.039751369335646519	ASN:chr1:159953315-162888864
PFDN6	1	1	1.2578984674066658	-0.69051576611349108	-0.12151142892583996	1.1319648946002117	1	2.8225383320474968	ASN:chr6:33209310-35757007
PGAP2	1	0	0.035541232645811001	0.19239609377530165	0.89019907702107881	0.69304731947605303	1	-0.38332522009278092	ASN:chr11:2739889-4466102
PGAP3	1	0	-0.17042112872845266	0.10807289232882933	-0.77982114108971956	0.68946496020657122	0	-0.56154659907200055	ASN:chr17:36495389-38649589
PGBD1	1	1	0.40321613674744683	-0.046224037897640138	0.11679299884406744	-0.41819723667778325	1	-0.13514496190888992	ASN:chr6:26697553-28901402
PGLS	1	0	-0.61355320052842277	-0.64453878955975086	-1.0666234019801581	0.95552553676730823	0	1.5108274438518143	ASN:chr19:16749208-20221313
PGLYRP1	1	0	-1.0354645820916615	-1.3402761377569605	-1.1987801456356493	-1.3412777748263425	0	-0.29934491262529611	ASN:chr19:45579043-47334409
PGLYRP2	1	0	-0.54864375721100822	0.23586386417084115	0.50198080368182152	1.5769252031030643	0	-0.26449051640285071	ASN:chr19:12500149-15648148
PGPEP1	1	1	1.4851718848826918	0.21140133596997884	-1.0011597895385538	0.42813166860987051	1	1.0926795955211153	ASN:chr19:16749208-20221313
PHF1	1	1	1.1929748494005139	-1.0041594732170396	0.0030867738018019631	0.8686718135833309	1	2.7808494865990325	ASN:chr6:33209310-35757007
PHF19	1	0	-1.4681942042078173	-0.02394359119716049	-0.15576932299272769	-0.36738748356092887	0	1.6419401423888444	ASN:chr9:122117725-124681439
PHF21B	1	1	1.6690955561342906	1.3499035843503455	0.67148874898663291	-1.5424114315453052	1	2.6688004011253255	ASN:chr22:44994946-46915049
PHLDA2	1	0	0.23026956259807674	-2.2612523247162537	0.2374000962736991	0.070642058443157407	1	-0.088175574591423847	ASN:chr11:2739889-4466102
PHLDB1	1	0	0.33814721231964068	0.6452320567232438	0.34361396464258914	0.09724654153901223	1	0.052119174183700621	ASN:chr11:117901740-118900987
PHYHD1	1	0	0.24108780315097184	-0.041330061964850687	-0.69293573200333891	1.026250071924695	1	0.51630594488206338	ASN:chr9:130597604-132047808
PICK1	1	0	-1.3491935581258834	-0.10807067955428906	-0.49864750600439411	0.55459424262210932	0	1.9299385042226074	ASN:chr22:37977990-40527060
PIH1D1	1	1	1.2736841977966862	-0.87081787380062214	-1.3865642847276383	0.97351449556953662	1	0.026977667188016495	ASN:chr19:49093112-51334271
PIK3R2	1	1	0.89018223632520566	0.086298865730377622	-1.3245701551500977	0.18937660221091152	1	1.1376721825180456	ASN:chr19:16749208-20221313
PINK1	1	0	0.94488362518594904	-0.16294475003834766	0.58736072812900852	1.2156675495215807	1	1.0639543111457606	ASN:chr1:20304720-22145806
PIP4K2B	1	0	-0.59242464576839504	0.33411429766233608	-0.88133580981803106	0.32252853164017126	0	-0.60780211035564213	ASN:chr17:36495389-38649589
PITPNC1	1	0	0.33715583605037241	2.049826552911032	0.42752838026396039	0.19928012204816672	1	0.90173800916889679	ASN:chr17:64800166-67858770
PIWIL3	1	0	1.7120849612776472	0.70411061311457079	-0.1228008267847045	-1.5424114315453052	1	0.52605506940156055	ASN:chr22:23398337-25209349
PIWIL4	1	0	-0.060728330825558528	0.95939597722587333	0.37770393677317271	-0.74604207705408054	1	-1.0276652094806982	ASN:chr11:92731401-94987750
PKD2	1	1	0.54393358194774821	0.88142966307936566	0.66223439706125109	0.086660015094070078	1	-1.2720914314210781	ASN:chr4:87214993-89236855
PKD2L1	1	0	1.1766343999867088	0.49316901923061474	0.2654898935520475	-1.0704100410848536	1	0.14221361043031336	ASN:chr10:100365649-102471756
PKLR	1	0	-1.0607998677395392	-0.50390644022410169	-0.53698088311883407	1.16652137252489	0	0.56573017685689231	ASN:chr1:153397055-156616039
PLA1A	1	0	-0.73309248478168709	0.27686357264525518	0.56704883665087702	0.94948206340882169	0	-1.1820519104453073	ASN:chr3:118903462-120523073
PLA2G1B	1	0	0.99968372062107191	-1.0535162330731243	0.45697922072658598	-1.0149874057224155	1	-0.61524955905924228	ASN:chr12:119859279-122015993
PLA2G4C	1	1	0.19960232726828681	0.79879968193227691	-0.16850609040575082	0.25263602330866858	1	-0.14138164264711459	ASN:chr19:47334409-49093112
PLB1	1	1	-0.031005958954609735	1.6352494562163009	0.49245145034297683	-0.86967247267934789	1	-1.0830051579285835	ASN:chr2:26209579-29456860
PLBD2	1	0	-0.98137337932714208	0.24898415480223918	0.30240471193464513	0.40672211304685968	0	0.71973731448227296	ASN:chr12:113028429-114181109
PLCD1	1	0	-1.0462828226445786	-0.0015980308833623716	0.19444820432358725	0.070642058443157407	0	-0.47670718442676846	ASN:chr3:35283408-38353505
PLCE1	1	0	-0.74337208716327396	2.0943441975662589	0.87196819696728045	-1.0817388028381392	0	0.44647053326371022	ASN:chr10:95362627-97064851
PLEKHA4	1	1	0.40784268992174932	0.26634061306273704	-0.3343916084851048	0.55067332031079141	1	0.50364253631301914	ASN:chr19:49093112-51334271
PLEKHH2	1	0	-1.111347571489596	1.3610329097712821	0.75810246751198707	-0.64868702072582451	0	0.88679055097175941	ASN:chr2:42336744-44322128
PLEKHM2	1	0	0.62704307166224083	0.62789050491619425	0.41600084497352041	0.4865369838791111	1	0.51803202481248123	ASN:chr1:14893157-17875820
PLVAP	1	0	-0.72173560605746179	0.11484949330422108	-0.92262821178519216	0.26214094686780554	0	1.5309000963370929	ASN:chr19:16749208-20221313
PMP2	1	0	-1.2951023553613639	-0.8710317606089758	0.31974345008089899	-1.4675165657271294	0	0.88030038410068123	ASN:chr8:82016264-83727741
PMVK	1	1	-0.83063946691201873	-0.46116349169104492	-0.62568935422862815	1.0660496411322735	0	0.59071745870360259	ASN:chr1:153397055-156616039
PNMT	1	0	-0.15960052572744204	-1.686736661543154	-0.79646087093742768	-1.424273135697375	0	-0.60466774946325086	ASN:chr17:36495389-38649589
PNN	1	0	-1.5036531389746264	-0.78624562077724158	0.66026538040566995	1.2706748772377361	0	0.49338368008299838	ASN:chr14:35858508-40256601
PNPLA5	1	1	1.5825496317110419	-0.4562800831234663	0.84262343974555287	-1.4101251991383059	1	2.6639982571547201	ASN:chr22:42690818-44994946
POGLUT1	1	0	-0.78719549978680625	0.11091617615463616	0.5850171362404728	0.1285749809558504	0	-1.1689035396090741	ASN:chr3:118903462-120523073
POLE3	1	0	1.1208973400402225	-1.4399104437175159	0.53178664269359899	0.72841847545893146	1	0.79584407097099674	ASN:chr9:112864469-116400502
POLR2F	1	0	-1.5222854069723368	1.0677703234849243	-0.34309000195587214	0.76981532799192598	0	1.9185734750219106	ASN:chr22:37977990-40527060
POLR3A	1	0	-0.50183889430128148	0.68606624993793264	0.43008031846538275	-0.11755744074719161	0	0.4800933625585509	ASN:chr10:79466701-80464093
POM121L2	1	1	0.035355800715382003	0.12562225269212013	0.48782277140187924	-1.5424114315453052	1	0.45452312037903947	ASN:chr6:26697553-28901402
POP5	1	0	1.1750440260134476	-1.6447051805902559	0.32312420835357952	0.86227580328697162	1	-0.016542304654184197	ASN:chr12:119859279-122015993
POPDC2	1	0	-0.71145127877964387	0.19828578184871459	0.54321588393580711	-0.67463198061055163	0	-1.2403629377500724	ASN:chr3:118903462-120523073
POU4F2	1	0	0.41880270900875627	-1.4083209638380287	0.25640746111609042	-1.5424114315453052	1	-0.27545299161157255	ASN:chr4:145025810-148834277
PPA1	1	0	0.91181871743101783	0.25517659729210451	1.0287594367216932	1.3402977049591591	1	-0.88638382220653755	ASN:chr10:71054709-72673145
PPA2	1	0	-1.003159260807398	1.1924191853473032	0.30001213716316694	1.0462788402264303	0	-0.0035005011797277748	ASN:chr4:105305539-107501341
PPARG	1	0	-1.0921781916160949	1.4513700292573914	0.79405230477074817	0.46593210738885804	0	-0.465969017043387	ASN:chr3:11019488-12860229
PPFIA3	1	1	0.76952331979355149	0.26882671163284233	-0.83208908482320154	-0.72787570822561765	1	0.36918017980216	ASN:chr19:49093112-51334271
PPM1G	1	1	0.30467097178523794	0.18824633830453685	-0.28398196509646595	0.93426845770724076	1	-0.14068841093205314	ASN:chr2:26209579-29456860
PPM1K	1	0	0.52229591981129986	0.15104816840120569	0.70448080569163241	-0.46312845164973759	1	-1.6784260025392435	ASN:chr4:87214993-89236855
PPM1L	1	0	0.8142537443647021	2.0582257708845404	0.77537165036420064	-0.93027403655757335	1	-0.42593756598383631	ASN:chr3:159155377-161620009
PPM1N	1	0	-1.1003740254090981	-0.37363079448037828	-1.0255252841712252	-0.95101813940956448	0	1.0567290382607963	ASN:chr19:45579043-47334409
PPOX	1	0	-1.0030098604329543	-0.50337548464325055	0.37770393677317271	0.18440077856624923	0	0.0065205743032059719	ASN:chr1:159953315-162888864
PPP1CC	1	1	0.60890798194971307	0.031991602901337873	-0.92064084257794876	1.0146866255275124	1	2.2260154959638947	ASN:chr12:109270450-113028429
PPP1R11	1	1	0.29502192026741741	-1.3991339312338202	-6.6748363630784686	0.99423859385708369	1	1.0349078705322261	ASN:chr6:29688046-30458591
PPP1R13B	1	0	-0.21687839803866019	1.2546083864313224	-0.035057897183350513	0.29030761328157983	0	0.3148866019063864	ASN:chr14:103390025-105001894
PPP1R13L	1	0	-1.1761017092794299	0.13864191717876939	-0.71649897069853385	-0.15440017527324418	0	0.85114674351049358	ASN:chr19:45579043-47334409
PPP1R15A	1	1	0.48456282353090813	-1.390475135249889	-0.43902358652640322	1.1238786234851077	1	0.73368050462035372	ASN:chr19:49093112-51334271
PPP1R1B	1	0	-0.12713871672436616	-0.62665656931907054	-0.77247352919698187	-1.5120136015842425	0	-0.80834195461873304	ASN:chr17:36495389-38649589
PPP2R3A	1	0	0.80363631190197882	1.6167811019115521	0.025442550790914613	-0.87960804296603545	1	-0.61176986111438836	ASN:chr3:135268752-137727495
PPP4R4	1	1	0.78194786544852646	1.3778862889551244	0.89590599058646558	-0.25720278193313983	1	1.1656478684998606	ASN:chr14:94325285-95947052
PPT2	1	1	1.6744916829460808	-0.42821429437371678	-3.2764850558417757	0.42813166860987051	1	3.4563001557183894	ASN:chr6:31571894-32682590
PPTC7	1	1	0.46827085476196684	0.65145996419691887	-0.62568935422862815	0.317966744478204	1	2.1291474969943476	ASN:chr12:109270450-113028429
PRDM10	1	0	-0.86478414176006546	1.1785476646525785	0.5254400241262539	-0.31130671705196428	0	0.64708117444187585	ASN:chr11:128188777-130049774
PRDM12	1	0	-0.44046135168196926	-0.14895988912642535	0.11149808990214964	-1.5120136015842425	0	2.4965422336377614	ASN:chr9:132047808-133641809
PREB	1	1	0.54289330972963812	-1.3389001131516545	-0.36109965652564568	1.0204792371194538	1	-0.048270646911901659	ASN:chr2:26209579-29456860
PRIMA1	1	1	0.93341150040357712	0.88224183661281264	0.80449404441308281	-1.3145807497409923	1	-0.12919037773817021	ASN:chr14:92916399-94325285
PRKAR1A	1	0	0.61869132634832191	0.4404756909072412	0.28903502996250435	1.2950411070994965	1	0.87003260738946908	ASN:chr17:64800166-67858770
PRKAR2A	1	0	-1.5010020733009299	1.1794429672770379	-1.1035324103320292	-0.052226719577656198	0	-0.13251328819218033	ASN:chr3:47793553-51831792
PRKCG	1	0	-1.414103001443298	0.18740828662449832	-0.80950727277772538	-1.4675165657271294	0	-2.0378367170022775	ASN:chr19:52985347-54734184
PRM2	1	0	-1.0252487658093259	-2.5230356266962648	0.64386945313004218	-1.5424114315453052	0	1.4306896962225695	ASN:chr16:10868121-12612116
PRMT1	1	1	1.0490038065126803	-0.40160065264557471	-1.1652222419809213	1.0291273740797553	1	-0.43663402908111276	ASN:chr19:49093112-51334271
PRODH	1	0	-0.041518092646262612	0.048786914977550298	0.16561660642430456	0.73539594315561607	1	-0.65863304940021761	ASN:chr22:18557031-19912242
PRPF31	1	0	-1.6304678125013758	-0.24156773072428833	-0.65642236491416917	0.78673986823822695	0	-1.4037098859977761	ASN:chr19:52985347-54734184
PRR12	1	1	1.1092839114913176	0.34209845000607414	-1.1849781747459818	-0.31820578596976723	1	0.65412084316333308	ASN:chr19:49093112-51334271
PRR5	1	1	1.6366408344755612	0.86879714293549026	0.77484269030436115	0.66415159094917364	1	2.6545743274965505	ASN:chr22:44994946-46915049
PRR5-ARHGAP8	1	1	1.5933678722639588	1.518946104387128	0.82262630889365096	-0.33209764775131578	1	2.6319954706208222	ASN:chr22:44994946-46915049
PRRG2	1	1	1.1312039496653536	-0.58993590791559758	-1.1888017266096333	-0.087516555387269102	1	0.63125296294911748	ASN:chr19:49093112-51334271
PRRT1	1	1	1.6907225874476186	-1.0092622959523412	-3.2859859608653461	-0.77370120825070487	1	3.5512873810192511	ASN:chr6:31571894-32682590
PRRT4	1	0	0.69522711135343129	-0.51966890281384182	0.12056580937554995	-1.424273135697375	1	1.8512802613048975	ASN:chr7:126869221-129589868
PRRX2	1	0	-0.27818774338841079	0.72145791587620578	-0.26067285236290089	-1.5424114315453052	0	2.5713108315763997	ASN:chr9:132047808-133641809
PRSS16	1	1	0.024536379067376865	-0.70555173657164683	0.48967563448133533	-1.2883401064786222	1	0.28787919717345967	ASN:chr6:26697553-28901402
PRSS54	1	0	-0.74337208716327396	-0.30313243212674884	0.84338825535545836	-1.1515253769195539	0	-0.41424238387360185	ASN:chr16:56907578-58867358
PRSS56	1	0	1.3986395423116931	-1.1139884991845472	0.36520014363532805	-1.5424114315453052	1	0.46933802521113305	ASN:chr2:232191250-233550713
PSMB3	1	0	-0.60324524876940566	-0.510574467024698	-0.92196551787225467	1.4533856624540178	0	-0.61458618613997062	ASN:chr17:36495389-38649589
PSMB8	1	1	1.4634899244261095	-1.325852543345061	-0.86520228708017832	1.2853409784529271	1	3.0018480187748806	ASN:chr6:32682590-33209310
PSMB9	1	1	1.4418487184240663	-0.28298870809142762	-0.82956632408132092	0.96154531016940614	1	2.9778775521446597	ASN:chr6:32682590-33209310
PSMD12	1	0	0.70531763105537659	0.194114109688723	0.11339087093050416	0.93426845770724076	1	0.81502108501249459	ASN:chr17:64800166-67858770
PSMD3	1	0	-0.27862715873869093	-0.20199277147457795	-0.58991479315602835	1.1211737060446065	0	-0.37241513131056264	ASN:chr17:36495389-38649589
PSMD9	1	1	1.339444312318816	0.21670541657950335	0.19589613541151496	0.54674235721434805	1	0.34649541792755045	ASN:chr12:122015993-124721969
PTCD2	1	0	-1.3491935581258834	0.4466620362173776	-0.18488495254535176	-0.21137728190805274	0	-0.6591447094859898	ASN:chr5:71419711-73759199
PTGES	1	0	-0.28900598394130589	-0.32040954641155017	-0.20545240657575031	-1.1162355411099409	0	2.5566170350146082	ASN:chr9:132047808-133641809
PTH2	1	1	1.2956042359707223	-2.3693738350169622	-1.4097118352793729	-1.5424114315453052	1	-0.028076277597462333	ASN:chr19:49093112-51334271
PTPN11	1	1	0.50072557642067417	1.0869597159284232	-0.76211417040696194	0.76981532799192598	1	0.30912174884809035	ASN:chr12:109270450-113028429
PUS3	1	0	-0.50183889430128148	-0.63850542163425961	0.75355916154863156	0.72491781202550087	0	0.73962259891865467	ASN:chr11:124496119-126773879
PVALB	1	0	-1.3203858856164512	-0.13206413202803841	0.1220727794541111	-0.33209764775131578	0	1.889967386504078	ASN:chr22:36453608-37977990
PVR	1	0	-1.4898306853136296	-0.093830616256413132	-0.28398196509646595	0.64581158485450141	0	0.76494467335976413	ASN:chr19:43862455-45579043
PXK	1	0	0.3384519681271157	1.1001231810976957	0.41053218866120483	-0.023425870031421252	1	-1.3650593655629037	ASN:chr3:56847831-59704331
PXN	1	0	0.93392360609892011	0.69908954221775899	0.56616062612840712	0.77321519704574815	1	-0.71104932725206837	ASN:chr12:119859279-122015993
PYGO2	1	1	-0.76487935238988891	-0.91165970317815603	-0.63587700490637145	0.37623804244697634	0	0.59726781795944417	ASN:chr1:153397055-156616039
PYHIN1	1	0	-1.2301929120439492	0.56130401144205644	0.70969433905879697	-0.31130671705196428	0	0.52968438283554053	ASN:chr1:157982579-159953315
PYROXD1	1	0	1.2580024151239468	0.2954686778245732	0.80110694647030256	0.4742072770265966	1	-0.39843890969198736	ASN:chr12:20523761-21757656
PYROXD2	1	0	-0.19164181896518404	0.26838857130324079	0.22212352284984824	0.58943902312423935	0	0.096033487981285776	ASN:chr10:97064851-100365649
QPCTL	1	0	-1.0030098604329543	-0.50983815073339234	-1.2142375503298204	-0.017729981305854219	0	-0.54682110376907811	ASN:chr19:45579043-47334409
RAB25	1	0	-0.88543956234714161	-0.67006219531217692	-0.62174260865666942	-0.012055149518268044	0	-1.2239401439564164	ASN:chr1:153397055-156616039
RAB35	1	0	0.96132365381647045	0.0032616993749382053	0.50075396748311463	0.53091705983291126	1	-1.0151760692583951	ASN:chr12:119859279-122015993
RAB3A	1	1	0.91181871743101783	-0.86114835381159127	-1.241603088918084	-0.70992181642016494	1	1.1143827848685173	ASN:chr19:16749208-20221313
RAB3GAP2	1	1	0.44663437365615466	1.3214359891628	0.51876772358309897	0.20420802435511257	1	-1.155686481875926	ASN:chr1:220125116-221151629
RAB8A	1	0	-0.41882487057615708	0.010034628879053075	0.36354859114678661	1.080017346697048	0	0.22516484029055095	ASN:chr19:15648148-16749208
RABGEF1	1	0	-1.6304678125013758	1.3526593564839555	0.81435934381210084	0.36298581409320924	0	0.80340357133397011	ASN:chr7:63624322-67371495
RAC2	1	0	-1.5871948502897735	-0.11617292230143179	0.0038898689715139516	0.74234183849229562	0	1.9007219288421657	ASN:chr22:36453608-37977990
RAD52	1	0	-1.1813600776968138	0.96330581787119329	0.41182038805560001	-0.029142972544210624	0	-0.073301415834149009	ASN:chr12:61107-1739022
RAD9B	1	1	0.45745261420904976	0.23890569176169202	-0.61219260313073975	-1.2371673595673942	1	2.1251913895694767	ASN:chr12:109270450-113028429
RAF1	1	0	-1.2870873772069678	0.98902559018184344	0.7874961283186348	1.0434335377430501	0	0.48425666847922166	ASN:chr3:11019488-12860229
RALGDS	1	1	1.3942444077539389	0.83719164927230016	0.23137560666136184	0.60846083096809334	1	-1.2332838543307598	ASN:chr9:134722557-136612240
RAP1GAP	1	0	0.8681634915767682	0.9135191452500343	0.6656049806795804	0.50282403587880642	1	0.99989701220342586	ASN:chr1:20304720-22145806
RAP1GDS1	1	0	-0.51631186273760643	1.6178746145755341	0.70145570768431964	0.36298581409320924	0	0.95843733148674592	ASN:chr4:99040831-101711689
RAPGEFL1	1	0	-0.34355077674484263	-0.13823279033058755	-0.45336451625621371	-0.38173375854656599	0	-0.18520682936070709	ASN:chr17:36495389-38649589
RARA	1	0	-0.38683318874892914	0.58412925261939896	-0.29574771193935173	0.60088036988254712	0	0.15164960363694638	ASN:chr17:36495389-38649589
RASAL1	1	0	-0.87319097379812516	0.39806979860239294	0.033361662787826395	-1.2498015070218957	0	0.80872264650869474	ASN:chr12:113028429-114181109
RASAL3	1	0	-0.53782551665809109	-0.41900259435284387	0.48473053179741732	0.010436685107920078	0	-0.30854583132256558	ASN:chr19:12500149-15648148
RASD2	1	0	-1.4875970654559325	-0.40802175376782351	0.55517078221482086	-1.424273135697375	0	-1.0032973484181043	ASN:chr22:34860926-36453608
RASIP1	1	1	0.26536244179041668	-0.079084062098605995	-0.20141028621140977	-0.12363681602118484	1	0.26363764791960054	ASN:chr19:49093112-51334271
RAX	1	0	0.30920251813853256	-0.88680821328935522	0.83546985487123282	-1.5424114315453052	1	-0.62723709080117096	ASN:chr18:54958664-57377707
RBFOX2	1	0	-1.5210393014238377	1.9737043421870251	0.65378094244550666	0.46177773340449191	0	-0.6189029655318008	ASN:chr22:34860926-36453608
RBKS	1	1	0.12059007428273585	1.2263406513691142	-0.070241705293074483	0.8526315396242321	1	-0.029312254880479751	ASN:chr2:26209579-29456860
RBL2	1	0	0.69448934296700571	0.7310892508253396	0.48565874711526535	1.0491188785023953	1	-1.6419401423888444	ASN:chr16:51214363-54450244
RBM28	1	0	0.68440650835239858	0.56073794357566287	0.14639035421339647	0.38937684092173319	1	1.8407196651431983	ASN:chr7:126869221-129589868
RCN3	1	1	1.1640840069264404	-0.10989919837330181	-1.2653861965643394	0.71083477517050186	1	0.5647638592860762	ASN:chr19:49093112-51334271
RCOR1	1	0	-0.42511876069212268	1.4023183490561688	0.2203389529801818	0.26687142904068867	0	-0.31128235474761995	ASN:chr14:101357468-103390025
RECQL	1	0	1.268820655676842	0.29563320588711312	0.77775009868794498	0.46593210738885804	1	-0.40677526417327953	ASN:chr12:20523761-21757656
REEP3	1	0	0.89008352975082616	1.1832438505257952	0.32986722607606661	0.44083552249901781	1	1.1746309691599328	ASN:chr10:64198067-66313715
RELB	1	0	-1.305920595914259	0.38445380386913502	-0.56954422716051556	0.28097603287098549	0	0.66358635465788696	ASN:chr19:43862455-45579043
REXO4	1	1	1.5915247513203945	-0.4788890815040876	0.11565965200913982	0.35408700511211993	1	-0.6999572576017421	ASN:chr9:134722557-136612240
RFC4	1	0	-0.2475717207222683	-0.2013202452444787	0.55844486562275442	0.11820304791289835	0	0.24421459749265137	ASN:chr3:186230742-188951597
RFXANK	1	1	1.3225300520931738	-0.64366260704534717	-0.3334276429147735	0.49876844501171047	1	0.39368771819437109	ASN:chr19:16749208-20221313
RGL2	1	1	1.2470778644056331	-0.82203333689651692	-0.11080129139706028	0.63841378619765898	1	2.8152426544741012	ASN:chr6:33209310-35757007
RGL4	1	0	1.3832843886669319	-0.54166516548890065	-0.11679131919114888	-0.00076803800037141131	1	-0.58843082219727239	ASN:chr22:23398337-25209349
RGS3	1	0	1.0317180441258089	1.4822674258098767	0.69732257700486699	1.0434335377430501	1	0.86005443591224573	ASN:chr9:112864469-116400502
RHOA	1	0	-1.6200157114289426	0.67834250851663913	-1.0516372757905945	1.4985055590420491	0	-0.060231167801255737	ASN:chr3:47793553-51831792
RHOF	1	1	1.3175242741447801	0.1071728272697029	0.20347921612297187	-0.093477884239779013	1	0.28802228215811737	ASN:chr12:122015993-124721969
RHOG	1	0	0.046359473198706092	-0.35853233850688343	0.88472374870002035	0.82988978663259039	1	-0.37742229237513886	ASN:chr11:2739889-4466102
RING1	1	1	1.3120014824117847	-1.2806679600289219	-0.19335247421542839	0.95853837433956268	1	2.8614659878551443	ASN:chr6:32682590-33209310
RIT1	1	0	-0.57855902791046232	-0.3813491513180533	-0.75302153951594208	0.086660015094070078	0	-1.2879750311890454	ASN:chr1:153397055-156616039
RMI2	1	0	-1.079351780814445	1.1711515696577313	0.66476291096510975	-0.74604207705408054	0	1.4055506054405427	ASN:chr16:10868121-12612116
RNF10	1	0	1.1092839114913176	0.52476818445568263	0.3744216589006048	0.99423859385708369	1	-0.44753241334990568	ASN:chr12:119859279-122015993
RNF123	1	0	-1.6524739763729581	0.27833114451086949	-1.0487965035840683	0.73887281950114025	0	0.36301504268100188	ASN:chr3:47793553-51831792
RNF139	1	1	0.82442880002758767	-0.40550530751889541	0.57000645885142187	0.59707605504741001	1	0.87223944372442241	ASN:chr8:123780420-126401023
RNF26	1	0	0.48963565433398742	-1.601528022372718	0.2522004656589153	0.35854285802399921	1	0.9545332227817126	ASN:chr11:118900987-120771784
RNF34	1	1	1.1312039496653536	0.24178433836501134	0.35825368220486881	0.40672211304685968	1	-0.073714352792165844	ASN:chr12:119859279-122015993
RNF39	1	1	0.3058413419154225	-1.0612825987318477	-6.7200938566870159	-0.71887251379344685	1	1.0488444272125497	ASN:chr6:29688046-30458591
RNF5	1	1	1.6474401754435102	-1.0372849231215862	-3.2506066679085048	1.2308660920009888	1	3.3454581029854702	ASN:chr6:31571894-32682590
RPGRIP1L	1	0	0.6295196144366928	1.2015371777391859	0.59145487561634269	-1.1162355411099409	1	-1.4242256536812015	ASN:chr16:51214363-54450244
RPH3A	1	0	-0.81909977103360565	2.070502925858297	-0.12753633118648466	-1.482206058210068	0	0.91688970712210438	ASN:chr12:109270450-113028429
RPL13A	1	1	1.2188841023615633	-1.1902313292704294	-1.3237464769744707	1.9358686741645081	1	0.27331488792487402	ASN:chr19:49093112-51334271
RPL18	1	1	0.090002136398041069	-1.2841355078304595	-0.083242004150713672	1.8456908919483384	1	0.22066155357902836	ASN:chr19:49093112-51334271
RPL19	1	0	-0.045984194216698492	-1.2421345710189373	-0.83398341810690091	1.9875373236322766	1	-1.1867579474248338	ASN:chr17:36495389-38649589
RPL39L	1	0	-0.36668288969447937	0.76104182143700805	0.6720481320562659	-0.3251360020311444	0	0.92823463752863267	ASN:chr3:186230742-188951597
RPL6	1	1	0.55481677918519368	-0.378410437538583	-0.82515976307822914	1.8608145635461177	1	0.36272181045708518	ASN:chr12:109270450-113028429
RPL7A	1	1	1.6024847704074014	-1.4920200146390854	0.1137691945998425	1.9053115994032312	1	-0.63024804263293321	ASN:chr9:134722557-136612240
RPLP0	1	0	0.96132365381647045	-1.2241597725734348	0.50014024381210631	1.8757906847760917	1	-0.81502108501249482	ASN:chr12:119859279-122015993
RPP14	1	0	0.42499789255034248	-0.14641011242411378	0.28455688713653432	0.45761208566415257	1	-1.222200056629557	ASN:chr3:56847831-59704331
RPS11	1	1	1.1969640641875054	-1.4656401984602343	-1.3114351592429017	1.9859968917415523	1	0.32543464836333136	ASN:chr19:49093112-51334271
RPS18	1	1	1.2903602764097415	-1.2324958152391787	-0.13531161035625539	2.0567763656837967	1	2.8453743599818466	ASN:chr6:33209310-35757007
RPS19BP1	1	0	-1.425611076847203	-1.3703692949578072	-0.19469300525457528	1.1480107576067045	0	-0.94205108894242273	ASN:chr22:37977990-40527060
RPS25	1	0	0.24076178531043504	-1.5499783698263352	0.31194415324822405	1.9689493235441056	1	0.51191920368360477	ASN:chr11:117901740-118900987
RPUSD4	1	0	-0.53471895156236848	-0.64973668637642357	0.75623304706280015	0.49470211084500149	0	-2.4813461881150451	ASN:chr11:124496119-126773879
RRAS	1	1	1.1092839114913176	-1.1655355208622828	-1.1849781747459818	0.76981532799192598	1	0.65412084316333308	ASN:chr19:49093112-51334271
RSC1A1	1	0	0.61608305257521179	-1.9153489916530109	0.43898445112578421	0.57017854145523961	1	0.53411211988227236	ASN:chr1:14893157-17875820
RSPH6A	1	0	-0.98137337932714208	-0.099424403297773675	-1.2196783339426338	-1.5424114315453052	0	-0.5741272291225239	ASN:chr19:45579043-47334409
RSU1	1	0	1.3661848206529859	1.785678179426867	0.8809812470027627	0.53091705983291126	1	-0.5897370940958031	ASN:chr10:16679279-18537267
RTKN2	1	0	0.70627214692583495	1.0357703817779276	0.55248766524625526	-1.3961064692836005	1	1.1527470128512762	ASN:chr10:62085190-64198067
RTN2	1	0	-1.1328287470678053	-0.49224378026138127	-0.97302004422037836	-0.3251360020311444	0	0.9044210516102269	ASN:chr19:45579043-47334409
RTP1	1	0	-0.35585460160608656	-1.327205424057708	0.67036947459964269	-1.5424114315453052	0	0.92950256489916816	ASN:chr3:186230742-188951597
RTP2	1	0	-0.32336973734095209	-1.2678467712921484	0.64415337753045043	-1.5424114315453052	0	1.0834988172024012	ASN:chr3:186230742-188951597
RTP4	1	0	-0.51827892293182498	-1.3740608151127414	0.73689415241540612	0.28097603287098549	0	0.96913997297049592	ASN:chr3:186230742-188951597
RUFY2	1	0	1.1281835284890958	0.83711023097936099	0.64840701699725278	-0.25057192820870744	1	-0.22572807045520302	ASN:chr10:68757629-71054709
RUSC1	1	0	-1.0827199059135972	-0.60122881230251146	-0.53375588761194748	0.15927680938315789	0	0.52905269784584696	ASN:chr1:153397055-156616039
RUSC1-AS1	1	0	-1.0388798295654813	-0.85872351539218672	-0.54021151673262302	0.58943902312423935	0	0.53585445211481542	ASN:chr1:153397055-156616039
RUVBL2	1	1	0.51744288079199507	0.0080568024566777495	-0.45645210587414514	0.91271287431447545	1	0.34067058103530501	ASN:chr19:49093112-51334271
RXFP2	1	0	-0.67846264384583732	0.80320039833101042	0.37310711361563326	-1.5424114315453052	0	-0.16610757986639837	ASN:chr13:32301388-34095663
RXFP4	1	0	-0.56759900882343339	-2.2857161826911252	-0.75665322484420561	-1.5424114315453052	0	-1.2595511553320924	ASN:chr1:153397055-156616039
RXRA	1	0	-0.39223870343103578	1.3172453640888788	0.39630240779692671	0.98834591771373725	0	-1.292709012222768	ASN:chr9:136612240-138198537
RXRB	1	1	1.3444632914148607	-0.86379273905108422	-0.20096170702328178	0.74580303556251748	1	2.8870859159601285	ASN:chr6:32682590-33209310
SAG	1	0	1.6799137966871858	0.43461210154524194	0.62244982582569153	-1.5424114315453052	1	0.8742493511816698	ASN:chr2:233550713-234883167
SAMD13	1	0	-1.6953772558188125	1.0872035168781806	0.54171606893875723	-1.2883401064786222	0	1.2908119479039404	ASN:chr1:83991644-86012417
SAMM50	1	1	1.5500949100523345	0.69610581016615081	0.87848202839565592	0.80347984057227462	1	2.6408660212093427	ASN:chr22:42690818-44994946
SAR1A	1	0	0.9010004768781007	0.031163679860242596	1.0331348537040841	1.0604267767854996	1	-0.88923401145699488	ASN:chr10:71054709-72673145
SARDH	1	1	1.5038445986241846	0.94753581105047213	0.14564687323115874	1.2105677433348889	1	-0.93607748028979365	ASN:chr9:134722557-136612240
SCAF1	1	1	1.1092839114913176	-0.23152825446523265	-1.1849781747459818	0.4865369838791111	1	0.65412084316333308	ASN:chr19:49093112-51334271
SCAMP3	1	1	-0.97311971504335137	-0.95526728760106594	-0.55808167051818192	0.8686718135833309	0	0.57947716407441541	ASN:chr1:153397055-156616039
SCD	1	0	1.243518871922519	-0.17784011537768593	0.21354182651462236	1.4314247692928403	1	0.091345629065942374	ASN:chr10:100365649-102471756
SCGN	1	1	-0.38648588991898214	0.61418426109460145	0.92051578241209242	-0.30443851655469145	0	-0.10265526079193965	ASN:chr6:24397129-26141757
SCHIP1	1	0	0.82507434736571272	0.72877637710756582	0.77166574633030993	0.419603645285127	1	1.9159856502648644	ASN:chr3:159155377-161620009
SCN2B	1	0	0.04599093129200181	-0.32009573435759059	0.47106286719111029	-1.5271372731820223	1	-1.0886982675380317	ASN:chr11:117901740-118900987
SCN4B	1	0	0.03517032829099119	-0.10328151402122937	0.49737596213520069	-1.2246363491606882	1	-1.0839927406656473	ASN:chr11:117901740-118900987
SCUBE1	1	1	1.6474590750284783	1.4467311851440059	0.75836937326191844	-0.77370120825070487	1	2.6785934803454023	ASN:chr22:42690818-44994946
SDCBP	1	0	0.098933498105972198	0.22627994364335685	0.40827567661544789	1.3426430686702471	1	-0.20759889315164723	ASN:chr8:59047312-60470380
SDHB	1	0	0.87364350112028266	0.35639050369311742	0.013100464483215042	1.5525911624765489	1	0.49975042550472587	ASN:chr1:14893157-17875820
SDHC	1	0	-1.1328287470678053	0.6046471451951726	0.51998266245422664	1.197743606506996	0	-0.089415923405199965	ASN:chr1:159953315-162888864
SDS	1	0	-0.97055513877424693	0.32101482324476704	0.30103790569154515	1.6244657329622567	0	0.71831516903664427	ASN:chr12:113028429-114181109
SDSL	1	0	-1.3383753175729882	-0.2541360155461202	0.33322953041783443	1.0117821019546285	0	0.70963598034603559	ASN:chr12:113028429-114181109
SEC11C	1	0	0.28728247996447459	-0.10930246492780599	0.85228779350239503	1.4336350508126381	1	-0.54745886016760881	ASN:chr18:54958664-57377707
SEC23A	1	0	-1.5361380032397607	0.96084344777022324	0.67148874898663291	0.9705309372925055	0	-0.12158069116941229	ASN:chr14:35858508-40256601
SEC31B	1	0	1.2100766359546138	0.50916632883018098	0.22959995364069671	0.25739584185197012	1	0.065733047192444258	ASN:chr10:100365649-102471756
SEL1L	1	0	-1.5794511555932882	0.79066372342048974	0.52937145273186437	1.0405829515008636	0	-1.455578012342563	ASN:chr14:81000021-83137833
SEMA4A	1	0	-1.3128803067410957	0.23776641434511128	-0.50339591621394009	-0.27055104213303399	0	-1.2152764282065813	ASN:chr1:153397055-156616039
SEMA4G	1	0	1.4107300517620003	-0.23921031090904379	-0.08534741847943822	0.90960864625904037	1	0.25469396958248186	ASN:chr10:102471756-106139565
SERBP1	1	0	0.93328037737595093	0.010034628879053075	0.67958327695634912	1.074445506640205	1	-0.3763906365727393	ASN:chr1:66774011-68477862
SERPINA10	1	1	0.92259266933536388	-0.62107035510545017	0.83008643411374139	1.6008795032444572	1	1.1225937366842325	ASN:chr14:94325285-95947052
SERPINA11	1	1	0.77112903438031322	-0.59313493451710642	0.88721454562170787	1.7534737817388557	1	1.0188599884986569	ASN:chr14:94325285-95947052
SERPINA12	1	1	0.74949137224388684	0.24241418407460094	0.92783526104589786	-0.78303278866129922	1	1.0080774014115332	ASN:chr14:94325285-95947052
SERPINA3	1	1	0.71703487903922525	-0.49841550381214572	1.0109206483272355	2.1797583514372687	1	0.90111976699440521	ASN:chr14:94325285-95947052
SERPINA4	1	1	0.73867254117567371	-0.71431482681191427	0.94383678442625241	1.7390601523621116	1	0.95301888203314622	ASN:chr14:94325285-95947052
SERPINA5	1	1	0.72785371010743849	0.26982376810874259	0.96328751022912429	1.7281604124814582	1	0.92886841455316116	ASN:chr14:94325285-95947052
SERPINA6	1	1	0.86849851399427591	-0.11781973696511071	0.84211338675958536	1.8046171304780785	1	1.1269867497292485	ASN:chr14:94325285-95947052
SERPINA9	1	1	0.76031020331210009	-0.21060803800490413	0.89838177064117786	-1.2883401064786222	1	1.0177072800473546	ASN:chr14:94325285-95947052
SESN3	1	0	-0.22793951066506185	0.84652076705466617	0.49214323218590744	-0.49383028007704521	0	-0.18911842627279252	ASN:chr11:92731401-94987750
SETD1B	1	1	1.3284842932318091	0.18778687454445822	0.19878859846564775	0.054455192281274593	1	0.33021478241918001	ASN:chr12:122015993-124721969
SETD6	1	0	-0.63518968163423495	-1.1440431937571329	0.76821788233280253	0.38500972488861901	0	-0.19499127132361524	ASN:chr16:56907578-58867358
SETX	1	1	1.3504043314058451	1.1041463217084195	0.29693141076513124	0.48243807556837204	1	-1.0692883487675338	ASN:chr9:134722557-136612240
SFT2D2	1	0	-1.533103647525254	0.14928803987074699	0.50749150942501253	0.22861299389183048	0	-1.1164284684701289	ASN:chr1:168175845-170169621
SFTA2	1	0	1.0524558446187642	-2.5406073512235423	-8.1438047326678564	-1.3014043576765615	1	1.2152764282065813	ASN:chr6:30458591-31054923
SFXN3	1	0	1.4664671117085086	-0.61729167345527947	-0.15052450786428684	0.13373478497471114	1	0.40886375458777224	ASN:chr10:102471756-106139565
SGIP1	1	0	0.92245977437491833	1.7438450526600946	0.79823608345087671	-1.0149874057224155	1	-1.0889465949487405	ASN:chr1:66774011-68477862
SGSM1	1	0	1.6244048085814595	1.3035454564067357	-0.054844000534503223	-1.2753861034403373	1	0.67768141440981966	ASN:chr22:23398337-25209349
SH2B3	1	1	0.68463566582004476	0.55153951915520605	-1.0157405005722715	0.55850517531162203	1	2.234267181547696	ASN:chr12:109270450-113028429
SH2D1B	1	0	-1.2626476337026566	-0.21515739569532227	0.73473283993929273	-1.0704100410848536	0	-0.86703009528765396	ASN:chr1:159953315-162888864
SH2D5	1	0	0.96680366335998502	-0.40966480284632961	0.57413919338383357	-1.4970374803542688	1	1.0986842723514338	ASN:chr1:20304720-22145806
SH3BP1	1	0	-1.3600117986787785	0.28426902557995493	-0.43240294132031287	-0.081578287825861809	0	1.9590278184313519	ASN:chr22:37977990-40527060
SH3BP4	1	0	1.149820009594908	1.1831028614729759	0.87397489943831885	0.47007526847434317	1	1.3830536641630085	ASN:chr2:234883167-236066960
SH3GLB2	1	0	0.18699660038645236	-0.036937445877186864	-0.66793593459895872	0.79010249882777717	1	0.46749972648350263	ASN:chr9:130597604-132047808
SHC1	1	1	-0.77583937147689586	-0.47127873736989861	-0.63360822382773585	1.0175856636890626	0	0.59644762597712464	ASN:chr1:153397055-156616039
SHE	1	0	-1.115599963174662	0.28577017244413311	-0.48290701938214253	-0.25720278193313983	0	0.86065070765264495	ASN:chr1:153397055-156616039
SIN3B	1	0	-0.61355320052842277	0.63572671249718371	-0.30331729530993373	0.35408700511211993	0	1.1103053467614363	ASN:chr19:16749208-20221313
SIRT4	1	0	0.97776368244701395	-0.54916263134915322	0.48844059887551233	-0.47074653304359965	1	-0.64758898811020005	ASN:chr12:119859279-122015993
SIX5	1	0	-0.95973689822135189	-1.2426543542467741	-1.2298253437818032	0.1285749809558504	0	-0.58614725829321757	ASN:chr19:45579043-47334409
SLAMF1	1	0	-1.3167388364671762	0.43374834081626595	0.25710769680329637	-0.63163084246833168	0	0.32934510893069019	ASN:chr1:159953315-162888864
SLAMF7	1	0	-0.84073625213939585	-0.27678492301819002	0.28834679086463338	0.317966744478204	0	0.33514767469348894	ASN:chr1:159953315-162888864
SLC10A5	1	0	-1.3600117986787785	-1.6645341961887599	0.41020999844917283	-0.15440017527324418	0	0.46199426568665258	ASN:chr8:82016264-83727741
SLC10A6	1	1	0.59802773728883618	0.11166266676106754	0.57089282322516066	-1.327871224541181	1	-0.87545699255334941	ASN:chr4:87214993-89236855
SLC10A7	1	0	0.39688267083472034	1.9137771804888024	0.45760744509314116	-0.12974036382504378	1	-0.087210952722576604	ASN:chr4:145025810-148834277
SLC16A6	1	0	0.72697420723214023	0.063827540302135291	0.10846560190850996	-1.0149874057224155	1	0.97287916227935067	ASN:chr17:64800166-67858770
SLC17A1	1	1	-0.37566705885076895	0.60817870053365986	0.90628205022346808	0.84616820270580295	0	-0.14221361043031336	ASN:chr6:24397129-26141757
SLC17A2	1	1	-0.34321056564612934	-0.1668773260020979	0.88272869106340379	1.0175856636890626	0	-0.0058341898150292377	ASN:chr6:24397129-26141757
SLC17A3	1	1	-0.3107540724414678	0.60908643690853237	0.86517944277469105	0.93120755888588336	0	-0.027526968239797524	ASN:chr6:24397129-26141757
SLC17A4	1	1	-0.33239173457789417	0.13218866733506601	0.87823192053083088	0.87185985263222321	0	-0.13542203433362562	ASN:chr6:24397129-26141757
SLC17A7	1	1	1.2846442168836931	-0.41828940712100049	-1.3985305186739361	-1.3145807497409923	1	-0.0004804599835018805	ASN:chr19:49093112-51334271
SLC1A6	1	0	-0.13755061620066455	0.91207479563392502	0.17588694147133946	-1.5424114315453052	0	-0.34722434577888578	ASN:chr19:12500149-15648148
SLC22A13	1	0	-1.2842841148084687	-0.44586601335486498	0.27868443182353475	-1.4385526828579982	0	0.31993944053057932	ASN:chr3:35283408-38353505
SLC22A14	1	0	-1.3491935581258834	0.37427240981510851	0.30786184976968423	-1.3548024460188213	0	0.20703786798426985	ASN:chr3:35283408-38353505
SLC22A18	1	0	0.19781484093936944	0.1035620074167979	0.24587195962293554	1.026250071924695	1	-0.64471357905729687	ASN:chr11:2739889-4466102
SLC22A18AS	1	0	0.25190604370388892	-0.25793721444184081	0.23066555018522233	-0.29079362448653651	1	-0.65761024608720464	ASN:chr11:2739889-4466102
SLC25A1	1	0	0.024242021875889232	-1.4834418137846102	0.14824774903900614	1.3355961997516146	1	-0.58924712432075621	ASN:chr22:18557031-19912242
SLC25A16	1	0	1.1065470473832835	0.61306469876199232	0.72089472817230926	0.55067332031079141	1	-0.50255197855570366	ASN:chr10:68757629-71054709
SLC25A18	1	0	0.10096215548504804	0.24369747375605919	-0.028917935981140439	1.2583451703852213	1	-0.65216685747513548	ASN:chr22:17581547-18557031
SLC25A20	1	0	-1.4901826516529249	0.48800596207270847	-1.1278136374651033	1.2780254431602163	0	-0.069998364149719036	ASN:chr3:47793553-51831792
SLC25A28	1	0	1.3104033438583069	-0.61139096390982794	0.18355240650454008	0.98834591771373725	1	0.3098417899899063	ASN:chr10:100365649-102471756
SLC25A34	1	0	0.63800309074924777	-1.1527841455372192	0.3599099716017784	-0.58980154450568834	1	0.47102452666784989	ASN:chr1:14893157-17875820
SLC25A42	1	1	1.2792168997396465	0.60389164554419172	-0.3195063569852285	0.97946427143019898	1	0.7283009943667299	ASN:chr19:16749208-20221313
SLC27A1	1	0	-0.65682616274004724	0.39763763123706342	-0.98189609506845221	-0.058052306267077552	0	1.4989013223396588	ASN:chr19:16749208-20221313
SLC2A11	1	0	1.4380844841020548	0.21774625975925635	0.086329964763980666	-0.31820578596976723	1	-0.47793788754897626	ASN:chr22:23398337-25209349
SLC2A6	1	1	1.6901649231036113	-0.78557528067244486	0.081331941237916913	-0.30443851655469145	1	-0.71707198249789417	ASN:chr9:134722557-136612240
SLC30A3	1	1	0.36964070031552887	-0.0062103182624371357	-0.28867927814031175	-1.4675165657271294	1	-0.22052089842448247	ASN:chr2:26209579-29456860
SLC35D1	1	0	1.0090245983831134	0.6912992210013551	0.58384422477207343	0.87185985263222321	1	-0.28931031279576058	ASN:chr1:66774011-68477862
SLC35E1	1	0	-0.20246005951807913	0.0081933675234164005	0.22639947220798443	0.29495221667459859	0	0.29074202119792142	ASN:chr19:15648148-16749208
SLC36A4	1	0	-0.049580918836256843	0.67742703377107205	0.37014596322542914	-0.10547044719272196	1	-1.4403056559092715	ASN:chr11:92731401-94987750
SLC37A4	1	0	0.31109570481709209	-0.91561624880114934	0.3058173111619778	1.4380460890499092	1	0.66461320830105519	ASN:chr11:118900987-120771784
SLC38A7	1	0	-0.6460079221871301	-0.08441732172475569	0.77113572425398957	-0.006401219552568789	0	-0.22924988936170809	ASN:chr16:56907578-58867358
SLC39A12	1	0	1.4310942639704005	1.086042669575904	0.86543132336615747	-1.3412777748263425	1	-0.55368872216252263	ASN:chr10:16679279-18537267
SLC39A7	1	1	1.3336426884138282	-1.3243092994071872	-0.19782469797722269	1.1480107576067045	1	2.8740401874257948	ASN:chr6:32682590-33209310
SLC39A8	1	1	-1.6636643428697229	1.6082800015178575	0.29109821062686853	0.77321519704574815	0	-0.12683751443307512	ASN:chr4:102707193-105305539
SLC4A1AP	1	1	0.15307493854787033	0.26553456519213275	-0.15008811113149537	0.419603645285127	1	-0.8072005811244638	ASN:chr2:26209579-29456860
SLC50A1	1	1	-0.85803951462959116	-1.4239536950820659	-0.6200537232780986	0.94341470274178296	0	0.55625077872704864	ASN:chr1:153397055-156616039
SLC5A5	1	0	-0.53782551665809109	0.030069456382689444	-1.1865066462611	-1.4970374803542688	0	1.3710082037331834	ASN:chr19:16749208-20221313
SLC5A6	1	1	0.46709529311097631	-0.39419562472078123	-0.31807219163856298	0.76640791205277092	1	-0.20437388497647815	ASN:chr2:26209579-29456860
SLC6A12	1	0	-1.0936799250006042	0.071789329970062793	-0.58162937220776245	0.98834591771373725	0	0.05088206611156687	ASN:chr12:61107-1739022
SLC6A13	1	0	-1.1046399440876331	0.49153080931244469	-0.49759395868029005	0.58560621151926406	0	0.20549538416582316	ASN:chr12:61107-1739022
SLC6A16	1	1	1.1421639687523826	0.35940341892481886	-1.1918662745033952	0.070642058443157407	1	-0.019837433848278772	ASN:chr19:49093112-51334271
SLCO1A2	1	0	1.2255476934652176	1.4922009903126943	0.91414869807609722	-0.64868702072582451	1	-0.24492180609252989	ASN:chr12:20523761-21757656
SLCO1B3	1	0	1.2147294529123225	1.9458710578667964	0.99900983050026526	1.2998682816758187	1	-0.19149473309239504	ASN:chr12:20523761-21757656
SLCO1C1	1	0	1.2039112123594273	0.7358667419204814	1.1117146113929559	-1.4529663122347427	1	0.040713067305043954	ASN:chr12:20523761-21757656
SLMAP	1	0	0.29517900591549129	1.5800035076155665	0.65801250361773611	0.317966744478204	1	-0.70558047655784317	ASN:chr3:56847831-59704331
SMAD1	1	0	0.4626427853568722	0.95245804862922845	-0.1180774266248681	0.4865369838791111	1	-0.21616273737426495	ASN:chr4:145025810-148834277
SMARCB1	1	0	1.5805647322333656	0.58256045002862544	-0.013048862063457428	0.78673986823822695	1	-0.5159922775183764	ASN:chr22:23398337-25209349
SMARCE1	1	0	-0.51668042476121068	0.041432922589186891	-0.16102906645759793	0.98834591771373725	0	1.204715233896235	ASN:chr17:38649589-39900528
SMC4	1	0	0.86835675936982126	0.36158528667395817	0.17515523607416419	0.29030761328157983	1	-1.0073931274219656	ASN:chr3:159155377-161620009
SMO	1	0	0.61948289034626891	0.077426330466713322	0.22817820172872999	0.42813166860987051	1	-0.6797553783753808	ASN:chr7:126869221-129589868
SND1	1	0	0.54373866933910653	2.2962341509776789	0.43039906308996234	1.071651984030682	1	1.7430475961408469	ASN:chr7:126869221-129589868
SNRNP70	1	1	0.71472322435842861	0.029571567494018878	-0.71590621304904922	1.4468303204619117	1	0.37035607706467916	ASN:chr19:49093112-51334271
SNRPD2	1	0	-1.0462828226445786	-1.1338940388836807	-1.1972414927936956	1.2974565918627223	0	-0.40037164727475938	ASN:chr19:45579043-47334409
SNRPD3	1	0	1.5257646367982427	0.68719766526247961	0.00027318898529404953	1.2003170190967736	1	0.49431414447486	ASN:chr22:23398337-25209349
SNX17	1	1	0.40212556458066334	-0.93699056406808345	-0.3047400506398768	1.026250071924695	1	-0.24506326250191418	ASN:chr2:26209579-29456860
SOX10	1	0	-1.4898306853136296	-0.22138798229799497	-0.37189190462609079	-1.4385526828579982	0	1.9255378701499477	ASN:chr22:37977990-40527060
SOX14	1	0	0.38172493033871807	-2.545298929189447	0.044391713608533924	-1.5424114315453052	1	0.6374641368758267	ASN:chr3:135268752-137727495
SPACA4	1	1	0.0790421173110121	-2.4132911698495745	-0.073169272657668677	-1.5424114315453052	1	0.21335320307951219	ASN:chr19:49093112-51334271
SPARCL1	1	1	0.58720890622062305	0.73180976769479067	0.60077900492326197	0.57791175806387796	1	-0.91521900326449213	ASN:chr4:87214993-89236855
SPATA16	1	0	-1.6771030692740392	1.8661213135749801	0.25780766724970566	-1.5424114315453052	0	0.071925049176519415	ASN:chr3:172048457-175051223
SPATA21	1	0	0.73664326253248658	0.62590362348024597	0.15935308268085061	-0.8113727982236163	1	0.24492180609252989	ASN:chr1:14893157-17875820
SPDEF	1	0	-1.4252661217649161	-0.14295425082390481	0.60106962723359125	-1.4675165657271294	0	2.6024806928094129	ASN:chr6:33209310-35757007
SPECC1L	1	0	1.3942444077539389	1.451024262851613	0.13520660841865351	0.28564891395377445	1	0.3460581495957718	ASN:chr22:23398337-25209349
SPEN	1	0	0.67088314801033466	1.0956051333498911	0.25605724374435462	0.36741594776055586	1	0.50457777704028139	ASN:chr1:14893157-17875820
SPHK2	1	1	0.11192217457207702	-0.51520931099785083	-0.094216447293595837	0.44083552249901781	1	0.22446090299548285	ASN:chr19:49093112-51334271
SPP1	1	1	0.60884656835704942	-0.81474146973545791	0.56941531298700054	0.80347984057227462	1	-1.2571272601204653	ASN:chr4:87214993-89236855
SPP2	1	0	1.6582773155813735	0.13111269723477342	0.68292239297964852	1.6818928880489434	1	1.4707926269535694	ASN:chr2:234883167-236066960
SPPL3	1	0	1.0216037587951079	1.4240367821862694	0.40956544945190948	0.36741594776055586	1	0.39576526471687851	ASN:chr12:119859279-122015993
SPTA1	1	0	-1.2951023553613639	0.94346380316713752	0.74524544305597495	-1.3822146075020518	0	0.61458618613997074	ASN:chr1:157982579-159953315
SQLE	1	1	0.90022681664627147	0.049240169736819238	0.48039268483735698	0.59707605504741001	1	0.62306461857402118	ASN:chr8:123780420-126401023
SRGN	1	0	0.97672816074843238	-0.22281527406302512	0.8944189288460036	1.3473230730583965	1	0.01159993643807119	ASN:chr10:68757629-71054709
SRSF9	1	0	1.0764038542302308	-0.77767113534459864	0.39370336101626957	1.228343428737616	1	-0.5108240591850467	ASN:chr12:119859279-122015993
SSBP4	1	1	1.4527153916780522	-0.27067976794199644	-0.94262035005230571	0.55459424262210932	1	1.0817721629326587	ASN:chr19:16749208-20221313
SSR2	1	0	-0.62239910425855627	-0.48320723209318006	-0.68534192159087315	1.4203253698835359	0	-1.2213313990942063	ASN:chr1:153397055-156616039
SST	1	0	-0.29088487307579558	-2.0815583386914946	0.62388555113792588	-1.5424114315453052	0	1.0800487277786079	ASN:chr3:186230742-188951597
SSX2IP	1	0	-1.7061954963717076	0.57512597103161212	0.54621186701168034	-0.13586827715378455	0	1.3132406747410095	ASN:chr1:83991644-86012417
ST14	1	0	-0.91892558220198561	0.63362363278480405	0.55636202928680423	0.24786139970718202	0	0.77639856593851819	ASN:chr11:128188777-130049774
ST3GAL4	1	0	-0.58951904699749136	1.0270221015703893	0.82365708396231252	0.50282403587880642	0	-2.4416052632465446	ASN:chr11:124496119-126773879
ST6GAL1	1	0	-0.52910721102021785	1.4570008749865688	0.74255559984971053	1.6303060960644284	0	0.69837971460020409	ASN:chr3:186230742-188951597
ST8SIA1	1	0	1.3445483395471738	2.1688584001435407	0.41214229763857951	-1.4529663122347427	1	0.27645120383711702	ASN:chr12:21757656-24562053
ST8SIA6	1	0	1.4743672261820029	1.3912532885411966	0.78223438798566358	-1.1279089072535582	1	-0.22967269791139705	ASN:chr10:16679279-18537267
STAC	1	0	-1.2518293931497395	1.552690220164495	0.54800712812091057	-1.1515253769195539	0	0.050057370773653014	ASN:chr3:35283408-38353505
STAC2	1	0	-0.045984194216698492	-0.28864027915346124	-0.81450165948390474	-1.5424114315453052	1	-1.1702637324478879	ASN:chr17:36495389-38649589
STAG1	1	0	0.78199983079616664	2.2525696084860325	0.2714043621723099	0.19928012204816672	1	0.38391624475354991	ASN:chr3:135268752-137727495
STAM	1	0	1.4527307450762126	0.89966036330364207	0.78591917875080763	-0.017729981305854219	1	-0.22657305004453338	ASN:chr10:16679279-18537267
STIM1	1	0	0.013904751539998806	1.8245940414298596	1.1440546172889516	0.72841847545893146	1	0.067521578434024787	ASN:chr11:2739889-4466102
STK19	1	0	1.0740923257245762	-0.49499524622538654	-8.3532272985393252	0.35854285802399921	1	1.0179377135328065	ASN:chr6:31571894-32682590
STOX1	1	0	1.0200011229600567	0.85666863497461143	0.86895405147408222	-1.2625405033716455	1	-0.20661714187879382	ASN:chr10:68757629-71054709
STT3A	1	0	-0.41415874160509375	0.31294570042568159	0.64273331909091846	1.0547832400968487	0	0.99673376278728409	ASN:chr11:124496119-126773879
SUGP2	1	1	1.3766714925350938	0.50749045472746046	-0.40065005772677154	0.63841378619765898	1	0.69767914210572046	ASN:chr19:16749208-20221313
SULT2A1	1	1	0.25440242270340968	-0.25933731398990334	-0.19961662243901634	1.9085569288367417	1	-0.21784927590904044	ASN:chr19:47334409-49093112
SULT2B1	1	1	0.013282002788860256	0.5792669036953525	-0.026875807409489503	-1.2883401064786222	1	0.22094287698820125	ASN:chr19:47334409-49093112
SULT4A1	1	1	1.5717313911581468	0.41009328529547284	0.84974943876752451	-1.4385526828579982	1	2.6592567717103943	ASN:chr22:42690818-44994946
SUN2	1	0	-1.5338171068574413	0.75405102161180382	-0.19782469797722269	1.2028861247178617	0	-0.63343248104039096	ASN:chr22:37977990-40527060
SUPT7L	1	1	0.16390322663626317	-0.41603532959239214	-0.16322505240399374	0.59707605504741001	1	-0.58582128452789517	ASN:chr2:26209579-29456860
SUPV3L1	1	0	0.98754640130134952	0.19828578184871459	0.88646765900066016	0.60846083096809334	1	0.057618423862983603	ASN:chr10:68757629-71054709
SURF1	1	1	1.6244048085814595	-1.1603784481870838	0.11036148999563186	1.1612553630712972	1	-0.62991321063128347	ASN:chr9:134722557-136612240
SURF2	1	1	1.6134447894944304	-1.2127389221691083	0.11225543497685679	0.62351036573022134	1	-0.62123216590176156	ASN:chr9:134722557-136612240
SURF4	1	1	1.5367246558852716	-0.32413273419306071	0.12733751793377504	1.3659016992413684	1	-0.60912362796085395	ASN:chr9:134722557-136612240
SURF6	1	1	1.5257646367982427	-1.0528386957929969	0.13258729974988512	0.55459424262210932	1	-0.69086639355404611	ASN:chr9:134722557-136612240
SUSD2	1	0	1.4600045222760909	-0.80407861133846681	0.073616180732264211	-0.44049845580206315	1	0.438749061377875	ASN:chr22:23398337-25209349
SYDE1	1	0	-0.28900598394130589	-0.83061181888025681	0.281450265015525	-0.34611637760602121	0	-0.33558331993291618	ASN:chr19:12500149-15648148
SYMPK	1	0	-1.0138281009858714	0.58783636691254559	-1.2080390641610783	0.72841847545893146	0	-0.56170732383567801	ASN:chr19:45579043-47334409
SYN2	1	0	-0.92975387029035639	1.6368235615024358	0.73959224306324622	-1.5120136015842425	0	-0.4566551275348249	ASN:chr3:11019488-12860229
SYNGAP1	1	1	1.1713336433984707	0.31560665072852589	0.047138969863699524	-0.50160265237970003	1	2.7679653760267384	ASN:chr6:33209310-35757007
SYNGR1	1	0	-1.2957638408349215	0.36104579597754483	-0.23491101378552579	-0.25720278193313983	0	-0.60499740205340058	ASN:chr22:37977990-40527060
SYNGR4	1	1	0.0023219837018312807	-0.47869629683756787	-0.013454063678153019	-1.4385526828579982	1	0.22572807045520302	ASN:chr19:47334409-49093112
SYT11	1	0	-0.55663898973640435	0.10852253056949179	-0.76515501683350995	-0.7644260123559129	0	-0.39576526471687867	ASN:chr1:153397055-156616039
TAB1	1	0	-1.3065844438359542	0.395989053387173	-0.19872044300514544	0.26214094686780554	0	-0.68113964661230331	ASN:chr22:37977990-40527060
TACR2	1	0	1.0091828824071396	-0.41799244065185265	0.87171720586924961	-1.3412777748263425	1	-0.066971238389240476	ASN:chr10:71054709-72673145
TACR3	1	0	-1.0356157540120596	1.3789112906397423	0.19263669358502181	-1.5424114315453052	0	0.95887202339075583	ASN:chr4:102707193-105305539
TAF1D	1	0	-0.13318650875600849	0.68673115789816852	0.45572213091183189	0.79345777939925077	0	-1.6325012655472348	ASN:chr11:92731401-94987750
TAP1	1	1	1.452669321425099	-0.71895349653406704	-0.84411945699354662	0.86227580328697162	1	2.9896480984655254	ASN:chr6:32682590-33209310
TAP2	1	1	1.4743105274271422	0.0892542841839358	-0.8793923334358168	0.4742072770265966	1	3.0145117872218878	ASN:chr6:32682590-33209310
TAPBP	1	1	1.2362572614046226	-0.32161367898298537	-0.089143219793031497	1.1612553630712972	1	2.8080938146290944	ASN:chr6:33209310-35757007
TATDN1	1	1	0.85691366429274418	0.63602884167527074	0.60397333926478192	0.61223706965056268	1	0.86703009528765373	ASN:chr8:123780420-126401023
TBC1D13	1	0	0.3384519681271157	0.030964845778113821	-1.0073945836846534	0.1285749809558504	1	0.61724130503058872	ASN:chr9:130597604-132047808
TBCCD1	1	0	-0.13928883983845	0.07106606358706051	0.48905821985600345	0.15420229153778112	0	0.3102738917710815	ASN:chr3:186230742-188951597
TBX19	1	0	-1.7061954963717076	0.31025246209521701	0.57590753988855903	-0.65728670848542503	0	-1.1471627869887997	ASN:chr1:168175845-170169621
TCAP	1	0	-0.13795931972539879	-1.7266327503601286	-0.79769942457389142	-0.96149627053967945	0	-0.64066322588264102	ASN:chr17:36495389-38649589
TCF23	1	1	0.51040844546450359	-1.2314702126518238	-0.34066967160800715	-1.5424114315453052	1	-0.14457138909840273	ASN:chr2:26209579-29456860
TCF7L2	1	0	0.83609103356068615	1.7527914719334901	0.28903502996250435	0.57405001954846724	1	-1.0536151597805512	ASN:chr10:112170486-115752990
TCTA	1	0	-1.4631340975329121	-1.2730578266147099	-1.1263329306900263	0.74580303556251748	0	0.14831775434586644	ASN:chr3:47793553-51831792
TCTN1	1	1	0.52236205752648635	0.35541256754544065	-0.76576378704373349	0.32252853164017126	1	2.1735741656411798	ASN:chr12:109270450-113028429
TDP2	1	1	0.60512303348818286	-0.20680724349820076	1.1811536873197748	0.93426845770724076	1	-0.12476204195533384	ASN:chr6:24397129-26141757
TDRD10	1	0	-1.1046399440876331	0.55579215912838587	-0.51771479767896078	-0.23084951236379053	0	0.8714364667695953	ASN:chr1:153397055-156616039
TDRD9	1	0	-0.14015826442947937	1.321708769594016	-0.10185249930153495	-1.2246363491606882	0	0.55705216999317764	ASN:chr14:103390025-105001894
TEAD2	1	1	1.2079240832745344	-0.015694675188785038	-1.3204554307681398	0.054455192281274593	1	-0.017366068716475218	ASN:chr19:49093112-51334271
TECPR2	1	0	-0.41415874160509375	1.4112151377761766	0.20600001037433421	-0.47840261001302059	0	-0.040438292653274852	ASN:chr14:101357468-103390025
TECTB	1	0	0.85772751466649833	-0.035743796572477844	0.22212352284984824	-1.1876456375534696	1	-1.2193081071231231	ASN:chr10:112170486-115752990
TEKT3	1	0	-1.6011077317700737	0.40645910928407364	0.34628437255878075	-1.327871224541181	0	-1.0304624081746072	ASN:chr17:14215665-15280576
TEPP	1	0	-0.70009912495164961	-0.49821776769658049	0.83008643411374139	-1.4970374803542688	0	-0.45650277256795585	ASN:chr16:56907578-58867358
TET1	1	0	1.0632740851716591	1.3791471932922854	0.85785993081666734	-1.3548024460188213	1	-0.31257941548996876	ASN:chr10:68757629-71054709
TET2	1	0	-1.0139780918756331	1.3798084860113178	0.3020631051388824	-0.2772689532940576	0	0.29862716702078124	ASN:chr4:105305539-107501341
TFPT	1	0	-1.6737407747130002	-0.72194403029524401	-0.64555052145687408	0.29495221667459859	0	-1.3326714403391859	ASN:chr19:52985347-54734184
TH	1	0	0.30599724646840842	-0.79462606559933424	0.13033921923366595	-1.1162355411099409	1	-0.8226991831723387	ASN:chr11:70855-2739889
THADA	1	0	-1.0897099093531475	2.2766862175593063	0.73283961566905009	0.016008525164763355	0	2.341190738068867	ASN:chr2:42336744-44322128
THBS3	1	1	-0.9183196196082285	-0.3889169133509105	-0.59490393601198521	0.4450468838518411	0	0.60170382507883879	ASN:chr1:153397055-156616039
THRA	1	0	-0.32190957074279941	0.35918705561458908	-0.5531908287842745	0.11820304791289835	0	-0.36844550325906883	ASN:chr17:36495389-38649589
THY1	1	0	0.50045625733499799	-0.82858473618807715	0.24939047164636755	-0.052226719577656198	1	0.97840281415394204	ASN:chr11:118900987-120771784
TIGD1	1	0	1.4310942639704005	-1.7013778559347819	0.34428192848735362	-0.62317329903326701	1	0.48101782023685136	ASN:chr2:232191250-233550713
TIMMDC1	1	0	-0.77637489678579563	0.13410423972771937	0.58090868490705205	0.88454620790070082	0	-1.1787456995201482	ASN:chr3:118903462-120523073
TIMP4	1	0	-0.77815783705301089	-0.97349957065888304	0.57708549814768373	-1.2498015070218957	0	-0.39621067527923137	ASN:chr3:11019488-12860229
TIPRL	1	0	-1.5222854069723368	-0.018623006360418446	0.49522310282621568	0.66050107733744023	0	-1.1154050431979354	ASN:chr1:164954020-168175845
TIRAP	1	0	-0.52375893247533944	-0.26666891922250574	0.75569857939271989	-0.081578287825861809	0	-2.5027856292283817	ASN:chr11:124496119-126773879
TLX1	1	0	1.488761935687112	-0.76238079462653241	-0.17468643715802415	-1.1998770986860694	1	0.61028082906222447	ASN:chr10:102471756-106139565
TMC4	1	0	-1.5871948502897735	-0.41007611359315077	-0.669091246894437	-0.17946261363158367	0	-1.4930173718633049	ASN:chr19:52985347-54734184
TMEM116	1	1	0.54399853863227654	1.0009546942379992	-0.79584190527884635	0.38500972488861901	1	2.0801291218281595	ASN:chr12:109270450-113028429
TMEM120B	1	1	1.2736841977966862	0.88296548545589248	0.28421196469849619	-0.19214896890006133	1	0.27830575843575839	ASN:chr12:122015993-124721969
TMEM143	1	1	0.024242021875889232	0.27474147866774046	-0.029326632644624907	0.25263602330866858	1	0.21503872013696168	ASN:chr19:47334409-49093112
TMEM161A	1	1	1.3550149163583303	-0.10989919837330181	-0.36452672167399586	0.73191117378096904	1	0.75833988535968377	ASN:chr19:16749208-20221313
TMEM171	1	0	-1.3708300392316957	-0.50856798801115943	0.26931906352361351	-0.38895749070245772	0	-0.11093884584423759	ASN:chr5:71419711-73759199
TMEM174	1	0	-1.3816482797845906	-1.8768770761390163	0.27937627831473988	-1.5424114315453052	0	-0.012149072261614914	ASN:chr5:71419711-73759199
TMEM214	1	1	0.5862064620831654	-0.71755019596469083	-0.37583203822208033	0.98539107512610491	1	0.17446434745632777	ASN:chr2:26209579-29456860
TMEM236	1	0	1.4635489856291077	0.59991306312026005	0.78170738899266723	-1.5271372731820223	1	-0.17223470863098161	ASN:chr10:16679279-18537267
TMEM25	1	0	0.28404419731452152	-0.24459579976737542	0.30683986322519519	0.38063014916378046	1	0.0022650274860941759	ASN:chr11:117901740-118900987
TMEM39A	1	0	-0.80883670578887146	0.43639544698929855	0.60426345967615092	0.46177773340449191	0	-1.1395095435899461	ASN:chr3:118903462-120523073
TMEM40	1	0	-0.97306702264388378	0.3668309598975153	0.7058542148640502	-1.4529663122347427	0	0.6135916335014745	ASN:chr3:11019488-12860229
TMEM45B	1	0	-0.79981441322977453	0.52598884132114065	0.46387797013407445	0.67866744616590291	0	0.59055402519578948	ASN:chr11:128188777-130049774
TMEM51	1	0	0.51744288079199507	0.85732607557080198	0.66616614738793756	-0.040641455150152536	1	0.5282633883310115	ASN:chr1:14893157-17875820
TMEM59L	1	1	1.4957826615072829	-0.38061342058228392	-0.79151494103561715	-1.3822146075020518	1	1.1004431148797011	ASN:chr19:16749208-20221313
TMEM82	1	0	0.6489631098362767	-1.0696816839594157	0.34928397599635069	0.82661328538800782	1	0.47516981997379892	ASN:chr1:14893157-17875820
TMPRSS13	1	0	0.0027085192879153161	0.19692445138575024	0.59057832158468671	-1.212206805538584	1	-1.5035610983009369	ASN:chr11:116383543-117901740
TMPRSS4	1	0	0.024349725289958563	0.53754105957810061	0.5447144826363971	-1.3822146075020518	1	-1.0862186764359008	ASN:chr11:117901740-118900987
TMPRSS6	1	0	-1.2535014136806411	0.5249950242588336	0.084409247455188866	1.1925838024881352	0	1.8826480263993437	ASN:chr22:36453608-37977990
TNC	1	0	0.98712839616862413	1.1371497464201623	0.75061341184569197	-0.41083491920601256	1	1.1092888676353831	ASN:chr9:116400502-119530000
TNFAIP2	1	0	-0.28263851256079003	-0.35897221028672271	0.021867848417113919	1.0405829515008636	0	-0.32485574531885536	ASN:chr14:103390025-105001894
TNFSF15	1	0	1.0205706321365071	-0.028871218404476415	0.71461994470211332	-1.3014043576765615	1	1.1120869510011659	ASN:chr9:116400502-119530000
TNFSF8	1	0	0.94253874821141737	0.38298655623417732	0.80423371871617821	-0.77370120825070487	1	1.0964278853433225	ASN:chr9:116400502-119530000
TNNT3	1	0	0.37090668978582297	-0.11790015956642839	0.025045702951651271	-1.2498015070218957	1	-0.89516108160237895	ASN:chr11:70855-2739889
TNP2	1	0	-1.0685311778134345	-1.9441172936503539	0.65632104175462858	-1.5424114315453052	0	1.4223357471114031	ASN:chr16:10868121-12612116
TNPO1	1	0	-1.3924665203375077	1.1580617631355572	0.37475014916125776	0.55459424262210932	0	-0.076192241000902203	ASN:chr5:71419711-73759199
TNPO3	1	0	0.60866228734523631	1.1567496736873588	0.28110476217139968	0.56629727453214351	1	-0.037278598364947194	ASN:chr7:126869221-129589868
TNRC6B	1	0	-1.5446377098584738	1.977154151434904	-0.20860240215037454	-0.27055104213303399	0	-0.50691781334739705	ASN:chr22:37977990-40527060
TNS4	1	0	-0.47339801275712412	0.11088630146994513	-0.16894685891265074	-1.4675165657271294	0	1.2092656877332559	ASN:chr17:38649589-39900528
TOM1	1	0	-1.5433341254024411	0.60117833405991161	0.6834783261837295	0.97946427143019898	0	-0.96235610369747648	ASN:chr22:34860926-36453608
TOMM22	1	0	-1.5770995188615498	-1.5800085038058134	-0.15752090791668791	1.0117821019546285	0	-0.79358508051045118	ASN:chr22:37977990-40527060
TOMM40	1	0	-1.4032847608904029	-0.40878416192781392	-0.46574594921825258	0.81674160988583244	0	0.66085149121212972	ASN:chr19:43862455-45579043
TOMM40L	1	0	-1.0679193037503909	-1.2130724225259453	0.40116578973319172	0.86227580328697162	0	-0.0065205743032058332	ASN:chr1:159953315-162888864
TOP2A	1	0	-0.4084743947509944	0.21326061593899168	-0.30379142538474002	-0.84999219990435326	0	0.13445232618758743	ASN:chr17:36495389-38649589
TOR1A	1	0	-0.32146070560001316	-0.53127612386790546	-0.18889104772092524	0.8686718135833309	0	2.5638947408902082	ASN:chr9:132047808-133641809
TOR1B	1	0	-0.31064246504711807	-0.77738695734258267	-0.19112041456922288	0.53488870564562641	0	2.560238937758673	ASN:chr9:132047808-133641809
TOX	1	0	0.055620345752444886	2.0352276847343425	0.66110950160333581	-0.99336676308912741	1	0.0041868776420227356	ASN:chr8:59047312-60470380
TP53AIP1	1	0	-0.98389531073227654	-0.75076592146314591	0.5652719884789541	-1.3684473380869764	0	-0.21531969892155739	ASN:chr11:128188777-130049774
TPCN1	1	0	-0.91646393600972753	0.95893936049696638	0.22568750072685095	0.60467527972704138	0	0.71565255348083634	ASN:chr12:113028429-114181109
TPD52	1	0	-1.305920595914259	1.9277264661341507	0.32683591260897016	0.62724980789687312	0	0.83781285830078955	ASN:chr8:79751440-82016264
TPM3	1	0	-1.2361601731319367	0.43659116733856285	-0.16762486866447965	1.1822118694451833	0	0.64184349063061996	ASN:chr1:153397055-156616039
TPM4	1	0	-0.45127959223486436	0.36790149452926529	0.3793428920526043	1.1822118694451833	0	0.58582128452789517	ASN:chr19:15648148-16749208
TPRX1	1	1	0.34756258494311199	-0.17359186219686179	-0.2736897149356044	-1.5424114315453052	1	-0.42894567428268759	ASN:chr19:47334409-49093112
TPST1	1	0	-1.5547401286310443	1.7453767293087481	0.52906933191758354	0.53091705983291126	0	0.33601902887093488	ASN:chr7:63624322-67371495
TRAF1	1	0	-1.4573759636549224	0.14051277297021128	-0.1693877325772562	0.13373478497471114	0	1.6382521121581126	ASN:chr9:122117725-124681439
TRAF3	1	0	-0.43607877977915166	1.3802854141678917	0.24622411245038087	-0.29079362448653651	0	-0.38909346184212373	ASN:chr14:101357468-103390025
TRAFD1	1	1	0.47908909531486193	0.17760867044904632	-0.69762440424638816	0.4450468838518411	1	2.0143204181400778	ASN:chr12:109270450-113028429
TRANK1	1	0	-1.2301929120439492	1.2837981146492354	0.47199797151557221	0.1693757948241261	0	0.38509869675154079	ASN:chr3:35283408-38353505
TRAPPC4	1	0	0.2624029913124783	-0.88998074797976723	0.31160430553114343	0.81674160988583244	1	0.51960252869078982	ASN:chr11:117901740-118900987
TRAPPC6A	1	0	-1.2193746714910323	-0.28999681751247958	-0.63758042056525122	0.84292630023306081	0	0.77417376663714532	ASN:chr19:45579043-47334409
TRAPPC6B	1	0	-1.5577945794165244	0.013975103646101845	0.67958327695634912	0.61223706965056268	0	0.25157560996009815	ASN:chr14:35858508-40256601
TRDMT1	1	0	1.3878213017587762	0.75898471211748642	0.6028124019208505	-1.1515253769195539	1	-0.37594862103819199	ASN:chr10:16679279-18537267
TREH	1	0	0.40307083032579238	0.0020926531452879361	0.3156783588949148	0.317966744478204	1	0.062156609677610039	ASN:chr11:117901740-118900987
TRIAP1	1	0	1.0544838160561947	-1.7001208996364399	0.40051807785960603	0.99717647083095529	1	-0.51160624265829635	ASN:chr12:119859279-122015993
TRIM27	1	1	0.48977150993146595	-0.047140546614863069	-0.662745949097298	0.90338129390388111	1	-0.33660007338354603	ASN:chr6:26697553-28901402
TRIM38	1	1	-0.32157290350968099	0.067407894038618354	0.86794824279151606	0.51894009204864411	0	0.12310205126027586	ASN:chr6:24397129-26141757
TRIM46	1	1	-0.89639958143417053	-0.50530194332908163	-0.60548101479740513	-1.3548024460188213	0	0.61176986111438814	ASN:chr1:153397055-156616039
TRIM54	1	1	0.32632754796200159	0.089008432174272914	-0.28492047296652251	-1.424273135697375	1	-0.22685474583078166	ASN:chr2:26209579-29456860
TRIM59	1	0	0.87917736237083188	0.67080039545032277	0.14713353618859504	-1.1634712757314924	1	-1.0244119398113434	ASN:chr3:159155377-161620009
TRIOBP	1	0	-1.5006489258665467	0.97871088520196736	-0.34648379897300546	0.39807397608655815	0	1.9370582312435516	ASN:chr22:37977990-40527060
TRMT61A	1	0	-0.20591837895163123	-0.8003617128287368	-0.056917289158162826	0.021560213857318659	0	0.39546836796150503	ASN:chr14:103390025-105001894
TRPM4	1	1	0.84624345340273233	0.68179434025440222	-0.92064084257794876	-0.15440017527324418	1	0.33268021664872205	ASN:chr19:49093112-51334271
TRPM5	1	0	0.21945132204518164	-0.14299579552141431	0.23350414053819663	-1.424273135697375	1	-0.67819963184238963	ASN:chr11:70855-2739889
TRPM8	1	0	1.5825496317110419	1.1710008097610893	0.7895966365941588	0.72491781202550087	1	1.4768931865144173	ASN:chr2:233550713-234883167
TSEN2	1	0	-0.94058215837874926	0.69723652722205698	0.71707783283626114	-0.13586827715378455	0	-0.049095269200682488	ASN:chr3:11019488-12860229
TSEN34	1	0	-1.6196495719484807	-1.3634443516822337	-0.66505080995915089	0.59326228848868523	0	-1.4473125008831518	ASN:chr19:52985347-54734184
TSHR	1	0	-1.5144814270629972	1.6542797615647742	0.48782277140187924	-1.0817388028381392	0	-1.5525248468242796	ASN:chr14:81000021-83137833
TSKS	1	0	-0.12919824534245039	0.042445822572462148	-1.2423909473637946	-1.2498015070218957	0	-0.35379305862799276	ASN:chr19:49093112-51334271
TSPAN15	1	0	0.95509167964262021	0.7111293889172059	0.91071115956290727	-0.034881447452529551	1	-0.11466891007604357	ASN:chr10:71054709-72673145
TSPAN32	1	0	0.24108780315097184	-0.24630433703754698	0.22639947220798443	-0.73693201915635886	1	-0.66461320830105508	ASN:chr11:70855-2739889
TSPAN33	1	0	0.63030349334727953	0.054819191875358227	0.23102061252782957	0.60088036988254712	1	-0.68982112650238336	ASN:chr7:126869221-129589868
TSPAN5	1	0	0.68463566582004476	1.6419029766861633	0.80032442604513521	-0.87960804296603545	1	2.1318035329214386	ASN:chr4:99040831-101711689
TSSC4	1	0	0.27354252480967911	-1.4509621619928865	0.21533296938667626	0.62351036573022134	1	-0.6428558581885464	ASN:chr11:70855-2739889
TSSK2	1	0	0.0023219837018312807	-1.9321410545235245	0.15417889782239441	-1.2753861034403373	1	-0.643362289080608	ASN:chr22:18557031-19912242
TSSK6	1	1	1.1925905950325917	-1.4018998627157813	-0.2629905774333523	-1.1634712757314924	1	0.13833192670832714	ASN:chr19:16749208-20221313
TST	1	0	-1.2980910616378478	-0.71790078138136892	0.10618796568373901	1.7005675739691002	0	1.8802305016633809	ASN:chr22:36453608-37977990
TTC29	1	0	0.40784268992174932	1.826404673513002	0.30649907540377386	-1.5424114315453052	1	-0.27488270789610175	ASN:chr4:145025810-148834277
TTF1	1	1	1.3284842932318091	0.25814321413494273	0.32177264716228088	-0.17946261363158367	1	-1.3731194206429287	ASN:chr9:134722557-136612240
TTLL1	1	1	1.7015201351865488	0.61983490791115725	0.63647206513510146	-0.74604207705408054	1	2.6937826299601775	ASN:chr22:42690818-44994946
TTLL12	1	1	1.6799137966871858	-0.064802310429540655	0.64017446067638029	0.44083552249901781	1	2.6886503912473225	ASN:chr22:42690818-44994946
TTLL7	1	0	-1.6629225341600831	1.3808481540608437	0.48720473729698016	-0.93027403655757335	0	1.3013039494016114	ASN:chr1:83991644-86012417
TUBA8	1	0	-0.063438130820320557	0.37306194776156593	0.18136551636005069	-0.48609706346840675	1	-0.70136098179466921	ASN:chr22:18557031-19912242
TULP2	1	1	0.50648286170496604	-0.17532301265187605	-0.44720477069799652	-1.3548024460188213	1	0.69627902320437307	ASN:chr19:49093112-51334271
TXN2	1	0	-1.364975533573636	-0.30600227446042622	0.20959519041188218	1.2829063383703356	0	1.8528058866324211	ASN:chr22:36453608-37977990
TYSND1	1	0	0.92263695798391288	-0.72547724237857436	1.027375570988204	-0.029142972544210624	1	-0.8992671034212435	ASN:chr10:71054709-72673145
UAP1	1	0	-1.2842841148084687	0.4160453883406971	0.80397335634076561	1.2926218154241154	0	-0.81253603477737946	ASN:chr1:159953315-162888864
UBA52	1	1	1.3986212363369424	-1.0345024406511167	-0.80763785232853846	1.3842581541638501	1	1.0827584272368487	ASN:chr19:16749208-20221313
UBAP2L	1	0	-1.2252001540449078	0.64141699400459795	-0.20141028621140977	0.79010249882777717	0	0.70241468246435823	ASN:chr1:153397055-156616039
UBD	1	1	0.64124341300349386	-1.2480460971497316	-2.188985456850264	1.3705114331869375	1	-0.12351701695494034	ASN:chr6:28901402-29688046
UBE2D3	1	0	-1.7177673578748418	0.9283323155981934	0.3020631051388824	1.5111570612910437	0	-0.20325264278169658	ASN:chr4:102707193-105305539
UBE2H	1	0	0.66276530235035536	1.3092865566454708	0.19698133968450784	0.84292630023306081	1	-0.21995832140199301	ASN:chr7:129589868-131635483
UBE2Q1	1	0	-1.0059997723044163	-0.58387203869769566	-0.5526482001042865	0.79680574201383325	0	0.8780779394841145	ASN:chr1:153397055-156616039
UBE4A	1	0	0.12173515229918619	0.44216781188777587	0.40310756429689398	0.73539594315561607	1	-0.39398440633116283	ASN:chr11:117901740-118900987
UBQLN4	1	0	-0.64431914243261423	-0.14453452747366785	-0.67256152388881041	0.49876844501171047	0	-1.2353421947490988	ASN:chr1:153397055-156616039
UBR7	1	0	0.26264397417407331	-0.005271751257542783	0.70228122565937068	0.30419947506312861	1	0.78795523357118147	ASN:chr14:92916399-94325285
UCN	1	1	0.44543871693421266	-2.356010008529843	-0.3118703049772894	-0.51726646431793644	1	-0.24138698035358011	ASN:chr2:26209579-29456860
UFC1	1	0	-1.0571010631974738	-1.0008606836274485	0.39565298872279647	1.1796078989305243	0	-0.022308920146223592	ASN:chr1:159953315-162888864
UGT1A10	1	0	1.5068219478407321	1.3963557745775184	0.85962936583250749	1.8988002842307146	1	1.4595491627106563	ASN:chr2:233550713-234883167
UGT1A3	1	0	1.5717313911581468	0.52611080063053806	0.79300487838225597	1.8507486897705119	1	1.4875996076719564	ASN:chr2:233550713-234883167
UGT1A4	1	0	1.5609131506052516	0.68783335645681676	0.80006351224923011	1.8708148611314295	1	1.483874273102145	ASN:chr2:233550713-234883167
UGT1A5	1	0	1.5500949100523345	0.76548437988859064	0.80371295727651149	1.8490646081421485	1	1.4814021117065876	ASN:chr2:233550713-234883167
UGT1A6	1	0	1.5392766694994395	0.99915680808983609	0.81798069259001838	1.9326806351156158	1	1.4764847705815209	ASN:chr2:233550713-234883167
UGT1A7	1	0	1.5284584289465224	1.0852677978178806	0.82494474477423674	1.8557898773893069	1	1.4736327304684651	ASN:chr2:233550713-234883167
UGT1A8	1	0	1.496003707287815	-0.41284347701031898	0.87848202839565592	1.9020593942666306	1	1.452811805893591	ASN:chr2:233550713-234883167
UGT1A9	1	0	1.5176401883936272	1.1658876846485133	0.83188265083434787	1.8574666009315355	1	1.4720083604329497	ASN:chr2:233550713-234883167
UHMK1	1	0	-1.2951023553613639	0.28665043600269735	0.819272313497027	0.70729373496059544	0	-0.77974299056185237	ASN:chr1:159953315-162888864
UNC119B	1	0	1.1969640641875054	-0.40381280171729927	0.31771202229506018	-0.27055104213303399	1	0.12393200391989738	ASN:chr12:119859279-122015993
UNC13A	1	0	-0.68928088439875446	1.049945316588158	-0.93659996550270741	-1.4970374803542688	0	1.4322193645817203	ASN:chr19:16749208-20221313
UPB1	1	0	1.5476846749722786	0.776196687467399	-0.0017391404702631376	1.5525911624765489	1	0.48271372831221987	ASN:chr22:23398337-25209349
UPF1	1	1	1.4632977972421484	0.37463305667278618	-0.68825892607412598	0.73191117378096904	1	0.50442187295589369	ASN:chr19:16749208-20221313
UPK1B	1	0	-0.7439130877827197	0.26880237704376886	0.61986270591835246	-1.4675165657271294	0	-1.3000245589906543	ASN:chr3:116898042-118903462
UPK2	1	0	0.35978841832170594	0.31048302198006184	0.26966677675381034	-1.5424114315453052	1	0.3625752060416299	ASN:chr11:117901740-118900987
USE1	1	0	-0.81909977103360565	-1.2354091308022097	-0.9074460563752641	0.84940327292380335	0	1.4631429830449307	ASN:chr19:16749208-20221313
USF1	1	0	-0.89482745490391535	-0.92313294269304258	0.34261156594351633	0.93426845770724076	0	-0.17711317144725047	ASN:chr1:159953315-162888864
USHBP1	1	0	-0.74337208716327396	0.31540052646748945	-0.91733330284327441	-0.6147620985344987	0	1.5099684351552292	ASN:chr19:16749208-20221313
USP19	1	0	-1.7173905062609669	-0.42227984909027805	-1.0032357178112701	0.48243807556837204	0	0.21447681347179237	ASN:chr3:47793553-51831792
USP2	1	0	0.42471203632783566	0.13274060871037754	0.26688323722327889	0.18937660221091152	1	0.95366761741613271	ASN:chr11:118900987-120771784
USP21	1	0	-0.94891865766843475	-0.97680564495070854	0.36948728492352695	0.20420802435511257	0	-0.0040496022021120374	ASN:chr1:159953315-162888864
USP40	1	0	1.6474590750284783	1.0844330963468196	0.70283136616847497	0.4783281929250992	1	1.4859413571997457	ASN:chr2:233550713-234883167
USP48	1	0	0.90104354883785509	1.194644860991946	0.6310474931173683	0.5624061691525849	1	1.2227796743863659	ASN:chr1:20304720-22145806
USPL1	1	0	-0.84073625213939585	0.48431777059672232	0.65744885500685968	0.419603645285127	0	1.1009462669830197	ASN:chr13:30625939-32301388
UTP15	1	0	-1.4357394825491101	-0.23110888873808433	0.4906013698049066	-0.081578287825861809	0	0.55017181491536449	ASN:chr5:71419711-73759199
VARS2	1	0	1.041562013979574	-0.15611071065363355	-7.7850195706106504	0.56629727453214351	1	1.3659311657913182	ASN:chr6:30458591-31054923
VASP	1	0	-1.1111922659619933	-0.068828898052509371	-1.0087829548667331	0.95250677424026065	0	1.1900957454011865	ASN:chr19:45579043-47334409
VAV2	1	1	1.3065642550577512	1.7984406695994628	0.40956544945190948	0.80014641852338841	1	-1.1498174705066373	ASN:chr9:136612240-138198537
VGLL4	1	0	-0.9622387345555129	1.5388507595048686	0.7409398125508242	0.46177773340449191	0	-0.16889185154361205	ASN:chr3:11019488-12860229
VILL	1	0	-1.0354645820916615	-0.11850359700689966	0.17552112498862113	-0.64868702072582451	0	-0.53284598710477615	ASN:chr3:35283408-38353505
VIM	1	0	1.496003707287815	-0.67088648400089668	0.58589633154201137	1.5525911624765489	1	-0.36228202058382741	ASN:chr10:16679279-18537267
VKORC1L1	1	0	-1.4573759636549224	1.0413575271978421	0.32008180437213529	0.43661257554328448	0	0.28044681962869711	ASN:chr7:63624322-67371495
VPREB3	1	0	1.6956449326471257	-1.9704257382187222	-0.11080129139706028	-0.60639673586813225	1	-0.58459943672850523	ASN:chr22:23398337-25209349
VPS11	1	0	0.21912057930839179	-0.34329304854965453	0.31194415324822405	0.43237797906395303	1	0.98173138033467389	ASN:chr11:118900987-120771784
VPS26A	1	0	0.96590992019553734	0.61110153859484972	0.91071115956290727	0.70018705444177343	1	0.09424082773519965	ASN:chr10:68757629-71054709
VPS29	1	1	0.44663437365615466	-0.54306102401962175	-0.60939314500342812	1.1506688366263549	1	2.1238800470774963	ASN:chr12:109270450-113028429
VPS52	1	1	1.3011808794107522	-0.018764412470049847	-0.13964538803776366	0.78336985535825332	1	2.8533278252734684	ASN:chr6:33209310-35757007
VSTM5	1	0	-0.14990762673997204	0.28476973315876541	0.45760744509314116	-1.5424114315453052	0	-1.6304233726096236	ASN:chr11:92731401-94987750
VTI1A	1	0	0.81445455245487397	2.1657148542478701	0.58706794163446818	-0.23739553614427666	1	-0.79264502906010492	ASN:chr10:112170486-115752990
VWA5B1	1	0	-0.6333591233455852	0.81094092412777041	0.61034549025617435	-1.5424114315453052	0	1.1503493803760079	ASN:chr1:20304720-22145806
WDR20	1	0	-0.27167849347378309	1.0328172099027488	0.021072530153737931	0.21401662162793145	0	-0.22319409585329764	ASN:chr14:101357468-103390025
WDR46	1	1	1.2687190704076763	-0.58623274752082166	-0.1223709275257175	0.59326228848868523	1	2.829987411131532	ASN:chr6:33209310-35757007
WDR5	1	1	1.339444312318816	0.075332932832068183	0.3149999734407391	0.50282403587880642	1	-1.3400471669754417	ASN:chr9:136612240-138198537
WDR6	1	0	-1.576738024836944	-0.70831738143786693	-1.0580450254620164	0.97649226614501561	0	0.03865233090616043	ASN:chr3:47793553-51831792
WIPF2	1	0	-0.35437137974587529	0.82118557569837092	-0.331501219017167	0.059869801952823244	0	0.052256635525429397	ASN:chr17:36495389-38649589
WIPI1	1	0	0.68366105487861284	0.38027528174693737	0.2063598432946474	0.50686894006456717	1	0.93310316882538769	ASN:chr17:64800166-67858770
WIZ	1	0	-0.52700727610519604	0.18689419077631725	0.47666640841474028	0.28564891395377445	0	-0.31402121122128346	ASN:chr19:12500149-15648148
WLS	1	0	1.0523070103872219	1.3839358923945091	0.54531358199532642	0.43237797906395303	1	-0.6372959446383536	ASN:chr1:68477862-69687902
WNK1	1	0	-1.1704000586097849	1.5111636203563583	0.33725623683720268	0.64581158485450141	0	-0.087624352105984196	ASN:chr12:61107-1739022
WNT4	1	0	1.0325637778821368	0.13717082538227807	0.55069675382542305	-0.94061104700266285	1	1.0649218828394036	ASN:chr1:22145806-23916165
WNT8B	1	0	1.2212240479439156	-0.057629411695631592	0.22675535510873313	-1.482206058210068	1	0.061193860381224284	ASN:chr10:100365649-102471756
XRCC3	1	0	-0.19495835986460225	-0.16983999683191592	-0.062734903000617959	0.032603716527207366	0	0.30078086700072093	ASN:chr14:103390025-105001894
YJEFN3	1	1	1.2250754592977262	-0.033794535388037783	-0.26949571550381396	-0.29079362448653651	1	0.14276831027529141	ASN:chr19:16749208-20221313
YY1AP1	1	0	-0.71007925695476604	0.21639288903079101	-0.63928540788265953	0.84292630023306081	0	-0.25355973564458767	ASN:chr1:153397055-156616039
ZBTB10	1	0	-1.2626476337026566	0.46173393640111865	0.17039207582155363	0.11820304791289835	0	1.1298409158598042	ASN:chr8:79751440-82016264
ZBTB17	1	0	0.69280318618437065	0.33021454585984589	0.18173017782278589	0.28097603287098549	1	0.5353791094705479	ASN:chr1:14893157-17875820
ZBTB40	1	0	1.010643739708079	0.97632649643742353	0.5518908876029528	-0.06977022767520083	1	0.88516451470077773	ASN:chr1:22145806-23916165
ZBTB44	1	0	-1.0055518869090403	1.0564900970486892	0.62904494571263803	0.13887730318557678	0	0.41170099169480645	ASN:chr11:130049774-131429519
ZBTB7B	1	1	-0.8196794478249898	-0.26224218057933535	-0.62794842780633509	0.78336985535825332	0	0.57655697163533959	ASN:chr1:153397055-156616039
ZBTB9	1	1	1.1605130403974602	-1.5525662228905679	0.052230206618891308	-0.44049845580206315	1	2.7616917577608375	ASN:chr6:33209310-35757007
ZC3HC1	1	0	0.52209746333706331	0.30513938426167769	0.11225543497685679	0.37623804244697634	1	-0.19233368716683596	ASN:chr7:129589868-131635483
ZDHHC6	1	0	0.86854575521939348	-0.22702041558309927	0.16304007902851919	0.75614004600760676	1	-1.085228707803034	ASN:chr10:112170486-115752990
ZDHHC7	1	0	-0.88458092679603384	0.39671074060868888	0.67568000040101495	0.52294280683368799	0	1.0673451848409603	ASN:chr16:84445738-85374253
ZFAND1	1	0	-1.3816482797845906	0.26717020491236415	0.44342047990041628	0.75614004600760676	0	0.38864929347008764	ASN:chr8:82016264-83727741
ZFP36L2	1	0	-1.0572534161485079	-1.2843184436901114	0.67148874898663291	1.16652137252489	0	2.3519616777471462	ASN:chr2:42336744-44322128
ZFP57	1	1	0.68452109959549245	-0.72344366463353538	-2.5130567892090792	-1.3145807497409923	1	-0.42849421118931186	ASN:chr6:28901402-29688046
ZFYVE21	1	0	-0.17303832169056629	-0.16799235653372016	-0.064400447914112577	0.77321519704574815	0	0.30020641099028383	ASN:chr14:103390025-105001894
ZKSCAN3	1	1	0.42485498004345706	-0.11340938161744941	0.019878910590381816	-0.6147620985344987	1	-0.17251336643638715	ASN:chr6:26697553-28901402
ZKSCAN4	1	1	0.37075787180343139	-0.32597475541974441	0.16451282025524444	-0.31820578596976723	1	0.0010295572497796904	ASN:chr6:26697553-28901402
ZNF101	1	1	1.24673203547449	-0.32056650041876428	-0.20365481698222654	-0.33209764775131578	1	0.19205402079614795	ASN:chr19:16749208-20221313
ZNF114	1	1	0.046162060049925173	1.2643660680945006	-0.051531569521780618	-1.482206058210068	1	-0.038102829281733835	ASN:chr19:47334409-49093112
ZNF14	1	1	1.1167925784139079	0.010749487409670154	-0.079458292759898325	-0.84024587985937749	1	-0.23545523218102216	ASN:chr19:16749208-20221313
ZNF165	1	1	0.32748018521143279	-0.73500906851391812	0.30445302763273485	-0.54908190889440711	1	0.16805643353988617	ASN:chr6:26697553-28901402
ZNF180	1	0	-1.5871948502897735	0.078953727065606327	-0.10610842461990745	-0.27055104213303399	0	0.51913124312196124	ASN:chr19:43862455-45579043
ZNF184	1	1	0.056994644011370284	0.0021614697318566526	0.43167349207593897	-0.44800478005195782	1	0.96017718760453652	ASN:chr6:26697553-28901402
ZNF229	1	0	-1.6142404516720332	0.25517659729210451	-0.088299034325438883	-1.0149874057224155	0	0.50309718264165149	ASN:chr19:43862455-45579043
ZNF253	1	1	1.0193379856184606	0.19617602943575302	0.22354993894261285	-0.3251360020311444	1	-0.013384641511902638	ASN:chr19:16749208-20221313
ZNF285	1	0	-1.6142404516720332	-0.11105419619939766	-0.088299034325438883	-1.0369169251111676	0	0.50309718264165149	ASN:chr19:43862455-45579043
ZNF296	1	0	-1.2518293931497395	-1.137967916134013	-0.5843870535976573	-1.1634712757314924	0	0.53110644769844728	ASN:chr19:45579043-47334409
ZNF311	1	1	0.5005909315794711	-0.57800174291616169	-0.72303188494943316	-0.94061104700266285	1	-0.24350751101416362	ASN:chr6:28901402-29688046
ZNF319	1	0	-0.72173560605746179	-1.0391455140261272	0.83649349259657735	-0.56524037652057402	0	-0.43015000371217715	ASN:chr16:56907578-58867358
ZNF365	1	0	0.71709038747875209	1.9950130786447549	0.71161141276833473	-1.4970374803542688	1	1.1532807207067699	ASN:chr10:62085190-64198067
ZNF391	1	1	0.046175222363365145	0.20945870420419982	0.47821993684286773	-1.3684473380869764	1	1.0017090835291111	ASN:chr6:26697553-28901402
ZNF486	1	1	0.97602483326493328	0.3073877683277832	0.57826270599537655	-1.1396717253508322	1	0.038789708129421986	ASN:chr19:20221313-21822864
ZNF506	1	1	1.0301662737068533	0.36640232889141555	0.038490946626266322	-0.21784061882648162	1	-0.10141334423302684	ASN:chr19:16749208-20221313
ZNF512	1	1	0.19638809090141965	0.65351494507305996	-0.17071098501935175	0.28564891395377445	1	-0.46199426568665258	ASN:chr2:26209579-29456860
ZNF513	1	1	0.39129727649229251	-1.4130640430678185	-0.307113746478686	0.67142667684276491	1	-0.21307234261906155	ASN:chr2:26209579-29456860
ZNF532	1	0	0.25440242270340968	1.3196916308427344	1.0011173258320112	-0.29760090947951401	1	-0.50301928719106326	ASN:chr18:54958664-57377707
ZNF572	1	1	0.91105510473464224	-0.99946928570023152	0.44626659967374716	-1.0704100410848536	1	0.6854739286785948	ASN:chr8:123780420-126401023
ZNF618	1	0	0.95368616020071906	1.6086729223074532	0.79221891879441431	-0.31130671705196428	1	1.2374057823731186	ASN:chr9:116400502-119530000
ZNF626	1	0	0.80363631190197882	0.47839078665591928	0.82957290848686338	-0.59807671414342678	1	0.71636208757546282	ASN:chr19:20221313-21822864
ZNF682	1	1	0.99768140944169692	0.49513028083297567	0.54141595980997492	-0.39621537774727372	1	0.09892997834929311	ASN:chr19:16749208-20221313
ZNF70	1	0	1.6956449326471257	-0.65650637169724968	-0.11080129139706028	-1.1634712757314924	1	-0.58459943672850523	ASN:chr22:23398337-25209349
ZNF704	1	0	-1.3924665203375077	1.8488761152320092	0.5172479258525392	-0.54106601469859672	0	1.1037186001354868	ASN:chr8:79751440-82016264
ZNF761	1	0	-1.641286053054293	0.12623749319886668	-0.67140404063366277	-0.17315853803510961	0	-0.48441102586112356	ASN:chr19:52985347-54734184
ZNF765	1	0	-1.6953772558188125	0.40028854972218414	-0.65642236491416917	-0.82093694287225649	0	-0.4508730454098932	ASN:chr19:52985347-54734184
ZNF813	1	0	-1.5763766097368563	0.36745205128080438	-0.68184758341174889	-1.1396717253508322	0	-0.50847938027676365	ASN:chr19:52985347-54734184
ZNF827	1	0	0.44072274718281423	1.6116517342658756	0.025442550790914613	-1.1396717253508322	1	-0.20381323185024169	ASN:chr4:145025810-148834277
ZNF839	1	0	-0.304558550734848	0.09765806419352889	0.073229545736311144	0.1285749809558504	0	-0.15373286231951305	ASN:chr14:101357468-103390025
ZNF85	1	0	-0.91660861226167045	0.16023740696126629	0.81435934381210084	-1.0931517940764952	0	0.7229424784350128	ASN:chr19:20221313-21822864
ZNF90	1	1	0.98685312135332603	0.606924891553135	0.56438292329152717	-1.3822146075020518	1	0.088726823869983429	ASN:chr19:16749208-20221313
ZNF93	1	1	1.0085096975300898	0.339127969348056	0.36387901974962017	-0.99336676308912741	1	0.064770079359953853	ASN:chr19:16749208-20221313
ZPBP2	1	0	-0.20288293773152855	-0.63874268669188383	-0.70409081501872206	-1.5424114315453052	0	-0.54379479005208065	ASN:chr17:36495389-38649589
ZSCAN12	1	1	0.43567440169144023	-0.05480849914370213	-0.011024185673312027	-0.71887251379344685	1	-0.17948422511476486	ASN:chr6:26697553-28901402
ZSCAN16	1	1	0.33829960685943794	-1.0749606023944134	0.27695368152709715	-0.17946261363158367	1	0.16415935687103003	ASN:chr6:26697553-28901402
ZSCAN23	1	1	0.44649382333944537	-0.50543498040591539	-0.10952023626331311	-1.4529663122347427	1	-0.23192837237347247	ASN:chr6:26697553-28901402
