gene_symbol	intercept	high	S	stratum5	Y	EUR_ld_block
ABCA8	1	0	0.001478905310524745	1	0.98350468018518389	EUR:chr17:64800430-67858770
ABCC2	1	0	1.3549929918155137	1	0.74616408659787514	EUR:chr10:100668400-102949239
ABCC9	1	0	1.3120936178884663	1	0.40035349581874724	EUR:chr12:20863943-23820634
ABCE1	1	1	0.49552284261793711	1	0.53814835705170105	EUR:chr4:143443265-146178187
ABCG2	1	1	0.4898394266066603	1	2.5722386855472834	EUR:chr4:87534648-89238028
ABCG4	1	0	0.34896781532067328	1	0.08237410514398695	EUR:chr11:117747110-119215476
ABCG5	1	0	-1.0464345850802728	0	0.10657807936261783	EUR:chr2:43309590-44313803
ABCG8	1	0	-1.068072247216721	0	0.11181165560262921	EUR:chr2:43309590-44313803
ABHD1	1	1	0.55372159781803099	1	1.9782550616846772	EUR:chr2:26894985-28598777
ABHD6	1	0	0.41417965199744738	1	-0.68652707596911366	EUR:chr3:58157519-60272906
ABHD8	1	0	-0.78664504937487634	0	1.6757916218132327	EUR:chr19:16374416-18409862
ABT1	1	1	0.14363683242368419	1	2.5433917290045267	EUR:chr6:25684587-26791233
ACAD10	1	1	0.61972622250260823	1	-1.8337675009402812	EUR:chr12:110336719-113263518
ACADS	1	0	1.2298441214485702	1	0.44436208888466638	EUR:chr12:119754110-122007651
ACOT13	1	1	0.62704307166224083	1	1.9949995430063381	EUR:chr6:23936619-24852275
ACOX2	1	0	0.38172493033871807	1	-0.58902149963859363	EUR:chr3:58157519-60272906
ACRV1	1	0	-0.44703879886615866	0	-0.42825008007823001	EUR:chr11:124495528-126311320
ACSL5	1	0	0.84690927411360328	1	0.36280397207224752	EUR:chr10:112561493-115328432
ACTL7A	1	0	-1.330400529560495	0	-0.24418259078442761	EUR:chr9:110695062-112778024
ACTL7B	1	0	-1.3087439533837313	0	-0.19076681937257825	EUR:chr9:110695062-112778024
ADAM15	1	1	-0.73747930467231648	0	-1.2389647115916325	EUR:chr1:154770403-156336133
ADAMTS13	1	1	1.5805647322333656	1	-1.1458835085709209	EUR:chr9:135298842-137041122
ADAMTS15	1	0	-0.82147098940653818	0	-1.7614735685580754	EUR:chr11:128188537-130342575
ADAMTS4	1	0	-0.98137337932714208	0	-0.57814584673749758	EUR:chr1:159913048-162346721
ADAMTS8	1	0	-0.87561242984843624	0	-1.7374416395611954	EUR:chr11:128188537-130342575
ADAMTSL2	1	1	1.5476846749722786	1	-1.213700562025497	EUR:chr9:135298842-137041122
ADAR	1	0	-1.0717598868265681	0	-1.3595948693116331	EUR:chr1:153180829-154770403
ADH1A	1	0	0.76036334969035446	1	2.2864233325503984	EUR:chr4:99424067-100678360
ADH4	1	0	0.79281807134908377	1	2.2920666595120052	EUR:chr4:99424067-100678360
ADH5	1	0	0.7711815902432716	1	2.288296353668275	EUR:chr4:99424067-100678360
ADH6	1	0	0.78199983079616664	1	2.2901774371811165	EUR:chr4:99424067-100678360
ADH7	1	0	0.70627214692583495	1	2.2790103813303357	EUR:chr4:99424067-100678360
ADIPOQ	1	0	-0.23674343263387546	0	0.81619893236820529	EUR:chr3:185068255-186890344
ADO	1	0	0.79144335796760945	1	-0.89170882967340714	EUR:chr10:63341695-65794114
ADORA2A	1	0	1.5915247513203945	1	1.2180011091406695	EUR:chr22:23712647-24984204
ADPRH	1	0	-0.75473369078375241	0	-1.4625498883902546	EUR:chr3:118530251-120523055
AFF1	1	1	0.47902059553842508	1	2.5685140838115519	EUR:chr4:87534648-89238028
AGBL5	1	1	0.56454988590640176	1	1.9821451604627436	EUR:chr2:26894985-28598777
AGER	1	1	1.6366195724424994	1	0.46623003984437983	EUR:chr6:31571218-32682664
AGMAT	1	0	0.59416301440115382	1	2.3316885988797935	EUR:chr1:14891511-16897730
AGPAT1	1	1	1.6582607784445429	1	0.46577221261235957	EUR:chr6:31571218-32682664
AHCYL2	1	0	0.57620047834216037	1	0.80044512248862221	EUR:chr7:128778386-130422414
AIFM2	1	0	0.89018223632520566	1	0.99197822225096155	EUR:chr10:70195991-72220850
AIM2	1	0	-1.2193746714910323	0	-0.90132615270723937	EUR:chr1:158027412-159913048
AK4	1	0	-0.75432614623840655	0	-0.10286126728955813	EUR:chr1:65041704-66939404
AK8	1	1	1.372324369579903	1	-0.64247678603483116	EUR:chr9:135298842-137041122
AKAP8	1	0	-0.49455255444648871	0	0.69905795659351833	EUR:chr19:14486347-15648610
AKAP8L	1	0	-0.50537079499938387	0	0.69556621582881495	EUR:chr19:14486347-15648610
AKNA	1	0	1.0428654561151105	1	0.20780464402538204	EUR:chr9:117019801-117921960
AKTIP	1	0	0.71614591914376935	1	0.13084466120076221	EUR:chr16:53382572-55903774
ALAD	1	0	1.1097499280509207	1	-1.0382740245821362	EUR:chr9:115693145-117019801
ALDH16A1	1	1	1.2408041405355994	1	0.55611685443869807	EUR:chr19:49282227-51532567
ALDH2	1	1	0.6413627036084204	1	-0.92123396948647029	EUR:chr12:110336719-113263518
ALDH5A1	1	1	0.45168276626984322	1	1.4534350187416307	EUR:chr6:23936619-24852275
ALOX5AP	1	0	-0.82991801158650069	0	-0.54575944040421787	EUR:chr13:30483267-32301815
ALPI	1	0	1.377003061205881	1	-2.3074829839573736	EUR:chr2:231843389-233550003
ALPK2	1	0	0.2434424036163807	1	-0.55308317680410313	EUR:chr18:55213838-56530220
ALPL	1	0	0.81336339614164532	1	-0.6156119895372888	EUR:chr1:21736588-23086883
ALPP	1	0	1.1822747312536153	1	-2.2270560946463602	EUR:chr2:231843389-233550003
AMBP	1	0	1.0651602800937139	1	0.29945009221738472	EUR:chr9:115693145-117019801
AMIGO3	1	0	-1.5442797598929285	0	0.39398337323432192	EUR:chr3:49316972-51832015
AMN	1	0	-0.35935864616997087	0	-1.1858629082097107	EUR:chr14:103012102-105001723
AMOTL1	1	0	-0.21679209867576016	0	0.24517005919721571	EUR:chr11:94242260-95726041
AMT	1	0	-1.4631340975329121	0	0.2331952303668689	EUR:chr3:49316972-51832015
AMZ2	1	0	0.73780249532053299	1	0.31236201349147236	EUR:chr17:64800430-67858770
ANAPC10	1	1	0.45168276626984322	1	0.47939652893802698	EUR:chr4:143443265-146178187
ANAPC5	1	1	1.1202439305783247	1	0.89130141197623025	EUR:chr12:119754110-122007651
ANAPC7	1	0	0.39254317089163521	1	-1.5752911701058492	EUR:chr12:110336719-113263518
ANKLE1	1	0	-0.75419032771616901	0	1.6741214982580854	EUR:chr19:16374416-18409862
ANKRA2	1	0	-1.4465577231020272	0	0.68964962777105099	EUR:chr5:71240456-73759326
ANKRD49	1	0	0.017303553099531282	1	0.018072693440477725	EUR:chr11:93276157-94242260
ANKRD54	1	0	-1.4681942042078173	0	1.5327064898720164	EUR:chr22:37570269-39307894
ANKRD9	1	0	-0.32647858890890596	0	-1.3153946554930958	EUR:chr14:101534307-103012102
ANO8	1	0	-0.78664504937487634	0	1.6757916218132327	EUR:chr19:16374416-18409862
ANXA2	1	0	-0.46895883704021657	0	-0.57152424862903539	EUR:chr15:59694116-61265836
AP1M1	1	0	-0.3322789461529303	0	0.5593157387363149	EUR:chr19:15648610-16374416
AP2A1	1	0	-1.2032801158708499	0	-0.16156575883078775	EUR:chr19:49282227-51532567
APEH	1	0	-1.5659186031889389	0	0.34023058353417651	EUR:chr3:49316972-51832015
APLP2	1	0	-0.89726900602519999	0	-1.0109667715055974	EUR:chr11:128188537-130342575
APOBEC3A	1	0	-1.3660977603415787	0	0.69469460577076469	EUR:chr22:39307894-40545797
APOBEC3B	1	0	-1.3282256498379974	0	0.69975732731841533	EUR:chr22:39307894-40545797
APOBEC3C	1	0	-1.3390462528390301	0	0.69521750842917984	EUR:chr22:39307894-40545797
APOBEC3D	1	0	-1.3498668558400406	0	0.69051819665983594	EUR:chr22:39307894-40545797
APOBEC3F	1	0	-1.3823286648431166	0	0.68341120373226005	EUR:chr22:39307894-40545797
APOBEC3G	1	0	-1.3660977603415787	0	0.67375945994700304	EUR:chr22:39307894-40545797
APOBEC3H	1	0	-1.3931492678441493	0	0.65616875554526344	EUR:chr22:39307894-40545797
APOL1	1	0	-1.4207125935201443	0	1.0741463043476378	EUR:chr22:35530985-37570269
APOL2	1	0	-1.4095651815308428	0	1.0866622947271911	EUR:chr22:35530985-37570269
APOL3	1	0	-1.4318600055094461	0	1.1157837305527019	EUR:chr22:35530985-37570269
APOL4	1	0	-1.3872703575522394	0	1.1071507888238856	EUR:chr22:35530985-37570269
APOL5	1	0	-1.4541548294880495	0	0.31710934880003128	EUR:chr22:35530985-37570269
APOL6	1	0	-1.4653022414773511	0	0.48570281056802467	EUR:chr22:35530985-37570269
APPL1	1	0	-0.21327830007097423	0	-0.29830480981321933	EUR:chr3:56433907-58157519
AQP10	1	0	-1.1813600776968138	0	-1.3717704587104256	EUR:chr1:153180829-154770403
ARCN1	1	0	0.31109570481709209	1	0.12201228439611421	EUR:chr11:117747110-119215476
ARF4	1	0	0.30599724646840842	1	-0.25491664300547145	EUR:chr3:56433907-58157519
ARHGAP24	1	0	-0.68941315982908347	0	1.6719019052266737	EUR:chr4:84799656-86930609
ARHGAP30	1	0	-0.92728217656264456	0	-0.088557466686273026	EUR:chr1:159913048-162346721
ARHGAP31	1	0	-0.83047791179091468	0	-0.89048702008512204	EUR:chr3:118530251-120523055
ARHGAP32	1	0	-1.4711682747094699	0	-0.37100458814245996	EUR:chr11:128188537-130342575
ARHGAP8	1	1	1.6258225939226663	1	3.2800896636774599	EUR:chr22:44995308-46470495
ARHGEF19	1	0	0.83528343431570329	1	2.3893776151755497	EUR:chr1:14891511-16897730
ARHGEF2	1	0	-0.61143908517152723	0	-2.4913468508008179	EUR:chr1:154770403-156336133
ARIH2	1	0	-1.6308351330769477	0	0.22097315920934085	EUR:chr3:47727212-49316972
ARL14	1	0	0.84671555336775595	1	-0.052596486640437673	EUR:chr3:159477890-161524504
ARL4C	1	0	1.4635489856291077	1	-0.17253342273546651	EUR:chr2:235150987-236043550
ARL5B	1	0	1.4094577828645882	1	-0.34589358707994911	EUR:chr10:18537267-19716878
ARL5C	1	0	-0.045984194216698492	1	0.122426084133286	EUR:chr17:36809344-38877404
ARMC6	1	1	1.365843204446701	1	2.8089566918192248	EUR:chr19:18409862-19877471
ARPC3	1	1	0.41417965199744738	1	-1.8969055384530202	EUR:chr12:110336719-113263518
ARRDC2	1	0	-0.49455255444648871	0	1.822123240128366	EUR:chr19:16374416-18409862
ARSG	1	0	0.65117619061347842	1	0.36265775564382297	EUR:chr17:64800430-67858770
ART1	1	0	0.067995954304518283	1	0.58869584887737469	EUR:chr11:3665481-4746709
ART5	1	0	0.07881419485741338	1	0.60801807272749053	EUR:chr11:1213590-3665481
ASB14	1	0	-0.20246005951807913	0	-0.30030931177408077	EUR:chr3:56433907-58157519
ASB2	1	1	0.83604202078961443	1	1.8301019640475262	EUR:chr14:94325285-95750867
ASB6	1	0	-0.25655126228259861	0	1.3823709552353598	EUR:chr9:132165470-133223217
ASCL2	1	0	0.20863308149226453	1	-0.26965335546805375	EUR:chr11:1213590-3665481
ASH1L	1	0	-1.159440039522756	0	-1.8156804074645205	EUR:chr1:154770403-156336133
ASL	1	0	-1.2951023553613639	0	0.1071288421891443	EUR:chr7:63641125-65689809
ATF4	1	0	-1.4147904738461925	0	-1.0089148829779584	EUR:chr22:39307894-40545797
ATF6	1	0	-1.2734658742555516	0	-0.18171216489236378	EUR:chr1:159913048-162346721
ATF6B	1	1	1.7123637934496618	1	0.46897906071882389	EUR:chr6:31571218-32682664
ATG16L1	1	0	1.6907320372400807	1	-1.1382617598427902	EUR:chr2:233550003-235150987
ATG7	1	0	-1.4170268342675716	0	-0.5222339433279497	EUR:chr3:11019665-13070799
ATP13A1	1	1	1.2683886116512535	1	2.6998785470787907	EUR:chr19:18409862-19877471
ATP13A2	1	0	0.85720347248973927	1	2.3823047379544677	EUR:chr1:16897730-18662899
ATP6V1E1	1	0	0.0790421173110121	1	-0.83817313060746557	EUR:chr22:17674295-18296088
ATP6V1F	1	0	0.71686831735547452	1	0.91935214825511646	EUR:chr7:126869221-128778386
ATP6V1G1	1	0	0.99827580815792583	1	0.26795003471718015	EUR:chr9:117019801-117921960
ATP8B1	1	0	0.34208257539959747	1	-0.38969626904060017	EUR:chr18:55213838-56530220
ATP8B2	1	0	-1.1704000586097849	0	-1.374582170952908	EUR:chr1:153180829-154770403
ATXN2	1	1	0.59808974139679605	1	-1.2773304486662105	EUR:chr12:110336719-113263518
B3GALT4	1	1	1.279539673408709	1	0.74291268407485533	EUR:chr6:33236497-35455756
B3GNT3	1	0	-0.58109847886971555	0	1.7014239854404347	EUR:chr19:16374416-18409862
B4GALNT3	1	0	-1.1375200013487201	0	-1.6224706837381502	EUR:chr12:61107-1080331
B4GALT3	1	0	-0.94891865766843475	0	-0.49017502842520316	EUR:chr1:159913048-162346721
B4GALT4	1	0	-0.76555429378476303	0	-0.75578385643334656	EUR:chr3:118530251-120523055
BABAM1	1	0	-0.70009912495164961	0	1.6735658267260209	EUR:chr19:16374416-18409862
BAG5	1	0	-0.22783841712568917	0	-0.38291066033224586	EUR:chr14:103012102-105001723
BAK1	1	1	1.1496924373964275	1	0.62557082098542827	EUR:chr6:33236497-35455756
BANK1	1	1	-1.7394085638769072	0	1.6204318214463433	EUR:chr4:100678360-103221356
BARHL1	1	1	1.3832843886669319	1	-0.52239085863163504	EUR:chr9:135298842-137041122
BARX2	1	0	-0.75650126087624714	0	-0.32980425427319593	EUR:chr11:128188537-130342575
BASP1	1	0	-1.7170137369246026	0	-0.56605212288418161	EUR:chr5:16963613-18051592
BAX	1	1	0.47360280444387914	1	-1.0141670857368945	EUR:chr19:49282227-51532567
BCAM	1	0	-1.414103001443298	0	-1.5872397558393438	EUR:chr19:44744108-46102697
BCAT2	1	1	0.36948262311714791	1	-0.57378245124227401	EUR:chr19:49282227-51532567
BCL2L12	1	1	1.0764038542302308	1	0.53072592656926854	EUR:chr19:49282227-51532567
BCL2L13	1	0	0.057122079136954149	1	-0.56733815174613633	EUR:chr22:17674295-18296088
BCL3	1	0	-1.4465577231020272	0	-1.7108130691704708	EUR:chr19:44744108-46102697
BCL6	1	0	-0.31254144925255928	0	-0.46317969796453817	EUR:chr3:186890344-188856214
BCL7A	1	0	0.38592265174769136	1	1.0153125753595404	EUR:chr12:122007651-124977980
BCL9L	1	0	0.41389143332682504	1	0.058218299361334602	EUR:chr11:117747110-119215476
BDH2	1	0	-1.6312025338666689	0	1.6592963390302771	EUR:chr4:103221356-105305294
BID	1	0	-0.03055807355923364	1	-0.5064507137540275	EUR:chr22:17674295-18296088
BLOC1S2	1	0	1.2323714599332172	1	0.88926653838835867	EUR:chr10:100668400-102949239
BLOC1S3	1	0	-1.2301929120439492	0	-0.014238797827863135	EUR:chr19:44744108-46102697
BNIP2	1	0	-0.39223870343103578	0	-0.78488750963379017	EUR:chr15:59694116-61265836
BPNT1	1	1	0.47908909531486193	1	1.8903265988544866	EUR:chr1:219590571-221858231
BPTF	1	0	0.6620044787018492	1	0.052322295831364274	EUR:chr17:64800430-67858770
BRAP	1	1	0.66299918471423258	1	-0.96917186505765784	EUR:chr12:110336719-113263518
BRD2	1	1	1.4093869094209905	1	0.93619550309320054	EUR:chr6:32682664-33236497
BRD3	1	1	1.405204426840968	1	-0.5117496106702204	EUR:chr9:135298842-137041122
BRD4	1	0	-0.48373431389357163	0	0.71169958056490412	EUR:chr19:14486347-15648610
BSN	1	0	-1.6632933980209632	0	0.23277320974111332	EUR:chr3:49316972-51832015
BSPRY	1	0	0.92024392423281398	1	-1.005958520863216	EUR:chr9:115693145-117019801
BST2	1	0	-0.67846264384583732	0	1.6791459623306173	EUR:chr19:16374416-18409862
BTBD7	1	0	0.2734628052422865	1	1.4791062795040621	EUR:chr14:93132299-94325285
BTF3	1	0	-1.4249212419962149	0	0.70835261701407115	EUR:chr5:71240456-73759326
BTN1A1	1	1	0.12199917028725782	1	2.5364998450319192	EUR:chr6:25684587-26791233
BTN2A1	1	1	0.08954267708259625	1	2.5263826904087958	EUR:chr6:25684587-26791233
BTN2A2	1	1	0.067905014946147868	1	2.5197788490331781	EUR:chr6:25684587-26791233
BTN3A1	1	1	0.078723846014383064	1	2.5230670157461637	EUR:chr6:25684587-26791233
BTN3A2	1	1	-0.12693552400465111	0	2.4535331913055942	EUR:chr6:25684587-26791233
BTN3A3	1	1	0.11118033921902264	1	2.5330985824751537	EUR:chr6:25684587-26791233
BTNL2	1	1	1.5825165574373805	1	0.6292379413521253	EUR:chr6:31571218-32682664
C11orf54	1	0	-0.13318650875600849	0	0.43666840088838227	EUR:chr11:93276157-94242260
C12orf43	1	0	1.2408041405355994	1	0.53151415130660051	EUR:chr12:119754110-122007651
C16orf74	1	0	-0.94950454480216362	0	0.47586720438624364	EUR:chr16:85148685-86156599
C17orf58	1	0	0.77028735958566752	1	0.12863563680926954	EUR:chr17:64800430-67858770
C17orf98	1	0	-0.58160404276736233	0	-0.065351073903392301	EUR:chr17:36809344-38877404
C19orf44	1	0	-0.22409654062389131	0	-0.34560290819230977	EUR:chr19:16374416-18409862
C1QA	1	0	-0.27167849347378309	0	-1.3053796228774641	EUR:chr1:21736588-23086883
C1QB	1	0	-0.26071847438675411	0	-1.2366085235774209	EUR:chr1:21736588-23086883
C1QC	1	0	-0.24975845529972512	0	-1.2748580336094339	EUR:chr1:21736588-23086883
C1QTNF5	1	0	0.47340474983244946	1	-0.19906902621977587	EUR:chr11:119215476-120766806
C1QTNF6	1	0	-1.6196495719484807	0	1.4166350502086693	EUR:chr22:37570269-39307894
C1orf115	1	1	0.42499789255034248	1	1.8766119106906785	EUR:chr1:219590571-221858231
C1orf141	1	0	1.0414864073861891	1	0.15532711702993188	EUR:chr1:66939404-68477895
C1orf226	1	0	-1.2518293931497395	0	-0.294871302404559	EUR:chr1:159913048-162346721
C1orf43	1	0	-1.2142401349578789	0	-1.3378379744137348	EUR:chr1:153180829-154770403
C2	1	1	1.1390017690419909	1	0.30346168649336652	EUR:chr6:31571218-32682664
C22orf15	1	0	1.6792049040165824	1	1.1109492339957994	EUR:chr22:23712647-24984204
C22orf23	1	0	-1.5114671664194419	0	1.5019735575653421	EUR:chr22:37570269-39307894
C22orf39	1	0	0.14480223183316396	1	-0.39976024445560582	EUR:chr22:18296088-19912358
C2CD2L	1	0	0.17583816730430529	1	0.10244837681133277	EUR:chr11:117747110-119215476
C2orf16	1	1	0.23970124325494696	1	1.9427125095013165	EUR:chr2:26894985-28598777
C4A	1	0	1.041637604065869	1	0.31696538564243137	EUR:chr6:31571218-32682664
C4B	1	1	0.99836464185424456	1	0.76089431862908252	EUR:chr6:31571218-32682664
C4orf17	1	0	0.65218094416131556	1	2.2717205897982446	EUR:chr4:99424067-100678360
C4orf36	1	1	0.55475241301596145	1	2.5993639581359895	EUR:chr4:87534648-89238028
C5orf22	1	0	-1.2580802113059728	0	-0.37115125305559971	EUR:chr5:31390249-33500180
C6orf62	1	1	0.69280318618437065	1	2.2958698319058652	EUR:chr6:23936619-24852275
C9orf43	1	0	1.0986025160616191	1	-1.001879551868069	EUR:chr9:115693145-117019801
C9orf50	1	0	-0.22409654062389131	0	1.3898847548354445	EUR:chr9:132165470-133223217
C9orf78	1	0	-0.29982422449422302	0	1.3212708957228576	EUR:chr9:132165470-133223217
CA11	1	1	0.14480223183316396	1	-0.58967298864992967	EUR:chr19:47150082-49282227
CABIN1	1	0	1.372324369579903	1	1.041565446324356	EUR:chr22:23712647-24984204
CABP1	1	0	1.1640840069264404	1	0.42180658011659589	EUR:chr12:119754110-122007651
CABP5	1	1	0.27632246087744561	1	-0.14535774714361971	EUR:chr19:47150082-49282227
CACNA1I	1	0	-1.6095613278646037	0	-0.98040059629998821	EUR:chr22:39307894-40545797
CACNB1	1	0	-0.045984194216698492	1	0.12008149400465246	EUR:chr17:36809344-38877404
CACNB2	1	0	1.3986395423116931	1	-0.30733463940614847	EUR:chr10:16551767-18537267
CACNG1	1	0	0.49958015737611083	1	0.023550161999342175	EUR:chr17:64800430-67858770
CACNG2	1	0	-1.398417769541541	0	1.0906241262019474	EUR:chr22:35530985-37570269
CACNG4	1	0	0.1422466504594995	1	0.021906854718579862	EUR:chr17:64800430-67858770
CACNG5	1	0	-0.020177670866238909	1	-0.22532427110030445	EUR:chr17:64800430-67858770
CACNG6	1	0	-1.5006489258665467	0	-1.3544379373628028	EUR:chr19:52985290-54602362
CACNG7	1	0	-1.4357394825491101	0	-1.3314994010910086	EUR:chr19:52985290-54602362
CACNG8	1	0	-1.4898306853136296	0	-1.341195765130776	EUR:chr19:52985290-54602362
CAD	1	1	0.43461042884581985	1	1.959240246875978	EUR:chr2:26894985-28598777
CADM3	1	0	-1.1761017092794299	0	-1.024524899964651	EUR:chr1:158027412-159913048
CALR3	1	0	-0.24573302172970352	0	-0.34662041224230827	EUR:chr19:16374416-18409862
CALU	1	0	0.76015072935958306	1	0.90874936448028043	EUR:chr7:126869221-128778386
CAMKK2	1	1	1.0983238924042886	1	0.81409948271459864	EUR:chr12:119754110-122007651
CAND2	1	0	-0.90809729411359275	0	1.3358305188539084	EUR:chr3:11019665-13070799
CARD10	1	0	-1.533103647525254	0	1.5156479745290237	EUR:chr22:37570269-39307894
CARD8	1	1	0.12288219365910599	1	-0.23558746760889743	EUR:chr19:47150082-49282227
CASC3	1	0	-0.31108896774176675	0	-0.8432415908716252	EUR:chr17:36809344-38877404
CASP14	1	0	-0.25655126228259861	0	0.73805024828915422	EUR:chr19:14486347-15648610
CASP9	1	0	0.57224297622711795	1	2.3275586585824888	EUR:chr1:14891511-16897730
CBL	1	0	0.15419696130224006	1	-0.084297469074935696	EUR:chr11:117747110-119215476
CBLC	1	0	-1.4357394825491101	0	-1.7270078313074411	EUR:chr19:44744108-46102697
CBX6	1	0	-1.4634831873507843	0	0.67221414762237952	EUR:chr22:37570269-39307894
CBX7	1	0	-1.3174050468369649	0	0.53751551109537643	EUR:chr22:39307894-40545797
CBY1	1	0	-1.5608686143600119	0	1.2888682891890504	EUR:chr22:37570269-39307894
CCAR1	1	0	1.0957288068303885	1	0.72374420898402791	EUR:chr10:70195991-72220850
CCDC105	1	0	-0.14836885675355965	0	0.75269068710471398	EUR:chr19:14486347-15648610
CCDC113	1	0	-0.79746328992779347	0	-0.61759884588181235	EUR:chr16:57664330-59045405
CCDC121	1	1	0.20721637898979048	1	1.9382142952725625	EUR:chr2:26894985-28598777
CCDC124	1	0	-0.50537079499938387	0	1.7108130691704708	EUR:chr19:16374416-18409862
CCDC136	1	0	0.73850952335751774	1	0.91123491788672051	EUR:chr7:126869221-128778386
CCDC153	1	0	0.37060902132271656	1	0.00082144144077634133	EUR:chr11:117747110-119215476
CCDC63	1	1	0.57645326029100585	1	-1.4260332034982732	EUR:chr12:110336719-113263518
CCDC71	1	0	-1.6741128196689683	0	0.26809194835620237	EUR:chr3:47727212-49316972
CCDC77	1	0	-1.126559982261691	0	-1.1694295823124703	EUR:chr12:61107-1080331
CCNG2	1	0	-0.8840092143510202	0	-0.10010899187599508	EUR:chr4:77130707-79093979
CCNI	1	0	-0.92728217656264456	0	-0.10107220094626708	EUR:chr4:77130707-79093979
CCR7	1	0	-0.48421861575815678	0	-0.83603525455916916	EUR:chr17:36809344-38877404
CD1A	1	0	-1.2734658742555516	0	-1.6609256254213554	EUR:chr1:158027412-159913048
CD1B	1	0	-1.19773819038522	0	-1.2977150357383198	EUR:chr1:158027412-159913048
CD1C	1	0	-1.1869199498323248	0	-1.3037765127121468	EUR:chr1:158027412-159913048
CD1D	1	0	-1.305920595914259	0	-1.6322486148409472	EUR:chr1:158027412-159913048
CD1E	1	0	-1.0679193037503909	0	-1.3534108636695872	EUR:chr1:158027412-159913048
CD244	1	0	-0.87319097379812516	0	-0.095844455523695193	EUR:chr1:159913048-162346721
CD37	1	1	1.1860040451004765	1	0.44542013088157378	EUR:chr19:49282227-51532567
CD3D	1	0	0.11091454929815356	1	0.15255634108691798	EUR:chr11:117747110-119215476
CD3E	1	0	0.089273343296110308	1	0.12077101023965864	EUR:chr11:117747110-119215476
CD3G	1	0	0.10009394629712093	1	0.14065506678877304	EUR:chr11:117747110-119215476
CD48	1	0	-0.82991801158650069	0	-0.5219201512874283	EUR:chr1:159913048-162346721
CD5L	1	0	-1.257238513426209	0	-1.6173861001702192	EUR:chr1:156336133-158027412
CD80	1	0	-0.79801610278783885	0	-1.473812882381482	EUR:chr3:118530251-120523055
CD81	1	0	0.26272428425678401	1	-0.54925842081931875	EUR:chr11:1213590-3665481
CDA	1	0	0.87912351066379724	1	-0.60801807272749053	EUR:chr1:20469149-21736588
CDC42	1	0	0.98872370153404299	1	-1.2131288497395101	EUR:chr1:21736588-23086883
CDC42BPB	1	0	-0.40319872251806477	0	-1.1911340585258279	EUR:chr14:103012102-105001723
CDC42EP1	1	0	-1.414103001443298	0	1.552960489289791	EUR:chr22:37570269-39307894
CDC6	1	0	-0.36519198274688591	0	-0.73643331206454099	EUR:chr17:36809344-38877404
CDH6	1	0	-1.2690402303930017	0	-0.55611685443869807	EUR:chr5:29714820-31390249
CDHR4	1	0	-1.7390293495569771	0	0.41776961080963831	EUR:chr3:49316972-51832015
CDKN1C	1	0	0.28436076536259625	1	0.75505540216488343	EUR:chr11:1213590-3665481
CDON	1	0	-0.60047906608452029	0	-1.4613540950777661	EUR:chr11:124495528-126311320
CEACAM16	1	0	-1.4681942042078173	0	-1.71735662707305	EUR:chr19:44744108-46102697
CEACAM19	1	0	-1.4790124447607345	0	-1.687615499415972	EUR:chr19:44744108-46102697
CEACAM20	1	0	-1.5655583691839612	0	-1.6927559060031185	EUR:chr19:44744108-46102697
CECR2	1	0	0.11192217457207702	1	-0.85245923557359793	EUR:chr22:17674295-18296088
CECR3	1	0	0.16672227000719989	1	-0.74246172168362556	EUR:chr22:17674295-18296088
CEL	1	1	1.416164445927997	1	-0.58122299120159537	EUR:chr9:135298842-137041122
CELA2A	1	0	0.53936291896603106	1	2.3214372235973606	EUR:chr1:14891511-16897730
CELA2B	1	0	0.56128295714008891	1	2.3255084854406851	EUR:chr1:14891511-16897730
CELA3A	1	0	0.99968372062107191	1	-1.3002614147423683	EUR:chr1:21736588-23086883
CELA3B	1	0	0.97776368244701395	1	-1.294227444017515	EUR:chr1:21736588-23086883
CENPA	1	1	0.31549925987360872	1	1.9445228545090674	EUR:chr2:26894985-28598777
CENPE	1	0	-1.6420231368676796	0	1.6555117059402487	EUR:chr4:103221356-105305294
CEP55	1	0	-0.68928088439875446	0	-0.89865772893241636	EUR:chr10:93335047-95396368
CFB	1	0	1.1173652879361786	1	0.37247159704252586	EUR:chr6:31571218-32682664
CGB1	1	1	0.59416301440115382	1	-0.81048158573678764	EUR:chr19:49282227-51532567
CGB2	1	1	0.57224297622711795	1	-0.75924950830553628	EUR:chr19:49282227-51532567
CGB5	1	1	0.61608305257521179	1	-0.83720089442637291	EUR:chr19:49282227-51532567
CGB7	1	1	0.6489631098362767	1	-1.03219104026896	EUR:chr19:49282227-51532567
CGB8	1	1	0.63800309074924777	1	-0.88197127249119378	EUR:chr19:49282227-51532567
CGREF1	1	1	0.53206502164126734	1	1.9772871989460659	EUR:chr2:26894985-28598777
CHCHD10	1	0	1.6682448849295533	1	1.1101882633181783	EUR:chr22:23712647-24984204
CHD9	1	0	0.60786303825992904	1	-0.087320531043336036	EUR:chr16:52035823-53382572
CHEK1	1	0	-0.45799881795318764	0	-0.44753771311953405	EUR:chr11:124495528-126311320
CHERP	1	0	-0.21327830007097423	0	-0.34037565176319062	EUR:chr19:16374416-18409862
CHGA	1	0	-0.25840000881063913	0	-0.50582825085235394	EUR:chr14:93132299-94325285
CHMP4C	1	0	-1.4032847608904029	0	-0.15047902862598195	EUR:chr8:81956395-82693739
CHRNA10	1	0	0.057177713751623192	1	0.58918434844433942	EUR:chr11:3665481-4746709
CHRNB2	1	0	-1.0169597913914452	0	-1.3238972625077197	EUR:chr1:153180829-154770403
CHRND	1	0	1.4094577828645882	1	-2.3617729714726274	EUR:chr2:231843389-233550003
CHRNG	1	0	1.4202760234175054	1	-2.3893776151755524	EUR:chr2:231843389-233550003
CHUK	1	0	1.276961107890402	1	0.88743829537081276	EUR:chr10:100668400-102949239
CIB3	1	0	-0.35391542725872049	0	0.57152424862903539	EUR:chr19:15648610-16374416
CIB4	1	1	0.10976178619434301	1	1.9284540192732162	EUR:chr2:24686918-26894985
CIITA	1	0	-1.1875578108246834	0	0.044646474522573081	EUR:chr16:10426032-11520161
CILP2	1	1	1.2142471712093554	1	2.7443767150161924	EUR:chr19:18409862-19877471
CINP	1	0	-0.31551856982187698	0	-0.96262345397934346	EUR:chr14:101534307-103012102
CISD2	1	0	-1.7069467548738313	0	1.6528228444464454	EUR:chr4:103221356-105305294
CKB	1	0	-0.18399834077757327	0	-0.59375048620602522	EUR:chr14:103012102-105001723
CKM	1	0	-1.2410111525968444	0	-0.020537477362069272	EUR:chr19:44744108-46102697
CKS1B	1	1	-0.72103927604177298	0	-0.90874936448028043	EUR:chr1:154770403-156336133
CLASRP	1	0	-1.3167388364671762	0	-0.78302593071411875	EUR:chr19:44744108-46102697
CLCNKA	1	0	0.78048333888058041	1	2.3753490662241528	EUR:chr1:14891511-16897730
CLCNKB	1	0	0.82432341522867436	1	2.377654861302267	EUR:chr1:14891511-16897730
CLDN23	1	0	-0.16207830260353734	0	-0.047798699935921084	EUR:chr8:7153079-9154694
CLK2	1	0	-1.0279198104784744	0	-1.5217206674233303	EUR:chr1:154770403-156336133
CLMN	1	1	0.66294072369813728	1	1.8114266964687014	EUR:chr14:95750867-96262415
CLPTM1	1	0	-1.3600117986787785	0	-1.4055199129086375	EUR:chr19:44744108-46102697
CLTCL1	1	0	0.035202040962918207	1	-0.7976192354144177	EUR:chr22:18296088-19912358
CMAS	1	0	1.3553665801000687	1	0.46867343925804406	EUR:chr12:20863943-23820634
CNGB1	1	0	-0.80828153048068851	0	-1.0027845475749098	EUR:chr16:57664330-59045405
CNNM1	1	0	1.1543395760081054	1	0.33675108532552067	EUR:chr10:100668400-102949239
CNOT1	1	0	-0.7758268088219813	0	0.022180735037330816	EUR:chr16:57664330-59045405
CNOT3	1	0	-1.5655583691839612	0	-1.7634146832614901	EUR:chr19:54602362-55728080
CNOT6L	1	0	-0.91646393600972753	0	-0.27149950305427822	EUR:chr4:77130707-79093979
COL11A2	1	1	1.3552838944158714	1	0.81029146406779307	EUR:chr6:32682664-33236497
COL13A1	1	0	0.85772751466649833	1	1.1216711346962587	EUR:chr10:70195991-72220850
COL27A1	1	0	0.96483357219002075	1	0.26029462606192449	EUR:chr9:115693145-117019801
COMP	1	1	1.4741260853305194	1	2.8879289735869773	EUR:chr19:18409862-19877471
COPE	1	1	1.4308129329769921	1	2.8462277757364141	EUR:chr19:18409862-19877471
COQ5	1	0	1.0873638733172597	1	0.25208909409093966	EUR:chr12:119754110-122007651
COX15	1	0	1.3438455798262121	1	0.72962734609943602	EUR:chr10:100668400-102949239
COX17	1	0	-0.70063067577863325	0	-1.2490561254869035	EUR:chr3:118530251-120523055
COX6A1	1	0	1.0654438351432018	1	0.24065785356735231	EUR:chr12:119754110-122007651
COX7A2L	1	0	-1.1546228957624487	0	0.66553623488244262	EUR:chr2:40281483-43309590
COX8C	1	0	0.29510046737873485	1	1.4918990970651946	EUR:chr14:93132299-94325285
CPEB3	1	0	-0.59191671942261059	0	1.0531753432354327	EUR:chr10:93335047-95396368
CPLX4	1	0	0.3201625372255395	1	0.043276081935005491	EUR:chr18:56530220-57630483
CPN1	1	0	1.3661404038048155	1	0.68012940920189402	EUR:chr10:100668400-102949239
CPT1C	1	1	1.0654438351432018	1	0.5239607201519525	EUR:chr19:49282227-51532567
CRAT	1	0	0.15454187872774505	1	1.417008578254406	EUR:chr9:130055510-132165470
CRCP	1	0	-1.3924665203375077	0	-0.053419082876331972	EUR:chr7:63641125-65689809
CRLF1	1	1	1.3874997806234646	1	2.9155900335924527	EUR:chr19:18409862-19877471
CROCC	1	0	0.84624345340273233	1	2.3870067010651064	EUR:chr1:16897730-18662899
CROCCP2	1	0	0.87364350112028266	1	2.3941601353902993	EUR:chr1:16897730-18662899
CRTC1	1	1	1.4091563568002283	1	2.83084470829816	EUR:chr19:18409862-19877471
CRX	1	1	0.33112255631256848	1	-0.10451300528535087	EUR:chr19:47150082-49282227
CRYBB2	1	0	1.6134447894944304	1	0.82713610624377576	EUR:chr22:24984204-26791628
CRYBB3	1	0	1.6353648276684885	1	0.8405097367944383	EUR:chr22:24984204-26791628
CSF2RB	1	0	-1.331533297605753	0	1.374582170952908	EUR:chr22:35530985-37570269
CSF3	1	0	-0.25698595273664765	0	-1.1691583636775678	EUR:chr17:36809344-38877404
CSNK2A2	1	0	-0.78664504937487634	0	-0.64416059829148076	EUR:chr16:57664330-59045405
CTBS	1	0	-1.7170137369246026	0	-1.1119648634046335	EUR:chr1:84844495-86454751
CTDSPL	1	0	-1.1220105065149104	0	-0.169754888492894	EUR:chr3:36486842-38356116
CTRC	1	0	0.55032293805305998	1	2.3234680405463934	EUR:chr1:14891511-16897730
CUBN	1	0	1.377003061205881	1	0.0087621531677989743	EUR:chr10:16551767-18537267
CUTA	1	1	1.1821542463995034	1	0.68462214186664105	EUR:chr6:33236497-35455756
CUTC	1	0	1.3772878157941171	1	0.74942339649160716	EUR:chr10:100668400-102949239
CUX2	1	1	0.53318029807938139	1	-1.193921689473493	EUR:chr12:110336719-113263518
CWC15	1	0	-0.038433506846977161	1	0.085534081562030517	EUR:chr11:94242260-95726041
CWC25	1	0	-0.57078343976632973	0	-0.080039000716419159	EUR:chr17:36809344-38877404
CWF19L1	1	0	1.2546662839118206	1	0.88825048127973927	EUR:chr10:100668400-102949239
CXCL13	1	0	-0.93810041711553971	0	-0.41120537004778923	EUR:chr4:77130707-79093979
CXCR5	1	0	0.44635324232987889	1	0.050265988714566646	EUR:chr11:117747110-119215476
CXXC4	1	0	-1.0247969229438463	0	0.9430076510467158	EUR:chr4:105305294-107501305
CYP21A2	1	1	0.98754640130134952	1	0.80782254148780963	EUR:chr6:31571218-32682664
CYP26A1	1	0	-0.62437144108131792	0	-0.98840176528696566	EUR:chr10:93335047-95396368
CYP26C1	1	0	-0.63518968163423495	0	-1.0242935322713613	EUR:chr10:93335047-95396368
CYP4F11	1	0	-0.47291607334067653	0	0.45785193101249516	EUR:chr19:15648610-16374416
CYP4F12	1	0	-0.6460079221871301	0	0.39635177037724156	EUR:chr19:15648610-16374416
CYP4F2	1	0	-0.51618903555227891	0	0.43471140981987616	EUR:chr19:15648610-16374416
CYP4F22	1	0	-0.59191671942261059	0	0.44013487652024863	EUR:chr19:14486347-15648610
CYP4F3	1	0	-0.63518968163423495	0	0.42645011618696976	EUR:chr19:15648610-16374416
CYP4F8	1	0	-0.62437144108131792	0	0.4284001396365249	EUR:chr19:15648610-16374416
CYP7A1	1	0	0.077276921929208542	1	0.37893601899243773	EUR:chr8:59068651-59728100
CYTH2	1	1	-0.03055807355923364	1	-0.53167183587359546	EUR:chr19:47150082-49282227
CYTH4	1	0	-1.5763766097368563	0	1.4758439120738369	EUR:chr22:37570269-39307894
DAG1	1	0	-1.5334603382449454	0	0.23206993410854587	EUR:chr3:49316972-51832015
DALRD3	1	0	-1.5929671573089517	0	0.25124122330993276	EUR:chr3:47727212-49316972
DAP3	1	0	-0.699119237867737	0	-2.2574931196071448	EUR:chr1:154770403-156336133
DAPP1	1	0	0.59808974139679605	1	2.2627748624818089	EUR:chr4:100678360-103221356
DAXX	1	1	1.2146160554025791	1	0.72107832646733805	EUR:chr6:33236497-35455756
DBH	1	1	1.7120849612776472	1	-1.3675731136428695	EUR:chr9:135298842-137041122
DBP	1	1	0.13384221274613498	1	-0.58690588385266007	EUR:chr19:47150082-49282227
DCAF6	1	0	-1.7386502180304149	0	-1.6560509169211155	EUR:chr1:166460517-169086324
DCDC2	1	1	0.1557622509201709	1	0.27491021317819664	EUR:chr6:23936619-24852275
DCLK3	1	0	-1.19773819038522	0	-0.073722633912706087	EUR:chr3:36486842-38356116
DCPS	1	0	-0.56759900882343339	0	-1.6148594114088941	EUR:chr11:124495528-126311320
DCST1	1	1	-0.80871942873798275	0	-1.2413277980221478	EUR:chr1:154770403-156336133
DCST2	1	1	-0.79775940965095382	0	-1.2917008673063985	EUR:chr1:154770403-156336133
DDA1	1	0	-0.78664504937487634	0	1.6757916218132327	EUR:chr19:16374416-18409862
DDI2	1	0	0.60512303348818286	1	2.3337685748071388	EUR:chr1:14891511-16897730
DDIT4L	1	0	0.72790862803164713	1	2.0636403123886056	EUR:chr4:100678360-103221356
DDOST	1	0	0.95584364427295598	1	-0.6355920862195702	EUR:chr1:20469149-21736588
DDR1	1	1	1.041562013979574	1	-1.7493313215968227	EUR:chr6:30798168-31571218
DDR2	1	0	-1.305920595914259	0	-0.19564884119200068	EUR:chr1:162346721-165191702
DDT	1	0	1.4490445031890617	1	1.0671038246836986	EUR:chr22:23712647-24984204
DDX17	1	0	-1.4797140918523222	0	1.333495270414137	EUR:chr22:37570269-39307894
DDX21	1	0	1.041637604065869	1	0.72178872676296679	EUR:chr10:70195991-72220850
DDX24	1	1	0.79276669651676157	1	1.8264608530152164	EUR:chr14:94325285-95750867
DDX25	1	0	-0.55663898973640435	0	-1.5053658230977767	EUR:chr11:124495528-126311320
DDX31	1	1	1.3613643504928741	1	-0.61131544254885961	EUR:chr9:135298842-137041122
DDX49	1	1	1.4199846448886211	1	2.8384522864649249	EUR:chr19:18409862-19877471
DDX50	1	0	1.0524558446187642	1	0.71877203366562947	EUR:chr10:70195991-72220850
DDX54	1	0	-0.8840092143510202	0	-0.066037087095501656	EUR:chr12:113263518-113986709
DDX6	1	0	0.45717384533091154	1	0.097907718411643641	EUR:chr11:117747110-119215476
DEDD	1	0	-0.97055513877424693	0	-0.43591551450006555	EUR:chr1:159913048-162346721
DERL3	1	0	1.5586446940593075	1	1.0817338640093055	EUR:chr22:23712647-24984204
DEXI	1	0	-1.1659166048226401	0	0.047113394219450141	EUR:chr16:10426032-11520161
DGCR6	1	0	0.046162060049925173	1	-1.1221849220638327	EUR:chr22:18296088-19912358
DGKD	1	0	1.6258225939226663	1	-1.3465998991726325	EUR:chr2:233550003-235150987
DGKG	1	0	-0.26922829689903194	0	0.97378059034742814	EUR:chr3:185068255-186890344
DHDH	1	1	0.4626427853568722	1	-1.0275376859751848	EUR:chr19:49282227-51532567
DICER1	1	1	0.67375955476635052	1	1.8142588541478402	EUR:chr14:94325285-95750867
DIO2	1	0	-1.4603399866210989	0	-1.0758542114400618	EUR:chr14:80186579-81579714
DIRAS3	1	0	1.0631276133882324	1	1.242511944927212	EUR:chr1:68477895-69687616
DIS3L2	1	0	1.160638250147803	1	-2.2221786793620364	EUR:chr2:231843389-233550003
DKKL1	1	1	1.2517641596226283	1	0.46013365971014364	EUR:chr19:49282227-51532567
DLEC1	1	0	-1.1544652281736176	0	-0.24827509310711635	EUR:chr3:36486842-38356116
DLG5	1	0	-0.51279891338831052	0	-1.7712463518806532	EUR:chr10:78706814-80876749
DMC1	1	0	-1.5229965038564306	0	1.3183270853478106	EUR:chr22:37570269-39307894
DMP1	1	1	0.64130306156171091	1	2.6285482986661832	EUR:chr4:87534648-89238028
DMPK	1	0	-0.98137337932714208	0	0.63995447668353944	EUR:chr19:46102697-47150082
DMWD	1	0	-0.98137337932714208	0	0.63995447668353944	EUR:chr19:46102697-47150082
DNA2	1	0	1.1173652879361786	1	0.7662083323263511	EUR:chr10:70195991-72220850
DNAH12	1	0	0.25190604370388892	1	-0.27761262660969738	EUR:chr3:56433907-58157519
DNAJB14	1	0	0.60890798194971307	1	2.2610072657451417	EUR:chr4:100678360-103221356
DNAJC16	1	0	0.58320299531412489	1	2.3296186618795378	EUR:chr1:14891511-16897730
DNAJC5G	1	1	0.42378214075744902	1	1.9573772635305744	EUR:chr2:26894985-28598777
DNAJC6	1	0	-0.77596380837483292	0	-0.2382627416067595	EUR:chr1:65041704-66939404
DNAL4	1	0	-1.5013552978543874	0	0.86433279174757516	EUR:chr22:37570269-39307894
DNASE1L3	1	0	0.43581613310323758	1	-0.76492366265943601	EUR:chr3:58157519-60272906
DNASE2B	1	0	-1.6737407747130002	0	-1.1203879599100819	EUR:chr1:84844495-86454751
DNMBP	1	0	1.1989292239653122	1	0.69608943557783032	EUR:chr10:100668400-102949239
DOLK	1	0	0.25190604370388892	1	1.4207547816614428	EUR:chr9:130055510-132165470
DOLPP1	1	0	0.067995954304518283	1	1.4151429109094391	EUR:chr9:130055510-132165470
DPAGT1	1	0	0.18665877030531591	1	0.10781734144313924	EUR:chr11:117747110-119215476
DPM3	1	1	-0.84159948599904766	0	-0.84656732699222692	EUR:chr1:154770403-156336133
DPYSL5	1	1	0.2613578194317106	1	1.9373193423646131	EUR:chr2:26894985-28598777
DROSHA	1	0	-1.2800002494800307	0	-0.68531455740314873	EUR:chr5:31390249-33500180
DSPP	1	1	0.63048423049347579	1	2.6242401231286863	EUR:chr4:87534648-89238028
DTX1	1	0	-0.86237273324520802	0	-0.11732399655365251	EUR:chr12:113263518-113986709
DUSP10	1	1	0.57645326029100585	1	1.8927841079112186	EUR:chr1:221858231-222230220
DUSP12	1	0	-1.19773819038522	0	0.038480330908672401	EUR:chr1:159913048-162346721
DYNC2LI1	1	0	-1.0788910782849344	0	0.10107220094626708	EUR:chr2:43309590-44313803
DYNLL1	1	0	1.0435237969691658	1	0.24432364310131349	EUR:chr12:119754110-122007651
ECE1	1	0	0.73664326253248658	1	-0.81983375502292943	EUR:chr1:20469149-21736588
ECEL1	1	0	1.3878213017587762	1	-2.3174040801513911	EUR:chr2:231843389-233550003
ECT2	1	0	-1.721692717231246	0	0.46074252501058011	EUR:chr3:172295731-173477285
EFCAB6	1	1	1.5176401883936272	1	3.0714665981517615	EUR:chr22:43714200-44995308
EFHD2	1	0	0.52840289987900202	1	2.3194159358629869	EUR:chr1:14891511-16897730
EFNA1	1	1	-0.87447954326011268	0	-0.88318388467812825	EUR:chr1:154770403-156336133
EFNA3	1	1	-0.67719919969367914	0	-1.242511944927212	EUR:chr1:154770403-156336133
EFNA4	1	1	-0.68815921878070807	0	-1.2436978366554767	EUR:chr1:154770403-156336133
EGFL8	1	1	1.6744916829460808	1	0.46097089352900539	EUR:chr6:31571218-32682664
EGR2	1	0	0.78048333888058041	1	-0.87412066914128528	EUR:chr10:63341695-65794114
EHD2	1	1	0.21056234635529378	1	-0.45132411488463953	EUR:chr19:47150082-49282227
EI24	1	0	-0.40319872251806477	0	-0.57475114812070627	EUR:chr11:124495528-126311320
EIF3D	1	0	-1.3538281215843564	0	1.0724415247482966	EUR:chr22:35530985-37570269
EIF3L	1	0	-1.4790124447607345	0	1.5296118251036894	EUR:chr22:37570269-39307894
EIF4A2	1	0	-0.22591514454550463	0	0.8385622469746028	EUR:chr3:185068255-186890344
EIF4E	1	0	0.67381742526712773	1	2.273531736280205	EUR:chr4:99424067-100678360
EIF4E2	1	0	1.4419125045232954	1	-2.38230473795447	EUR:chr2:231843389-233550003
EIF4G3	1	0	0.67088314801033466	1	-0.65192981960803553	EUR:chr1:20469149-21736588
EIF5	1	0	-0.26071847438675411	0	-1.060113875775982	EUR:chr14:103012102-105001723
ELFN2	1	0	-1.5655583691839612	0	1.4894040041579553	EUR:chr22:37570269-39307894
ELL	1	1	1.4310777295416037	1	2.9673296318081848	EUR:chr19:18409862-19877471
ELSPBP1	1	1	0.22152236544232276	1	-0.11994359761875545	EUR:chr19:47150082-49282227
EMCN	1	0	0.74954510913745942	1	2.0624904239035011	EUR:chr4:100678360-103221356
EMILIN1	1	1	0.59703475017155827	1	1.9841015126060888	EUR:chr2:26894985-28598777
EML2	1	0	-1.089555784856181	0	0.60160712147025697	EUR:chr19:46102697-47150082
EMP3	1	1	0.057122079136954149	1	-0.59849278847374954	EUR:chr19:47150082-49282227
ENDOD1	1	0	-0.17220245071855342	0	-0.043002013252144027	EUR:chr11:94242260-95726041
ENDOG	1	0	0.3492702086800108	1	1.5191112233197093	EUR:chr9:130055510-132165470
ENTHD1	1	0	-1.6203819308656362	0	-0.74201091023413757	EUR:chr22:39307894-40545797
ENTPD7	1	0	1.2992559318690053	1	0.66434077902624566	EUR:chr10:100668400-102949239
EPHA2	1	0	0.75856330070652245	1	2.3640055734159011	EUR:chr1:14891511-16897730
EPHX3	1	0	-0.44046135168196926	0	0.71859478493711382	EUR:chr19:14486347-15648610
EPM2AIP1	1	0	-1.1652834687265128	0	-0.081275177298474818	EUR:chr3:36486842-38356116
EPS15L1	1	0	-0.29982422449422302	0	0.43983323441335481	EUR:chr19:16374416-18409862
ERBB2	1	0	-0.18124173172948529	0	-0.98684103482354624	EUR:chr17:36809344-38877404
ERC1	1	0	-1.192320096783843	0	0.97400056943841395	EUR:chr12:1080331-2544786
ERCC1	1	0	-1.1652834687265128	0	-0.23572822930774753	EUR:chr19:44744108-46102697
ERCC2	1	0	-1.19773819038522	0	-0.13001620280762941	EUR:chr19:44744108-46102697
ERLIN1	1	0	1.2881085198797038	1	0.83235153036361087	EUR:chr10:100668400-102949239
ERP29	1	1	0.5872715008439009	1	-1.3766981084825982	EUR:chr12:110336719-113263518
ETS1	1	0	-1.1679762082347787	0	-0.25986977666694439	EUR:chr11:128188537-130342575
EXOC3L2	1	0	-1.2734658742555516	0	0.059452595940787667	EUR:chr19:44744108-46102697
EXOC3L4	1	0	-0.29359853164781902	0	-1.254450518326105	EUR:chr14:103012102-105001723
EXOC6	1	0	-0.73255384661035683	0	-0.58706853017817129	EUR:chr10:93335047-95396368
F11R	1	0	-1.0138281009858714	0	-0.074820914144617973	EUR:chr1:159913048-162346721
FABP4	1	0	-1.3167388364671762	0	-0.20360960943349823	EUR:chr8:81956395-82693739
FABP5	1	0	-1.2734658742555516	0	-0.17517426427514612	EUR:chr8:81956395-82693739
FAM107A	1	0	0.3492702086800108	1	-0.59898413873621359	EUR:chr3:58157519-60272906
FAM110B	1	0	0.012307193398917575	1	-0.039850450358888193	EUR:chr8:56956383-59068651
FAM118B	1	0	-0.57855902791046232	0	-1.7531378412392031	EUR:chr11:124495528-126311320
FAM131C	1	0	0.8024033770546164	1	2.3707750087952428	EUR:chr1:14891511-16897730
FAM163B	1	1	1.6572848658425243	1	-1.2810537782029368	EUR:chr9:135298842-137041122
FAM181A	1	1	0.91177383826715075	1	1.8374578435434006	EUR:chr14:94325285-95750867
FAM20A	1	0	0.67283276679024207	1	0.49233753853842549	EUR:chr17:64800430-67858770
FAM32A	1	0	-0.3430971867058254	0	0.56540945948204668	EUR:chr19:15648610-16374416
FAM3D	1	0	0.37090668978582297	1	-0.58755656237394926	EUR:chr3:58157519-60272906
FAM43B	1	0	0.29824249905150357	1	-0.63575964646724081	EUR:chr1:20469149-21736588
FAM83E	1	1	0.068082098223983131	1	-0.57701354202149047	EUR:chr19:47150082-49282227
FAM83F	1	0	-1.5121759008553981	0	-0.34226219198803604	EUR:chr22:39307894-40545797
FBLIM1	1	0	0.65992312892330574	1	2.34432284320846	EUR:chr1:14891511-16897730
FBXO33	1	0	-1.5902794436816809	0	-1.3361647209494598	EUR:chr14:38667725-40341990
FBXO42	1	0	0.70924321481491415	1	2.3507829935342803	EUR:chr1:14891511-16897730
FBXO46	1	0	-0.93810041711553971	0	0.64685850446421689	EUR:chr19:46102697-47150082
FCER1A	1	0	-1.0030098604329543	0	-1.0795246205874851	EUR:chr1:158027412-159913048
FCER1G	1	0	-1.0354645820916615	0	-0.58593033165841346	EUR:chr1:159913048-162346721
FCGR2A	1	0	-1.1761017092794299	0	-0.15504998611907742	EUR:chr1:159913048-162346721
FCGR2B	1	0	-1.1436469876207005	0	0.10327417530416841	EUR:chr1:159913048-162346721
FCGR3A	1	0	-1.1544652281736176	0	-0.12256402203409644	EUR:chr1:159913048-162346721
FCGR3B	1	0	-1.1220105065149104	0	0.058492579759009941	EUR:chr1:159913048-162346721
FCGRT	1	1	1.1750440260134476	1	0.54432996533527866	EUR:chr19:49282227-51532567
FCHO1	1	0	-0.63518968163423495	0	1.6859118992692002	EUR:chr19:16374416-18409862
FCHO2	1	0	-1.4032847608904029	0	0.71434756151010614	EUR:chr5:71240456-73759326
FCRL1	1	0	-1.2842841148084687	0	-1.6023780255747191	EUR:chr1:156336133-158027412
FCRL2	1	0	-1.257238513426209	0	-1.6501458799903099	EUR:chr1:156336133-158027412
FCRLA	1	0	-1.1869199498323248	0	0.10065938562878571	EUR:chr1:159913048-162346721
FCRLB	1	0	-1.2085564309381371	0	0.041083621755199348	EUR:chr1:159913048-162346721
FDPS	1	0	-1.0936799250006042	0	-1.4914826031478663	EUR:chr1:154770403-156336133
FECH	1	0	0.35304259448662645	1	-0.49032941731716123	EUR:chr18:55213838-56530220
FETUB	1	0	-0.12846055175005719	0	0.83603525455916905	EUR:chr3:185068255-186890344
FEZ1	1	0	-0.42511876069212268	0	-0.63643006606073227	EUR:chr11:124495528-126311320
FGF21	1	1	0.3201625372255395	1	-0.66076009064296604	EUR:chr19:47150082-49282227
FHAD1	1	0	0.50648286170496604	1	2.3154015607773362	EUR:chr1:14891511-16897730
FKBP8	1	1	1.4202588984733906	1	2.9563314854284193	EUR:chr19:18409862-19877471
FKBPL	1	1	1.7015431904486293	1	0.46470432841904052	EUR:chr6:31571218-32682664
FLAD1	1	1	-0.73747930467231648	0	-0.92060633352208809	EUR:chr1:154770403-156336133
FLI1	1	0	-1.3520571057372588	0	-0.26001138791646866	EUR:chr11:128188537-130342575
FLNB	1	0	0.32763372757419862	1	-0.72356632358045825	EUR:chr3:56433907-58157519
FLNC	1	0	0.72768892035650712	1	0.90482534487681987	EUR:chr7:126869221-128778386
FLT3LG	1	1	1.2298441214485702	1	0.55483889423731081	EUR:chr19:49282227-51532567
FNBP1	1	0	-0.38637014891744975	0	1.2677928928326145	EUR:chr9:132165470-133223217
FNDC3B	1	0	-1.7328401292205478	0	0.90091520848526085	EUR:chr3:170964909-172295731
FNDC4	1	1	0.27218610752008143	1	1.9436168857665708	EUR:chr2:26894985-28598777
FOSB	1	0	-1.1436469876207005	0	-0.26440393901223397	EUR:chr19:44744108-46102697
FOSL2	1	1	0.03396376957568123	1	1.9094670536634128	EUR:chr2:28598777-29217559
FOXA3	1	0	-0.91646393600972753	0	0.65294609353757616	EUR:chr19:46102697-47150082
FOXB1	1	0	-0.44703879886615866	0	-0.39783314754144539	EUR:chr15:59694116-61265836
FOXD1	1	0	-1.414103001443298	0	0.74453740146529668	EUR:chr5:71240456-73759326
FOXR1	1	0	0.25158238831146768	1	0.10506364776443092	EUR:chr11:117747110-119215476
FOXRED1	1	0	-0.49087887521427453	0	-1.7355866140530942	EUR:chr11:124495528-126311320
FOXRED2	1	0	-1.3761229455629376	0	1.0700115181376184	EUR:chr22:35530985-37570269
FRA10AC1	1	0	-0.58109847886971555	0	-0.68462214186664094	EUR:chr10:95396368-96221243
FRAS1	1	0	-0.97055513877424693	0	-1.2031873789717411	EUR:chr4:77130707-79093979
FSTL1	1	0	-0.65734826377452471	0	-0.79667868784216112	EUR:chr3:118530251-120523055
FUBP3	1	0	-0.45127959223486436	0	1.165640318204904	EUR:chr9:133223217-134127888
FUT1	1	1	0.30920251813853256	1	-0.65260726067727104	EUR:chr19:47150082-49282227
FUT2	1	1	0.23248238452935174	1	-0.64668974752407482	EUR:chr19:47150082-49282227
FUT4	1	0	0.0061561411102295923	1	-0.022591558641502286	EUR:chr11:94242260-95726041
FXYD2	1	0	-0.61406585177043826	0	0.46059029268056562	EUR:chr11:116383348-117747110
FXYD6	1	0	-0.0081120837131173091	1	0.46287490114364321	EUR:chr11:117747110-119215476
GAB4	1	0	0.22152236544232276	1	-0.46806232760521066	EUR:chr22:16050408-17674295
GABBR1	1	1	0.66288225629950415	1	1.0009753759747446	EUR:chr6:28917608-29737971
GADD45A	1	0	1.0198452013841459	1	1.2696298664731107	EUR:chr1:66939404-68477895
GALR3	1	0	-1.4303303622726626	0	1.5384929835713508	EUR:chr22:37570269-39307894
GATAD2A	1	1	1.1492774426790644	1	2.7051554403450409	EUR:chr19:18409862-19877471
GATC	1	0	1.0325637778821368	1	0.2410806633389985	EUR:chr12:119754110-122007651
GBGT1	1	1	1.4490445031890617	1	-0.60062301880253177	EUR:chr9:135298842-137041122
GCAT	1	0	-1.4519668433784747	0	1.5362613191748125	EUR:chr22:37570269-39307894
GCNT3	1	0	-0.37031866525699986	0	-0.88500524198647035	EUR:chr15:59694116-61265836
GDF1	1	1	1.4524695091537556	1	2.86231537950035	EUR:chr19:18409862-19877471
GDF15	1	1	1.4743530538144787	1	3.0153246150325583	EUR:chr19:18409862-19877471
GEMIN7	1	0	-1.2626476337026566	0	-0.77209729761871371	EUR:chr19:44744108-46102697
GFI1B	1	1	1.4928845795371557	1	-0.65582920745571638	EUR:chr9:135298842-137041122
GGA1	1	0	-1.3762391595081431	0	1.5534178623424035	EUR:chr22:37570269-39307894
GGT1	1	0	1.5696047131463366	1	1.2319166307554061	EUR:chr22:23712647-24984204
GGT5	1	0	1.405204426840968	1	1.0432153960618216	EUR:chr22:23712647-24984204
GHSR	1	0	-1.6993978932526426	0	0.999169474750085	EUR:chr3:170964909-172295731
GIGYF2	1	0	1.4743672261820029	1	-2.3464653610035326	EUR:chr2:233550003-235150987
GINS2	1	0	-0.90622213279807706	0	0.51034556862984759	EUR:chr16:85148685-86156599
GINS3	1	0	-0.65682616274004724	0	-0.55037314240301127	EUR:chr16:57664330-59045405
GIPR	1	0	-1.0679193037503909	0	0.65956841026642421	EUR:chr19:46102697-47150082
GJD3	1	0	-0.37601258574791852	0	-0.76034581998436468	EUR:chr17:36809344-38877404
GMIP	1	1	1.2900451878280172	1	2.7298829357413967	EUR:chr19:18409862-19877471
GMNN	1	1	0.8024033770546164	1	2.2977839404668479	EUR:chr6:23936619-24852275
GMPPB	1	0	-1.5550991815409339	0	0.39768497058588032	EUR:chr3:49316972-51832015
GNG12	1	0	0.96574218637902687	1	1.2610936432762205	EUR:chr1:66939404-68477895
GNG5	1	0	-1.7278319774775197	0	-1.1565067995950979	EUR:chr1:84844495-86454751
GOLGA4	1	0	-1.1761017092794299	0	-0.25237175793107047	EUR:chr3:36486842-38356116
GOLT1B	1	0	1.2904571367826543	1	0.65633855796115492	EUR:chr12:20863943-23820634
GON4L	1	0	-0.98407973413035832	0	-2.3134082835309879	EUR:chr1:154770403-156336133
GOT1	1	0	1.165486987997407	1	0.33573700105744758	EUR:chr10:100668400-102949239
GOT2	1	0	-0.66764440329294228	0	0.93661998865151241	EUR:chr16:57664330-59045405
GPLD1	1	1	0.42976272809578525	1	0.93853226604431872	EUR:chr6:23936619-24852275
GPN1	1	1	0.18555980281302681	1	1.9346437533812511	EUR:chr2:26894985-28598777
GPN3	1	1	0.42499789255034248	1	-1.9454304220931784	EUR:chr12:110336719-113263518
GPR107	1	0	-0.40800663002323995	0	1.2882402300831748	EUR:chr9:132165470-133223217
GPR156	1	0	-0.66816886677555742	0	-0.74869841830846406	EUR:chr3:118530251-120523055
GPR161	1	0	-1.6629225341600831	0	-1.5696348673790572	EUR:chr1:166460517-169086324
GPR4	1	0	-1.0787375443032861	0	0.55963594163758501	EUR:chr19:46102697-47150082
GPR83	1	0	-0.027286094857675473	1	0.02163297604306165	EUR:chr11:93276157-94242260
GPSM3	1	1	1.6149783664404342	1	0.46714598768236604	EUR:chr6:31571218-32682664
GPX1	1	0	-1.5118214949489353	0	0.28658790441053933	EUR:chr3:49316972-51832015
GPX5	1	1	0.46813266663545566	1	2.0411436546145301	EUR:chr6:28017819-28917608
GPX6	1	1	0.45731324498745052	1	2.040045579416061	EUR:chr6:28017819-28917608
GRAP2	1	0	-1.598740724863593	0	-0.62257669667449289	EUR:chr22:39307894-40545797
GRB7	1	0	-0.21370354073256118	0	-1.000749459836715	EUR:chr17:36809344-38877404
GRIN2D	1	1	-0.063438130820320557	1	-0.54591833977562965	EUR:chr19:47150082-49282227
GRM4	1	0	1.0739482163892651	1	0.26383687327368516	EUR:chr6:33236497-35455756
GRP	1	0	0.29824249905150357	1	0.0088990653973857782	EUR:chr18:56530220-57630483
GRWD1	1	1	-0.0086380353851976937	1	-0.54528282493653202	EUR:chr19:47150082-49282227
GSC	1	1	0.68457838583458575	1	1.814969172341899	EUR:chr14:94325285-95750867
GSC2	1	0	0.013282002788860256	1	-0.87191612296524967	EUR:chr22:18296088-19912358
GSDMA	1	0	-0.28944776173972353	0	-1.1886330808777499	EUR:chr17:36809344-38877404
GSDMB	1	0	-0.2245241437335718	0	-1.2292893166810832	EUR:chr17:36809344-38877404
GSK3B	1	0	-0.81965730878988208	0	-0.91206468752440373	EUR:chr3:118530251-120523055
GSTT1	1	0	1.4928845795371557	1	1.0765871331018735	EUR:chr22:23712647-24984204
GSTT2	1	0	1.4709645413631198	1	1.0673457878388601	EUR:chr22:23712647-24984204
GTF2A1	1	0	-1.5469662913281537	0	-1.0458139275612117	EUR:chr14:81579714-83138097
GTF2A2	1	0	-0.38127868434402878	0	-0.84226520717623155	EUR:chr15:59694116-61265836
GTF2H4	1	0	1.041562013979574	1	-1.8628531351860431	EUR:chr6:30798168-31571218
GTF3C2	1	1	0.29384268369684508	1	1.9481627821262637	EUR:chr2:26894985-28598777
GTF3C4	1	1	1.4271244650150259	1	-0.61975402865802909	EUR:chr9:135298842-137041122
GTF3C5	1	1	1.4600045222760909	1	-0.68012940920189402	EUR:chr9:135298842-137041122
GTPBP1	1	0	-1.5608686143600119	0	1.2816760620095475	EUR:chr22:37570269-39307894
GTPBP3	1	0	-0.78664504937487634	0	1.6757916218132327	EUR:chr19:16374416-18409862
GUSB	1	0	-1.3383753175729882	0	0.44360664911093256	EUR:chr7:63641125-65689809
GUSBP11	1	0	1.6463248467555174	1	1.1122189500351296	EUR:chr22:23712647-24984204
GYS1	1	1	0.44072274718281423	1	-1.0121085509049912	EUR:chr19:49282227-51532567
GYS2	1	0	1.2796388962297371	1	0.60686555514283036	EUR:chr12:20863943-23820634
H19	1	0	0.36008844923292788	1	-0.059726896304130514	EUR:chr11:1213590-3665481
HAAO	1	0	-1.1329852336260222	0	1.1221849220638327	EUR:chr2:40281483-43309590
HAPLN4	1	1	1.30087347591641	1	2.7688386590287557	EUR:chr19:18409862-19877471
HAX1	1	0	-1.192320096783843	0	-1.3547806129569773	EUR:chr1:153180829-154770403
HCG9	1	1	0.59808974139679605	1	-0.79649066289663217	EUR:chr6:29737971-30798168
HCN3	1	0	-1.0498398486525102	0	-1.5100586633641648	EUR:chr1:154770403-156336133
HDHD3	1	0	0.93139133622211567	1	-1.0354617322856101	EUR:chr9:115693145-117019801
HELZ	1	0	0.48875186928774	1	-0.019168138516255217	EUR:chr17:64800430-67858770
HEPHL1	1	0	-0.20564468668645847	0	0.24883990111154841	EUR:chr11:93276157-94242260
HFE	1	1	-0.20256576175929189	0	2.4452853884578092	EUR:chr6:25684587-26791233
HHEX	1	0	-0.61355320052842277	0	0.41180138333326566	EUR:chr10:93335047-95396368
HIF1AN	1	0	1.3326981678369103	1	0.83370737552903873	EUR:chr10:100668400-102949239
HIF3A	1	0	-0.84073625213939585	0	0.76290744235951902	EUR:chr19:46102697-47150082
HINFP	1	0	0.29486480031555418	1	0.10974541233978187	EUR:chr11:117747110-119215476
HIRA	1	0	0.090002136398041069	1	-0.97708524078694947	EUR:chr22:18296088-19912358
HJURP	1	0	1.5933678722639588	1	-1.4029512270198492	EUR:chr2:233550003-235150987
HK1	1	0	0.94427343908972516	1	1.1661806167538677	EUR:chr10:70195991-72220850
HKDC1	1	0	0.99836464185424456	1	1.1998061155053923	EUR:chr10:70195991-72220850
HLA-A	1	1	0.61972622250260823	1	-0.42510104971108015	EUR:chr6:29737971-30798168
HLA-DMA	1	1	1.420207512422023	1	0.94878962373341702	EUR:chr6:32682664-33236497
HLA-DMB	1	1	1.4310281154230338	1	0.95374014334613855	EUR:chr6:32682664-33236497
HLA-DOA	1	1	1.3985663064199798	1	0.87351900828948337	EUR:chr6:32682664-33236497
HLA-DOB	1	1	1.4851311304281527	1	0.92500743401137397	EUR:chr6:32682664-33236497
HLA-DQA2	1	1	1.5067723364302181	1	0.73069971987705185	EUR:chr6:32682664-33236497
HLA-DRA	1	1	1.5716959544363478	1	0.70080702567868025	EUR:chr6:31571218-32682664
HLA-DRB5	1	1	1.5608753514353373	1	0.83409504142088486	EUR:chr6:31571218-32682664
HLA-F	1	1	0.69545390637293991	1	-0.071389081990390346	EUR:chr6:28917608-29737971
HLA-F-AS1	1	1	0.70627214692583495	1	-0.078528284118751762	EUR:chr6:28917608-29737971
HLA-G	1	1	0.71709038747875209	1	-0.11346499356071876	EUR:chr6:29737971-30798168
HLX	1	1	0.48990733586775703	1	1.8830217787036871	EUR:chr1:219590571-221858231
HMBS	1	0	0.20829997630735916	1	0.15034056431303486	EUR:chr11:117747110-119215476
HMGA1	1	0	-1.3603495918769073	0	0.13650822797696566	EUR:chr6:33236497-35455756
HMGB1	1	0	-0.89482745490391535	0	-0.26355337222775371	EUR:chr13:30483267-32301815
HMGN4	1	1	0.132818001355471	1	2.5399307069418633	EUR:chr6:25684587-26791233
HMGXB4	1	0	-1.5321867134131393	0	0.57458966120732557	EUR:chr22:35530985-37570269
HMOX1	1	0	-1.4987444774452343	0	0.69661284595697204	EUR:chr22:35530985-37570269
HNF1A	1	0	1.2079240832745344	1	0.52443193034256275	EUR:chr12:119754110-122007651
HNF1A-AS1	1	0	1.2517641596226283	1	0.53324940970270607	EUR:chr12:119754110-122007651
HNRNPH3	1	0	1.1390017690419909	1	0.75196392904470222	EUR:chr10:69900148-70195991
HOMER3	1	1	1.3983280687118576	1	2.8233975201646846	EUR:chr19:18409862-19877471
HP1BP3	1	0	0.91200356792486215	1	-0.62957173516596843	EUR:chr1:20469149-21736588
HPD	1	1	1.3065642550577512	1	0.96676596761622546	EUR:chr12:122007651-124977980
HPS1	1	0	-0.18082357841226693	0	-0.812955839571603	EUR:chr10:97822357-100241302
HRC	1	1	0.83528343431570329	1	-1.2662653429966415	EUR:chr19:49282227-51532567
HRH1	1	0	-1.3628853938256515	0	-0.46485685083405731	EUR:chr3:11019665-13070799
HSD17B11	1	1	0.53311475087953508	1	2.5914176723550075	EUR:chr4:87534648-89238028
HSD17B14	1	1	0.39688267083472034	1	-0.5750741669237599	EUR:chr19:49282227-51532567
HSD17B8	1	1	1.3228220854127954	1	0.79987943420023633	EUR:chr6:32682664-33236497
HSH2D	1	0	-0.39718838947034485	0	0.56011635361187728	EUR:chr19:15648610-16374416
HSPA6	1	0	-1.1652834687265128	0	-0.13927252194043241	EUR:chr1:159913048-162346721
HSPB7	1	0	0.79144335796760945	1	2.373055831397382	EUR:chr1:14891511-16897730
HSPG2	1	0	0.93392360609892011	1	-1.2442914389586912	EUR:chr1:21736588-23086883
HSPH1	1	0	-0.74337208716327396	0	-0.63542454381516023	EUR:chr13:30483267-32301815
HVCN1	1	1	0.56563501973808872	1	-1.901894174141298	EUR:chr12:110336719-113263518
HYLS1	1	0	-0.54567897064939741	0	-1.5318208024007902	EUR:chr11:124495528-126311320
HYOU1	1	0	0.22994118230940241	1	0.15089443888651977	EUR:chr11:117747110-119215476
IAPP	1	0	1.2471841745710299	1	0.6141234408954932	EUR:chr12:20863943-23820634
IARS2	1	1	0.46827085476196684	1	1.8886945799827257	EUR:chr1:219590571-221858231
IBSP	1	1	0.65212189262992415	1	2.6329058206257225	EUR:chr4:87534648-89238028
IDE	1	0	-0.70009912495164961	0	0.46745139070377356	EUR:chr10:93335047-95396368
IFI16	1	0	-1.2085564309381371	0	-1.1546383110179654	EUR:chr1:158027412-159913048
IFI27	1	1	0.82522318972140118	1	1.8293717997701642	EUR:chr14:94325285-95750867
IFI27L1	1	1	0.80358552758497481	1	1.827914390264511	EUR:chr14:94325285-95750867
IFI27L2	1	1	0.84686085185784954	1	1.8315652266306945	EUR:chr14:94325285-95750867
IFI30	1	1	0.9010004768781007	1	2.6462869859500397	EUR:chr19:16374416-18409862
IFT172	1	1	0.21804466707818329	1	1.9391108032734241	EUR:chr2:26894985-28598777
IFT27	1	0	-1.2757962376592444	0	1.3523852156817249	EUR:chr22:35530985-37570269
IFT46	1	0	0.16501756430327269	1	0.1435592895373636	EUR:chr11:117747110-119215476
IFT80	1	0	0.83589495036674533	1	0.10148503348883724	EUR:chr3:159477890-161524504
IGF2	1	0	0.32763372757419862	1	-0.096532164051955804	EUR:chr11:1213590-3665481
IGFL1	1	0	-0.85155449269231287	0	0.75778917724023986	EUR:chr19:46102697-47150082
IGFL2	1	0	-1.0571010631974738	0	0.69504318642798646	EUR:chr19:46102697-47150082
IGFL3	1	0	-0.87319097379812516	0	0.74724964102818814	EUR:chr19:46102697-47150082
IGFL4	1	0	-1.0246463415387665	0	0.65786763247969204	EUR:chr19:46102697-47150082
IGSF11	1	0	-0.84129851479192541	0	-0.079352288915934988	EUR:chr3:118530251-120523055
IGSF23	1	0	-1.5114671664194419	0	-1.702006420887902	EUR:chr19:44744108-46102697
IKZF3	1	0	-0.33273017374381003	0	-0.94578761685585366	EUR:chr17:36809344-38877404
IL10RA	1	0	0.013529122288947943	1	0.31610174451904888	EUR:chr11:117747110-119215476
IL12RB2	1	0	0.95492158337799427	1	1.202905081554976	EUR:chr1:66939404-68477895
IL17RA	1	0	0.21056234635529378	1	-0.7260588077488267	EUR:chr22:16050408-17674295
IL20RB	1	0	0.79281807134908377	1	1.7355866140530942	EUR:chr3:135456906-137371083
IL23R	1	0	0.94410098037698365	1	-0.44254945846226734	EUR:chr1:66939404-68477895
IL2RB	1	0	-1.2423540016913395	0	1.4055199129086369	EUR:chr22:37570269-39307894
IL6R	1	0	-1.1484800204357271	0	-1.2511496194716081	EUR:chr1:153180829-154770403
ILVBL	1	0	-0.32146070560001316	0	0.73320520015498991	EUR:chr19:14486347-15648610
IMPA1	1	0	-1.3383753175729882	0	-0.16309170776283499	EUR:chr8:81956395-82693739
IMPDH1	1	0	0.7060477143544639	1	0.8542325848856096	EUR:chr7:126869221-128778386
IMPDH2	1	0	-1.6416545547249528	0	0.24898111550991703	EUR:chr3:47727212-49316972
INPP5D	1	0	1.6690955561342906	1	-1.5557096166637656	EUR:chr2:233550003-235150987
INS	1	0	0.31681548702130352	1	-0.065625475471551412	EUR:chr11:1213590-3665481
INSL3	1	0	-0.55946199776390326	0	1.7055132177508572	EUR:chr19:16374416-18409862
INSL5	1	0	1.0306658043851566	1	0.01095277029619603	EUR:chr1:66939404-68477895
IP6K2	1	0	-1.4469049650609263	0	0.15047902862598209	EUR:chr3:47727212-49316972
IP6K3	1	1	1.106410025392341	1	0.54830348815088248	EUR:chr6:33236497-35455756
IQCD	1	0	-0.90564569545683238	0	-0.064390707027836308	EUR:chr12:113263518-113986709
IQSEC1	1	0	-0.83229927749490895	0	1.3476175623646429	EUR:chr3:13070799-14816900
IQSEC3	1	0	-1.0827199059135972	0	-1.6904657650786366	EUR:chr12:61107-1080331
IRF2BP1	1	0	-0.8840092143510202	0	0.62890421763218995	EUR:chr19:46102697-47150082
IRF3	1	1	1.0873638733172597	1	0.53119882181053213	EUR:chr19:49282227-51532567
IRF5	1	0	0.59784168434422569	1	0.89804284717701022	EUR:chr7:126869221-128778386
IRF8	1	0	-0.91704273579908768	0	0.34255253692536808	EUR:chr16:85148685-86156599
IRX3	1	0	0.64034790252508555	1	-0.22560513365476728	EUR:chr16:53382572-55903774
ISYNA1	1	1	1.4418965606098171	1	2.9786988600244215	EUR:chr19:18409862-19877471
ITGA9	1	0	-1.2410111525968444	0	-0.25618970388698464	EUR:chr3:36486842-38356116
ITLN1	1	0	-0.86237273324520802	0	-0.11815115116783334	EUR:chr1:159913048-162346721
ITLN2	1	0	-0.8840092143510202	0	-0.19830102827595558	EUR:chr1:159913048-162346721
ITPK1	1	0	-0.42082433013637754	0	-0.6614414722851838	EUR:chr14:93132299-94325285
ITPR3	1	1	1.1280512313943842	1	0.63124175797937099	EUR:chr6:33236497-35455756
IZUMO1	1	1	0.28728247996447459	1	-0.64837814705886065	EUR:chr19:47150082-49282227
JAK1	1	0	-0.95988393653454518	0	-0.1152564598997463	EUR:chr1:65041704-66939404
JAK3	1	0	-0.57028023831679842	0	1.704341955633156	EUR:chr19:16374416-18409862
JMJD1C	1	0	0.72790862803164713	1	-1.1922479991991131	EUR:chr10:63341695-65794114
JOSD1	1	0	-1.5879201218625605	0	1.2917008673063985	EUR:chr22:37570269-39307894
JUND	1	1	1.496003707287815	1	2.8791797467577682	EUR:chr19:16374416-18409862
KAAG1	1	1	0.38592265174769136	1	-0.025878290572174084	EUR:chr6:23936619-24852275
KATNAL1	1	0	-0.90564569545683238	0	-0.53688288033761211	EUR:chr13:30483267-32301815
KATNB1	1	0	-0.71091736550456663	0	-0.9687340120961947	EUR:chr16:57664330-59045405
KAZALD1	1	0	1.4776145236978104	1	0.8886567940304877	EUR:chr10:100668400-102949239
KCNA7	1	1	0.6818431670973637	1	-1.0891364359415396	EUR:chr19:49282227-51532567
KCNG3	1	0	-1.1438040646942353	0	0.8627426295083338	EUR:chr2:40281483-43309590
KCNJ1	1	0	-1.1246630558812294	0	-0.19006976141197038	EUR:chr11:128188537-130342575
KCNJ13	1	0	1.48518546673492	1	-2.3275586585824879	EUR:chr2:233550003-235150987
KCNJ14	1	1	-0.041518092646262612	1	-0.53104117686919383	EUR:chr19:47150082-49282227
KCNJ4	1	0	-1.4472522828492682	0	1.3391792790704133	EUR:chr22:37570269-39307894
KCNJ5	1	0	-1.0163801749974111	0	-0.25944497417250562	EUR:chr11:128188537-130342575
KCNJ8	1	0	1.3337300989942567	1	0.40778111901172703	EUR:chr12:20863943-23820634
KCNK3	1	1	0.13141836237110668	1	1.931981942813715	EUR:chr2:26894985-28598777
KCNN1	1	0	-0.54864375721100822	0	1.8072055112167595	EUR:chr19:16374416-18409862
KCNN3	1	0	-1.126559982261691	0	-0.764740241481351	EUR:chr1:154770403-156336133
KCNQ1	1	0	0.10045067596322557	1	-0.59130280759983611	EUR:chr11:1213590-3665481
KCNQ1DN	1	0	0.29517900591549129	1	0.8432415908716252	EUR:chr11:1213590-3665481
KCNQ1OT1	1	0	0.18699660038645236	1	-0.66519457907625557	EUR:chr11:1213590-3665481
KCP	1	0	0.67358590535138796	1	0.88987661354442471	EUR:chr7:126869221-128778386
KCTD17	1	0	-1.2646488256699429	0	1.3852241371899483	EUR:chr22:35530985-37570269
KCTD6	1	0	0.39254317089163521	1	-0.51674996553243491	EUR:chr3:58157519-60272906
KCTD7	1	0	-1.5763766097368563	0	-2.7159408890639387	EUR:chr7:65689809-68234074
KDELR1	1	1	-0.052478111733291588	1	-0.56364333748709017	EUR:chr19:47150082-49282227
KDELR3	1	0	-1.4634831873507843	0	1.3321641013116745	EUR:chr22:37570269-39307894
KDM2B	1	1	0.98872370153404299	1	0.93132598636528019	EUR:chr12:122007651-124977980
KDM5A	1	0	-1.115599963174662	0	-1.2929631239437152	EUR:chr12:61107-1080331
KHK	1	1	0.57537817399479463	1	1.9801963653230283	EUR:chr2:26894985-28598777
KIAA0319	1	1	0.53936291896603106	1	1.9302149780559854	EUR:chr6:23936619-24852275
KIAA0513	1	0	-0.86293972079396863	0	0.31624566831677442	EUR:chr16:84445883-85148685
KIAA1671	1	0	1.5038445986241846	1	1.2705499620312013	EUR:chr22:24984204-26791628
KIF11	1	0	-0.71091736550456663	0	0.52427484734557528	EUR:chr10:93335047-95396368
KIF12	1	0	1.0540128681044123	1	0.31035012350190594	EUR:chr9:115693145-117019801
KIF17	1	0	0.92296358701189107	1	-0.59146587584423727	EUR:chr1:20469149-21736588
KIFC1	1	1	1.2037954524015466	1	0.68774060470938547	EUR:chr6:33236497-35455756
KIFC3	1	0	-0.75419032771616901	0	-1.0881459801195477	EUR:chr16:57664330-59045405
KLC1	1	0	-0.23879843621269614	0	-0.43005143251561545	EUR:chr14:103012102-105001723
KLC3	1	0	-1.1869199498323248	0	-0.11691044938171587	EUR:chr19:44744108-46102697
KLF2	1	0	-0.31064246504711807	0	0.4596771226637304	EUR:chr19:16374416-18409862
KLHDC10	1	0	0.51127686033603059	1	0.72766350320009221	EUR:chr7:128778386-130422414
KLHDC8B	1	0	-1.6957516629649565	0	0.19355598189235118	EUR:chr3:47727212-49316972
KLHDC9	1	0	-0.90564569545683238	0	-0.16364669226610692	EUR:chr1:159913048-162346721
KLHL26	1	1	1.4849543734189121	1	2.8969050162258174	EUR:chr19:18409862-19877471
KLHL8	1	1	0.50065825767487349	1	2.5759993166569872	EUR:chr4:87534648-89238028
KPNA2	1	0	0.75945907149729663	1	0.1532489244491308	EUR:chr17:64800430-67858770
KPNA4	1	0	0.85753615636878866	1	-0.00013690689182705552	EUR:chr3:159477890-161524504
KRT10	1	0	-0.43011560075303762	0	-0.76107720238444165	EUR:chr17:38877404-39899810
KRT12	1	0	-0.53832163076327588	0	-0.80953127007786319	EUR:chr17:38877404-39899810
KRT20	1	0	-0.5491422337642865	0	-0.782096158253209	EUR:chr17:38877404-39899810
KRT222	1	0	-0.50585982176020006	0	-0.77560656882807633	EUR:chr17:36809344-38877404
KRT23	1	0	-0.63570705777248149	0	-0.75341784293649716	EUR:chr17:38877404-39899810
KRT24	1	0	-0.39765379174996179	0	-0.7658411548908316	EUR:chr17:36809344-38877404
KRT25	1	0	-0.44093620375404829	0	-0.7289128961852317	EUR:chr17:38877404-39899810
KRT26	1	0	-0.4625774097561135	0	-0.71717760679823339	EUR:chr17:38877404-39899810
KRT27	1	0	-0.4950392187591674	0	-0.72588062368460893	EUR:chr17:38877404-39899810
KRT28	1	0	-0.4517568067550809	0	-0.73177293460800619	EUR:chr17:38877404-39899810
KRTCAP2	1	1	-0.85803951462959116	0	-0.8721163610802809	EUR:chr1:154770403-156336133
KRTCAP3	1	1	0.35881241222713606	1	1.9611100550946667	EUR:chr2:26894985-28598777
LAMB2	1	0	-1.7065710846129618	0	0.27633228451725561	EUR:chr3:47727212-49316972
LAMTOR2	1	0	-0.6333591233455852	0	-2.4883089544560026	EUR:chr1:154770403-156336133
LAMTOR3	1	0	0.63054446305552536	1	2.2663314134751511	EUR:chr4:100678360-103221356
LASP1	1	0	-0.018932686714127931	1	-0.10024658746461111	EUR:chr17:36809344-38877404
LBX1	1	0	1.132044752029524	1	0.49388359887328259	EUR:chr10:102949239-104380410
LDHB	1	0	1.3229118584413615	1	0.60029511384638568	EUR:chr12:20863943-23820634
LEMD2	1	1	1.0955894223913083	1	0.40540185065362255	EUR:chr6:33236497-35455756
LENEP	1	1	-0.66623918060665011	0	-0.92416774924553724	EUR:chr1:154770403-156336133
LENG1	1	0	-1.5547401286310443	0	-1.7666647168910057	EUR:chr19:54602362-55728080
LEP	1	0	0.64112409634831213	1	0.77265076022103396	EUR:chr7:126869221-128778386
LEPR	1	0	-0.84087679478413413	0	-0.16087227024051839	EUR:chr1:65041704-66939404
LEPROT	1	0	-0.71105082196553182	0	-0.19048798508420578	EUR:chr1:65041704-66939404
LGALS1	1	0	-1.4303303622726626	0	1.5452343671368942	EUR:chr22:37570269-39307894
LGALS2	1	0	-1.3762391595081431	0	1.5603177966218613	EUR:chr22:37570269-39307894
LGI1	1	0	-0.60273495997552773	0	-0.55164794799519934	EUR:chr10:95396368-96221243
LHB	1	1	0.55032293805305998	1	-0.73607425437537677	EUR:chr19:49282227-51532567
LIG1	1	1	0.16672227000719989	1	-0.21312361922234013	EUR:chr19:47150082-49282227
LILRB3	1	0	-1.5114671664194419	0	-1.7167587144886527	EUR:chr19:54602362-55728080
LIN7B	1	1	0.74760328161949352	1	-1.2754754065744014	EUR:chr19:49282227-51532567
LIPF	1	0	-1.7386502180304149	0	1.6199231569783645	EUR:chr10:89127064-91013381
LMAN1	1	0	0.33112255631256848	1	0.05904115377649366	EUR:chr18:56530220-57630483
LMNA	1	0	-1.1375200013487201	0	-2.2958698319058652	EUR:chr1:154770403-156336133
LMTK3	1	1	-0.019598054472204664	1	-0.61214082318281338	EUR:chr19:47150082-49282227
LPAR2	1	1	1.311701764004803	1	2.7564015441080643	EUR:chr19:18409862-19877471
LRPPRC	1	0	-1.1221664025578091	0	-0.057532617482796478	EUR:chr2:43309590-44313803
LRRC20	1	0	0.86854575521939348	1	0.94707314610536442	EUR:chr10:70195991-72220850
LRRC25	1	1	1.4635342227462653	1	3.0026637593003538	EUR:chr19:18409862-19877471
LRRC4	1	0	0.58702108134319297	1	0.4110563895558354	EUR:chr7:126869221-128778386
LRRC58	1	0	-0.64652766077351409	0	-0.74815494281673667	EUR:chr3:118530251-120523055
LRRC8A	1	0	0.30599724646840842	1	1.4256548546453249	EUR:chr9:130055510-132165470
LRRFIP2	1	0	-1.2193746714910323	0	-0.11360278566282825	EUR:chr3:36486842-38356116
LSM4	1	1	1.4959907159509049	1	3.0421982292494354	EUR:chr19:18409862-19877471
LSM6	1	0	0.42976272809578525	1	-0.068095314451257161	EUR:chr4:146178187-148521873
LY9	1	0	-0.85155449269231287	0	-0.12891173031146835	EUR:chr1:159913048-162346721
LZTS2	1	0	1.4441722877299052	1	0.89497351646364609	EUR:chr10:100668400-102949239
MALT1	1	0	0.26536244179041668	1	-0.60670097559344038	EUR:chr18:55213838-56530220
MAMSTR	1	1	0.2434424036163807	1	-0.64956112716538306	EUR:chr19:47150082-49282227
MANBA	1	0	-1.7285879608758745	0	1.6421851403075003	EUR:chr4:103221356-105305294
MAP1B	1	0	-1.3275570770200711	0	0.15352597835928974	EUR:chr5:71240456-73759326
MAP1S	1	0	-0.59191671942261059	0	1.687047088561302	EUR:chr19:16374416-18409862
MAPK10	1	1	0.46820176447021189	1	2.5648247769264221	EUR:chr4:86930609-87534648
MAPKAPK5	1	1	0.63054446305552536	1	-1.0268416003767451	EUR:chr12:110336719-113263518
MAPRE3	1	1	0.45626700502258349	1	1.9658148088318277	EUR:chr2:26894985-28598777
MARK1	1	1	0.38172493033871807	1	1.8694917757783434	EUR:chr1:219590571-221858231
MARK3	1	0	-0.33743860799591291	0	-0.96807758065798222	EUR:chr14:103012102-105001723
MARK4	1	0	-1.2842841148084687	0	0.01437571873234542	EUR:chr19:44744108-46102697
MAS1L	1	1	0.63042399135548877	1	1.3069860948576255	EUR:chr6:28917608-29737971
MASP1	1	0	-0.53993549910858862	0	-0.37893601899243773	EUR:chr3:186890344-188856214
MAST3	1	1	0.8793639957723105	1	2.5539616136252201	EUR:chr19:16374416-18409862
MAU2	1	1	1.1601057307674354	1	2.7132148133885452	EUR:chr19:18409862-19877471
MB	1	0	-1.4764496534666529	0	0.60834751179336055	EUR:chr22:35530985-37570269
MCAM	1	0	0.43553263932886827	1	-0.10988314721713953	EUR:chr11:117747110-119215476
MCM5	1	0	-1.5098918894345359	0	0.66587796839347368	EUR:chr22:35530985-37570269
MCU	1	0	-1.641286053054293	0	-0.36368143367569533	EUR:chr10:73508512-75422550
MED22	1	1	1.5586446940593075	1	-1.1648305078158185	EUR:chr9:135298842-137041122
MED24	1	0	-0.25698595273664765	0	-1.1672622363870198	EUR:chr17:36809344-38877404
MED26	1	0	-0.18082357841226693	0	-0.32633681899811384	EUR:chr19:16374416-18409862
MEPE	1	1	0.61966539942526255	1	2.6199801106871652	EUR:chr4:87534648-89238028
METAP1	1	0	0.69545390637293991	1	2.2753503713708612	EUR:chr4:99424067-100678360
METTL2B	1	0	0.7926125383626369	1	0.90937022609665075	EUR:chr7:126869221-128778386
MEX3A	1	0	-0.95119967686929341	0	-2.3662500213361595	EUR:chr1:154770403-156336133
MFAP2	1	0	0.90104354883785509	1	2.3965720817497957	EUR:chr1:16897730-18662899
MFNG	1	0	-1.5547401286310443	0	1.5104869372991583	EUR:chr22:37570269-39307894
MFRP	1	0	0.47340474983244946	1	-0.19906902621977587	EUR:chr11:119215476-120766806
MGAT3	1	0	-1.4039698708451598	0	-0.97136392297037955	EUR:chr22:39307894-40545797
MIA2	1	0	-1.6119360198584445	0	-1.0558012172490518	EUR:chr14:38667725-40341990
MICALL1	1	0	-1.5439218880781491	0	1.4923158499389837	EUR:chr22:37570269-39307894
MIER1	1	0	0.97656278938003749	1	0.13637004083199405	EUR:chr1:66939404-68477895
MIF	1	0	1.416164445927997	1	1.0620369553232754	EUR:chr22:23712647-24984204
MKRN2	1	0	-0.95141044646712003	0	0.75797163020705383	EUR:chr3:11019665-13070799
MLEC	1	0	1.2188841023615633	1	0.42210588771005136	EUR:chr12:119754110-122007651
MLH1	1	0	-1.1869199498323248	0	-0.076743122539659828	EUR:chr3:36486842-38356116
MLN	1	1	1.0847688193902758	1	0.3948712624885074	EUR:chr6:33236497-35455756
MMAA	1	0	0.47360280444387914	1	-0.025193532878851378	EUR:chr4:146178187-148521873
MMP11	1	0	1.6572848658425243	1	1.1048793692525827	EUR:chr22:23712647-24984204
MMP15	1	0	-0.73255384661035683	0	-1.0116516808829485	EUR:chr16:57664330-59045405
MNDA	1	0	-1.1652834687265128	0	-1.5429794426689627	EUR:chr1:158027412-159913048
MOAP1	1	0	-0.19343028028034814	0	-0.5108134707309363	EUR:chr14:93132299-94325285
MOG	1	1	0.67370167794748737	1	0.016292640861807883	EUR:chr6:28917608-29737971
MORN3	1	1	1.2846442168836931	1	1.0242935322713616	EUR:chr12:122007651-124977980
MPPED1	1	1	1.604186112816854	1	3.2257996055742333	EUR:chr22:43714200-44995308
MPST	1	0	-1.2869436496485462	0	1.3802384308920832	EUR:chr22:35530985-37570269
MPV17	1	1	0.41295385266905621	1	1.9583079056144574	EUR:chr2:26894985-28598777
MPV17L2	1	1	0.92263695798391288	1	2.6417738639626971	EUR:chr19:16374416-18409862
MPZ	1	0	-1.1003740254090981	0	-0.53814835705170116	EUR:chr1:159913048-162346721
MPZL2	1	0	0.078452740295077678	1	0.038754348937567767	EUR:chr11:117747110-119215476
MPZL3	1	0	0.067632137294067057	1	0.0065715780864957314	EUR:chr11:117747110-119215476
MRC1	1	0	1.4419125045232954	1	-0.094194139355471454	EUR:chr10:16551767-18537267
MRGPRE	1	0	0.12208715706903778	1	0.87934838428486439	EUR:chr11:1213590-3665481
MRGPRG	1	0	0.14372363817484995	1	0.8870324218675365	EUR:chr11:1213590-3665481
MRPL1	1	0	-0.87319097379812516	0	-0.34327852568534106	EUR:chr4:77130707-79093979
MRPL23	1	0	0.3384519681271157	1	-0.014786483073105308	EUR:chr11:1213590-3665481
MRPL33	1	1	0.174731514724634	1	1.9355340774642136	EUR:chr2:26894985-28598777
MRPL34	1	0	-0.78664504937487634	0	1.6757916218132327	EUR:chr19:16374416-18409862
MRPL40	1	0	0.13384221274613498	1	-0.39620368054139538	EUR:chr22:18296088-19912358
MRPL43	1	0	1.4218774637513019	1	0.89069056267461821	EUR:chr10:100668400-102949239
MRPS27	1	0	-1.3383753175729882	0	0.1096076795443616	EUR:chr5:71240456-73759326
MRPS28	1	0	-1.3275570770200711	0	1.0603540462778869	EUR:chr8:79132861-81956395
MRS2	1	1	0.41880270900875627	1	0.031767741273776434	EUR:chr6:23936619-24852275
MSI1	1	0	1.010643739708079	1	0.21985097371058304	EUR:chr12:119754110-122007651
MSL1	1	0	-0.30026836474075613	0	-0.86393504640121666	EUR:chr17:36809344-38877404
MSL2	1	0	0.83609103356068615	1	1.7537747366893137	EUR:chr3:135456906-137371083
MSTO1	1	0	-0.65527916151964316	0	-2.2610072657451425	EUR:chr1:154770403-156336133
MTNR1B	1	0	-0.78531011013005825	0	1.1653702964904702	EUR:chr11:92077144-93276157
MTSS1	1	1	0.84608537620435131	1	0.92795148130300376	EUR:chr8:125683719-126410917
MTX1	1	1	-0.92927963869523544	0	-0.82117563277545402	EUR:chr1:154770403-156336133
MUC1	1	1	-0.90735960052119957	0	-0.82964441931602395	EUR:chr1:154770403-156336133
MUC21	1	0	1.1335270979875958	1	-3.1588517358768455	EUR:chr6:30798168-31571218
MYADM	1	0	-1.4249212419962149	0	-1.3242262010070989	EUR:chr19:52985290-54602362
MYD88	1	0	-1.1436469876207005	0	-0.25223042349189007	EUR:chr3:36486842-38356116
MYH9	1	0	-1.4430074174987477	0	1.060113875775982	EUR:chr22:35530985-37570269
MYL2	1	1	0.65218094416131556	1	-1.3105322571724363	EUR:chr12:110336719-113263518
MYO9B	1	0	-0.82991801158650069	0	1.3050587324819496	EUR:chr19:16374416-18409862
MYOF	1	0	-0.72173560605746179	0	-0.70203265061559794	EUR:chr10:93335047-95396368
MYPOP	1	0	-0.89482745490391535	0	0.64753371655145986	EUR:chr19:46102697-47150082
NAA25	1	1	0.51154381697356921	1	-1.2885541961010101	EUR:chr12:110336719-113263518
NANOS2	1	0	-0.90564569545683238	0	0.64736488586297414	EUR:chr19:46102697-47150082
NAP1L4	1	0	0.16536011928066216	1	0.61329705724381345	EUR:chr11:1213590-3665481
NBPF1	1	0	0.81336339614164532	1	2.3662500213361621	EUR:chr1:16897730-18662899
NBPF3	1	0	0.82432341522867436	1	-0.4700490811133673	EUR:chr1:21736588-23086883
NCAN	1	1	1.2575603235628827	1	2.7625666888212406	EUR:chr19:18409862-19877471
NCEH1	1	0	-1.7105453052419444	0	0.87874396118511	EUR:chr3:172295731-173477285
NCF4	1	0	-1.3426807095950546	0	1.3742301125121914	EUR:chr22:35530985-37570269
NCK1	1	0	0.81445455245487397	1	1.7474375283605865	EUR:chr3:135456906-137371083
NCS1	1	0	-0.42964311112905218	0	1.2727010452367771	EUR:chr9:132165470-133223217
NDRG4	1	0	-0.67846264384583732	0	-0.27675901478143211	EUR:chr16:57664330-59045405
NDUFA13	1	1	1.2034188831209627	1	2.7385100149359145	EUR:chr19:18409862-19877471
NDUFA3	1	0	-1.6845590152658954	0	-1.7537747366893142	EUR:chr19:54602362-55728080
NDUFAF3	1	0	-1.5929671573089517	0	0.2515238268058112	EUR:chr3:47727212-49316972
NDUFB8	1	0	1.3215507558476087	1	0.84226520717623155	EUR:chr10:100668400-102949239
NDUFB9	1	1	0.86774195238111496	1	0.96982899310775106	EUR:chr8:124861459-125683719
NDUFS2	1	0	-1.0246463415387665	0	-0.58333157953948789	EUR:chr1:159913048-162346721
NECAP2	1	0	0.72568324344545754	1	2.3551448992023025	EUR:chr1:14891511-16897730
NEDD4L	1	0	0.23248238452935174	1	-0.906269412663809	EUR:chr18:55213838-56530220
NEU2	1	0	1.712368518345893	1	-1.5362613191748129	EUR:chr2:233550003-235150987
NEUROG3	1	0	1.0849105662774714	1	1.1721465137531053	EUR:chr10:70195991-72220850
NFKB1	1	1	-1.6853055488717881	0	1.6385054766458924	EUR:chr4:103221356-105305294
NFRKB	1	0	-0.81064270131814531	0	-0.60144306391888858	EUR:chr11:128188537-130342575
NGEF	1	0	1.7015502777929978	1	-1.760828002798853	EUR:chr2:233550003-235150987
NICN1	1	0	-1.4793632300049198	0	0.23263254541512265	EUR:chr3:49316972-51832015
NINJ2	1	0	-1.1539600299792414	0	-1.5605490768632575	EUR:chr12:61107-1080331
NIT1	1	0	-0.94891865766843475	0	-0.43712025153240341	EUR:chr1:159913048-162346721
NKAPL	1	1	0.38157729345143654	1	2.0433472174928835	EUR:chr6:28017819-28917608
NKPD1	1	0	-1.2085564309381371	0	-0.027247842683461542	EUR:chr19:44744108-46102697
NKX2-3	1	0	1.1877818119760104	1	0.59326066629275187	EUR:chr10:100668400-102949239
NLRP12	1	0	-1.4790124447607345	0	-1.2275424774458812	EUR:chr19:52985290-54602362
NLRX1	1	0	0.32732660931863006	1	0.024919633127128714	EUR:chr11:117747110-119215476
NOL11	1	0	0.74863078340890388	1	0.22434139196437267	EUR:chr17:64800430-67858770
NOL12	1	0	-1.4519668433784747	0	1.5407323365797272	EUR:chr22:37570269-39307894
NOS1AP	1	0	-1.2410111525968444	0	-0.16267550235798925	EUR:chr1:159913048-162346721
NOSIP	1	1	1.1531239878394115	1	0.54353629305929574	EUR:chr19:49282227-51532567
NOTCH3	1	0	-0.37555190836453267	0	0.73195188566865499	EUR:chr19:14486347-15648610
NOTCH4	1	1	1.6041577634394237	1	0.46790957700972236	EUR:chr6:31571218-32682664
NOVA2	1	0	-0.92728217656264456	0	0.64702727982819197	EUR:chr19:46102697-47150082
NPFFR1	1	0	0.93345519853683001	1	0.9678588628591096	EUR:chr10:70195991-72220850
NPTXR	1	0	-1.4905346948533549	0	0.7154081569221693	EUR:chr22:37570269-39307894
NR1D1	1	0	-0.25698595273664765	0	-0.990635565983911	EUR:chr17:36809344-38877404
NR1I2	1	0	-0.67898946977656804	0	-1.0317246994338929	EUR:chr3:118530251-120523055
NR2C2AP	1	1	1.3441866282699373	1	2.7950788999228071	EUR:chr19:18409862-19877471
NR2F6	1	0	-0.73255384661035683	0	1.604358298402206	EUR:chr19:16374416-18409862
NRBF2	1	0	0.73872686858456427	1	-1.2574632418893763	EUR:chr10:63341695-65794114
NRBP1	1	1	0.34798412413876523	1	1.9536715479216327	EUR:chr2:26894985-28598777
NRF1	1	0	0.55455927234011715	1	0.82328729075730256	EUR:chr7:128778386-130422414
NRSN1	1	0	0.10096215548504804	1	0.20402895046858571	EUR:chr6:23936619-24852275
NSMAF	1	0	0.088105210017579372	1	0.40050183067012779	EUR:chr8:59068651-59728100
NSMCE2	1	1	0.83525708811595845	1	-0.028891372908595201	EUR:chr8:125683719-126410917
NSUN6	1	0	1.4202760234175054	1	-0.36280397207224763	EUR:chr10:18537267-19716878
NTF4	1	1	0.65992312892330574	1	-1.0866622947271907	EUR:chr19:49282227-51532567
NTN5	1	1	0.18864230818125785	1	-0.61693628989175697	EUR:chr19:47150082-49282227
NUBP1	1	0	-1.1983784138257159	0	0.016566491603321784	EUR:chr16:10426032-11520161
NUCB1	1	1	0.52840289987900202	1	-1.0488940529307531	EUR:chr19:49282227-51532567
NUDT3	1	0	-1.3819884351728955	0	0.039713435089881434	EUR:chr6:33236497-35455756
NUDT9	1	1	0.57639007515238783	1	2.6033994786777468	EUR:chr4:87534648-89238028
NUP188	1	0	-0.029368210671625584	1	1.4092056307761314	EUR:chr9:130055510-132165470
NUP210L	1	0	-1.2471201922189656	0	-1.0584343914948382	EUR:chr1:153180829-154770403
NUP98	1	0	0.0247229920928939	1	0.57523569882742875	EUR:chr11:3665481-4746709
NWD1	1	0	-0.040186451224520678	1	-0.53957304934667483	EUR:chr19:16374416-18409862
NXNL1	1	0	-0.6460079221871301	0	1.6881844560474799	EUR:chr19:16374416-18409862
OAS1	1	0	-0.82991801158650069	0	-0.13056849845274968	EUR:chr12:113263518-113986709
OAS2	1	0	-0.85155449269231287	0	-0.12132266455621887	EUR:chr12:113263518-113986709
OAS3	1	0	-0.84073625213939585	0	-0.14854078952674371	EUR:chr12:113263518-113986709
OASL	1	0	1.1860040451004765	1	0.53009558412901592	EUR:chr12:119754110-122007651
OBP2B	1	1	1.4819245604501488	1	-0.59751052109156932	EUR:chr9:135298842-137041122
OCEL1	1	0	-0.71091736550456663	0	1.5143539308732119	EUR:chr19:16374416-18409862
OLFML2B	1	0	-1.2193746714910323	0	-0.078116301749053929	EUR:chr1:159913048-162346721
ONECUT2	1	0	0.37496263266066238	1	-0.56300154724163654	EUR:chr18:51554175-55213838
OPA3	1	0	-1.1220105065149104	0	0.40897161856434527	EUR:chr19:46102697-47150082
OPN1SW	1	0	0.77097133236059368	1	0.91144230146237071	EUR:chr7:126869221-128778386
OR10C1	1	1	0.60878514805947848	1	1.5040916947282557	EUR:chr6:28917608-29737971
OR10H1	1	0	-0.55946199776390326	0	0.41418690252458645	EUR:chr19:15648610-16374416
OR10H2	1	0	-0.60273495997552773	0	0.38851488229510195	EUR:chr19:15648610-16374416
OR10H3	1	0	-0.58109847886971555	0	0.3901394292406648	EUR:chr19:15648610-16374416
OR10H4	1	0	-0.46209783278775945	0	0.4702019850836533	EUR:chr19:15648610-16374416
OR10H5	1	0	-0.57028023831679842	0	0.42825008007823001	EUR:chr19:15648610-16374416
OR10J1	1	0	-0.99219161988005922	0	-1.1408824641409119	EUR:chr1:158027412-159913048
OR10J5	1	0	-0.94891865766843475	0	-1.1320037492636539	EUR:chr1:158027412-159913048
OR10K2	1	0	-1.0138281009858714	0	-1.4405643644789357	EUR:chr1:158027412-159913048
OR10R2	1	0	-1.0571010631974738	0	-1.4140258706890567	EUR:chr1:158027412-159913048
OR10T2	1	0	-1.0246463415387665	0	-1.4302085817383219	EUR:chr1:158027412-159913048
OR10X1	1	0	-1.1003740254090981	0	-1.2523483677243403	EUR:chr1:158027412-159913048
OR10Z1	1	0	-1.1544652281736176	0	-1.2057323825317878	EUR:chr1:158027412-159913048
OR12D2	1	1	0.58714630476349017	1	1.6458871743541352	EUR:chr6:28917608-29737971
OR12D3	1	1	0.57632688311548508	1	1.6395545450985831	EUR:chr6:28917608-29737971
OR14J1	1	1	0.55468803981947479	1	1.6785855929380702	EUR:chr6:28917608-29737971
OR1I1	1	0	-0.27818774338841079	0	0.73589476111359708	EUR:chr19:14486347-15648610
OR2B2	1	1	0.067814065659375422	1	2.1328793794530316	EUR:chr6:26791233-28017819
OR2B3	1	1	0.52222977487545941	1	1.7066868242700761	EUR:chr6:28917608-29737971
OR2B6	1	1	0.31666076356342765	1	2.1355495105310753	EUR:chr6:26791233-28017819
OR2H1	1	1	0.61960456970748368	1	1.4518620984420081	EUR:chr6:28917608-29737971
OR2H2	1	1	0.65206283465149906	1	0.97818916462224859	EUR:chr6:28917608-29737971
OR2J2	1	1	0.54386861817146959	1	1.6967851478988574	EUR:chr6:28917608-29737971
OR2J3	1	1	0.5330491965234645	1	1.6898946129606847	EUR:chr6:28917608-29737971
OR2W1	1	1	0.51141035322747619	1	1.8601432783861453	EUR:chr6:28917608-29737971
OR5V1	1	1	0.56550746146747988	1	1.6560509169211155	EUR:chr6:28917608-29737971
OR6K2	1	0	-1.089555784856181	0	-1.2517487687530138	EUR:chr1:158027412-159913048
OR6K3	1	0	-1.0787375443032861	0	-1.3623600802049816	EUR:chr1:158027412-159913048
OR6K6	1	0	-1.1220105065149104	0	-1.4241434961924115	EUR:chr1:158027412-159913048
OR6N1	1	0	-1.2410111525968444	0	-1.5738723695573527	EUR:chr1:158027412-159913048
OR6N2	1	0	-1.1328287470678053	0	-1.4092056307761314	EUR:chr1:158027412-159913048
OR6Y1	1	0	-1.1436469876207005	0	-1.3924068728483325	EUR:chr1:158027412-159913048
OR7A10	1	0	0.0247229920928939	1	0.87131561826111403	EUR:chr19:14486347-15648610
OR7A17	1	0	-0.051004691777415768	1	0.83099721359941481	EUR:chr19:14486347-15648610
OR7A5	1	0	-0.002322609289365841	1	0.88025562177456806	EUR:chr19:14486347-15648610
OR7C1	1	0	-0.002322609289365841	1	0.88025562177456806	EUR:chr19:14486347-15648610
ORAI1	1	1	1.2627241787096573	1	1.0125656322824175	EUR:chr12:122007651-124977980
ORM1	1	0	1.0874551040723173	1	0.40971597512901547	EUR:chr9:117019801-117921960
ORM2	1	0	1.0763076920830157	1	0.39961195360388208	EUR:chr9:117019801-117921960
ORMDL3	1	0	-0.2353447467346044	0	-1.2174264013975447	EUR:chr17:36809344-38877404
OSBPL5	1	0	0.15454187872774505	1	0.88601837679500439	EUR:chr11:1213590-3665481
OSCAR	1	0	-1.7278319774775197	0	-1.7752032759831355	EUR:chr19:54602362-55728080
OTOF	1	1	-0.041834247043002565	1	1.9266990203508165	EUR:chr2:24686918-26894985
OTUB2	1	1	0.81440435865318794	1	1.8286426095030968	EUR:chr14:94325285-95750867
OTUD4	1	1	0.48456282353090813	1	0.54068190087552259	EUR:chr4:143443265-146178187
OXER1	1	0	-1.1005287404213606	0	1.1183387087768983	EUR:chr2:40281483-43309590
OXSR1	1	0	-1.2085564309381371	0	-0.20612619545691674	EUR:chr3:36486842-38356116
P2RX4	1	1	1.1421639687523826	1	0.76767807643382746	EUR:chr12:119754110-122007651
P2RX7	1	1	1.1531239878394115	1	0.61776452723816233	EUR:chr12:119754110-122007651
P4HTM	1	0	-1.6091962897809595	0	0.24234935160321167	EUR:chr3:47727212-49316972
PACSIN2	1	1	1.6582773155813735	1	3.3856753434744342	EUR:chr22:42690818-43714200
PADI2	1	0	0.89008352975082616	1	2.3917620371133985	EUR:chr1:16897730-18662899
PADI3	1	0	-0.53471895156236848	0	1.5087755005796502	EUR:chr1:16897730-18662899
PAG1	1	0	-1.3708300392316957	0	0.13305432427194971	EUR:chr8:81956395-82693739
PARVB	1	1	1.5068219478407321	1	3.056505215689965	EUR:chr22:43714200-44995308
PARVG	1	1	1.5284584289465224	1	3.0871488064218742	EUR:chr22:43714200-44995308
PATE1	1	0	-0.46895883704021657	0	-0.48293183505673076	EUR:chr11:124495528-126311320
PATE2	1	0	-0.47991885612724555	0	-0.47510074515670914	EUR:chr11:124495528-126311320
PAX2	1	0	1.3884352277834189	1	0.8687170531067101	EUR:chr10:100668400-102949239
PBLD	1	0	0.4033614114445303	1	0.74833607675391345	EUR:chr10:69900148-70195991
PBX2	1	1	1.625798969441467	1	0.46729868374489253	EUR:chr6:31571218-32682664
PBX4	1	1	1.2359037473861192	1	2.7132148133885452	EUR:chr19:18409862-19877471
PBXIP1	1	1	-0.78679939056392489	0	-0.91289508561047417	EUR:chr1:154770403-156336133
PCCB	1	0	0.84690927411360328	1	1.7582530505095566	EUR:chr3:135456906-137371083
PCP4L1	1	0	-1.089555784856181	0	-0.54306025401709679	EUR:chr1:159913048-162346721
PDE12	1	0	0.27354252480967911	1	-0.20291078722685332	EUR:chr3:56433907-58157519
PDE4C	1	1	0.93345519853683001	1	2.6508546606871737	EUR:chr19:16374416-18409862
PDE6C	1	0	-0.66764440329294228	0	-0.81638996979982237	EUR:chr10:93335047-95396368
PDGFB	1	0	-1.2416608258298025	0	-0.31106851101963207	EUR:chr22:39307894-40545797
PDHB	1	0	0.4033614114445303	1	-0.56894700868781733	EUR:chr3:58157519-60272906
PDXP	1	0	-1.3924665203375077	0	1.5525034408706024	EUR:chr22:37570269-39307894
PDZD3	1	0	0.38142962432374916	1	0.0057501211255143346	EUR:chr11:117747110-119215476
PDZD7	1	0	1.455319699719207	1	0.89783796203168875	EUR:chr10:100668400-102949239
PEX26	1	0	-0.019598054472204664	1	-0.38526885695042196	EUR:chr22:18296088-19912358
PFDN2	1	0	-0.99219161988005922	0	-0.41776961080963831	EUR:chr1:159913048-162346721
PFDN6	1	1	1.2578984674066658	1	0.73840982949893896	EUR:chr6:33236497-35455756
PGAP2	1	0	0.035541232645811001	1	0.60604282163575407	EUR:chr11:3665481-4746709
PGAP3	1	0	-0.17042112872845266	0	-0.85265614195150619	EUR:chr17:36809344-38877404
PGBD1	1	1	0.40321613674744683	1	2.0455607471364416	EUR:chr6:28017819-28917608
PGLS	1	0	-0.61355320052842277	0	1.6887539596894532	EUR:chr19:16374416-18409862
PGLYRP1	1	0	-1.0354645820916615	0	0.65803762456880377	EUR:chr19:46102697-47150082
PGLYRP2	1	0	-0.54864375721100822	0	0.48293183505673093	EUR:chr19:14486347-15648610
PGPEP1	1	1	1.4851718848826918	1	3.0284880918279398	EUR:chr19:18409862-19877471
PHF1	1	1	1.1929748494005139	1	0.68531455740314862	EUR:chr6:33236497-35455756
PHF19	1	0	-1.4681942042078173	0	-2.1210482125756718	EUR:chr9:122260297-124871322
PHF21B	1	1	1.6690955561342906	1	3.4312541563414234	EUR:chr22:44995308-46470495
PHLDA2	1	0	0.23026956259807674	1	0.55995620192855677	EUR:chr11:1213590-3665481
PHLDB1	1	0	0.33814721231964068	1	-0.0024643265394566662	EUR:chr11:117747110-119215476
PHYHD1	1	0	0.24108780315097184	1	1.4173823041104265	EUR:chr9:130055510-132165470
PICK1	1	0	-1.3491935581258834	0	1.3934904969281137	EUR:chr22:37570269-39307894
PIH1D1	1	1	1.2736841977966862	1	0.56091732767429725	EUR:chr19:49282227-51532567
PIK3R2	1	1	0.89018223632520566	1	2.5611700529674333	EUR:chr19:16374416-18409862
PINK1	1	0	0.94488362518594904	1	-0.63844304406924046	EUR:chr1:20469149-21736588
PIP4K2B	1	0	-0.59242464576839504	0	-0.10368710092705721	EUR:chr17:36809344-38877404
PITPNC1	1	0	0.33715583605037241	1	0.023413217358104067	EUR:chr17:64800430-67858770
PIWIL3	1	0	1.7120849612776472	1	1.2632190754681951	EUR:chr22:24984204-26791628
PIWIL4	1	0	-0.060728330825558528	1	-0.10919449362296973	EUR:chr11:94242260-95726041
PKD2	1	1	0.54393358194774821	1	2.5875050912872499	EUR:chr4:87534648-89238028
PKD2L1	1	0	1.1766343999867088	1	0.85462702739489205	EUR:chr10:100668400-102949239
PKLR	1	0	-1.0607998677395392	0	-1.5040916947282561	EUR:chr1:154770403-156336133
PLA1A	1	0	-0.73309248478168709	0	-1.4215064192805444	EUR:chr3:118530251-120523055
PLA2G1B	1	0	0.99968372062107191	1	0.2382627416067595	EUR:chr12:119754110-122007651
PLA2G4C	1	1	0.19960232726828681	1	-0.162398047747151	EUR:chr19:47150082-49282227
PLB1	1	1	-0.031005958954609735	1	1.8919636681721819	EUR:chr2:28598777-29217559
PLBD2	1	0	-0.98137337932714208	0	0.29287002984647714	EUR:chr12:113263518-113986709
PLCD1	1	0	-1.0462828226445786	0	-0.18658584946616763	EUR:chr3:36486842-38356116
PLCE1	1	0	-0.74337208716327396	0	0.43290643319561478	EUR:chr10:95396368-96221243
PLEKHA4	1	1	0.40784268992174932	1	-0.63592722456667883	EUR:chr19:49282227-51532567
PLEKHH2	1	0	-1.111347571489596	0	0.10602734886355761	EUR:chr2:43309590-44313803
PLEKHM2	1	0	0.62704307166224083	1	2.337959072939328	EUR:chr1:14891511-16897730
PLVAP	1	0	-0.72173560605746179	0	1.6780257501493998	EUR:chr19:16374416-18409862
PMP2	1	0	-1.2951023553613639	0	-0.21928998485433307	EUR:chr8:81956395-82693739
PMVK	1	1	-0.83063946691201873	0	-0.90297145410077428	EUR:chr1:154770403-156336133
PNMT	1	0	-0.15960052572744204	0	-0.025604386056725464	EUR:chr17:36809344-38877404
PNN	1	0	-1.5036531389746264	0	-0.84558819859622303	EUR:chr14:38667725-40341990
PNPLA5	1	1	1.5825496317110419	1	3.1796196822362255	EUR:chr22:43714200-44995308
POGLUT1	1	0	-0.78719549978680625	0	-1.4877457462598331	EUR:chr3:118530251-120523055
POLE3	1	0	1.1208973400402225	1	-1.0137092623183936	EUR:chr9:115693145-117019801
POLR2F	1	0	-1.5222854069723368	0	1.4985984884108043	EUR:chr22:37570269-39307894
POLR3A	1	0	-0.50183889430128148	0	-1.8301019640475262	EUR:chr10:78706814-80876749
POM121L2	1	1	0.035355800715382003	1	2.142292262940928	EUR:chr6:26791233-28017819
POP5	1	0	1.1750440260134476	1	0.28245360326282548	EUR:chr12:119754110-122007651
POPDC2	1	0	-0.71145127877964387	0	-1.3686201904249033	EUR:chr3:118530251-120523055
POU4F2	1	0	0.41880270900875627	1	0.040124483143853515	EUR:chr4:146178187-148521873
PPA1	1	0	0.91181871743101783	1	0.98261683298373348	EUR:chr10:70195991-72220850
PPA2	1	0	-1.003159260807398	0	-0.43727088824389843	EUR:chr4:105305294-107501305
PPARG	1	0	-1.0921781916160949	0	0.61197571370881843	EUR:chr3:11019665-13070799
PPFIA3	1	1	0.76952331979355149	1	-1.2967623096710743	EUR:chr19:49282227-51532567
PPM1G	1	1	0.30467097178523794	1	1.9490768095059614	EUR:chr2:26894985-28598777
PPM1K	1	0	0.52229591981129986	1	2.5836317239862741	EUR:chr4:87534648-89238028
PPM1L	1	0	0.8142537443647021	1	0.17767724127882498	EUR:chr3:159477890-161524504
PPM1N	1	0	-1.1003740254090981	0	0.10410004423013935	EUR:chr19:44744108-46102697
PPOX	1	0	-1.0030098604329543	0	-0.48863178116685357	EUR:chr1:159913048-162346721
PPP1CC	1	1	0.60890798194971307	1	-1.8524751936062103	EUR:chr12:110336719-113263518
PPP1R11	1	1	0.29502192026741741	1	-1.4969173362175943	EUR:chr6:29737971-30798168
PPP1R13B	1	0	-0.21687839803866019	0	-0.37437990826720685	EUR:chr14:103012102-105001723
PPP1R13L	1	0	-1.1761017092794299	0	-0.18867592215003043	EUR:chr19:44744108-46102697
PPP1R15A	1	1	0.48456282353090813	1	-0.93831962134468549	EUR:chr19:49282227-51532567
PPP1R1B	1	0	-0.12713871672436616	0	0.0090359777937853956	EUR:chr17:36809344-38877404
PPP2R3A	1	0	0.80363631190197882	1	1.7480680963492123	EUR:chr3:135456906-137371083
PPP4R4	1	1	0.78194786544852646	1	1.8250111644452929	EUR:chr14:94325285-95750867
PPT2	1	1	1.6744916829460808	1	0.46097089352900539	EUR:chr6:31571218-32682664
PPTC7	1	1	0.46827085476196684	1	-1.9939989835275509	EUR:chr12:110336719-113263518
PRDM10	1	0	-0.86478414176006546	0	-0.70923262632561312	EUR:chr11:128188537-130342575
PRDM12	1	0	-0.44046135168196926	0	1.1570413956386689	EUR:chr9:133223217-134127888
PREB	1	1	0.54289330972963812	1	1.9753570116315251	EUR:chr2:26894985-28598777
PRIMA1	1	1	0.93341150040357712	1	1.8389410129997348	EUR:chr14:93132299-94325285
PRKAR1A	1	0	0.61869132634832191	1	0.44829447860887456	EUR:chr17:64800430-67858770
PRKAR2A	1	0	-1.5010020733009299	0	0.21340373106211996	EUR:chr3:47727212-49316972
PRKCG	1	0	-1.414103001443298	0	-1.3341617419808203	EUR:chr19:52985290-54602362
PRM2	1	0	-1.0252487658093259	0	-0.073997195582267652	EUR:chr16:10426032-11520161
PRMT1	1	1	1.0490038065126803	1	0.5239607201519525	EUR:chr19:49282227-51532567
PRODH	1	0	-0.041518092646262612	1	-1.1074035215264297	EUR:chr22:18296088-19912358
PRPF31	1	0	-1.6304678125013758	0	-1.7679699714920607	EUR:chr19:54602362-55728080
PRR12	1	1	1.1092839114913176	1	0.53198724467618996	EUR:chr19:49282227-51532567
PRR5	1	1	1.6366408344755612	1	3.311339425503427	EUR:chr22:44995308-46470495
PRR5-ARHGAP8	1	1	1.5933678722639588	1	3.2018567779173428	EUR:chr22:44995308-46470495
PRRG2	1	1	1.1312039496653536	1	0.52458902628100978	EUR:chr19:49282227-51532567
PRRT1	1	1	1.6907225874476186	1	0.46165614341121974	EUR:chr6:31571218-32682664
PRRT4	1	0	0.69522711135343129	1	0.84402327699264978	EUR:chr7:126869221-128778386
PRRX2	1	0	-0.27818774338841079	0	1.3455836286632148	EUR:chr9:132165470-133223217
PRSS16	1	1	0.024536379067376865	1	2.1409359079316257	EUR:chr6:26791233-28017819
PRSS54	1	0	-0.74337208716327396	0	-0.612966621050543	EUR:chr16:57664330-59045405
PRSS56	1	0	1.3986395423116931	1	-2.3507829935342781	EUR:chr2:231843389-233550003
PSMB3	1	0	-0.60324524876940566	0	-0.12518528832234413	EUR:chr17:36809344-38877404
PSMB8	1	1	1.4634899244261095	1	0.90338316148990883	EUR:chr6:32682664-33236497
PSMB9	1	1	1.4418487184240663	1	0.9064758623535053	EUR:chr6:32682664-33236497
PSMD12	1	0	0.70531763105537659	1	0.082786228662912978	EUR:chr17:64800430-67858770
PSMD3	1	0	-0.27862715873869093	0	-1.1850336287974879	EUR:chr17:36809344-38877404
PSMD9	1	1	1.339444312318816	1	0.9556836770207866	EUR:chr12:122007651-124977980
PTCD2	1	0	-1.3491935581258834	0	0.076743122539659828	EUR:chr5:71240456-73759326
PTGES	1	0	-0.28900598394130589	0	1.3242262010070989	EUR:chr9:132165470-133223217
PTH2	1	1	1.2956042359707223	1	0.56798151807921227	EUR:chr19:49282227-51532567
PTPN11	1	1	0.50072557642067417	1	-0.3571072403216094	EUR:chr12:110336719-113263518
PUS3	1	0	-0.50183889430128148	0	-1.5353707919418869	EUR:chr11:124495528-126311320
PVALB	1	0	-1.3203858856164512	0	1.3700186312298417	EUR:chr22:35530985-37570269
PVR	1	0	-1.4898306853136296	0	-1.756329458965145	EUR:chr19:44744108-46102697
PXK	1	0	0.3384519681271157	1	-0.61032553515264099	EUR:chr3:58157519-60272906
PXN	1	0	0.93392360609892011	1	-0.64567759228976207	EUR:chr12:119754110-122007651
PYGO2	1	1	-0.76487935238988891	0	-0.91393396929909021	EUR:chr1:154770403-156336133
PYHIN1	1	0	-1.2301929120439492	0	-1.1697008869973788	EUR:chr1:158027412-159913048
PYROXD1	1	0	1.2580024151239468	1	0.64989928843973332	EUR:chr12:20863943-23820634
PYROXD2	1	0	-0.19164181896518404	0	-0.46302729417712241	EUR:chr10:97822357-100241302
QPCTL	1	0	-1.0030098604329543	0	0.65854771497869646	EUR:chr19:46102697-47150082
RAB25	1	0	-0.88543956234714161	0	-2.421493460860566	EUR:chr1:154770403-156336133
RAB35	1	0	0.96132365381647045	1	-0.65294609353757616	EUR:chr12:119754110-122007651
RAB3A	1	1	0.91181871743101783	1	2.6373139172390121	EUR:chr19:16374416-18409862
RAB3GAP2	1	1	0.44663437365615466	1	1.8854455524105267	EUR:chr1:219590571-221858231
RAB8A	1	0	-0.41882487057615708	0	0.54210854485980264	EUR:chr19:15648610-16374416
RABGEF1	1	0	-1.6304678125013758	0	-2.6242401231286907	EUR:chr7:65689809-68234074
RAC2	1	0	-1.5871948502897735	0	1.4617524606291044	EUR:chr22:37570269-39307894
RAD52	1	0	-1.1813600776968138	0	-1.4542228291731549	EUR:chr12:1080331-2544786
RAD9B	1	1	0.45745261420904976	1	-1.981169822381784	EUR:chr12:110336719-113263518
RAF1	1	0	-1.2870873772069678	0	0.66964218712762835	EUR:chr3:11019665-13070799
RALGDS	1	1	1.3942444077539389	1	-0.57055733965400179	EUR:chr9:135298842-137041122
RAP1GAP	1	0	0.8681634915767682	1	-1.1770589152996711	EUR:chr1:21736588-23086883
RAP1GDS1	1	0	-0.51631186273760643	0	2.2827011772432018	EUR:chr4:97540703-99424067
RAPGEFL1	1	0	-0.34355077674484263	0	-0.79236121056466435	EUR:chr17:36809344-38877404
RARA	1	0	-0.38683318874892914	0	-0.72570246266380189	EUR:chr17:36809344-38877404
RASAL1	1	0	-0.87319097379812516	0	-0.076056587358637032	EUR:chr12:113263518-113986709
RASAL3	1	0	-0.53782551665809109	0	0.50909837538187319	EUR:chr19:14486347-15648610
RASD2	1	0	-1.4875970654559325	0	0.61395813062853555	EUR:chr22:35530985-37570269
RASIP1	1	1	0.26536244179041668	1	-0.64685850446421689	EUR:chr19:47150082-49282227
RAX	1	0	0.30920251813853256	1	0.027658718166228564	EUR:chr18:56530220-57630483
RBFOX2	1	0	-1.5210393014238377	0	1.0086871575091838	EUR:chr22:35530985-37570269
RBKS	1	1	0.12059007428273585	1	1.9275757776904419	EUR:chr2:26894985-28598777
RBL2	1	0	0.69448934296700571	1	0.15560425987066231	EUR:chr16:53382572-55903774
RBM28	1	0	0.68440650835239858	1	0.78861885393086872	EUR:chr7:126869221-128778386
RCN3	1	1	1.1640840069264404	1	0.54084036248800837	EUR:chr19:49282227-51532567
RCOR1	1	0	-0.42511876069212268	0	-1.2832339468931591	EUR:chr14:103012102-105001723
RECQL	1	0	1.268820655676842	1	0.65667821958073858	EUR:chr12:20863943-23820634
REEP3	1	0	0.89008352975082616	1	-1.1023622369837611	EUR:chr10:63341695-65794114
RELB	1	0	-1.305920595914259	0	-1.0307926902425266	EUR:chr19:44744108-46102697
REXO4	1	1	1.5915247513203945	1	-1.1705153180986461	EUR:chr9:135298842-137041122
RFC4	1	0	-0.2475717207222683	0	0.83895149035119621	EUR:chr3:185068255-186890344
RFXANK	1	1	1.3225300520931738	1	2.788336947966243	EUR:chr19:18409862-19877471
RGL2	1	1	1.2470778644056331	1	0.73284699285034327	EUR:chr6:33236497-35455756
RGL4	1	0	1.3832843886669319	1	1.1165494587600877	EUR:chr22:23712647-24984204
RGS3	1	0	1.0317180441258089	1	-0.51346703347924816	EUR:chr9:115693145-117019801
RHOA	1	0	-1.6200157114289426	0	0.24333637879184902	EUR:chr3:49316972-51832015
RHOF	1	1	1.3175242741447801	1	1.0066399773826109	EUR:chr12:122007651-124977980
RHOG	1	0	0.046359473198706092	1	0.60884179423146967	EUR:chr11:3665481-4746709
RING1	1	1	1.3120014824117847	1	0.79592675692629189	EUR:chr6:32682664-33236497
RIT1	1	0	-0.57855902791046232	0	-2.4266629044507297	EUR:chr1:154770403-156336133
RMI2	1	0	-1.079351780814445	0	-0.14687988603716076	EUR:chr16:10426032-11520161
RNF10	1	0	1.1092839114913176	1	0.25859550953733218	EUR:chr12:119754110-122007651
RNF123	1	0	-1.6524739763729581	0	0.34909299066333904	EUR:chr3:49316972-51832015
RNF139	1	1	0.82442880002758767	1	0.97422059567216857	EUR:chr8:124861459-125683719
RNF26	1	0	0.48963565433398742	1	-0.20892393477017837	EUR:chr11:117747110-119215476
RNF34	1	1	1.1312039496653536	1	0.90379502206215756	EUR:chr12:119754110-122007651
RNF39	1	1	0.3058413419154225	1	-1.530936314926957	EUR:chr6:29737971-30798168
RNF5	1	1	1.6474401754435102	1	0.46561962523241984	EUR:chr6:31571218-32682664
RPGRIP1L	1	0	0.6295196144366928	1	0.063704767097882739	EUR:chr16:53382572-55903774
RPH3A	1	0	-0.81909977103360565	0	-0.19216121376934572	EUR:chr12:110336719-113263518
RPL13A	1	1	1.2188841023615633	1	0.55132916262145071	EUR:chr19:49282227-51532567
RPL18	1	1	0.090002136398041069	1	-0.57782225552314481	EUR:chr19:47150082-49282227
RPL19	1	0	-0.045984194216698492	1	0.11387837634064608	EUR:chr17:36809344-38877404
RPL39L	1	0	-0.36668288969447937	0	-0.33414413690416572	EUR:chr3:186890344-188856214
RPL6	1	1	0.55481677918519368	1	-0.43245540955543676	EUR:chr12:110336719-113263518
RPL7A	1	1	1.6024847704074014	1	-1.1440376891999973	EUR:chr9:135298842-137041122
RPLP0	1	0	0.96132365381647045	1	-0.66331685776054095	EUR:chr12:119754110-122007651
RPP14	1	0	0.42499789255034248	1	-0.66280515786340954	EUR:chr3:58157519-60272906
RPS11	1	1	1.1969640641875054	1	0.54941762494726509	EUR:chr19:49282227-51532567
RPS18	1	1	1.2903602764097415	1	0.74345403845903135	EUR:chr6:33236497-35455756
RPS19BP1	1	0	-1.425611076847203	0	-1.008687157509184	EUR:chr22:39307894-40545797
RPS25	1	0	0.24076178531043504	1	0.11442958366583778	EUR:chr11:117747110-119215476
RPUSD4	1	0	-0.53471895156236848	0	-1.78792042545764	EUR:chr11:124495528-126311320
RRAS	1	1	1.1092839114913176	1	0.53198724467618996	EUR:chr19:49282227-51532567
RSC1A1	1	0	0.61608305257521179	1	2.3358586965980597	EUR:chr1:14891511-16897730
RSPH6A	1	0	-0.98137337932714208	0	0.63995447668353944	EUR:chr19:46102697-47150082
RSU1	1	0	1.3661848206529859	1	0.084160075679045904	EUR:chr10:16551767-18537267
RTKN2	1	0	0.70627214692583495	1	-1.0687988810067663	EUR:chr10:63341695-65794114
RTN2	1	0	-1.1328287470678053	0	-0.26326989236277393	EUR:chr19:44744108-46102697
RTP1	1	0	-0.35585460160608656	0	-0.28544692119248016	EUR:chr3:186890344-188856214
RTP2	1	0	-0.32336973734095209	0	-0.51471701989830809	EUR:chr3:186890344-188856214
RTP4	1	0	-0.51827892293182498	0	-0.35958899550604945	EUR:chr3:186890344-188856214
RUFY2	1	0	1.1281835284890958	1	0.72927007461137616	EUR:chr10:69900148-70195991
RUSC1	1	0	-1.0827199059135972	0	-1.4778810480571787	EUR:chr1:154770403-156336133
RUSC1-AS1	1	0	-1.0388798295654813	0	-1.4910663677932252	EUR:chr1:154770403-156336133
RUVBL2	1	1	0.51744288079199507	1	-0.70045704047583612	EUR:chr19:49282227-51532567
RXFP2	1	0	-0.67846264384583732	0	-0.61461947243300086	EUR:chr13:32301815-33776903
RXFP4	1	0	-0.56759900882343339	0	-2.4944079148316791	EUR:chr1:154770403-156336133
RXRA	1	0	-0.39223870343103578	0	-0.27832412432806575	EUR:chr9:137041122-137589364
RXRB	1	1	1.3444632914148607	1	0.80801228369436529	EUR:chr6:32682664-33236497
SAG	1	0	1.6799137966871858	1	-1.163213174575493	EUR:chr2:233550003-235150987
SAMD13	1	0	-1.6953772558188125	0	-0.99646671625059235	EUR:chr1:83991748-84844495
SAMM50	1	1	1.5500949100523345	1	3.1209980517704428	EUR:chr22:43714200-44995308
SAR1A	1	0	0.9010004768781007	1	0.98617288572472628	EUR:chr10:70195991-72220850
SARDH	1	1	1.5038445986241846	1	-1.0477082129947013	EUR:chr9:135298842-137041122
SCAF1	1	1	1.1092839114913176	1	0.53198724467618996	EUR:chr19:49282227-51532567
SCAMP3	1	1	-0.97311971504335137	0	-1.5335933812978313	EUR:chr1:154770403-156336133
SCD	1	0	1.243518871922519	1	0.86353743768361568	EUR:chr10:100668400-102949239
SCGN	1	1	-0.38648588991898214	0	2.401438222356274	EUR:chr6:24852275-25684587
SCHIP1	1	0	0.82507434736571272	1	-0.61412344089549309	EUR:chr3:159477890-161524504
SCN2B	1	0	0.04599093129200181	1	0.045605799070958575	EUR:chr11:117747110-119215476
SCN4B	1	0	0.03517032829099119	1	0.046016950960310971	EUR:chr11:117747110-119215476
SCUBE1	1	1	1.6474590750284783	1	3.3462012129615406	EUR:chr22:43714200-44995308
SDCBP	1	0	0.098933498105972198	1	0.38910550778475939	EUR:chr8:59068651-59728100
SDHB	1	0	0.87364350112028266	1	2.3846491294210828	EUR:chr1:16897730-18662899
SDHC	1	0	-1.1328287470678053	0	-0.52631793746116617	EUR:chr1:159913048-162346721
SDS	1	0	-0.97055513877424693	0	0.29301293889839736	EUR:chr12:113263518-113986709
SDSL	1	0	-1.3383753175729882	0	0.36631550252142253	EUR:chr12:113263518-113986709
SEC11C	1	0	0.28728247996447459	1	-0.037110283691009952	EUR:chr18:56530220-57630483
SEC23A	1	0	-1.5361380032397607	0	-0.82675067379880485	EUR:chr14:38667725-40341990
SEC31B	1	0	1.2100766359546138	1	0.8127653357532989	EUR:chr10:100668400-102949239
SEL1L	1	0	-1.5794511555932882	0	-0.62607038666447912	EUR:chr14:81579714-83138097
SEMA4A	1	0	-1.3128803067410957	0	-2.2699168646134993	EUR:chr1:154770403-156336133
SEMA4G	1	0	1.4107300517620003	1	0.89008004554180775	EUR:chr10:100668400-102949239
SERBP1	1	0	0.93328037737595093	1	1.2125575336959078	EUR:chr1:66939404-68477895
SERPINA10	1	1	0.92259266933536388	1	1.8367177720290688	EUR:chr14:94325285-95750867
SERPINA11	1	1	0.77112903438031322	1	1.824287756107271	EUR:chr14:94325285-95750867
SERPINA12	1	1	0.74949137224388684	1	1.8214036282383814	EUR:chr14:94325285-95750867
SERPINA3	1	1	0.71703487903922525	1	1.8192504330308932	EUR:chr14:94325285-95750867
SERPINA4	1	1	0.73867254117567371	1	1.8206849583119888	EUR:chr14:94325285-95750867
SERPINA5	1	1	0.72785371010743849	1	1.8199672275161609	EUR:chr14:94325285-95750867
SERPINA6	1	1	0.86849851399427591	1	1.8337675009402816	EUR:chr14:94325285-95750867
SERPINA9	1	1	0.76031020331210009	1	1.8235653011968509	EUR:chr14:94325285-95750867
SESN3	1	0	-0.22793951066506185	0	-0.20878400914096781	EUR:chr11:94242260-95726041
SETD1B	1	1	1.3284842932318091	1	1.0025582216688487	EUR:chr12:122007651-124977980
SETD6	1	0	-0.63518968163423495	0	-0.29630150573443087	EUR:chr16:57664330-59045405
SETX	1	1	1.3504043314058451	1	-0.97686459887774457	EUR:chr9:134127888-135298842
SFT2D2	1	0	-1.533103647525254	0	-1.4506847612167051	EUR:chr1:166460517-169086324
SFTA2	1	0	1.0524558446187642	1	-2.08242071306235	EUR:chr6:30798168-31571218
SFXN3	1	0	1.4664671117085086	1	0.89252410944662808	EUR:chr10:100668400-102949239
SGIP1	1	0	0.92245977437491833	1	-0.045468750157804869	EUR:chr1:66939404-68477895
SGSM1	1	0	1.6244048085814595	1	1.2748580336094339	EUR:chr22:24984204-26791628
SH2B3	1	1	0.68463566582004476	1	-1.2553531392230266	EUR:chr12:110336719-113263518
SH2D1B	1	0	-1.2626476337026566	0	-0.29472831528768922	EUR:chr1:162346721-165191702
SH2D5	1	0	0.96680366335998502	1	-0.60884179423146967	EUR:chr1:20469149-21736588
SH3BP1	1	0	-1.3600117986787785	0	1.5580095710417399	EUR:chr22:37570269-39307894
SH3BP4	1	0	1.149820009594908	1	-0.20333006863784819	EUR:chr2:235150987-236043550
SH3GLB2	1	0	0.18699660038645236	1	1.4177562280386053	EUR:chr9:130055510-132165470
SHC1	1	1	-0.77583937147689586	0	-0.90750869090635267	EUR:chr1:154770403-156336133
SHE	1	0	-1.115599963174662	0	-1.3721213297803376	EUR:chr1:153180829-154770403
SIN3B	1	0	-0.61355320052842277	0	-0.71505453575444222	EUR:chr19:16374416-18409862
SIRT4	1	0	0.97776368244701395	1	0.23981236299247932	EUR:chr12:119754110-122007651
SIX5	1	0	-0.95973689822135189	0	0.64517176268049525	EUR:chr19:46102697-47150082
SLAMF1	1	0	-1.3167388364671762	0	-0.8219430843088954	EUR:chr1:159913048-162346721
SLAMF7	1	0	-0.84073625213939585	0	-0.37364578143782395	EUR:chr1:159913048-162346721
SLC10A5	1	0	-1.3600117986787785	0	-0.16545074097260343	EUR:chr8:81956395-82693739
SLC10A6	1	1	0.59802773728883618	1	2.6116000533784671	EUR:chr4:87534648-89238028
SLC10A7	1	0	0.39688267083472034	1	-0.10134742072298325	EUR:chr4:146178187-148521873
SLC16A6	1	0	0.72697420723214023	1	0.36690119582760961	EUR:chr17:64800430-67858770
SLC17A1	1	1	-0.37566705885076895	0	2.4038927770186307	EUR:chr6:25684587-26791233
SLC17A2	1	1	-0.34321056564612934	0	2.4113446162281726	EUR:chr6:25684587-26791233
SLC17A3	1	1	-0.3107540724414678	0	2.4189328130485572	EUR:chr6:25684587-26791233
SLC17A4	1	1	-0.33239173457789417	0	2.4138585977966702	EUR:chr6:25684587-26791233
SLC17A7	1	1	1.2846442168836931	1	0.56685578107302104	EUR:chr19:49282227-51532567
SLC1A6	1	0	-0.13755061620066455	0	0.76529058224357405	EUR:chr19:14486347-15648610
SLC22A13	1	0	-1.2842841148084687	0	-0.21284352410380472	EUR:chr3:36486842-38356116
SLC22A14	1	0	-1.3491935581258834	0	-0.20305054373012843	EUR:chr3:36486842-38356116
SLC22A18	1	0	0.19781484093936944	1	0.54878089193118285	EUR:chr11:1213590-3665481
SLC22A18AS	1	0	0.25190604370388892	1	0.54560055481149694	EUR:chr11:1213590-3665481
SLC25A1	1	0	0.024242021875889232	1	-0.80214372657608635	EUR:chr22:18296088-19912358
SLC25A16	1	0	1.1065470473832835	1	0.7041361795543013	EUR:chr10:70195991-72220850
SLC25A18	1	0	0.10096215548504804	1	-0.8403148444201396	EUR:chr22:17674295-18296088
SLC25A20	1	0	-1.4901826516529249	0	0.22377984409465207	EUR:chr3:47727212-49316972
SLC25A28	1	0	1.3104033438583069	1	0.66365808753181066	EUR:chr10:100668400-102949239
SLC25A34	1	0	0.63800309074924777	1	2.3400698143067489	EUR:chr1:14891511-16897730
SLC25A42	1	1	1.2792168997396465	1	2.7752214776790041	EUR:chr19:18409862-19877471
SLC27A1	1	0	-0.65682616274004724	0	1.6853451183856936	EUR:chr19:16374416-18409862
SLC2A11	1	0	1.4380844841020548	1	1.0678299017111199	EUR:chr22:23712647-24984204
SLC2A6	1	1	1.6901649231036113	1	-1.1445646682744153	EUR:chr9:135298842-137041122
SLC30A3	1	1	0.36964070031552887	1	1.9527492978185983	EUR:chr2:26894985-28598777
SLC35D1	1	0	1.0090245983831134	1	0.17350622339272639	EUR:chr1:66939404-68477895
SLC35E1	1	0	-0.20246005951807913	0	-0.34066580971544425	EUR:chr19:16374416-18409862
SLC36A4	1	0	-0.049580918836256843	1	1.2162781906249795	EUR:chr11:92077144-93276157
SLC37A4	1	0	0.31109570481709209	1	0.093369077745458801	EUR:chr11:117747110-119215476
SLC38A7	1	0	-0.6460079221871301	0	0.95244645323737753	EUR:chr16:57664330-59045405
SLC39A12	1	0	1.4310942639704005	1	-0.15380304405443082	EUR:chr10:16551767-18537267
SLC39A7	1	1	1.3336426884138282	1	0.80025653127277685	EUR:chr6:32682664-33236497
SLC39A8	1	1	-1.6636643428697229	0	1.6406054210640808	EUR:chr4:103221356-105305294
SLC4A1AP	1	1	0.15307493854787033	1	1.9310977067844914	EUR:chr2:26894985-28598777
SLC50A1	1	1	-0.85803951462959116	0	-0.84892055357367835	EUR:chr1:154770403-156336133
SLC5A5	1	0	-0.53782551665809109	0	1.7072745101230666	EUR:chr19:16374416-18409862
SLC5A6	1	1	0.46709529311097631	1	1.9648703739741837	EUR:chr2:26894985-28598777
SLC6A12	1	0	-1.0936799250006042	0	-1.6769076397317966	EUR:chr12:61107-1080331
SLC6A13	1	0	-1.1046399440876331	0	-1.5734001393534101	EUR:chr12:61107-1080331
SLC6A16	1	1	1.1421639687523826	1	0.41791900643693602	EUR:chr19:49282227-51532567
SLCO1A2	1	0	1.2255476934652176	1	0.60111499736705809	EUR:chr12:20863943-23820634
SLCO1B3	1	0	1.2147294529123225	1	0.55787553444804783	EUR:chr12:20863943-23820634
SLCO1C1	1	0	1.2039112123594273	1	0.48863178116685357	EUR:chr12:18087873-20863943
SLMAP	1	0	0.29517900591549129	1	-0.85186871464165481	EUR:chr3:56433907-58157519
SMAD1	1	0	0.4626427853568722	1	0.46592481083760195	EUR:chr4:146178187-148521873
SMARCB1	1	0	1.5805647322333656	1	1.0839483997674049	EUR:chr22:23712647-24984204
SMARCE1	1	0	-0.51668042476121068	0	-0.77505183908208464	EUR:chr17:36809344-38877404
SMC4	1	0	0.86835675936982126	1	0.067958090415612973	EUR:chr3:159477890-161524504
SMO	1	0	0.61948289034626891	1	0.85147519900150948	EUR:chr7:128778386-130422414
SND1	1	0	0.54373866933910653	1	0.39250424732988065	EUR:chr7:126869221-128778386
SNRNP70	1	1	0.71472322435842861	1	-1.1427216294903686	EUR:chr19:49282227-51532567
SNRPD2	1	0	-1.0462828226445786	0	0.66058979316808764	EUR:chr19:46102697-47150082
SNRPD3	1	0	1.5257646367982427	1	1.228415428507863	EUR:chr22:23712647-24984204
SNX17	1	1	0.40212556458066334	1	1.9545954627109217	EUR:chr2:26894985-28598777
SOX10	1	0	-1.4898306853136296	0	1.4990194388964695	EUR:chr22:37570269-39307894
SOX14	1	0	0.38172493033871807	1	1.0187570654807738	EUR:chr3:137371083-139954597
SPACA4	1	1	0.0790421173110121	1	-0.57555880767406653	EUR:chr19:47150082-49282227
SPARCL1	1	1	0.58720890622062305	1	2.607477847430173	EUR:chr4:87534648-89238028
SPATA16	1	0	-1.6771030692740392	0	-0.1140161749217226	EUR:chr3:172295731-173477285
SPATA21	1	0	0.73664326253248658	1	2.3595520801065621	EUR:chr1:14891511-16897730
SPDEF	1	0	-1.4252661217649161	0	0.046154003315342224	EUR:chr6:33236497-35455756
SPECC1L	1	0	1.3942444077539389	1	1.149852039555022	EUR:chr22:23712647-24984204
SPEN	1	0	0.67088314801033466	1	2.346465361003534	EUR:chr1:14891511-16897730
SPHK2	1	1	0.11192217457207702	1	-0.58349388599989305	EUR:chr19:47150082-49282227
SPP1	1	1	0.60884656835704942	1	2.615767120743107	EUR:chr4:87534648-89238028
SPP2	1	0	1.6582773155813735	1	-0.78191028489168801	EUR:chr2:233550003-235150987
SPPL3	1	0	1.0216037587951079	1	0.47816826262639844	EUR:chr12:119754110-122007651
SPTA1	1	0	-1.2951023553613639	0	-1.2785695894674247	EUR:chr1:158027412-159913048
SQLE	1	1	0.90022681664627147	1	0.28231112763234778	EUR:chr8:125683719-126410917
SRGN	1	0	0.97672816074843238	1	0.74273228099301702	EUR:chr10:70195991-72220850
SRSF9	1	0	1.0764038542302308	1	0.23967146457837823	EUR:chr12:119754110-122007651
SSBP4	1	1	1.4527153916780522	1	2.9904666636359285	EUR:chr19:18409862-19877471
SSR2	1	0	-0.62239910425855627	0	-2.4763816689185401	EUR:chr1:154770403-156336133
SST	1	0	-0.29088487307579558	0	-0.39768497058588015	EUR:chr3:186890344-188856214
SSX2IP	1	0	-1.7061954963717076	0	-1.4069919068522068	EUR:chr1:84844495-86454751
ST14	1	0	-0.91892558220198561	0	-1.0970988663305998	EUR:chr11:128188537-130342575
ST3GAL4	1	0	-0.58951904699749136	0	-1.5824331905492324	EUR:chr11:124495528-126311320
ST6GAL1	1	0	-0.52910721102021785	0	-0.091856629445348906	EUR:chr3:185068255-186890344
ST8SIA1	1	0	1.3445483395471738	1	0.37584876790706112	EUR:chr12:20863943-23820634
ST8SIA6	1	0	1.4743672261820029	1	0.21858884579813997	EUR:chr10:16551767-18537267
STAC	1	0	-1.2518293931497395	0	-0.12725531594219078	EUR:chr3:35283458-36486842
STAC2	1	0	-0.045984194216698492	1	0.10561432210140446	EUR:chr17:36809344-38877404
STAG1	1	0	0.78199983079616664	1	1.7263999046999399	EUR:chr3:135456906-137371083
STAM	1	0	1.4527307450762126	1	-0.0091728903595646675	EUR:chr10:16551767-18537267
STIM1	1	0	0.013904751539998806	1	0.52631793746116595	EUR:chr11:3665481-4746709
STK19	1	0	1.0740923257245762	1	0.37790653540058361	EUR:chr6:31571218-32682664
STOX1	1	0	1.0200011229600567	1	0.70168236452105071	EUR:chr10:70195991-72220850
STT3A	1	0	-0.41415874160509375	0	-0.46516192811349083	EUR:chr11:124495528-126311320
SUGP2	1	1	1.3766714925350938	1	2.8161037021818993	EUR:chr19:18409862-19877471
SULT2A1	1	1	0.25440242270340968	1	-0.092269094361715001	EUR:chr19:47150082-49282227
SULT2B1	1	1	0.013282002788860256	1	-0.55244515685252638	EUR:chr19:47150082-49282227
SULT4A1	1	1	1.5717313911581468	1	3.1588517358768584	EUR:chr22:43714200-44995308
SUN2	1	0	-1.5338171068574413	0	1.1247583145196827	EUR:chr22:37570269-39307894
SUPT7L	1	1	0.16390322663626317	1	1.9328676919937657	EUR:chr2:26894985-28598777
SUPV3L1	1	0	0.98754640130134952	1	0.98907138728268873	EUR:chr10:70195991-72220850
SURF1	1	1	1.6244048085814595	1	-1.1472043449659648	EUR:chr9:135298842-137041122
SURF2	1	1	1.6134447894944304	1	-1.1432478157653869	EUR:chr9:135298842-137041122
SURF4	1	1	1.5367246558852716	1	-1.1351271977210753	EUR:chr9:135298842-137041122
SURF6	1	1	1.5257646367982427	1	-1.1683452233283205	EUR:chr9:135298842-137041122
SUSD2	1	0	1.4600045222760909	1	1.0577155257143296	EUR:chr22:23712647-24984204
SYDE1	1	0	-0.28900598394130589	0	0.73463897136990797	EUR:chr19:14486347-15648610
SYMPK	1	0	-1.0138281009858714	0	0.6434868544796738	EUR:chr19:46102697-47150082
SYN2	1	0	-0.92975387029035639	0	0.63308081894336199	EUR:chr3:11019665-13070799
SYNGAP1	1	1	1.1713336433984707	1	0.66758780415917607	EUR:chr6:33236497-35455756
SYNGR1	1	0	-1.2957638408349215	0	-0.93259416288740715	EUR:chr22:39307894-40545797
SYNGR4	1	1	0.0023219837018312807	1	-0.57717525451756024	EUR:chr19:47150082-49282227
SYT11	1	0	-0.55663898973640435	0	-2.4372006486526172	EUR:chr1:154770403-156336133
TAB1	1	0	-1.3065844438359542	0	-0.89395227843021674	EUR:chr22:39307894-40545797
TACR2	1	0	1.0091828824071396	1	1.1718744312494325	EUR:chr10:70195991-72220850
TACR3	1	0	-1.0356157540120596	0	1.6674872670112875	EUR:chr4:103221356-105305294
TAF1D	1	0	-0.13318650875600849	0	0.4375721914404665	EUR:chr11:93276157-94242260
TAP1	1	1	1.452669321425099	1	0.90029907725652525	EUR:chr6:32682664-33236497
TAP2	1	1	1.4743105274271422	1	0.90297145410077428	EUR:chr6:32682664-33236497
TAPBP	1	1	1.2362572614046226	1	0.72285501078124337	EUR:chr6:33236497-35455756
TATDN1	1	1	0.85691366429274418	1	0.96632913271015508	EUR:chr8:124861459-125683719
TBC1D13	1	0	0.3384519681271157	1	1.5470439803620091	EUR:chr9:130055510-132165470
TBCCD1	1	0	-0.13928883983845	0	0.97180289487446081	EUR:chr3:185068255-186890344
TBX19	1	0	-1.7061954963717076	0	-1.3445687459830538	EUR:chr1:166460517-169086324
TCAP	1	0	-0.13795931972539879	0	-0.0086252411024581744	EUR:chr17:36809344-38877404
TCF23	1	1	0.51040844546450359	1	1.9715185689553418	EUR:chr2:26894985-28598777
TCF7L2	1	0	0.83609103356068615	1	0.012048097913746697	EUR:chr10:112561493-115328432
TCTA	1	0	-1.4631340975329121	0	0.23403939631122245	EUR:chr3:49316972-51832015
TCTN1	1	1	0.52236205752648635	1	-1.8911444999810314	EUR:chr12:110336719-113263518
TDP2	1	1	0.60512303348818286	1	1.9990218838497704	EUR:chr6:23936619-24852275
TDRD10	1	0	-1.1046399440876331	0	-1.4211305001109173	EUR:chr1:153180829-154770403
TDRD9	1	0	-0.14015826442947937	0	-0.26709866608825789	EUR:chr14:103012102-105001723
TEAD2	1	1	1.2079240832745344	1	0.44890007588352038	EUR:chr19:49282227-51532567
TECPR2	1	0	-0.41415874160509375	0	-1.0639639705759796	EUR:chr14:101534307-103012102
TECTB	1	0	0.85772751466649833	1	0.42450171300721773	EUR:chr10:112561493-115328432
TEKT3	1	0	-1.6011077317700737	0	-0.25675564190280115	EUR:chr17:15019097-16412342
TEPP	1	0	-0.70009912495164961	0	-1.127856251442628	EUR:chr16:57664330-59045405
TET1	1	0	1.0632740851716591	1	0.7691494807135969	EUR:chr10:70195991-72220850
TET2	1	0	-1.0139780918756331	0	-0.43260574098994581	EUR:chr4:105305294-107501305
TFPT	1	0	-1.6737407747130002	0	-1.75761113053127	EUR:chr19:54602362-55728080
TH	1	0	0.30599724646840842	1	-0.065076677255833923	EUR:chr11:1213590-3665481
THADA	1	0	-1.0897099093531475	0	1.1583793345751587	EUR:chr2:43309590-44313803
THBS3	1	1	-0.9183196196082285	0	-0.82060036138376324	EUR:chr1:154770403-156336133
THRA	1	0	-0.32190957074279941	0	-0.9786310680764243	EUR:chr17:36809344-38877404
THY1	1	0	0.50045625733499799	1	-0.8017660591142961	EUR:chr11:119215476-120766806
TIGD1	1	0	1.4310942639704005	1	-2.4014382223562758	EUR:chr2:231843389-233550003
TIMMDC1	1	0	-0.77637489678579563	0	-1.5269708661516774	EUR:chr3:118530251-120523055
TIMP4	1	0	-0.77815783705301089	0	0.63810736824927328	EUR:chr3:11019665-13070799
TIPRL	1	0	-1.5222854069723368	0	-1.4637477766997287	EUR:chr1:166460517-169086324
TIRAP	1	0	-0.52375893247533944	0	-1.6652920803820335	EUR:chr11:124495528-126311320
TLX1	1	0	1.488761935687112	1	0.65939824668791913	EUR:chr10:100668400-102949239
TMC4	1	0	-1.5871948502897735	0	-1.7686237299207899	EUR:chr19:54602362-55728080
TMEM116	1	1	0.54399853863227654	1	-1.2071496541541333	EUR:chr12:110336719-113263518
TMEM120B	1	1	1.2736841977966862	1	0.99984630558688226	EUR:chr12:122007651-124977980
TMEM143	1	1	0.024242021875889232	1	-0.58918434844433953	EUR:chr19:47150082-49282227
TMEM161A	1	1	1.3550149163583303	1	2.8019503447679548	EUR:chr19:18409862-19877471
TMEM171	1	0	-1.3708300392316957	0	0.8346767754129788	EUR:chr5:71240456-73759326
TMEM174	1	0	-1.3816482797845906	0	0.82386383479042291	EUR:chr5:71240456-73759326
TMEM214	1	1	0.5862064620831654	1	1.9831223877808468	EUR:chr2:26894985-28598777
TMEM236	1	0	1.4635489856291077	1	-0.25562384791321369	EUR:chr10:16551767-18537267
TMEM25	1	0	0.28404419731452152	1	0.19495112665679398	EUR:chr11:117747110-119215476
TMEM39A	1	0	-0.80883670578887146	0	-0.96327643604098623	EUR:chr3:118530251-120523055
TMEM40	1	0	-0.97306702264388378	0	0.59358719707859076	EUR:chr3:11019665-13070799
TMEM45B	1	0	-0.79981441322977453	0	-0.23474299532995466	EUR:chr11:128188537-130342575
TMEM51	1	0	0.51744288079199507	1	2.3174040801513915	EUR:chr1:14891511-16897730
TMEM59L	1	1	1.4957826615072829	1	2.9061207110271372	EUR:chr19:18409862-19877471
TMEM82	1	0	0.6489631098362767	1	2.3421910330049771	EUR:chr1:14891511-16897730
TMPRSS13	1	0	0.0027085192879153161	1	0.24940478850908496	EUR:chr11:117747110-119215476
TMPRSS4	1	0	0.024349725289958563	1	0.17990304410346697	EUR:chr11:117747110-119215476
TMPRSS6	1	0	-1.2535014136806411	0	1.3862969931427589	EUR:chr22:35530985-37570269
TNC	1	0	0.98712839616862413	1	0.25307850581184094	EUR:chr9:117019801-117921960
TNFAIP2	1	0	-0.28263851256079003	0	-1.2398500577196794	EUR:chr14:103012102-105001723
TNFSF15	1	0	1.0205706321365071	1	0.36236534604183923	EUR:chr9:117019801-117921960
TNFSF8	1	0	0.94253874821141737	1	0.18742178022113262	EUR:chr9:117019801-117921960
TNNT3	1	0	0.37090668978582297	1	-0.13319244967479807	EUR:chr11:1213590-3665481
TNP2	1	0	-1.0685311778134345	0	-0.08045104589394865	EUR:chr16:10426032-11520161
TNPO1	1	0	-1.3924665203375077	0	0.15117139352271511	EUR:chr5:71240456-73759326
TNPO3	1	0	0.60866228734523631	1	0.88541038684938012	EUR:chr7:126869221-128778386
TNRC6B	1	0	-1.5446377098584738	0	-0.33472326193277696	EUR:chr22:39307894-40545797
TNS4	1	0	-0.47339801275712412	0	-0.82694337466514101	EUR:chr17:36809344-38877404
TOM1	1	0	-1.5433341254024411	0	0.52568906071621735	EUR:chr22:35530985-37570269
TOMM22	1	0	-1.5770995188615498	0	1.2935950255033131	EUR:chr22:37570269-39307894
TOMM40	1	0	-1.4032847608904029	0	-1.6785855929380702	EUR:chr19:44744108-46102697
TOMM40L	1	0	-1.0679193037503909	0	-0.5922814531537941	EUR:chr1:159913048-162346721
TOP2A	1	0	-0.4084743947509944	0	-0.76712672821403838	EUR:chr17:36809344-38877404
TOR1A	1	0	-0.32146070560001316	0	1.3193070853573023	EUR:chr9:132165470-133223217
TOR1B	1	0	-0.31064246504711807	0	1.3199611232710937	EUR:chr9:132165470-133223217
TOX	1	0	0.055620345752444886	1	0.31394367124663342	EUR:chr8:59728100-62329099
TP53AIP1	1	0	-0.98389531073227654	0	-0.35973504995000855	EUR:chr11:128188537-130342575
TPCN1	1	0	-0.91646393600972753	0	-0.077704332637568707	EUR:chr12:113263518-113986709
TPD52	1	0	-1.305920595914259	0	0.4993041501015229	EUR:chr8:79132861-81956395
TPM3	1	0	-1.2361601731319367	0	-1.3147445385493413	EUR:chr1:153180829-154770403
TPM4	1	0	-0.45127959223486436	0	0.6252378639199706	EUR:chr19:15648610-16374416
TPRX1	1	1	0.34756258494311199	1	-0.10671576703187545	EUR:chr19:47150082-49282227
TPST1	1	0	-1.5547401286310443	0	-2.3551448992023007	EUR:chr7:63641125-65689809
TRAF1	1	0	-1.4573759636549224	0	-2.0590570251638725	EUR:chr9:122260297-124871322
TRAF3	1	0	-0.43607877977915166	0	-1.1551717533990904	EUR:chr14:103012102-105001723
TRAFD1	1	1	0.47908909531486193	1	-1.2088535872462556	EUR:chr12:110336719-113263518
TRANK1	1	0	-1.2301929120439492	0	-0.020263606594286897	EUR:chr3:36486842-38356116
TRAPPC4	1	0	0.2624029913124783	1	0.1120871905828015	EUR:chr11:117747110-119215476
TRAPPC6A	1	0	-1.2193746714910323	0	-0.027932637744540783	EUR:chr19:44744108-46102697
TRAPPC6B	1	0	-1.5577945794165244	0	-0.82578762955914675	EUR:chr14:38667725-40341990
TRDMT1	1	0	1.3878213017587762	1	0.0075299501845770851	EUR:chr10:16551767-18537267
TREH	1	0	0.40307083032579238	1	0.0079406831496071934	EUR:chr11:117747110-119215476
TRIAP1	1	0	1.0544838160561947	1	0.2393896820207109	EUR:chr12:119754110-122007651
TRIM27	1	1	0.48977150993146595	1	1.9960021037134634	EUR:chr6:28017819-28917608
TRIM38	1	1	-0.32157290350968099	0	2.4163879284168361	EUR:chr6:25684587-26791233
TRIM46	1	1	-0.89639958143417053	0	-0.85838088663222478	EUR:chr1:154770403-156336133
TRIM54	1	1	0.32632754796200159	1	1.9518287056322265	EUR:chr2:26894985-28598777
TRIM59	1	0	0.87917736237083188	1	0.1046506629277757	EUR:chr3:159477890-161524504
TRIOBP	1	0	-1.5006489258665467	0	1.5195454124956864	EUR:chr22:37570269-39307894
TRMT61A	1	0	-0.20591837895163123	0	-0.58951009294268564	EUR:chr14:103012102-105001723
TRPM4	1	1	0.84624345340273233	1	-1.2680987580000909	EUR:chr19:49282227-51532567
TRPM5	1	0	0.21945132204518164	1	-0.54655407517628696	EUR:chr11:1213590-3665481
TRPM8	1	0	1.5825496317110419	1	-1.2857330604685206	EUR:chr2:233550003-235150987
TSEN2	1	0	-0.94058215837874926	0	0.74706865416193835	EUR:chr3:11019665-13070799
TSEN34	1	0	-1.6196495719484807	0	-1.6887539596894532	EUR:chr19:54602362-55728080
TSHR	1	0	-1.5144814270629972	0	-1.0734153025183963	EUR:chr14:80186579-81579714
TSKS	1	0	-0.12919824534245039	0	0.17392318817579219	EUR:chr19:49282227-51532567
TSPAN15	1	0	0.95509167964262021	1	1.1613301231098268	EUR:chr10:70195991-72220850
TSPAN32	1	0	0.24108780315097184	1	-0.35462768265548178	EUR:chr11:1213590-3665481
TSPAN33	1	0	0.63030349334727953	1	0.85088517263966923	EUR:chr7:128778386-130422414
TSPAN5	1	0	0.68463566582004476	1	2.2771765633193937	EUR:chr4:99424067-100678360
TSSC4	1	0	0.27354252480967911	1	-0.55404062915514485	EUR:chr11:1213590-3665481
TSSK2	1	0	0.0023219837018312807	1	-0.87733488743417176	EUR:chr22:18296088-19912358
TSSK6	1	1	1.1925905950325917	1	2.7298829357413967	EUR:chr19:18409862-19877471
TST	1	0	-1.2980910616378478	0	1.3798836198818756	EUR:chr22:35530985-37570269
TTC29	1	0	0.40784268992174932	1	0.16073358181677991	EUR:chr4:146178187-148521873
TTF1	1	1	1.3284842932318091	1	-1.0187570654807738	EUR:chr9:134127888-135298842
TTLL1	1	1	1.7015201351865488	1	3.5519925865046096	EUR:chr22:42690818-43714200
TTLL12	1	1	1.6799137966871858	1	3.4853130798655805	EUR:chr22:42690818-43714200
TTLL7	1	0	-1.6629225341600831	0	-0.50894253193123618	EUR:chr1:83991748-84844495
TUBA8	1	0	-0.063438130820320557	1	-0.36763348951971497	EUR:chr22:18296088-19912358
TULP2	1	1	0.50648286170496604	1	-0.9773059302737086	EUR:chr19:49282227-51532567
TXN2	1	0	-1.364975533573636	0	1.0702542344338497	EUR:chr22:35530985-37570269
TYSND1	1	0	0.92263695798391288	1	0.99108291955564143	EUR:chr10:70195991-72220850
UAP1	1	0	-1.2842841148084687	0	-0.013280358826978726	EUR:chr1:162346721-165191702
UBA52	1	1	1.3986212363369424	1	2.9353520227454162	EUR:chr19:18409862-19877471
UBAP2L	1	0	-1.2252001540449078	0	-1.3225829387508847	EUR:chr1:153180829-154770403
UBD	1	1	0.64124341300349386	1	0.97290114479485235	EUR:chr6:28917608-29737971
UBE2D3	1	0	-1.7177673578748418	0	1.6501458799903104	EUR:chr4:103221356-105305294
UBE2H	1	0	0.66276530235035536	1	0.83914615971239082	EUR:chr7:128778386-130422414
UBE2Q1	1	0	-1.0059997723044163	0	-1.325213877214718	EUR:chr1:153180829-154770403
UBE4A	1	0	0.12173515229918619	1	0.048484028101499363	EUR:chr11:117747110-119215476
UBQLN4	1	0	-0.64431914243261423	0	-2.4793305605788096	EUR:chr1:154770403-156336133
UBR7	1	0	0.26264397417407331	1	1.2145588750220164	EUR:chr14:93132299-94325285
UCN	1	1	0.44543871693421266	1	1.9629867449606364	EUR:chr2:26894985-28598777
UFC1	1	0	-1.0571010631974738	0	-0.49156494969136455	EUR:chr1:159913048-162346721
UGT1A10	1	0	1.5068219478407321	1	-1.5028200034371588	EUR:chr2:233550003-235150987
UGT1A3	1	0	1.5717313911581468	1	-1.5497679366312465	EUR:chr2:233550003-235150987
UGT1A4	1	0	1.5609131506052516	1	-1.5438804705658367	EUR:chr2:233550003-235150987
UGT1A5	1	0	1.5500949100523345	1	-1.5402838478064367	EUR:chr2:233550003-235150987
UGT1A6	1	0	1.5392766694994395	1	-1.5344814806553773	EUR:chr2:233550003-235150987
UGT1A7	1	0	1.5284584289465224	1	-1.5304945199578617	EUR:chr2:233550003-235150987
UGT1A8	1	0	1.496003707287815	1	-1.4782892119890589	EUR:chr2:233550003-235150987
UGT1A9	1	0	1.5176401883936272	1	-1.5239031466569823	EUR:chr2:233550003-235150987
UHMK1	1	0	-1.2951023553613639	0	-0.024097945006578903	EUR:chr1:162346721-165191702
UNC119B	1	0	1.1969640641875054	1	0.43185418149732269	EUR:chr12:119754110-122007651
UNC13A	1	0	-0.68928088439875446	0	1.6808302418304253	EUR:chr19:16374416-18409862
UPB1	1	0	1.5476846749722786	1	1.2295808214491522	EUR:chr22:23712647-24984204
UPF1	1	1	1.4632977972421484	1	2.8706455173622096	EUR:chr19:18409862-19877471
UPK1B	1	0	-0.7439130877827197	0	-0.3028883040225438	EUR:chr3:118530251-120523055
UPK2	1	0	0.35978841832170594	1	0.077841654205964408	EUR:chr11:117747110-119215476
USE1	1	0	-0.81909977103360565	0	1.4062555290020751	EUR:chr19:16374416-18409862
USF1	1	0	-0.89482745490391535	0	-0.083885293650636086	EUR:chr1:159913048-162346721
USHBP1	1	0	-0.74337208716327396	0	1.658754221139483	EUR:chr19:16374416-18409862
USP19	1	0	-1.7173905062609669	0	0.2750523952496417	EUR:chr3:47727212-49316972
USP2	1	0	0.42471203632783566	1	-0.32677003304290486	EUR:chr11:119215476-120766806
USP21	1	0	-0.94891865766843475	0	-0.49574043125317779	EUR:chr1:159913048-162346721
USP40	1	0	1.6474590750284783	1	-1.3982052186334308	EUR:chr2:233550003-235150987
USP48	1	0	0.90104354883785509	1	-1.1842051635381572	EUR:chr1:21736588-23086883
USPL1	1	0	-0.84073625213939585	0	-0.39087819992601114	EUR:chr13:30483267-32301815
UTP15	1	0	-1.4357394825491101	0	0.68912873610439862	EUR:chr5:71240456-73759326
VARS2	1	0	1.041562013979574	1	-1.8628531351860431	EUR:chr6:30798168-31571218
VASP	1	0	-1.1111922659619933	0	0.10024658746461111	EUR:chr19:44744108-46102697
VAV2	1	1	1.3065642550577512	1	-0.58170935885261899	EUR:chr9:135298842-137041122
VGLL4	1	0	-0.9622387345555129	0	-0.15532711702993188	EUR:chr3:11019665-13070799
VILL	1	0	-1.0354645820916615	0	-0.18380035161518782	EUR:chr3:36486842-38356116
VIM	1	0	1.496003707287815	1	-0.17614751295606734	EUR:chr10:16551767-18537267
VKORC1L1	1	0	-1.4573759636549224	0	0.52035196087182056	EUR:chr7:63641125-65689809
VPREB3	1	0	1.6956449326471257	1	1.1115838680064649	EUR:chr22:23712647-24984204
VPS11	1	0	0.21912057930839179	1	0.15227932824888557	EUR:chr11:117747110-119215476
VPS26A	1	0	0.96590992019553734	1	0.7989371887345047	EUR:chr10:70195991-72220850
VPS29	1	1	0.44663437365615466	1	-1.9772871989460654	EUR:chr12:110336719-113263518
VPS52	1	1	1.3011808794107522	1	0.74417618342340208	EUR:chr6:33236497-35455756
VSTM5	1	0	-0.14990762673997204	0	0.37952447562568536	EUR:chr11:93276157-94242260
VTI1A	1	0	0.81445455245487397	1	0.10575199568344537	EUR:chr10:112561493-115328432
VWA5B1	1	0	-0.6333591233455852	0	-0.96175344916828365	EUR:chr1:20469149-21736588
WDR20	1	0	-0.27167849347378309	0	-0.49728909802722454	EUR:chr14:101534307-103012102
WDR46	1	1	1.2687190704076763	1	0.73858965591053527	EUR:chr6:33236497-35455756
WDR5	1	1	1.339444312318816	1	-0.30489557972163406	EUR:chr9:135298842-137041122
WDR6	1	0	-1.576738024836944	0	0.24799271881404425	EUR:chr3:47727212-49316972
WIPF2	1	0	-0.35437137974587529	0	-0.71664653627555497	EUR:chr17:36809344-38877404
WIPI1	1	0	0.68366105487861284	1	0.477400962465165	EUR:chr17:64800430-67858770
WIZ	1	0	-0.52700727610519604	0	0.51065749094267943	EUR:chr19:14486347-15648610
WLS	1	0	1.0523070103872219	1	1.2287066203098775	EUR:chr1:68477895-69687616
WNK1	1	0	-1.1704000586097849	0	-1.412168048253178	EUR:chr12:61107-1080331
WNT4	1	0	1.0325637778821368	1	-1.0620369553232754	EUR:chr1:21736588-23086883
WNT8B	1	0	1.2212240479439156	1	0.81964217870857414	EUR:chr10:100668400-102949239
XRCC3	1	0	-0.19495835986460225	0	-0.41165236630539187	EUR:chr14:103012102-105001723
YJEFN3	1	1	1.2250754592977262	1	2.7503394201915539	EUR:chr19:18409862-19877471
YY1AP1	1	0	-0.71007925695476604	0	-2.2454083448015383	EUR:chr1:154770403-156336133
ZBTB10	1	0	-1.2626476337026566	0	0.23122615480179737	EUR:chr8:79132861-81956395
ZBTB17	1	0	0.69280318618437065	1	2.3617729714726292	EUR:chr1:14891511-16897730
ZBTB40	1	0	1.010643739708079	1	-1.1234706882898609	EUR:chr1:21736588-23086883
ZBTB44	1	0	-1.0055518869090403	0	-1.2157046860963359	EUR:chr11:128188537-130342575
ZBTB7B	1	1	-0.8196794478249898	0	-0.90916323328566473	EUR:chr1:154770403-156336133
ZBTB9	1	1	1.1605130403974602	1	0.66656166883127743	EUR:chr6:33236497-35455756
ZC3HC1	1	0	0.52209746333706331	1	0.74924211502999427	EUR:chr7:128778386-130422414
ZDHHC6	1	0	0.86854575521939348	1	0.34618429519653526	EUR:chr10:112561493-115328432
ZDHHC7	1	0	-0.88458092679603384	0	0.35696132334451425	EUR:chr16:84445883-85148685
ZFAND1	1	0	-1.3816482797845906	0	-0.16822725446830675	EUR:chr8:81956395-82693739
ZFP36L2	1	0	-1.0572534161485079	0	1.1651003597184688	EUR:chr2:43309590-44313803
ZFP57	1	1	0.68452109959549245	1	0.013417277916813077	EUR:chr6:28917608-29737971
ZFYVE21	1	0	-0.17303832169056629	0	-0.40287638977661694	EUR:chr14:103012102-105001723
ZKSCAN3	1	1	0.42485498004345706	1	2.0356776998033568	EUR:chr6:28017819-28917608
ZKSCAN4	1	1	0.37075787180343139	1	2.0764728721299068	EUR:chr6:28017819-28917608
ZNF101	1	1	1.24673203547449	1	2.6946757792396294	EUR:chr19:18409862-19877471
ZNF114	1	1	0.046162060049925173	1	-0.5695909638064468	EUR:chr19:47150082-49282227
ZNF14	1	1	1.1167925784139079	1	2.6895449461549772	EUR:chr19:18409862-19877471
ZNF165	1	1	0.32748018521143279	1	2.1107752721609057	EUR:chr6:28017819-28917608
ZNF180	1	0	-1.5871948502897735	0	-1.7037572003005317	EUR:chr19:44744108-46102697
ZNF184	1	1	0.056994644011370284	1	2.1645495677176836	EUR:chr6:26791233-28017819
ZNF229	1	0	-1.6142404516720332	0	-1.7011329840270883	EUR:chr19:44744108-46102697
ZNF253	1	1	1.0193379856184606	1	2.6794908016537207	EUR:chr19:19877471-20905757
ZNF285	1	0	-1.6142404516720332	0	-1.7011329840270883	EUR:chr19:44744108-46102697
ZNF296	1	0	-1.2518293931497395	0	-0.77856916934670706	EUR:chr19:44744108-46102697
ZNF311	1	1	0.5005909315794711	1	2.0030768297992254	EUR:chr6:28917608-29737971
ZNF319	1	0	-0.72173560605746179	0	-1.126305931806264	EUR:chr16:57664330-59045405
ZNF365	1	0	0.71709038747875209	1	-1.0326576056866283	EUR:chr10:63341695-65794114
ZNF391	1	1	0.046175222363365145	1	2.1546804587408581	EUR:chr6:26791233-28017819
ZNF486	1	1	0.97602483326493328	1	2.6601594570976022	EUR:chr19:19877471-20905757
ZNF506	1	1	1.0301662737068533	1	2.6844839543113288	EUR:chr19:19877471-20905757
ZNF512	1	1	0.19638809090141965	1	1.9337549602095891	EUR:chr2:26894985-28598777
ZNF513	1	1	0.39129727649229251	1	1.9564483136390489	EUR:chr2:26894985-28598777
ZNF532	1	0	0.25440242270340968	1	-0.71152322601350593	EUR:chr18:55213838-56530220
ZNF572	1	1	0.91105510473464224	1	0.30733463940614847	EUR:chr8:125683719-126410917
ZNF618	1	0	0.95368616020071906	1	0.18268655287174354	EUR:chr9:115693145-117019801
ZNF626	1	0	0.80363631190197882	1	2.5575492216846443	EUR:chr19:19877471-20905757
ZNF682	1	1	0.99768140944169692	1	2.6697004316260231	EUR:chr19:19877471-20905757
ZNF70	1	0	1.6956449326471257	1	1.1115838680064649	EUR:chr22:23712647-24984204
ZNF704	1	0	-1.3924665203375077	0	0.3390702951366818	EUR:chr8:79132861-81956395
ZNF761	1	0	-1.641286053054293	0	-1.3561529088291655	EUR:chr19:52985290-54602362
ZNF765	1	0	-1.6953772558188125	0	-1.429067370264808	EUR:chr19:52985290-54602362
ZNF813	1	0	-1.5763766097368563	0	-1.3602851971968399	EUR:chr19:52985290-54602362
ZNF827	1	0	0.44072274718281423	1	0.021085223539472373	EUR:chr4:146178187-148521873
ZNF839	1	0	-0.304558550734848	0	-0.93027031565573315	EUR:chr14:101534307-103012102
ZNF85	1	0	-0.91660861226167045	0	2.3016376073786571	EUR:chr19:20905757-22732896
ZNF90	1	1	0.98685312135332603	1	2.66489962171456	EUR:chr19:19877471-20905757
ZNF93	1	1	1.0085096975300898	1	2.6745635722988181	EUR:chr19:19877471-20905757
ZPBP2	1	0	-0.20288293773152855	0	-1.1063930146826775	EUR:chr17:36809344-38877404
ZSCAN12	1	1	0.43567440169144023	1	2.0378567797461624	EUR:chr6:28017819-28917608
ZSCAN16	1	1	0.33829960685943794	1	2.0824207130623509	EUR:chr6:28017819-28917608
ZSCAN23	1	1	0.44649382333944537	1	2.0389499585453641	EUR:chr6:28017819-28917608
