gene_symbol	intercept	high	S	stratum5	Y	EAS_ld_block
ABCA8	1	0	0.001478905310524745	1	0.0044614287611309663	ASN:chr17:64800166-67858770
ABCC2	1	0	1.3549929918155137	1	0.1072103245135789	ASN:chr10:100365649-102471756
ABCC9	1	0	1.3120936178884663	1	-0.31185876140671781	ASN:chr12:21757656-24562053
ABCE1	1	1	0.49552284261793711	1	-0.58305301445360436	ASN:chr4:145025810-148834277
ABCG2	1	1	0.4898394266066603	1	-1.5520668821044903	ASN:chr4:87214993-89236855
ABCG4	1	0	0.34896781532067328	1	0.91459314759050969	ASN:chr11:118900987-120771784
ABCG5	1	0	-1.0464345850802728	0	0.66290217414796826	ASN:chr2:42336744-44322128
ABCG8	1	0	-1.068072247216721	0	0.60945417355430698	ASN:chr2:42336744-44322128
ABHD1	1	1	0.55372159781803099	1	-0.032059034148501392	ASN:chr2:26209579-29456860
ABHD6	1	0	0.41417965199744738	1	-1.1962497192501593	ASN:chr3:56847831-59704331
ABHD8	1	0	-0.78664504937487634	0	1.5242870495002898	ASN:chr19:16749208-20221313
ABT1	1	1	0.14363683242368419	1	0.49307362022434259	ASN:chr6:26141757-26697553
ACAD10	1	1	0.61972622250260823	1	2.1494452242690678	ASN:chr12:109270450-113028429
ACADS	1	0	1.2298441214485702	1	0.12863669897932381	ASN:chr12:119859279-122015993
ACOT13	1	1	0.62704307166224083	1	-0.23969133744811666	ASN:chr6:24397129-26141757
ACOX2	1	0	0.38172493033871807	1	-1.1757262846084875	ASN:chr3:56847831-59704331
ACRV1	1	0	-0.44703879886615866	0	0.87304298346909659	ASN:chr11:124496119-126773879
ACSL5	1	0	0.84690927411360328	1	-1.0969288220811004	ASN:chr10:112170486-115752990
ACTL7A	1	0	-1.330400529560495	0	1.1337478577685673	ASN:chr9:110368474-112864469
ACTL7B	1	0	-1.3087439533837313	0	1.1355770330502568	ASN:chr9:110368474-112864469
ADAM15	1	1	-0.73747930467231648	0	0.56331537072859439	ASN:chr1:153397055-156616039
ADAMTS13	1	1	1.5805647322333656	1	-0.68877661259488621	ASN:chr9:134722557-136612240
ADAMTS15	1	0	-0.82147098940653818	0	-0.44116864743261908	ASN:chr11:130049774-131429519
ADAMTS4	1	0	-0.98137337932714208	0	0.030685615574886967	ASN:chr1:159953315-162888864
ADAMTS8	1	0	-0.87561242984843624	0	-0.2559703746146535	ASN:chr11:130049774-131429519
ADAMTSL2	1	1	1.5476846749722786	1	-1.0067093248001255	ASN:chr9:134722557-136612240
ADAR	1	0	-1.0717598868265681	0	0.86863046059730886	ASN:chr1:153397055-156616039
ADH1A	1	0	0.76036334969035446	1	2.2131199696477672	ASN:chr4:99040831-101711689
ADH4	1	0	0.79281807134908377	1	2.2243832102681074	ASN:chr4:99040831-101711689
ADH5	1	0	0.7711815902432716	1	2.1990391743877242	ASN:chr4:99040831-101711689
ADH6	1	0	0.78199983079616664	1	2.2276537341978067	ASN:chr4:99040831-101711689
ADH7	1	0	0.70627214692583495	1	2.2052433772577849	ASN:chr4:99040831-101711689
ADIPOQ	1	0	-0.23674343263387546	0	0.24647809683180624	ASN:chr3:186230742-188951597
ADO	1	0	0.79144335796760945	1	1.1870355923103397	ASN:chr10:64198067-66313715
ADORA2A	1	0	1.5915247513203945	1	0.62907643938230706	ASN:chr22:23398337-25209349
ADPRH	1	0	-0.75473369078375241	0	-1.209265687733255	ASN:chr3:118903462-120523073
AFF1	1	1	0.47902059553842508	1	-1.8052883428487276	ASN:chr4:87214993-89236855
AGBL5	1	1	0.56454988590640176	1	0.1379161566520114	ASN:chr2:26209579-29456860
AGER	1	1	1.6366195724424994	1	3.3105895089069963	ASN:chr6:31571894-32682590
AGMAT	1	0	0.59416301440115382	1	0.40513555167422649	ASN:chr1:14893157-17875820
AGPAT1	1	1	1.6582607784445429	1	3.3849398005981626	ASN:chr6:31571894-32682590
AHCYL2	1	0	0.57620047834216037	1	-0.44616723145047776	ASN:chr7:126869221-129589868
AIFM2	1	0	0.89018223632520566	1	-0.89741752132808328	ASN:chr10:71054709-72673145
AIM2	1	0	-1.2193746714910323	0	0.3944295035796993	ASN:chr1:157982579-159953315
AK4	1	0	-0.75432614623840655	0	-1.1664606273679596	ASN:chr1:65041376-66774011
AK8	1	1	1.372324369579903	1	-1.4691750228350973	ASN:chr9:134722557-136612240
AKAP8	1	0	-0.49455255444648871	0	-0.33093970112984439	ASN:chr19:12500149-15648148
AKAP8L	1	0	-0.50537079499938387	0	-0.32500046086629514	ASN:chr19:12500149-15648148
AKNA	1	0	1.0428654561151105	1	1.2172897943701089	ASN:chr9:116400502-119530000
AKTIP	1	0	0.71614591914376935	1	-1.6596347566903484	ASN:chr16:51214363-54450244
ALAD	1	0	1.1097499280509207	1	0.77806969039392215	ASN:chr9:112864469-116400502
ALDH16A1	1	1	1.2408041405355994	1	0.15067764199081465	ASN:chr19:49093112-51334271
ALDH2	1	1	0.6413627036084204	1	2.1398631619653985	ASN:chr12:109270450-113028429
ALDH5A1	1	1	0.45168276626984322	1	0.024917859384851051	ASN:chr6:24397129-26141757
ALOX5AP	1	0	-0.82991801158650069	0	1.111322974384692	ASN:chr13:30625939-32301388
ALPI	1	0	1.377003061205881	1	0.58549537299941234	ASN:chr2:232191250-233550713
ALPK2	1	0	0.2434424036163807	1	-0.18841971629203713	ASN:chr18:54958664-57377707
ALPL	1	0	0.81336339614164532	1	1.0046607354727297	ASN:chr1:20304720-22145806
ALPP	1	0	1.1822747312536153	1	0.62389824336860311	ASN:chr2:232191250-233550713
AMBP	1	0	1.0651602800937139	1	1.3054767512285919	ASN:chr9:116400502-119530000
AMIGO3	1	0	-1.5442797598929285	0	0.39116726457244827	ASN:chr3:47793553-51831792
AMN	1	0	-0.35935864616997087	0	-0.40617887876555625	ASN:chr14:101357468-103390025
AMOTL1	1	0	-0.21679209867576016	0	-1.0156358054029366	ASN:chr11:92731401-94987750
AMT	1	0	-1.4631340975329121	0	0.14637493805951765	ASN:chr3:47793553-51831792
AMZ2	1	0	0.73780249532053299	1	0.97001856202892611	ASN:chr17:64800166-67858770
ANAPC10	1	1	0.45168276626984322	1	-0.87827980061725874	ASN:chr4:145025810-148834277
ANAPC5	1	1	1.1202439305783247	1	-0.025741769330159134	ASN:chr12:119859279-122015993
ANAPC7	1	0	0.39254317089163521	1	2.0613867750564188	ASN:chr12:109270450-113028429
ANKLE1	1	0	-0.75419032771616901	0	1.5286883144979155	ASN:chr19:16749208-20221313
ANKRA2	1	0	-1.4465577231020272	0	0.54825636895312269	ASN:chr5:71419711-73759199
ANKRD49	1	0	0.017303553099531282	1	-1.040552595101125	ASN:chr11:92731401-94987750
ANKRD54	1	0	-1.4681942042078173	0	1.942463194081921	ASN:chr22:37977990-40527060
ANKRD9	1	0	-0.32647858890890596	0	-0.07027358879285206	ASN:chr14:101357468-103390025
ANO8	1	0	-0.78664504937487634	0	1.5242870495002898	ASN:chr19:16749208-20221313
ANXA2	1	0	-0.46895883704021657	0	-0.30422969568383229	ASN:chr15:59909705-61292486
AP1M1	1	0	-0.3322789461529303	0	0.29575771832759112	ASN:chr19:15648148-16749208
AP2A1	1	0	-1.2032801158708499	0	-0.26605460891575311	ASN:chr19:49093112-51334271
APEH	1	0	-1.5659186031889389	0	0.33035975226737058	ASN:chr3:47793553-51831792
APLP2	1	0	-0.89726900602519999	0	0.79659797061709181	ASN:chr11:128188777-130049774
APOBEC3A	1	0	-1.3660977603415787	0	-0.67457592096648955	ASN:chr22:37977990-40527060
APOBEC3B	1	0	-1.3282256498379974	0	-0.32746166959300277	ASN:chr22:37977990-40527060
APOBEC3C	1	0	-1.3390462528390301	0	-0.31705111230963617	ASN:chr22:37977990-40527060
APOBEC3D	1	0	-1.3498668558400406	0	-0.30523628423645482	ASN:chr22:37977990-40527060
APOBEC3F	1	0	-1.3823286648431166	0	-0.30408592250306077	ASN:chr22:37977990-40527060
APOBEC3G	1	0	-1.3660977603415787	0	-0.28073239139956224	ASN:chr22:37977990-40527060
APOBEC3H	1	0	-1.3931492678441493	0	-0.29260413396577661	ASN:chr22:37977990-40527060
APOL1	1	0	-1.4207125935201443	0	1.8024941839489788	ASN:chr22:36453608-37977990
APOL2	1	0	-1.4095651815308428	0	1.8031914046200441	ASN:chr22:36453608-37977990
APOL3	1	0	-1.4318600055094461	0	1.8088009818657649	ASN:chr22:36453608-37977990
APOL4	1	0	-1.3872703575522394	0	1.8073932493839235	ASN:chr22:36453608-37977990
APOL5	1	0	-1.4541548294880495	0	-1.0768565448364664	ASN:chr22:34860926-36453608
APOL6	1	0	-1.4653022414773511	0	-1.0010291715886588	ASN:chr22:34860926-36453608
APPL1	1	0	-0.21327830007097423	0	-0.25242582781422201	ASN:chr3:56847831-59704331
AQP10	1	0	-1.1813600776968138	0	0.78739362296782678	ASN:chr1:153397055-156616039
ARCN1	1	0	0.31109570481709209	1	0.069035119515257287	ASN:chr11:117901740-118900987
ARF4	1	0	0.30599724646840842	1	-0.57623280954955969	ASN:chr3:56847831-59704331
ARHGAP24	1	0	-0.68941315982908347	0	-2.3123981854251996	ASN:chr4:84922154-87214993
ARHGAP30	1	0	-0.92728217656264456	0	-0.087486550651117365	ASN:chr1:159953315-162888864
ARHGAP31	1	0	-0.83047791179091468	0	-1.2210420512885767	ASN:chr3:118903462-120523073
ARHGAP32	1	0	-1.4711682747094699	0	-0.08914027851423155	ASN:chr11:128188777-130049774
ARHGAP8	1	1	1.6258225939226663	1	2.6453804142540016	ASN:chr22:44994946-46915049
ARHGEF19	1	0	0.83528343431570329	1	0.30926574424371728	ASN:chr1:14893157-17875820
ARHGEF2	1	0	-0.61143908517152723	0	-1.2628961436543693	ASN:chr1:153397055-156616039
ARIH2	1	0	-1.6308351330769477	0	-0.055143555820731049	ASN:chr3:47793553-51831792
ARL14	1	0	0.84671555336775595	1	-0.68495313600451158	ASN:chr3:159155377-161620009
ARL4C	1	0	1.4635489856291077	1	1.3400471669754423	ASN:chr2:234883167-236066960
ARL5B	1	0	1.4094577828645882	1	-0.095206068329083501	ASN:chr10:18537267-20311057
ARL5C	1	0	-0.045984194216698492	1	-1.2006128248303769	ASN:chr17:36495389-38649589
ARMC6	1	1	1.365843204446701	1	0.70364498648866169	ASN:chr19:16749208-20221313
ARPC3	1	1	0.41417965199744738	1	2.1021268130337369	ASN:chr12:109270450-113028429
ARRDC2	1	0	-0.49455255444648871	0	1.3812696804690481	ASN:chr19:16749208-20221313
ARSG	1	0	0.65117619061347842	1	0.90814681886440463	ASN:chr17:64800166-67858770
ART1	1	0	0.067995954304518283	1	-0.33311550283977154	ASN:chr11:2739889-4466102
ART5	1	0	0.07881419485741338	1	-0.27445505377962687	ASN:chr11:2739889-4466102
ASB14	1	0	-0.20246005951807913	0	-0.31618513045803986	ASN:chr3:56847831-59704331
ASB2	1	1	0.83604202078961443	1	1.1713534476483025	ASN:chr14:94325285-95947052
ASB6	1	0	-0.25655126228259861	0	2.5750725658831857	ASN:chr9:132047808-133641809
ASCL2	1	0	0.20863308149226453	1	-0.6474196983380115	ASN:chr11:70855-2739889
ASH1L	1	0	-1.159440039522756	0	0.55769354066430932	ASN:chr1:153397055-156616039
ASL	1	0	-1.2951023553613639	0	0.18604478813585179	ASN:chr7:63624322-67371495
ATF4	1	0	-1.4147904738461925	0	-0.89168279268414197	ASN:chr22:37977990-40527060
ATF6	1	0	-1.2734658742555516	0	-0.71034247643100701	ASN:chr1:159953315-162888864
ATF6B	1	1	1.7123637934496618	1	3.7684056854726791	ASN:chr6:31571894-32682590
ATG16L1	1	0	1.6907320372400807	1	0.44540915637450523	ASN:chr2:233550713-234883167
ATG7	1	0	-1.4170268342675716	0	-0.20914204989611435	ASN:chr3:11019488-12860229
ATP13A1	1	1	1.2683886116512535	1	0.20241187886978751	ASN:chr19:16749208-20221313
ATP13A2	1	0	0.85720347248973927	1	0.60978478575037942	ASN:chr1:14893157-17875820
ATP6V1E1	1	0	0.0790421173110121	1	-0.5941532189692319	ASN:chr22:17581547-18557031
ATP6V1F	1	0	0.71686831735547452	1	0.4253364074202291	ASN:chr7:126869221-129589868
ATP6V1G1	1	0	0.99827580815792583	1	1.1749046658844011	ASN:chr9:116400502-119530000
ATP8B1	1	0	0.34208257539959747	1	0.69470551911211242	ASN:chr18:54958664-57377707
ATP8B2	1	0	-1.1704000586097849	0	0.79001660269898055	ASN:chr1:153397055-156616039
ATXN2	1	1	0.59808974139679605	1	2.2083775883843018	ASN:chr12:109270450-113028429
B3GALT4	1	1	1.279539673408709	1	2.8375969129437872	ASN:chr6:33209310-35757007
B3GNT3	1	0	-0.58109847886971555	0	1.3557093108095644	ASN:chr19:16749208-20221313
B4GALNT3	1	0	-1.1375200013487201	0	-0.23206939109782193	ASN:chr12:61107-1739022
B4GALT3	1	0	-0.94891865766843475	0	0.05060716384816176	ASN:chr1:159953315-162888864
B4GALT4	1	0	-0.76555429378476303	0	-1.2882897323366647	ASN:chr3:118903462-120523073
BABAM1	1	0	-0.70009912495164961	0	1.531343352475498	ASN:chr19:16749208-20221313
BAG5	1	0	-0.22783841712568917	0	0.37668535445036538	ASN:chr14:103390025-105001894
BAK1	1	1	1.1496924373964275	1	2.7555249873849554	ASN:chr6:33209310-35757007
BANK1	1	1	-1.7394085638769072	0	0.047858348111279508	ASN:chr4:101711689-102707193
BARHL1	1	1	1.3832843886669319	1	-1.4200745441782081	ASN:chr9:134722557-136612240
BARX2	1	0	-0.75650126087624714	0	-0.30955375427695914	ASN:chr11:128188777-130049774
BASP1	1	0	-1.7170137369246026	0	1.6835007013305494	ASN:chr5:13611631-17400372
BAX	1	1	0.47360280444387914	1	0.64809696883030266	ASN:chr19:49093112-51334271
BCAM	1	0	-1.414103001443298	0	0.71352610893827029	ASN:chr19:43862455-45579043
BCAT2	1	1	0.36948262311714791	1	0.25341797936554228	ASN:chr19:49093112-51334271
BCL2L12	1	1	1.0764038542302308	1	0.65505624118456662	ASN:chr19:49093112-51334271
BCL2L13	1	0	0.057122079136954149	1	-0.59088090799130499	ASN:chr22:17581547-18557031
BCL3	1	0	-1.4465577231020272	0	0.81005599223588076	ASN:chr19:43862455-45579043
BCL6	1	0	-0.31254144925255928	0	1.1014496979586434	ASN:chr3:186230742-188951597
BCL7A	1	0	0.38592265174769136	1	0.41110340390911126	ASN:chr12:122015993-124721969
BCL9L	1	0	0.41389143332682504	1	0.33326061225978892	ASN:chr11:117901740-118900987
BDH2	1	0	-1.6312025338666689	0	0.044835067611363577	ASN:chr4:102707193-105305539
BID	1	0	-0.03055807355923364	1	-0.57493676603879273	ASN:chr22:17581547-18557031
BLOC1S2	1	0	1.2323714599332172	1	0.17125951147732218	ASN:chr10:100365649-102471756
BLOC1S3	1	0	-1.2301929120439492	0	0.77658413931194903	ASN:chr19:45579043-47334409
BNIP2	1	0	-0.39223870343103578	0	0.13043630002766701	ASN:chr15:59909705-61292486
BPNT1	1	1	0.47908909531486193	1	-1.1327043157766585	ASN:chr1:220125116-221151629
BPTF	1	0	0.6620044787018492	1	0.57607075121265372	ASN:chr17:64800166-67858770
BRAP	1	1	0.66299918471423258	1	2.1794397725408956	ASN:chr12:109270450-113028429
BRD2	1	1	1.4093869094209905	1	2.9448506156490639	ASN:chr6:32682590-33209310
BRD3	1	1	1.405204426840968	1	-1.197935958424166	ASN:chr9:136612240-138198537
BRD4	1	0	-0.48373431389357163	0	-0.34052510892539029	ASN:chr19:12500149-15648148
BSN	1	0	-1.6632933980209632	0	0.31387700231899879	ASN:chr3:47793553-51831792
BSPRY	1	0	0.92024392423281398	1	0.78384250416612711	ASN:chr9:112864469-116400502
BST2	1	0	-0.67846264384583732	0	1.5375807791631804	ASN:chr19:16749208-20221313
BTBD7	1	0	0.2734628052422865	1	0.79924019339452057	ASN:chr14:92916399-94325285
BTF3	1	0	-1.4249212419962149	0	0.33616427935636861	ASN:chr5:71419711-73759199
BTN1A1	1	1	0.12199917028725782	1	0.49788490156311765	ASN:chr6:26141757-26697553
BTN2A1	1	1	0.08954267708259625	1	0.48379366553472258	ASN:chr6:26141757-26697553
BTN2A2	1	1	0.067905014946147868	1	0.52952644178206598	ASN:chr6:26141757-26697553
BTN3A1	1	1	0.078723846014383064	1	0.49462439435874089	ASN:chr6:26141757-26697553
BTN3A2	1	1	-0.12693552400465111	0	0.57574667991540018	ASN:chr6:26141757-26697553
BTN3A3	1	1	0.11118033921902264	1	0.48302222430746794	ASN:chr6:26141757-26697553
BTNL2	1	1	1.5825165574373805	1	3.178842947771606	ASN:chr6:31571894-32682590
C11orf54	1	0	-0.13318650875600849	0	-1.6393035611024103	ASN:chr11:92731401-94987750
C12orf43	1	0	1.2408041405355994	1	0.21742758336672971	ASN:chr12:119859279-122015993
C16orf74	1	0	-0.94950454480216362	0	0.73045026125357093	ASN:chr16:85374253-86981136
C17orf58	1	0	0.77028735958566752	1	0.61011546461206856	ASN:chr17:64800166-67858770
C17orf98	1	0	-0.58160404276736233	0	-0.66033925475167432	ASN:chr17:36495389-38649589
C19orf44	1	0	-0.22409654062389131	0	0.29317729562003975	ASN:chr19:15648148-16749208
C1QA	1	0	-0.27167849347378309	0	1.0241799781644907	ASN:chr1:22145806-23916165
C1QB	1	0	-0.26071847438675411	0	1.0253403381142654	ASN:chr1:22145806-23916165
C1QC	1	0	-0.24975845529972512	0	1.0255725758127205	ASN:chr1:22145806-23916165
C1QTNF5	1	0	0.47340474983244946	1	0.95075145975809117	ASN:chr11:118900987-120771784
C1QTNF6	1	0	-1.6196495719484807	0	1.8858886067931386	ASN:chr22:36453608-37977990
C1orf115	1	1	0.42499789255034248	1	-0.83469709023197258	ASN:chr1:220125116-221151629
C1orf141	1	0	1.0414864073861891	1	-0.32239661888043641	ASN:chr1:66774011-68477862
C1orf226	1	0	-1.2518293931497395	0	-0.8811096244413118	ASN:chr1:159953315-162888864
C1orf43	1	0	-1.2142401349578789	0	0.72669124967480392	ASN:chr1:153397055-156616039
C2	1	1	1.1390017690419909	1	1.1097969638639942	ASN:chr6:31571894-32682590
C22orf15	1	0	1.6792049040165824	1	-0.59300718808038899	ASN:chr22:23398337-25209349
C22orf23	1	0	-1.5114671664194419	0	1.9220440195731407	ASN:chr22:37977990-40527060
C22orf39	1	0	0.14480223183316396	1	-0.57347987040899873	ASN:chr22:18557031-19912242
C2CD2L	1	0	0.17583816730430529	1	0.93013708926203831	ASN:chr11:118900987-120771784
C2orf16	1	1	0.23970124325494696	1	-0.4339175674149871	ASN:chr2:26209579-29456860
C4A	1	0	1.041637604065869	1	1.3909559882285567	ASN:chr6:31571894-32682590
C4B	1	1	0.99836464185424456	1	2.3163953535505648	ASN:chr6:31571894-32682590
C4orf17	1	0	0.65218094416131556	1	2.1975012691360312	ASN:chr4:99040831-101711689
C4orf36	1	1	0.55475241301596145	1	-1.6874778759191953	ASN:chr4:87214993-89236855
C5orf22	1	0	-1.2580802113059728	0	-0.054456153059652089	ASN:chr5:31391126-33500818
C6orf62	1	1	0.69280318618437065	1	-0.26804621442559795	ASN:chr6:24397129-26141757
C9orf43	1	0	1.0986025160616191	1	0.7754710997901102	ASN:chr9:112864469-116400502
C9orf50	1	0	-0.22409654062389131	0	2.582707204731379	ASN:chr9:132047808-133641809
C9orf78	1	0	-0.29982422449422302	0	2.5675851348046645	ASN:chr9:132047808-133641809
CA11	1	1	0.14480223183316396	1	0.23771395768119613	ASN:chr19:49093112-51334271
CABIN1	1	0	1.372324369579903	1	0.29432390813677278	ASN:chr22:23398337-25209349
CABP1	1	0	1.1640840069264404	1	0.055968473558772602	ASN:chr12:119859279-122015993
CABP5	1	1	0.27632246087744561	1	-0.15081648491833974	ASN:chr19:47334409-49093112
CACNA1I	1	0	-1.6095613278646037	0	-0.97840281415394204	ASN:chr22:37977990-40527060
CACNB1	1	0	-0.045984194216698492	1	-1.194286729287056	ASN:chr17:36495389-38649589
CACNB2	1	0	1.3986395423116931	1	0.075779227555179046	ASN:chr10:16679279-18537267
CACNG1	1	0	0.49958015737611083	1	0.79622096422605926	ASN:chr17:64800166-67858770
CACNG2	1	0	-1.398417769541541	0	1.8414672093205748	ASN:chr22:36453608-37977990
CACNG4	1	0	0.1422466504594995	1	0.73745882563476683	ASN:chr17:64800166-67858770
CACNG5	1	0	-0.020177670866238909	1	0.69557947544467269	ASN:chr17:64800166-67858770
CACNG6	1	0	-1.5006489258665467	0	-1.5608244801400235	ASN:chr19:52985347-54734184
CACNG7	1	0	-1.4357394825491101	0	-1.8123360818693932	ASN:chr19:52985347-54734184
CACNG8	1	0	-1.4898306853136296	0	-1.769355234528168	ASN:chr19:52985347-54734184
CAD	1	1	0.43461042884581985	1	-0.21279149896530533	ASN:chr2:26209579-29456860
CADM3	1	0	-1.1761017092794299	0	0.38998202902780843	ASN:chr1:157982579-159953315
CALR3	1	0	-0.24573302172970352	0	0.29160133219938933	ASN:chr19:15648148-16749208
CALU	1	0	0.76015072935958306	1	1.6852019413562265	ASN:chr7:126869221-129589868
CAMKK2	1	1	1.0983238924042886	1	0.081975826411035013	ASN:chr12:119859279-122015993
CAND2	1	0	-0.90809729411359275	0	0.55689186313351147	ASN:chr3:11019488-12860229
CARD10	1	0	-1.533103647525254	0	1.9451870954645032	ASN:chr22:36453608-37977990
CARD8	1	1	0.12288219365910599	1	-0.15970860219712274	ASN:chr19:47334409-49093112
CASC3	1	0	-0.31108896774176675	0	-0.38672544826301786	ASN:chr17:36495389-38649589
CASP14	1	0	-0.25655126228259861	0	-0.33137473582391119	ASN:chr19:12500149-15648148
CASP9	1	0	0.57224297622711795	1	0.42909618140630207	ASN:chr1:14893157-17875820
CBL	1	0	0.15419696130224006	1	0.91292594775433455	ASN:chr11:118900987-120771784
CBLC	1	0	-1.4357394825491101	0	0.78851709281076643	ASN:chr19:43862455-45579043
CBX6	1	0	-1.4634831873507843	0	-0.64353113604586687	ASN:chr22:37977990-40527060
CBX7	1	0	-1.3174050468369649	0	-0.30207375633889899	ASN:chr22:37977990-40527060
CBY1	1	0	-1.5608686143600119	0	-0.82926390087919621	ASN:chr22:37977990-40527060
CCAR1	1	0	1.0957288068303885	1	-0.26420620556227575	ASN:chr10:68757629-71054709
CCDC105	1	0	-0.14836885675355965	0	-0.34299911789228793	ASN:chr19:12500149-15648148
CCDC113	1	0	-0.79746328992779347	0	-0.43769130048550109	ASN:chr16:56907578-58867358
CCDC121	1	1	0.20721637898979048	1	-0.52715890751853822	ASN:chr2:26209579-29456860
CCDC124	1	0	-0.50537079499938387	0	1.3759439325377258	ASN:chr19:16749208-20221313
CCDC136	1	0	0.73850952335751774	1	1.3844840268653034	ASN:chr7:126869221-129589868
CCDC153	1	0	0.37060902132271656	1	0.9343768615567819	ASN:chr11:118900987-120771784
CCDC63	1	1	0.57645326029100585	1	2.2211363073934507	ASN:chr12:109270450-113028429
CCDC71	1	0	-1.6741128196689683	0	0.23418522752192172	ASN:chr3:47793553-51831792
CCDC77	1	0	-1.126559982261691	0	0.53775703546082421	ASN:chr12:61107-1739022
CCNG2	1	0	-0.8840092143510202	0	0.83995967485383127	ASN:chr4:77718852-78969420
CCNI	1	0	-0.92728217656264456	0	0.92296758792408806	ASN:chr4:77718852-78969420
CCR7	1	0	-0.48421861575815678	0	1.2115503332433479	ASN:chr17:38649589-39900528
CD1A	1	0	-1.2734658742555516	0	0.68235195282634575	ASN:chr1:157982579-159953315
CD1B	1	0	-1.19773819038522	0	0.68079345727511675	ASN:chr1:157982579-159953315
CD1C	1	0	-1.1869199498323248	0	0.68356526271442841	ASN:chr1:157982579-159953315
CD1D	1	0	-1.305920595914259	0	0.73980306962560283	ASN:chr1:157982579-159953315
CD1E	1	0	-1.0679193037503909	0	0.73152616072789856	ASN:chr1:157982579-159953315
CD244	1	0	-0.87319097379812516	0	0.45345789166144762	ASN:chr1:159953315-162888864
CD37	1	1	1.1860040451004765	1	-0.015443969935958307	ASN:chr19:49093112-51334271
CD3D	1	0	0.11091454929815356	1	-1.0825117624415506	ASN:chr11:117901740-118900987
CD3E	1	0	0.089273343296110308	1	-1.1179658025858243	ASN:chr11:117901740-118900987
CD3G	1	0	0.10009394629712093	1	-0.29862716702078107	ASN:chr11:117901740-118900987
CD48	1	0	-0.82991801158650069	0	0.37109127288833815	ASN:chr1:159953315-162888864
CD5L	1	0	-1.257238513426209	0	0.49400394216388777	ASN:chr1:156616039-157982579
CD80	1	0	-0.79801610278783885	0	-1.1892600535334812	ASN:chr3:118903462-120523073
CD81	1	0	0.26272428425678401	1	-0.62690289184011372	ASN:chr11:70855-2739889
CDA	1	0	0.87912351066379724	1	1.1431958530352508	ASN:chr1:20304720-22145806
CDC42	1	0	0.98872370153404299	1	1.1543491230980114	ASN:chr1:22145806-23916165
CDC42BPB	1	0	-0.40319872251806477	0	-0.4224829978105995	ASN:chr14:103390025-105001894
CDC42EP1	1	0	-1.414103001443298	0	1.9609018715333102	ASN:chr22:36453608-37977990
CDC6	1	0	-0.36519198274688591	0	0.066420918627568035	ASN:chr17:36495389-38649589
CDH6	1	0	-1.2690402303930017	0	0.10251726227913337	ASN:chr5:29594524-31391126
CDHR4	1	0	-1.7390293495569771	0	0.44404526564802704	ASN:chr3:47793553-51831792
CDKN1C	1	0	0.28436076536259625	1	-0.67319778892439486	ASN:chr11:2739889-4466102
CDON	1	0	-0.60047906608452029	0	0.099895658409535543	ASN:chr11:124496119-126773879
CEACAM16	1	0	-1.4681942042078173	0	0.83956905680922866	ASN:chr19:43862455-45579043
CEACAM19	1	0	-1.4790124447607345	0	0.81904606626072396	ASN:chr19:43862455-45579043
CEACAM20	1	0	-1.5655583691839612	0	0.61624512646030016	ASN:chr19:43862455-45579043
CECR2	1	0	0.11192217457207702	1	-0.69627902320437307	ASN:chr22:17581547-18557031
CECR3	1	0	0.16672227000719989	1	-0.6667547414257744	ASN:chr22:17581547-18557031
CEL	1	1	1.416164445927997	1	-1.2550123942235025	ASN:chr9:134722557-136612240
CELA2A	1	0	0.53936291896603106	1	0.41813440700701887	ASN:chr1:14893157-17875820
CELA2B	1	0	0.56128295714008891	1	0.43256053762150376	ASN:chr1:14893157-17875820
CELA3A	1	0	0.99968372062107191	1	1.2001895898342778	ASN:chr1:22145806-23916165
CELA3B	1	0	0.97776368244701395	1	1.2187309396860073	ASN:chr1:22145806-23916165
CENPA	1	1	0.31549925987360872	1	0.20199155060052723	ASN:chr2:26209579-29456860
CENPE	1	0	-1.6420231368676796	0	0.26179042298035504	ASN:chr4:102707193-105305539
CEP55	1	0	-0.68928088439875446	0	-0.83061989873664366	ASN:chr10:92107336-95362627
CFB	1	0	1.1173652879361786	1	1.0569689919293697	ASN:chr6:31571894-32682590
CGB1	1	1	0.59416301440115382	1	0.38435960126143909	ASN:chr19:49093112-51334271
CGB2	1	1	0.57224297622711795	1	0.40901300063029111	ASN:chr19:49093112-51334271
CGB5	1	1	0.61608305257521179	1	0.39739882145083161	ASN:chr19:49093112-51334271
CGB7	1	1	0.6489631098362767	1	0.39947942913661999	ASN:chr19:49093112-51334271
CGB8	1	1	0.63800309074924777	1	0.40394371754312208	ASN:chr19:49093112-51334271
CGREF1	1	1	0.53206502164126734	1	0.0099525492925658984	ASN:chr2:26209579-29456860
CHCHD10	1	0	1.6682448849295533	1	-0.59202549546545358	ASN:chr22:23398337-25209349
CHD9	1	0	0.60786303825992904	1	-1.5300144853096769	ASN:chr16:51214363-54450244
CHEK1	1	0	-0.45799881795318764	0	0.87264114316631458	ASN:chr11:124496119-126773879
CHERP	1	0	-0.21327830007097423	0	0.2926041339657765	ASN:chr19:15648148-16749208
CHGA	1	0	-0.25840000881063913	0	0.60747189683267522	ASN:chr14:92916399-94325285
CHMP4C	1	0	-1.4032847608904029	0	0.30538010782731234	ASN:chr8:82016264-83727741
CHRNA10	1	0	0.057177713751623192	1	-0.38288203946338328	ASN:chr11:2739889-4466102
CHRNB2	1	0	-1.0169597913914452	0	0.87364600839572826	ASN:chr1:153397055-156616039
CHRND	1	0	1.4094577828645882	1	0.47378715163114088	ASN:chr2:232191250-233550713
CHRNG	1	0	1.4202760234175054	1	0.47916931499667376	ASN:chr2:232191250-233550713
CHUK	1	0	1.276961107890402	1	0.094378713852049087	ASN:chr10:100365649-102471756
CIB3	1	0	-0.35391542725872049	0	0.27559557653176114	ASN:chr19:15648148-16749208
CIB4	1	1	0.10976178619434301	1	0.054043723774698293	ASN:chr2:26209579-29456860
CIITA	1	0	-1.1875578108246834	0	1.4073960995974124	ASN:chr16:10868121-12612116
CILP2	1	1	1.2142471712093554	1	0.15039996484678494	ASN:chr19:16749208-20221313
CINP	1	0	-0.31551856982187698	0	-0.13944076397457633	ASN:chr14:101357468-103390025
CISD2	1	0	-1.7069467548738313	0	-0.19247352599215831	ASN:chr4:102707193-105305539
CKB	1	0	-0.18399834077757327	0	0.39903343933617785	ASN:chr14:103390025-105001894
CKM	1	0	-1.2410111525968444	0	0.79057937701438108	ASN:chr19:45579043-47334409
CKS1B	1	1	-0.72103927604177298	0	0.58957375511182419	ASN:chr1:153397055-156616039
CLASRP	1	0	-1.3167388364671762	0	0.54809683931364261	ASN:chr19:43862455-45579043
CLCNKA	1	0	0.78048333888058041	1	0.32905527314580163	ASN:chr1:14893157-17875820
CLCNKB	1	0	0.82432341522867436	1	0.27103562009270948	ASN:chr1:14893157-17875820
CLDN23	1	0	-0.16207830260353734	0	0.22277190648975936	ASN:chr8:7153079-9099581
CLK2	1	0	-1.0279198104784744	0	0.57882780612128537	ASN:chr1:153397055-156616039
CLMN	1	1	0.66294072369813728	1	1.2239401439564159	ASN:chr14:94325285-95947052
CLPTM1	1	0	-1.3600117986787785	0	0.66136390112962107	ASN:chr19:43862455-45579043
CLTCL1	1	0	0.035202040962918207	1	-0.59235266290036714	ASN:chr22:18557031-19912242
CMAS	1	0	1.3553665801000687	1	0.24577061817024615	ASN:chr12:21757656-24562053
CNGB1	1	0	-0.80828153048068851	0	-0.40990866837320739	ASN:chr16:56907578-58867358
CNNM1	1	0	1.1543395760081054	1	0.34052510892539029	ASN:chr10:100365649-102471756
CNOT1	1	0	-0.7758268088219813	0	-0.38096245747380525	ASN:chr16:56907578-58867358
CNOT3	1	0	-1.5655583691839612	0	-1.4921810159478981	ASN:chr19:52985347-54734184
CNOT6L	1	0	-0.91646393600972753	0	1.2044316580765744	ASN:chr4:77718852-78969420
COL11A2	1	1	1.3552838944158714	1	2.8960641573833237	ASN:chr6:32682590-33209310
COL13A1	1	0	0.85772751466649833	1	-0.83781285830078955	ASN:chr10:71054709-72673145
COL27A1	1	0	0.96483357219002075	1	1.2106928505753558	ASN:chr9:116400502-119530000
COMP	1	1	1.4741260853305194	1	0.51520833107566488	ASN:chr19:16749208-20221313
COPE	1	1	1.4308129329769921	1	0.57509871862906337	ASN:chr19:16749208-20221313
COQ5	1	0	1.0873638733172597	1	-0.45330575815345819	ASN:chr12:119859279-122015993
COX15	1	0	1.3438455798262121	1	0.26733480509621976	ASN:chr10:100365649-102471756
COX17	1	0	-0.70063067577863325	0	-1.2613739447332104	ASN:chr3:118903462-120523073
COX6A1	1	0	1.0654438351432018	1	-0.51771807742851805	ASN:chr12:119859279-122015993
COX7A2L	1	0	-1.1546228957624487	0	2.2798304936292912	ASN:chr2:42336744-44322128
COX8C	1	0	0.29510046737873485	1	0.74922104489121844	ASN:chr14:92916399-94325285
CPEB3	1	0	-0.59191671942261059	0	0.32355361108681052	ASN:chr10:92107336-95362627
CPLX4	1	0	0.3201625372255395	1	-0.62073276816583201	ASN:chr18:54958664-57377707
CPN1	1	0	1.3661404038048155	1	-0.15609469616023469	ASN:chr10:100365649-102471756
CPT1C	1	1	1.0654438351432018	1	-0.43663402908111276	ASN:chr19:49093112-51334271
CRAT	1	0	0.15454187872774505	1	0.57056972270500661	ASN:chr9:130597604-132047808
CRCP	1	0	-1.3924665203375077	0	-0.086659776715888301	ASN:chr7:63624322-67371495
CRLF1	1	1	1.3874997806234646	1	1.0944268839660705	ASN:chr19:16749208-20221313
CROCC	1	0	0.84624345340273233	1	0.60714174953575117	ASN:chr1:14893157-17875820
CROCCP2	1	0	0.87364350112028266	1	0.44586397067550393	ASN:chr1:14893157-17875820
CRTC1	1	1	1.4091563568002283	1	0.52432176012660248	ASN:chr19:16749208-20221313
CRX	1	1	0.33112255631256848	1	-0.43829567523887814	ASN:chr19:47334409-49093112
CRYBB2	1	0	1.6134447894944304	1	0.8238550814410045	ASN:chr22:25209349-26524344
CRYBB3	1	0	1.6353648276684885	1	0.81062786713056334	ASN:chr22:25209349-26524344
CSF2RB	1	0	-1.331533297605753	0	1.8875163518865481	ASN:chr22:36453608-37977990
CSF3	1	0	-0.25698595273664765	0	-0.38805718820579715	ASN:chr17:36495389-38649589
CSNK2A2	1	0	-0.78664504937487634	0	-0.49804029563855035	ASN:chr16:56907578-58867358
CTBS	1	0	-1.7170137369246026	0	1.3093488472906925	ASN:chr1:83991644-86012417
CTDSPL	1	0	-1.1220105065149104	0	-0.51583546287404869	ASN:chr3:35283408-38353505
CTRC	1	0	0.55032293805305998	1	0.39650765932381815	ASN:chr1:14893157-17875820
CUBN	1	0	1.377003061205881	1	-0.88394652176047706	ASN:chr10:16679279-18537267
CUTA	1	1	1.1821542463995034	1	2.7743498659147079	ASN:chr6:33209310-35757007
CUTC	1	0	1.3772878157941171	1	0.22488325200286666	ASN:chr10:100365649-102471756
CUX2	1	1	0.53318029807938139	1	2.2179126530745732	ASN:chr12:109270450-113028429
CWC15	1	0	-0.038433506846977161	1	-0.95691733389292688	ASN:chr11:92731401-94987750
CWC25	1	0	-0.57078343976632973	0	-0.65369585142202002	ASN:chr17:36495389-38649589
CWF19L1	1	0	1.2546662839118206	1	0.11798586102114451	ASN:chr10:100365649-102471756
CXCL13	1	0	-0.93810041711553971	0	0.71193339070773132	ASN:chr4:77718852-78969420
CXCR5	1	0	0.44635324232987889	1	0.1923336871668361	ASN:chr11:117901740-118900987
CXXC4	1	0	-1.0247969229438463	0	0.57736764208383362	ASN:chr4:105305539-107501341
CYP21A2	1	1	0.98754640130134952	1	2.2529757331863292	ASN:chr6:31571894-32682590
CYP26A1	1	0	-0.62437144108131792	0	-0.82868322553406104	ASN:chr10:92107336-95362627
CYP26C1	1	0	-0.63518968163423495	0	-0.82424062552891253	ASN:chr10:92107336-95362627
CYP4F11	1	0	-0.47291607334067653	0	-0.34241680979476385	ASN:chr19:15648148-16749208
CYP4F12	1	0	-0.6460079221871301	0	-0.084042047292500519	ASN:chr19:15648148-16749208
CYP4F2	1	0	-0.51618903555227891	0	-0.26577018015475645	ASN:chr19:15648148-16749208
CYP4F22	1	0	-0.59191671942261059	0	-0.22333483447855165	ASN:chr19:12500149-15648148
CYP4F3	1	0	-0.63518968163423495	0	-0.01077623920963448	ASN:chr19:15648148-16749208
CYP4F8	1	0	-0.62437144108131792	0	-0.085833062013161279	ASN:chr19:15648148-16749208
CYP7A1	1	0	0.077276921929208542	1	-0.20353292932068406	ASN:chr8:59047312-60470380
CYTH2	1	1	-0.03055807355923364	1	0.22009895912436583	ASN:chr19:47334409-49093112
CYTH4	1	0	-1.5763766097368563	0	1.9049174730341853	ASN:chr22:36453608-37977990
DAG1	1	0	-1.5334603382449454	0	0.19345250332319006	ASN:chr3:47793553-51831792
DALRD3	1	0	-1.5929671573089517	0	0.040850455782346327	ASN:chr3:47793553-51831792
DAP3	1	0	-0.699119237867737	0	-0.27930476096542556	ASN:chr1:153397055-156616039
DAPP1	1	0	0.59808974139679605	1	2.2068077730636193	ASN:chr4:99040831-101711689
DAXX	1	1	1.2146160554025791	1	2.7942124494623797	ASN:chr6:33209310-35757007
DBH	1	1	1.7120849612776472	1	-0.99786234851070421	ASN:chr9:134722557-136612240
DBP	1	1	0.13384221274613498	1	0.2368667941088041	ASN:chr19:49093112-51334271
DCAF6	1	0	-1.7386502180304149	0	-0.7760274993776386	ASN:chr1:164954020-168175845
DCDC2	1	1	0.1557622509201709	1	-0.10969583659090505	ASN:chr6:23199920-24397129
DCLK3	1	0	-1.19773819038522	0	0.28916717461492658	ASN:chr3:35283408-38353505
DCPS	1	0	-0.56759900882343339	0	-2.487355829173723	ASN:chr11:124496119-126773879
DCST1	1	1	-0.80871942873798275	0	0.56283280388544299	ASN:chr1:153397055-156616039
DCST2	1	1	-0.79775940965095382	0	0.57364168754723122	ASN:chr1:153397055-156616039
DDA1	1	0	-0.78664504937487634	0	1.5242870495002898	ASN:chr19:16749208-20221313
DDI2	1	0	0.60512303348818286	1	0.57315628117067541	ASN:chr1:14893157-17875820
DDIT4L	1	0	0.72790862803164713	1	2.1779663339947679	ASN:chr4:99040831-101711689
DDOST	1	0	0.95584364427295598	1	1.0528980220273991	ASN:chr1:20304720-22145806
DDR1	1	1	1.041562013979574	1	1.3171524952585361	ASN:chr6:30458591-31054923
DDR2	1	0	-1.305920595914259	0	-0.73421962267877172	ASN:chr1:159953315-162888864
DDT	1	0	1.4490445031890617	1	-0.46214700544905818	ASN:chr22:23398337-25209349
DDX17	1	0	-1.4797140918523222	0	-0.88658716825582373	ASN:chr22:37977990-40527060
DDX21	1	0	1.041637604065869	1	-0.075228563055715778	ASN:chr10:68757629-71054709
DDX24	1	1	0.79276669651676157	1	1.1492858857541406	ASN:chr14:94325285-95947052
DDX25	1	0	-0.55663898973640435	0	0.38879734107050434	ASN:chr11:124496119-126773879
DDX31	1	1	1.3613643504928741	1	-1.3967581573111918	ASN:chr9:134722557-136612240
DDX49	1	1	1.4199846448886211	1	0.55288882505687631	ASN:chr19:16749208-20221313
DDX50	1	0	1.0524558446187642	1	-0.15553889269753232	ASN:chr10:68757629-71054709
DDX54	1	0	-0.8840092143510202	0	0.84171904467297165	ASN:chr12:113028429-114181109
DDX6	1	0	0.45717384533091154	1	0.10983394032556072	ASN:chr11:117901740-118900987
DEDD	1	0	-0.97055513877424693	0	-0.040026136393683458	ASN:chr1:159953315-162888864
DERL3	1	0	1.5586446940593075	1	-0.50957321512357023	ASN:chr22:23398337-25209349
DEXI	1	0	-1.1659166048226401	0	1.4163219278809225	ASN:chr16:10868121-12612116
DGCR6	1	0	0.046162060049925173	1	-0.61906922553227584	ASN:chr22:18557031-19912242
DGKD	1	0	1.6258225939226663	1	1.3996769586466109	ASN:chr2:233550713-234883167
DGKG	1	0	-0.26922829689903194	0	-0.48827372582248096	ASN:chr3:184112682-186230742
DHDH	1	1	0.4626427853568722	1	0.64894397524503755	ASN:chr19:49093112-51334271
DICER1	1	1	0.67375955476635052	1	1.2628961436543693	ASN:chr14:94325285-95947052
DIO2	1	0	-1.4603399866210989	0	-0.61607915616474185	ASN:chr14:78561980-81000021
DIRAS3	1	0	1.0631276133882324	1	-0.70522837282725281	ASN:chr1:68477862-69687902
DIS3L2	1	0	1.160638250147803	1	0.51756112287183154	ASN:chr2:232191250-233550713
DKKL1	1	1	1.2517641596226283	1	-0.022858157298069805	ASN:chr19:49093112-51334271
DLEC1	1	0	-1.1544652281736176	0	0.1338982640647137	ASN:chr3:35283408-38353505
DLG5	1	0	-0.51279891338831052	0	-0.27431251356494718	ASN:chr10:79466701-80464093
DMC1	1	0	-1.5229965038564306	0	-0.88943787281524278	ASN:chr22:37977990-40527060
DMP1	1	1	0.64130306156171091	1	-1.0790653464289306	ASN:chr4:87214993-89236855
DMPK	1	0	-0.98137337932714208	0	-0.5741272291225239	ASN:chr19:45579043-47334409
DMWD	1	0	-0.98137337932714208	0	-0.5741272291225239	ASN:chr19:45579043-47334409
DNA2	1	0	1.1173652879361786	1	-0.29332060107640889	ASN:chr10:68757629-71054709
DNAH12	1	0	0.25190604370388892	1	-0.40305021843565186	ASN:chr3:56847831-59704331
DNAJB14	1	0	0.60890798194971307	1	2.2036843598732947	ASN:chr4:99040831-101711689
DNAJC16	1	0	0.58320299531412489	1	0.42248299781059928	ASN:chr1:14893157-17875820
DNAJC5G	1	1	0.42378214075744902	1	-0.2271364596196756	ASN:chr2:26209579-29456860
DNAJC6	1	0	-0.77596380837483292	0	-1.0763664130757904	ASN:chr1:65041376-66774011
DNAL4	1	0	-1.5013552978543874	0	-0.62907643938230706	ASN:chr22:37977990-40527060
DNASE1L3	1	0	0.43581613310323758	1	-0.90050186905722607	ASN:chr3:56847831-59704331
DNASE2B	1	0	-1.6737407747130002	0	1.3009839021353842	ASN:chr1:83991644-86012417
DNMBP	1	0	1.1989292239653122	1	-0.017915251270453996	ASN:chr10:100365649-102471756
DOLK	1	0	0.25190604370388892	1	0.49602110874410971	ASN:chr9:130597604-132047808
DOLPP1	1	0	0.067995954304518283	1	0.54172702189280042	ASN:chr9:130597604-132047808
DPAGT1	1	0	0.18665877030531591	1	0.94590908033556531	ASN:chr11:118900987-120771784
DPM3	1	1	-0.84159948599904766	0	0.56042193148232067	ASN:chr1:153397055-156616039
DPYSL5	1	1	0.2613578194317106	1	0.20437388497647815	ASN:chr2:26209579-29456860
DROSHA	1	0	-1.2800002494800307	0	-0.09989565840953539	ASN:chr5:31391126-33500818
DSPP	1	1	0.63048423049347579	1	-1.0332676928653155	ASN:chr4:87214993-89236855
DTX1	1	0	-0.86237273324520802	0	0.80113091633801448	ASN:chr12:113028429-114181109
DUSP10	1	1	0.57645326029100585	1	1.3158463172653441	ASN:chr1:221151629-223654495
DUSP12	1	0	-1.19773819038522	0	-0.75614563450469574	ASN:chr1:159953315-162888864
DYNC2LI1	1	0	-1.0788910782849344	0	0.7789990323295084	ASN:chr2:42336744-44322128
DYNLL1	1	0	1.0435237969691658	1	-0.47056443904532325	ASN:chr12:119859279-122015993
ECE1	1	0	0.73664326253248658	1	1.036785774997649	ASN:chr1:20304720-22145806
ECEL1	1	0	1.3878213017587762	1	0.42698996413805335	ASN:chr2:232191250-233550713
ECT2	1	0	-1.721692717231246	0	0.042773976612134688	ASN:chr3:172048457-175051223
EFCAB6	1	1	1.5176401883936272	1	2.6190660830379433	ASN:chr22:42690818-44994946
EFHD2	1	0	0.52840289987900202	1	0.39057457821604263	ASN:chr1:14893157-17875820
EFNA1	1	1	-0.87447954326011268	0	0.55528958048098753	ASN:chr1:153397055-156616039
EFNA3	1	1	-0.67719919969367914	0	0.56106451178279204	ASN:chr1:153397055-156616039
EFNA4	1	1	-0.68815921878070807	0	0.56363715484343491	ASN:chr1:153397055-156616039
EGFL8	1	1	1.6744916829460808	1	3.4563001557183894	ASN:chr6:31571894-32682590
EGR2	1	0	0.78048333888058041	1	1.1826042030182942	ASN:chr10:64198067-66313715
EHD2	1	1	0.21056234635529378	1	-0.4296983071542671	ASN:chr19:47334409-49093112
EI24	1	0	-0.40319872251806477	0	1.0197831309131216	ASN:chr11:124496119-126773879
EIF3D	1	0	-1.3538281215843564	0	1.8551024422273299	ASN:chr22:36453608-37977990
EIF3L	1	0	-1.4790124447607345	0	1.9406552351387298	ASN:chr22:37977990-40527060
EIF4A2	1	0	-0.22591514454550463	0	0.2179898486952043	ASN:chr3:186230742-188951597
EIF4E	1	0	0.67381742526712773	1	2.1439456749404564	ASN:chr4:99040831-101711689
EIF4E2	1	0	1.4419125045232954	1	0.48672777472548906	ASN:chr2:232191250-233550713
EIF4G3	1	0	0.67088314801033466	1	0.89413693262458716	ASN:chr1:20304720-22145806
EIF5	1	0	-0.26071847438675411	0	-0.41783479639120813	ASN:chr14:103390025-105001894
ELFN2	1	0	-1.5655583691839612	0	1.9134105932929804	ASN:chr22:36453608-37977990
ELL	1	1	1.4310777295416037	1	1.0709919352959645	ASN:chr19:16749208-20221313
ELSPBP1	1	1	0.22152236544232276	1	-0.15748441619356901	ASN:chr19:47334409-49093112
EMCN	1	0	0.74954510913745942	1	2.1564123825509371	ASN:chr4:101711689-102707193
EMILIN1	1	1	0.59703475017155827	1	0.1043113961995865	ASN:chr2:26209579-29456860
EML2	1	0	-1.089555784856181	0	1.2132679763233847	ASN:chr19:45579043-47334409
EMP3	1	1	0.057122079136954149	1	0.20465423562088528	ASN:chr19:47334409-49093112
ENDOD1	1	0	-0.17220245071855342	0	-0.28744997756741947	ASN:chr11:92731401-94987750
ENDOG	1	0	0.3492702086800108	1	0.71228717190899604	ASN:chr9:130597604-132047808
ENTHD1	1	0	-1.6203819308656362	0	-0.70628494659878127	ASN:chr22:37977990-40527060
ENTPD7	1	0	1.2992559318690053	1	0.28601962744843595	ASN:chr10:100365649-102471756
EPHA2	1	0	0.75856330070652245	1	0.24860127474827132	ASN:chr1:14893157-17875820
EPHX3	1	0	-0.44046135168196926	0	-0.33326061225978892	ASN:chr19:12500149-15648148
EPM2AIP1	1	0	-1.1652834687265128	0	0.36404160150956044	ASN:chr3:35283408-38353505
EPS15L1	1	0	-0.29982422449422302	0	0.29289070276556051	ASN:chr19:15648148-16749208
ERBB2	1	0	-0.18124173172948529	0	-0.46979784757803711	ASN:chr17:36495389-38649589
ERC1	1	0	-1.192320096783843	0	-0.15734543054684025	ASN:chr12:61107-1739022
ERCC1	1	0	-1.1652834687265128	0	0.83722803282057234	ASN:chr19:45579043-47334409
ERCC2	1	0	-1.19773819038522	0	0.82945752147106167	ASN:chr19:45579043-47334409
ERLIN1	1	0	1.2881085198797038	1	0.086246411996308212	ASN:chr10:100365649-102471756
ERP29	1	1	0.5872715008439009	1	2.0313111677877442	ASN:chr12:109270450-113028429
ETS1	1	0	-1.1679762082347787	0	-0.27773502459100691	ASN:chr11:128188777-130049774
EXOC3L2	1	0	-1.2734658742555516	0	0.74269388671006809	ASN:chr19:45579043-47334409
EXOC3L4	1	0	-0.29359853164781902	0	-0.47932329449227257	ASN:chr14:103390025-105001894
EXOC6	1	0	-0.73255384661035683	0	-0.71512063926783598	ASN:chr10:92107336-95362627
F11R	1	0	-1.0138281009858714	0	-0.2306594110236857	ASN:chr1:159953315-162888864
FABP4	1	0	-1.3167388364671762	0	0.87767432451745087	ASN:chr8:82016264-83727741
FABP5	1	0	-1.2734658742555516	0	1.0989353274483458	ASN:chr8:82016264-83727741
FAM107A	1	0	0.3492702086800108	1	-1.3956666687132748	ASN:chr3:56847831-59704331
FAM110B	1	0	0.012307193398917575	1	0.19597072753869563	ASN:chr8:57212083-59047312
FAM118B	1	0	-0.57855902791046232	0	-2.4695890512062162	ASN:chr11:124496119-126773879
FAM131C	1	0	0.8024033770546164	1	0.27060841444183853	ASN:chr1:14893157-17875820
FAM163B	1	1	1.6572848658425243	1	-0.98819764808333554	ASN:chr9:134722557-136612240
FAM181A	1	1	0.91177383826715075	1	1.1743573603986719	ASN:chr14:94325285-95947052
FAM20A	1	0	0.67283276679024207	1	0.82250664032496301	ASN:chr17:64800166-67858770
FAM32A	1	0	-0.3430971867058254	0	0.29403721878754346	ASN:chr19:15648148-16749208
FAM3D	1	0	0.37090668978582297	1	-1.4884302691219524	ASN:chr3:56847831-59704331
FAM43B	1	0	0.29824249905150357	1	1.1458384719231947	ASN:chr1:20304720-22145806
FAM83E	1	1	0.068082098223983131	1	0.20942267725788494	ASN:chr19:49093112-51334271
FAM83F	1	0	-1.5121759008553981	0	-0.56058255485429909	ASN:chr22:37977990-40527060
FBLIM1	1	0	0.65992312892330574	1	0.47133130714550703	ASN:chr1:14893157-17875820
FBXO33	1	0	-1.5902794436816809	0	0.87626279658972639	ASN:chr14:35858508-40256601
FBXO42	1	0	0.70924321481491415	1	0.33340572869752888	ASN:chr1:14893157-17875820
FBXO46	1	0	-0.93810041711553971	0	-0.59284353297796832	ASN:chr19:45579043-47334409
FCER1A	1	0	-1.0030098604329543	0	0.36374825988587045	ASN:chr1:157982579-159953315
FCER1G	1	0	-1.0354645820916615	0	-0.012423641536876228	ASN:chr1:159953315-162888864
FCGR2A	1	0	-1.1761017092794299	0	-0.76641693652434362	ASN:chr1:159953315-162888864
FCGR2B	1	0	-1.1436469876207005	0	-0.79546729073051758	ASN:chr1:159953315-162888864
FCGR3A	1	0	-1.1544652281736176	0	-0.80435173630184376	ASN:chr1:159953315-162888864
FCGR3B	1	0	-1.1220105065149104	0	-0.82173677364520004	ASN:chr1:159953315-162888864
FCGRT	1	1	1.1750440260134476	1	0.55785391917362803	ASN:chr19:49093112-51334271
FCHO1	1	0	-0.63518968163423495	0	1.3468162169650388	ASN:chr19:16749208-20221313
FCHO2	1	0	-1.4032847608904029	0	-0.15567783905200203	ASN:chr5:71419711-73759199
FCRL1	1	0	-1.2842841148084687	0	0.48070962203769274	ASN:chr1:156616039-157982579
FCRL2	1	0	-1.257238513426209	0	0.56847095189077601	ASN:chr1:156616039-157982579
FCRLA	1	0	-1.1869199498323248	0	-0.76955102654662511	ASN:chr1:159953315-162888864
FCRLB	1	0	-1.2085564309381371	0	-0.75541502636046931	ASN:chr1:159953315-162888864
FDPS	1	0	-1.0936799250006042	0	0.55593032224980532	ASN:chr1:153397055-156616039
FECH	1	0	0.35304259448662645	1	0.67906373257120412	ASN:chr18:54958664-57377707
FETUB	1	0	-0.12846055175005719	0	0.33848925428055371	ASN:chr3:186230742-188951597
FEZ1	1	0	-0.42511876069212268	0	0.99808821820749583	ASN:chr11:124496119-126773879
FGF21	1	1	0.3201625372255395	1	0.25200069611667852	ASN:chr19:49093112-51334271
FHAD1	1	0	0.50648286170496604	1	0.39873615689664799	ASN:chr1:14893157-17875820
FKBP8	1	1	1.4202588984733906	1	1.0688021794250584	ASN:chr19:16749208-20221313
FKBPL	1	1	1.7015431904486293	1	3.6388835622139935	ASN:chr6:31571894-32682590
FLAD1	1	1	-0.73747930467231648	0	0.58321573003638494	ASN:chr1:153397055-156616039
FLI1	1	0	-1.3520571057372588	0	-0.15526100899412959	ASN:chr11:128188777-130049774
FLNB	1	0	0.32763372757419862	1	-0.7986735335142241	ASN:chr3:56847831-59704331
FLNC	1	0	0.72768892035650712	1	0.73170555962843986	ASN:chr7:126869221-129589868
FLT3LG	1	1	1.2298441214485702	1	0.24959247417396044	ASN:chr19:49093112-51334271
FNBP1	1	0	-0.38637014891744975	0	2.5188353474990048	ASN:chr9:132047808-133641809
FNDC3B	1	0	-1.7328401292205478	0	0.0029514012127844396	ASN:chr3:168270619-172048457
FNDC4	1	1	0.27218610752008143	1	-0.29088522477294437	ASN:chr2:26209579-29456860
FOSB	1	0	-1.1436469876207005	0	0.90235659620104181	ASN:chr19:45579043-47334409
FOSL2	1	1	0.03396376957568123	1	-1.4643451325531769	ASN:chr2:26209579-29456860
FOXA3	1	0	-0.91646393600972753	0	-0.20157125801526837	ASN:chr19:45579043-47334409
FOXB1	1	0	-0.44703879886615866	0	-0.43240980573844773	ASN:chr15:59909705-61292486
FOXD1	1	0	-1.414103001443298	0	0.25795672360211391	ASN:chr5:71419711-73759199
FOXR1	1	0	0.25158238831146768	1	0.33994329250663513	ASN:chr11:117901740-118900987
FOXRED1	1	0	-0.49087887521427453	0	-2.5059442813129009	ASN:chr11:124496119-126773879
FOXRED2	1	0	-1.3761229455629376	0	1.8520425351325775	ASN:chr22:36453608-37977990
FRA10AC1	1	0	-0.58109847886971555	0	-0.70171212877717459	ASN:chr10:95362627-97064851
FRAS1	1	0	-0.97055513877424693	0	1.2326967158928706	ASN:chr4:78969420-80322665
FSTL1	1	0	-0.65734826377452471	0	0.084868635624947397	ASN:chr3:118903462-120523073
FUBP3	1	0	-0.45127959223486436	0	2.4873558291737257	ASN:chr9:132047808-133641809
FUT1	1	1	0.30920251813853256	1	0.25937616724543311	ASN:chr19:49093112-51334271
FUT2	1	1	0.23248238452935174	1	0.25115056925792872	ASN:chr19:49093112-51334271
FUT4	1	0	0.0061561411102295923	1	-1.041260518896427	ASN:chr11:92731401-94987750
FXYD2	1	0	-0.61406585177043826	0	-1.6242315652753665	ASN:chr11:116383543-117901740
FXYD6	1	0	-0.0081120837131173091	1	-1.5758505868919201	ASN:chr11:116383543-117901740
GAB4	1	0	0.22152236544232276	1	-0.81425591867051461	ASN:chr22:16050408-17581547
GABBR1	1	1	0.66288225629950415	1	-0.2010109232712729	ASN:chr6:28901402-29688046
GADD45A	1	0	1.0198452013841459	1	-0.60121035188111649	ASN:chr1:66774011-68477862
GALR3	1	0	-1.4303303622726626	0	1.9506786029673391	ASN:chr22:37977990-40527060
GATAD2A	1	1	1.1492774426790644	1	-0.11232016838481877	ASN:chr19:16749208-20221313
GATC	1	0	1.0325637778821368	1	-0.50115071035734782	ASN:chr12:119859279-122015993
GBGT1	1	1	1.4490445031890617	1	-1.2385873448953986	ASN:chr9:134722557-136612240
GCAT	1	0	-1.4519668433784747	0	1.9470110797598723	ASN:chr22:37977990-40527060
GCNT3	1	0	-0.37031866525699986	0	0.14457138909840259	ASN:chr15:58828306-59909705
GDF1	1	1	1.4524695091537556	1	0.56058255485429909	ASN:chr19:16749208-20221313
GDF15	1	1	1.4743530538144787	1	1.0889465949487405	ASN:chr19:16749208-20221313
GEMIN7	1	0	-1.2626476337026566	0	0.51160624265829613	ASN:chr19:45579043-47334409
GFI1B	1	1	1.4928845795371557	1	-1.3598502169929467	ASN:chr9:134722557-136612240
GGA1	1	0	-1.3762391595081431	0	1.9618414865775577	ASN:chr22:37977990-40527060
GGT1	1	0	1.5696047131463366	1	0.47886139008049688	ASN:chr22:23398337-25209349
GGT5	1	0	1.405204426840968	1	0.41349463855185731	ASN:chr22:23398337-25209349
GHSR	1	0	-1.6993978932526426	0	0.13930214996798404	ASN:chr3:172048457-175051223
GIGYF2	1	0	1.4743672261820029	1	0.52054544630153254	ASN:chr2:233550713-234883167
GINS2	1	0	-0.90622213279807706	0	0.78964155879058162	ASN:chr16:85374253-86981136
GINS3	1	0	-0.65682616274004724	0	-0.023819339005905511	ASN:chr16:56907578-58867358
GIPR	1	0	-1.0679193037503909	0	-0.0092661462101479367	ASN:chr19:45579043-47334409
GJD3	1	0	-0.37601258574791852	0	0.12849828545772377	ASN:chr17:36495389-38649589
GMIP	1	1	1.2900451878280172	1	0.22924988936170809	ASN:chr19:16749208-20221313
GMNN	1	1	0.8024033770546164	1	-0.22136489489798453	ASN:chr6:24397129-26141757
GMPPB	1	0	-1.5550991815409339	0	0.39517150606166002	ASN:chr3:47793553-51831792
GNG12	1	0	0.96574218637902687	1	-0.6195681082520732	ASN:chr1:66774011-68477862
GNG5	1	0	-1.7278319774775197	0	1.3070877432454859	ASN:chr1:83991644-86012417
GOLGA4	1	0	-1.1761017092794299	0	-1.0438607159366069	ASN:chr3:35283408-38353505
GOLT1B	1	0	1.2904571367826543	1	-0.42278319437885925	ASN:chr12:20523761-21757656
GON4L	1	0	-0.98407973413035832	0	-0.33340572869752899	ASN:chr1:153397055-156616039
GOT1	1	0	1.165486987997407	1	0.3763906365727393	ASN:chr10:100365649-102471756
GOT2	1	0	-0.66764440329294228	0	-0.27018125817255961	ASN:chr16:56907578-58867358
GPLD1	1	1	0.42976272809578525	1	-0.027114991681362811	ASN:chr6:24397129-26141757
GPN1	1	1	0.18555980281302681	1	-0.50754229158001929	ASN:chr2:26209579-29456860
GPN3	1	1	0.42499789255034248	1	2.1186708754141299	ASN:chr12:109270450-113028429
GPR107	1	0	-0.40800663002323995	0	2.5027856292283817	ASN:chr9:132047808-133641809
GPR156	1	0	-0.66816886677555742	0	-0.73854028005379446	ASN:chr3:118903462-120523073
GPR161	1	0	-1.6629225341600831	0	-1.1735370611247156	ASN:chr1:164954020-168175845
GPR4	1	0	-1.0787375443032861	0	1.2147020847592294	ASN:chr19:45579043-47334409
GPR83	1	0	-0.027286094857675473	1	-1.0533760536693184	ASN:chr11:92731401-94987750
GPSM3	1	1	1.6149783664404342	1	3.2509861093565684	ASN:chr6:31571894-32682590
GPX1	1	0	-1.5118214949489353	0	-0.051019518683942534	ASN:chr3:47793553-51831792
GPX5	1	1	0.46813266663545566	1	-0.3179173319909957	ASN:chr6:26697553-28901402
GPX6	1	1	0.45731324498745052	1	-0.29661829619480767	ASN:chr6:26697553-28901402
GRAP2	1	0	-1.598740724863593	0	-0.72615508650237603	ASN:chr22:37977990-40527060
GRB7	1	0	-0.21370354073256118	0	-0.4149903608796161	ASN:chr17:36495389-38649589
GRIN2D	1	1	-0.063438130820320557	1	0.23178735826116473	ASN:chr19:47334409-49093112
GRM4	1	0	1.0739482163892651	1	2.7150535218374166	ASN:chr6:33209310-35757007
GRP	1	0	0.29824249905150357	1	-0.48255949754213007	ASN:chr18:54958664-57377707
GRWD1	1	1	-0.0086380353851976937	1	0.22586888917873971	ASN:chr19:47334409-49093112
GSC	1	1	0.68457838583458575	1	0.79640945327198609	ASN:chr14:94325285-95947052
GSC2	1	0	0.013282002788860256	1	-0.6297458211120035	ASN:chr22:18557031-19912242
GSDMA	1	0	-0.28944776173972353	0	-0.36330830612214043	ASN:chr17:36495389-38649589
GSDMB	1	0	-0.2245241437335718	0	-0.3702090619314769	ASN:chr17:36495389-38649589
GSK3B	1	0	-0.81965730878988208	0	-1.2391787751288694	ASN:chr3:118903462-120523073
GSTT1	1	0	1.4928845795371557	1	-0.44207665772843169	ASN:chr22:23398337-25209349
GSTT2	1	0	1.4709645413631198	1	-0.46535703904090858	ASN:chr22:23398337-25209349
GTF2A1	1	0	-1.5469662913281537	0	-1.5706453052244329	ASN:chr14:81000021-83137833
GTF2A2	1	0	-0.38127868434402878	0	0.16318547944012157	ASN:chr15:59909705-61292486
GTF2H4	1	0	1.041562013979574	1	1.3659311657913182	ASN:chr6:30458591-31054923
GTF3C2	1	1	0.29384268369684508	1	-0.22826349529509657	ASN:chr2:26209579-29456860
GTF3C4	1	1	1.4271244650150259	1	-1.4744463756590926	ASN:chr9:134722557-136612240
GTF3C5	1	1	1.4600045222760909	1	-1.309996107961207	ASN:chr9:134722557-136612240
GTPBP1	1	0	-1.5608686143600119	0	-0.63309697491013728	ASN:chr22:37977990-40527060
GTPBP3	1	0	-0.78664504937487634	0	1.5242870495002898	ASN:chr19:16749208-20221313
GUSB	1	0	-1.3383753175729882	0	0.20185144911118449	ASN:chr7:63624322-67371495
GUSBP11	1	0	1.6463248467555174	1	-0.585169523649404	ASN:chr22:23398337-25209349
GYS1	1	1	0.44072274718281423	1	0.35730260597165159	ASN:chr19:49093112-51334271
GYS2	1	0	1.2796388962297371	1	-0.44889842983548406	ASN:chr12:21757656-24562053
H19	1	0	0.36008844923292788	1	-0.50426598113106225	ASN:chr11:70855-2739889
HAAO	1	0	-1.1329852336260222	0	2.3306847473025454	ASN:chr2:42336744-44322128
HAPLN4	1	1	1.30087347591641	1	0.048408081665454947	ASN:chr19:16749208-20221313
HAX1	1	0	-1.192320096783843	0	0.78496284048345655	ASN:chr1:153397055-156616039
HCG9	1	1	0.59808974139679605	1	0.83644871064521531	ASN:chr6:29688046-30458591
HCN3	1	0	-1.0498398486525102	0	0.56524695209517506	ASN:chr1:153397055-156616039
HDHD3	1	0	0.93139133622211567	1	0.78477604936846723	ASN:chr9:112864469-116400502
HELZ	1	0	0.48875186928774	1	0.76973562009277052	ASN:chr17:64800166-67858770
HEPHL1	1	0	-0.20564468668645847	0	-1.5902681697458816	ASN:chr11:92731401-94987750
HFE	1	1	-0.20256576175929189	0	0.10168931210604863	ASN:chr6:24397129-26141757
HHEX	1	0	-0.61355320052842277	0	-0.83644871064521531	ASN:chr10:92107336-95362627
HIF1AN	1	0	1.3326981678369103	1	0.24209370283952727	ASN:chr10:100365649-102471756
HIF3A	1	0	-0.84073625213939585	0	-0.80075254278361141	ASN:chr19:45579043-47334409
HINFP	1	0	0.29486480031555418	1	0.91167721127426105	ASN:chr11:118900987-120771784
HIRA	1	0	0.090002136398041069	1	-0.57801645172348526	ASN:chr22:18557031-19912242
HJURP	1	0	1.5933678722639588	1	1.4900946800063712	ASN:chr2:233550713-234883167
HK1	1	0	0.94427343908972516	1	-0.11370170527147593	ASN:chr10:68757629-71054709
HKDC1	1	0	0.99836464185424456	1	0.09465449147163571	ASN:chr10:68757629-71054709
HLA-A	1	1	0.61972622250260823	1	0.64826633290128244	ASN:chr6:29688046-30458591
HLA-DMA	1	1	1.420207512422023	1	2.9555049165209946	ASN:chr6:32682590-33209310
HLA-DMB	1	1	1.4310281154230338	1	2.9665056576621929	ASN:chr6:32682590-33209310
HLA-DOA	1	1	1.3985663064199798	1	2.9345204614183125	ASN:chr6:32682590-33209310
HLA-DOB	1	1	1.4851311304281527	1	3.0276782716846324	ASN:chr6:32682590-33209310
HLA-DQA2	1	1	1.5067723364302181	1	3.0557017278182443	ASN:chr6:32682590-33209310
HLA-DRA	1	1	1.5716959544363478	1	3.1580706070237792	ASN:chr6:31571894-32682590
HLA-DRB5	1	1	1.5608753514353373	1	3.1385775789981065	ASN:chr6:31571894-32682590
HLA-F	1	1	0.69545390637293991	1	-0.69802938552869975	ASN:chr6:29688046-30458591
HLA-F-AS1	1	1	0.70627214692583495	1	-0.69645396338389254	ASN:chr6:29688046-30458591
HLA-G	1	1	0.71709038747875209	1	0.35496242149323715	ASN:chr6:29688046-30458591
HLX	1	1	0.48990733586775703	1	-0.56685821548968562	ASN:chr1:220125116-221151629
HMBS	1	0	0.20829997630735916	1	0.95431675440590114	ASN:chr11:118900987-120771784
HMGA1	1	0	-1.3603495918769073	0	2.5904954192383096	ASN:chr6:33209310-35757007
HMGB1	1	0	-0.89482745490391535	0	1.0724546301303957	ASN:chr13:30625939-32301388
HMGN4	1	1	0.132818001355471	1	0.47809177631264116	ASN:chr6:26141757-26697553
HMGXB4	1	0	-1.5321867134131393	0	-0.96607078476860642	ASN:chr22:34860926-36453608
HMOX1	1	0	-1.4987444774452343	0	-1.0954268363926454	ASN:chr22:34860926-36453608
HNF1A	1	0	1.2079240832745344	1	0.38583800266640406	ASN:chr12:119859279-122015993
HNF1A-AS1	1	0	1.2517641596226283	1	0.41948311985006825	ASN:chr12:119859279-122015993
HNRNPH3	1	0	1.1390017690419909	1	-0.27659382804990529	ASN:chr10:68757629-71054709
HOMER3	1	1	1.3983280687118576	1	0.57396536689696354	ASN:chr19:16749208-20221313
HP1BP3	1	0	0.91200356792486215	1	1.0788196640887433	ASN:chr1:20304720-22145806
HPD	1	1	1.3065642550577512	1	0.30710648466451057	ASN:chr12:122015993-124721969
HPS1	1	0	-0.18082357841226693	0	0.37919178088368022	ASN:chr10:97064851-100365649
HRC	1	1	0.83528343431570329	1	0.35408535393060786	ASN:chr19:49093112-51334271
HRH1	1	0	-1.3628853938256515	0	-0.40290133321531973	ASN:chr3:11019488-12860229
HSD17B11	1	1	0.53311475087953508	1	-1.0327995809678592	ASN:chr4:87214993-89236855
HSD17B14	1	1	0.39688267083472034	1	0.36242860941853688	ASN:chr19:49093112-51334271
HSD17B8	1	1	1.3228220854127954	1	2.8740401874257948	ASN:chr6:32682590-33209310
HSH2D	1	0	-0.39718838947034485	0	0.27716438120053227	ASN:chr19:15648148-16749208
HSPA6	1	0	-1.1652834687265128	0	-0.77639856593851819	ASN:chr1:159953315-162888864
HSPB7	1	0	0.79144335796760945	1	0.35364692231253547	ASN:chr1:14893157-17875820
HSPG2	1	0	0.93392360609892011	1	1.2958811646478194	ASN:chr1:22145806-23916165
HSPH1	1	0	-0.74337208716327396	0	0.98507085916370229	ASN:chr13:30625939-32301388
HVCN1	1	1	0.56563501973808872	1	2.1929184799676915	ASN:chr12:109270450-113028429
HYLS1	1	0	-0.54567897064939741	0	0.73872060642879345	ASN:chr11:124496119-126773879
HYOU1	1	0	0.22994118230940241	1	0.99133412839937718	ASN:chr11:118900987-120771784
IAPP	1	0	1.2471841745710299	1	-0.33630953693444265	ASN:chr12:20523761-21757656
IARS2	1	1	0.46827085476196684	1	-1.1572940458219199	ASN:chr1:220125116-221151629
IBSP	1	1	0.65212189262992415	1	-1.1366239841112598	ASN:chr4:87214993-89236855
IDE	1	0	-0.70009912495164961	0	-0.13085165236141166	ASN:chr10:92107336-95362627
IFI16	1	0	-1.2085564309381371	0	0.4114021794374198	ASN:chr1:157982579-159953315
IFI27	1	1	0.82522318972140118	1	1.1798463370106786	ASN:chr14:94325285-95947052
IFI27L1	1	1	0.80358552758497481	1	1.1757262846084879	ASN:chr14:94325285-95947052
IFI27L2	1	1	0.84686085185784954	1	1.1795710436671683	ASN:chr14:94325285-95947052
IFI30	1	1	0.9010004768781007	1	1.125951144362161	ASN:chr19:16749208-20221313
IFT172	1	1	0.21804466707818329	1	-0.28687776711046625	ASN:chr2:26209579-29456860
IFT27	1	0	-1.2757962376592444	0	1.8932531978552005	ASN:chr22:36453608-37977990
IFT46	1	0	0.16501756430327269	1	0.049095269200682488	ASN:chr11:117901740-118900987
IFT80	1	0	0.83589495036674533	1	-0.75980474968756462	ASN:chr3:159155377-161620009
IGF2	1	0	0.32763372757419862	1	-0.8796938319662263	ASN:chr11:70855-2739889
IGFL1	1	0	-0.85155449269231287	0	-0.28809382686161261	ASN:chr19:45579043-47334409
IGFL2	1	0	-1.0571010631974738	0	-0.30379839499420436	ASN:chr19:45579043-47334409
IGFL3	1	0	-0.87319097379812516	0	-0.33079470348634188	ASN:chr19:45579043-47334409
IGFL4	1	0	-1.0246463415387665	0	-0.29647485131149515	ASN:chr19:45579043-47334409
IGSF11	1	0	-0.84129851479192541	0	-1.2326967158928706	ASN:chr3:116898042-118903462
IGSF23	1	0	-1.5114671664194419	0	0.72169514493731701	ASN:chr19:43862455-45579043
IKZF3	1	0	-0.33273017374381003	0	-0.34780762090527761	ASN:chr17:36495389-38649589
IL10RA	1	0	0.013529122288947943	1	-1.2251022641392326	ASN:chr11:116383543-117901740
IL12RB2	1	0	0.95492158337799427	1	-0.33369598264111883	ASN:chr1:66774011-68477862
IL17RA	1	0	0.21056234635529378	1	-0.65607732952314912	ASN:chr22:16050408-17581547
IL20RB	1	0	0.79281807134908377	1	0.61674313924063295	ASN:chr3:135268752-137727495
IL23R	1	0	0.94410098037698365	1	-0.23390305562442543	ASN:chr1:66774011-68477862
IL2RB	1	0	-1.2423540016913395	0	1.8867018544751584	ASN:chr22:36453608-37977990
IL6R	1	0	-1.1484800204357271	0	0.83450262383183915	ASN:chr1:153397055-156616039
ILVBL	1	0	-0.32146070560001316	0	-0.33848925428055382	ASN:chr19:12500149-15648148
IMPA1	1	0	-1.3383753175729882	0	0.47194500123879052	ASN:chr8:82016264-83727741
IMPDH1	1	0	0.7060477143544639	1	1.854335836656098	ASN:chr7:126869221-129589868
IMPDH2	1	0	-1.6416545547249528	0	0.044972480353396412	ASN:chr3:47793553-51831792
INPP5D	1	0	1.6690955561342906	1	0.48117193647005208	ASN:chr2:233550713-234883167
INS	1	0	0.31681548702130352	1	-0.84211036962981733	ASN:chr11:70855-2739889
INSL3	1	0	-0.55946199776390326	0	1.3598502169929467	ASN:chr19:16749208-20221313
INSL5	1	0	1.0306658043851566	1	-0.44010976155236969	ASN:chr1:66774011-68477862
IP6K2	1	0	-1.4469049650609263	0	-0.14401654582410039	ASN:chr3:47793553-51831792
IP6K3	1	1	1.106410025392341	1	2.7318532319903177	ASN:chr6:33209310-35757007
IQCD	1	0	-0.90564569545683238	0	0.84465713270206155	ASN:chr12:113028429-114181109
IQSEC1	1	0	-0.83229927749490895	0	0.60318512490958287	ASN:chr3:12860229-14816750
IQSEC3	1	0	-1.0827199059135972	0	-0.040575679596220868	ASN:chr12:61107-1739022
IRF2BP1	1	0	-0.8840092143510202	0	-0.1916345493959678	ASN:chr19:45579043-47334409
IRF3	1	1	1.0873638733172597	1	0.65412084316333308	ASN:chr19:49093112-51334271
IRF5	1	0	0.59784168434422569	1	-0.023682026006757166	ASN:chr7:126869221-129589868
IRF8	1	0	-0.91704273579908768	0	0.54299921990754829	ASN:chr16:85374253-86981136
IRX3	1	0	0.64034790252508555	1	-0.84838921204287976	ASN:chr16:51214363-54450244
ISYNA1	1	1	1.4418965606098171	1	1.0810331546882366	ASN:chr19:16749208-20221313
ITGA9	1	0	-1.2410111525968444	0	-0.88699397037598626	ASN:chr3:35283408-38353505
ITLN1	1	0	-0.86237273324520802	0	0.40975936759768189	ASN:chr1:159953315-162888864
ITLN2	1	0	-0.8840092143510202	0	0.44677387615421915	ASN:chr1:159953315-162888864
ITPK1	1	0	-0.42082433013637754	0	0.57850321866584731	ASN:chr14:92916399-94325285
ITPR3	1	1	1.1280512313943842	1	2.743496971220678	ASN:chr6:33209310-35757007
IZUMO1	1	1	0.28728247996447459	1	0.25966011860488769	ASN:chr19:49093112-51334271
JAK1	1	0	-0.95988393653454518	0	-1.6857701067035824	ASN:chr1:65041376-66774011
JAK3	1	0	-0.57028023831679842	0	1.3591584465887336	ASN:chr19:16749208-20221313
JMJD1C	1	0	0.72790862803164713	1	1.0600939454246376	ASN:chr10:64198067-66313715
JOSD1	1	0	-1.5879201218625605	0	-0.71955946673342819	ASN:chr22:37977990-40527060
JUND	1	1	1.496003707287815	1	1.0939273178870723	ASN:chr19:16749208-20221313
KAAG1	1	1	0.38592265174769136	1	-0.15901345971265807	ASN:chr6:23199920-24397129
KATNAL1	1	0	-0.90564569545683238	0	1.2164263193435194	ASN:chr13:30625939-32301388
KATNB1	1	0	-0.71091736550456663	0	-0.39992549841044089	ASN:chr16:56907578-58867358
KAZALD1	1	0	1.4776145236978104	1	0.3976959456058306	ASN:chr10:102471756-106139565
KCNA7	1	1	0.6818431670973637	1	0.38716928525728211	ASN:chr19:49093112-51334271
KCNG3	1	0	-1.1438040646942353	0	2.298691677625202	ASN:chr2:42336744-44322128
KCNJ1	1	0	-1.1246630558812294	0	-0.16388109032928835	ASN:chr11:128188777-130049774
KCNJ13	1	0	1.48518546673492	1	0.5240067823102118	ASN:chr2:233550713-234883167
KCNJ14	1	1	-0.041518092646262612	1	0.21925519798534537	ASN:chr19:47334409-49093112
KCNJ4	1	0	-1.4472522828492682	0	-0.90297552871274611	ASN:chr22:37977990-40527060
KCNJ5	1	0	-1.0163801749974111	0	-0.24562913720981794	ASN:chr11:128188777-130049774
KCNJ8	1	0	1.3337300989942567	1	-0.42023273445040299	ASN:chr12:21757656-24562053
KCNK3	1	1	0.13141836237110668	1	0.11232016838481863	ASN:chr2:26209579-29456860
KCNN1	1	0	-0.54864375721100822	0	1.3713596488687072	ASN:chr19:16749208-20221313
KCNN3	1	0	-1.126559982261691	0	0.62189827067129266	ASN:chr1:153397055-156616039
KCNQ1	1	0	0.10045067596322557	1	-0.65658813025557561	ASN:chr11:70855-2739889
KCNQ1DN	1	0	0.29517900591549129	1	-0.68339187115029465	ASN:chr11:2739889-4466102
KCNQ1OT1	1	0	0.18699660038645236	1	-0.72436938119399807	ASN:chr11:70855-2739889
KCP	1	0	0.67358590535138796	1	0.40781928702759834	ASN:chr7:126869221-129589868
KCTD17	1	0	-1.2646488256699429	0	1.884265843178913	ASN:chr22:36453608-37977990
KCTD6	1	0	0.39254317089163521	1	-1.2659493520205829	ASN:chr3:56847831-59704331
KCTD7	1	0	-1.5763766097368563	0	0.99695937834520465	ASN:chr7:63624322-67371495
KDELR1	1	1	-0.052478111733291588	1	0.23474962728372284	ASN:chr19:47334409-49093112
KDELR3	1	0	-1.4634831873507843	0	-0.89147852343501111	ASN:chr22:37977990-40527060
KDM2B	1	1	0.98872370153404299	1	-0.12863669897932367	ASN:chr12:122015993-124721969
KDM5A	1	0	-1.115599963174662	0	0.49167893674000807	ASN:chr12:61107-1739022
KHK	1	1	0.57537817399479463	1	0.032608418365547669	ASN:chr2:26209579-29456860
KIAA0319	1	1	0.53936291896603106	1	-0.031647002344668079	ASN:chr6:24397129-26141757
KIAA0513	1	0	-0.86293972079396863	0	1.0410244863292069	ASN:chr16:84445738-85374253
KIAA1671	1	0	1.5038445986241846	1	0.70013264766133187	ASN:chr22:25209349-26524344
KIF11	1	0	-0.71091736550456663	0	-0.80701045444272779	ASN:chr10:92107336-95362627
KIF12	1	0	1.0540128681044123	1	1.3029061888431301	ASN:chr9:116400502-119530000
KIF17	1	0	0.92296358701189107	1	1.051465368586298	ASN:chr1:20304720-22145806
KIFC1	1	1	1.2037954524015466	1	2.7874687515725904	ASN:chr6:33209310-35757007
KIFC3	1	0	-0.75419032771616901	0	-0.3817005917356579	ASN:chr16:56907578-58867358
KLC1	1	0	-0.23879843621269614	0	0.30264853581187562	ASN:chr14:103390025-105001894
KLC3	1	0	-1.1869199498323248	0	0.82984485597346902	ASN:chr19:45579043-47334409
KLF2	1	0	-0.31064246504711807	0	0.29016926648426034	ASN:chr19:15648148-16749208
KLHDC10	1	0	0.51127686033603059	1	-0.020661248405299766	ASN:chr7:129589868-131635483
KLHDC8B	1	0	-1.6957516629649565	0	0.21517920740573468	ASN:chr3:47793553-51831792
KLHDC9	1	0	-0.90564569545683238	0	-0.05088206611156687	ASN:chr1:159953315-162888864
KLHL26	1	1	1.4849543734189121	1	0.59595570334878167	ASN:chr19:16749208-20221313
KLHL8	1	1	0.50065825767487349	1	-1.2541077391954047	ASN:chr4:87214993-89236855
KPNA2	1	0	0.75945907149729663	1	0.95150672362615407	ASN:chr17:64800166-67858770
KPNA4	1	0	0.85753615636878866	1	-0.87043353501189435	ASN:chr3:159155377-161620009
KRT10	1	0	-0.43011560075303762	0	1.2547107284470929	ASN:chr17:38649589-39900528
KRT12	1	0	-0.53832163076327588	0	1.2329902319804864	ASN:chr17:38649589-39900528
KRT20	1	0	-0.5491422337642865	0	1.244819116603221	ASN:chr17:38649589-39900528
KRT222	1	0	-0.50585982176020006	0	1.2224898141699991	ASN:chr17:38649589-39900528
KRT23	1	0	-0.63570705777248149	0	1.2513999130953386	ASN:chr17:38649589-39900528
KRT24	1	0	-0.39765379174996179	0	1.2638108693609538	ASN:chr17:38649589-39900528
KRT25	1	0	-0.44093620375404829	0	1.2622869130893513	ASN:chr17:38649589-39900528
KRT26	1	0	-0.4625774097561135	0	1.2553141742521114	ASN:chr17:38649589-39900528
KRT27	1	0	-0.4950392187591674	0	1.255918077522419	ASN:chr17:38649589-39900528
KRT28	1	0	-0.4517568067550809	0	1.256220200992793	ASN:chr17:38649589-39900528
KRTCAP2	1	1	-0.85803951462959116	0	0.61259768741792742	ASN:chr1:153397055-156616039
KRTCAP3	1	1	0.35881241222713606	1	-0.22516484029055095	ASN:chr2:26209579-29456860
LAMB2	1	0	-1.7065710846129618	0	0.22460168154548835	ASN:chr3:47793553-51831792
LAMTOR2	1	0	-0.6333591233455852	0	-1.2315237121280997	ASN:chr1:153397055-156616039
LAMTOR3	1	0	0.63054446305552536	1	2.2195215970943911	ASN:chr4:99040831-101711689
LASP1	1	0	-0.018932686714127931	1	-0.88780801530925635	ASN:chr17:36495389-38649589
LBX1	1	0	1.132044752029524	1	0.62256465148871509	ASN:chr10:102471756-106139565
LDHB	1	0	1.3229118584413615	1	-0.4434393571811554	ASN:chr12:21757656-24562053
LEMD2	1	1	1.0955894223913083	1	2.7261674667966322	ASN:chr6:33209310-35757007
LENEP	1	1	-0.66623918060665011	0	0.58337846106206148	ASN:chr1:153397055-156616039
LENG1	1	0	-1.5547401286310443	0	-1.4963732842522313	ASN:chr19:52985347-54734184
LEP	1	0	0.64112409634831213	1	1.8296279859338556	ASN:chr7:126869221-129589868
LEPR	1	0	-0.84087679478413413	0	-1.0712355586169768	ASN:chr1:65041376-66774011
LEPROT	1	0	-0.71105082196553182	0	-1.1156607899692434	ASN:chr1:65041376-66774011
LGALS1	1	0	-1.4303303622726626	0	1.9460982782985985	ASN:chr22:37977990-40527060
LGALS2	1	0	-1.3762391595081431	0	1.9627828368850366	ASN:chr22:37977990-40527060
LGI1	1	0	-0.60273495997552773	0	-0.26633905920212247	ASN:chr10:95362627-97064851
LHB	1	1	0.55032293805305998	1	0.34256237592670469	ASN:chr19:49093112-51334271
LIG1	1	1	0.16672227000719989	1	-0.17544008658418195	ASN:chr19:47334409-49093112
LILRB3	1	0	-1.5114671664194419	0	-1.4984793172962663	ASN:chr19:54734184-55660892
LIN7B	1	1	0.74760328161949352	1	0.37123833611296958	ASN:chr19:49093112-51334271
LIPF	1	0	-1.7386502180304149	0	-0.10086143163528226	ASN:chr10:89149284-90787308
LMAN1	1	0	0.33112255631256848	1	-0.58484373641956466	ASN:chr18:54958664-57377707
LMNA	1	0	-1.1375200013487201	0	-1.120533914086824	ASN:chr1:153397055-156616039
LMTK3	1	1	-0.019598054472204664	1	0.22178695223634487	ASN:chr19:47334409-49093112
LPAR2	1	1	1.311701764004803	1	0.24435602943024984	ASN:chr19:16749208-20221313
LRPPRC	1	0	-1.1221664025578091	0	0.8537131161642848	ASN:chr2:42336744-44322128
LRRC20	1	0	0.86854575521939348	1	-0.73727866708923895	ASN:chr10:71054709-72673145
LRRC25	1	1	1.4635342227462653	1	1.0879536878081302	ASN:chr19:16749208-20221313
LRRC4	1	0	0.58702108134319297	1	1.7983291493120848	ASN:chr7:126869221-129589868
LRRC58	1	0	-0.64652766077351409	0	-0.57866550477275747	ASN:chr3:118903462-120523073
LRRC8A	1	0	0.30599724646840842	1	0.54347652071907271	ASN:chr9:130597604-132047808
LRRFIP2	1	0	-1.2193746714910323	0	-0.7782555050031027	ASN:chr3:35283408-38353505
LSM4	1	1	1.4959907159509049	1	1.0974300342309413	ASN:chr19:16749208-20221313
LSM6	1	0	0.42976272809578525	1	-0.24746877434261502	ASN:chr4:145025810-148834277
LY9	1	0	-0.85155449269231287	0	0.32702719490309656	ASN:chr1:159953315-162888864
LZTS2	1	0	1.4441722877299052	1	0.43965610440535197	ASN:chr10:102471756-106139565
MALT1	1	0	0.26536244179041668	1	-0.23757275192085492	ASN:chr18:54958664-57377707
MAMSTR	1	1	0.2434424036163807	1	0.25767289732265358	ASN:chr19:49093112-51334271
MANBA	1	0	-1.7285879608758745	0	-0.15804038923061522	ASN:chr4:102707193-105305539
MAP1B	1	0	-1.3275570770200711	0	-0.60022384436130416	ASN:chr5:67851517-71419711
MAP1S	1	0	-0.59191671942261059	0	1.3675030275913218	ASN:chr19:16749208-20221313
MAPK10	1	1	0.46820176447021189	1	-1.6065190516418686	ASN:chr4:87214993-89236855
MAPKAPK5	1	1	0.63054446305552536	1	2.1278250915913239	ASN:chr12:109270450-113028429
MAPRE3	1	1	0.45626700502258349	1	0.23587865137323322	ASN:chr2:26209579-29456860
MARK1	1	1	0.38172493033871807	1	-0.86623074484813078	ASN:chr1:220125116-221151629
MARK3	1	0	-0.33743860799591291	0	0.2537014970190592	ASN:chr14:103390025-105001894
MARK4	1	0	-1.2842841148084687	0	0.7782555050031027	ASN:chr19:45579043-47334409
MAS1L	1	1	0.63042399135548877	1	0.088313384392563962	ASN:chr6:28901402-29688046
MASP1	1	0	-0.53993549910858862	0	0.91835367519217603	ASN:chr3:186230742-188951597
MAST3	1	1	0.8793639957723105	1	0.68599490733676005	ASN:chr19:16749208-20221313
MAU2	1	1	1.1601057307674354	1	-0.11287275726658151	ASN:chr19:16749208-20221313
MB	1	0	-1.4764496534666529	0	-0.93586475493836663	ASN:chr22:34860926-36453608
MCAM	1	0	0.43553263932886827	1	0.92992553954065182	ASN:chr11:118900987-120771784
MCM5	1	0	-1.5098918894345359	0	-1.10523436361019	ASN:chr22:34860926-36453608
MCU	1	0	-1.641286053054293	0	-0.40737179429614107	ASN:chr10:73730459-75699350
MED22	1	1	1.5586446940593075	1	-0.63982072579965954	ASN:chr9:134722557-136612240
MED24	1	0	-0.25698595273664765	0	-0.35452385362234706	ASN:chr17:36495389-38649589
MED26	1	0	-0.18082357841226693	0	0.74305567513885051	ASN:chr19:15648148-16749208
MEPE	1	1	0.61966539942526255	1	-1.1450448465602125	ASN:chr4:87214993-89236855
METAP1	1	0	0.69545390637293991	1	2.1536129647690712	ASN:chr4:99040831-101711689
METTL2B	1	0	0.7926125383626369	1	1.8667345689564676	ASN:chr7:126869221-129589868
MEX3A	1	0	-0.95119967686929341	0	-1.1848169893514275	ASN:chr1:153397055-156616039
MFAP2	1	0	0.90104354883785509	1	0.61342593374553489	ASN:chr1:14893157-17875820
MFNG	1	0	-1.5547401286310443	0	1.9415584213102979	ASN:chr22:36453608-37977990
MFRP	1	0	0.47340474983244946	1	0.95075145975809117	ASN:chr11:118900987-120771784
MGAT3	1	0	-1.4039698708451598	0	-0.83275384402684915	ASN:chr22:37977990-40527060
MIA2	1	0	-1.6119360198584445	0	0.70698976732796548	ASN:chr14:35858508-40256601
MICALL1	1	0	-1.5439218880781491	0	1.9246622031110661	ASN:chr22:37977990-40527060
MIER1	1	0	0.97656278938003749	1	-0.40632796156588347	ASN:chr1:66774011-68477862
MIF	1	0	1.416164445927997	1	-0.47424794031408274	ASN:chr22:23398337-25209349
MKRN2	1	0	-0.95141044646712003	0	0.099481784172114604	ASN:chr3:11019488-12860229
MLEC	1	0	1.2188841023615633	1	0.11190574923927235	ASN:chr12:119859279-122015993
MLH1	1	0	-1.1869199498323248	0	0.27117803296547116	ASN:chr3:35283408-38353505
MLN	1	1	1.0847688193902758	1	2.7205684900926794	ASN:chr6:33209310-35757007
MMAA	1	0	0.47360280444387914	1	-0.095481867609653368	ASN:chr4:145025810-148834277
MMP11	1	0	1.6572848658425243	1	-0.57947716407441541	ASN:chr22:23398337-25209349
MMP15	1	0	-0.73255384661035683	0	-0.41065530940560074	ASN:chr16:56907578-58867358
MNDA	1	0	-1.1652834687265128	0	0.86603099371072145	ASN:chr1:157982579-159953315
MOAP1	1	0	-0.19343028028034814	0	0.78290964158840515	ASN:chr14:92916399-94325285
MOG	1	1	0.67370167794748737	1	-0.37874929765276594	ASN:chr6:28901402-29688046
MORN3	1	1	1.2846442168836931	1	0.27160530459754978	ASN:chr12:122015993-124721969
MPPED1	1	1	1.604186112816854	1	2.6736648894302202	ASN:chr22:42690818-44994946
MPST	1	0	-1.2869436496485462	0	1.8786249028000555	ASN:chr22:36453608-37977990
MPV17	1	1	0.41295385266905621	1	-0.23714916304822126	ASN:chr2:26209579-29456860
MPV17L2	1	1	0.92263695798391288	1	1.1151493693604655	ASN:chr19:16749208-20221313
MPZ	1	0	-1.1003740254090981	0	-0.014071077581779296	ASN:chr1:159953315-162888864
MPZL2	1	0	0.078452740295077678	1	-1.0994376455468851	ASN:chr11:117901740-118900987
MPZL3	1	0	0.067632137294067057	1	-1.0812794251569338	ASN:chr11:117901740-118900987
MRC1	1	0	1.4419125045232954	1	-0.4856463009020528	ASN:chr10:16679279-18537267
MRGPRE	1	0	0.12208715706903778	1	0.024093966354129619	ASN:chr11:2739889-4466102
MRGPRG	1	0	0.14372363817484995	1	0.061881532610260311	ASN:chr11:2739889-4466102
MRPL1	1	0	-0.87319097379812516	0	1.2149892063842835	ASN:chr4:77718852-78969420
MRPL23	1	0	0.3384519681271157	1	-0.70346916359250122	ASN:chr11:70855-2739889
MRPL33	1	1	0.174731514724634	1	-0.0055596368074804807	ASN:chr2:26209579-29456860
MRPL34	1	0	-0.78664504937487634	0	1.5242870495002898	ASN:chr19:16749208-20221313
MRPL40	1	0	0.13384221274613498	1	-0.61061160804060621	ASN:chr22:18557031-19912242
MRPL43	1	0	1.4218774637513019	1	0.39621067527923137	ASN:chr10:102471756-106139565
MRPS27	1	0	-1.3383753175729882	0	-0.65522637512377502	ASN:chr5:71419711-73759199
MRPS28	1	0	-1.3275570770200711	0	-0.53870905717081696	ASN:chr8:79751440-82016264
MRS2	1	1	0.41880270900875627	1	-0.039201844201985782	ASN:chr6:24397129-26141757
MSI1	1	0	1.010643739708079	1	-0.62256465148871509	ASN:chr12:119859279-122015993
MSL1	1	0	-0.30026836474075613	0	-0.39546836796150486	ASN:chr17:36495389-38649589
MSL2	1	0	0.83609103356068615	1	-0.058718477604240427	ASN:chr3:135268752-137727495
MSTO1	1	0	-0.65527916151964316	0	-0.10306926807080714	ASN:chr1:153397055-156616039
MTNR1B	1	0	-0.78531011013005825	0	-1.0126513460742126	ASN:chr11:90954609-92731401
MTSS1	1	1	0.84608537620435131	1	0.85035821765475927	ASN:chr8:123780420-126401023
MTX1	1	1	-0.92927963869523544	0	0.59464461396093571	ASN:chr1:153397055-156616039
MUC1	1	1	-0.90735960052119957	0	0.60928889243618767	ASN:chr1:153397055-156616039
MUC21	1	0	1.1335270979875958	1	0.69173802635790149	ASN:chr6:30458591-31054923
MYADM	1	0	-1.4249212419962149	0	-2.0345631127733563	ASN:chr19:52985347-54734184
MYD88	1	0	-1.1436469876207005	0	0.25299274106882036	ASN:chr3:35283408-38353505
MYH9	1	0	-1.4430074174987477	0	1.799021156986464	ASN:chr22:36453608-37977990
MYL2	1	1	0.65218094416131556	1	2.242673863840599	ASN:chr12:109270450-113028429
MYO9B	1	0	-0.82991801158650069	0	1.3880723818876994	ASN:chr19:16749208-20221313
MYOF	1	0	-0.72173560605746179	0	-0.75213226494135443	ASN:chr10:92107336-95362627
MYPOP	1	0	-0.89482745490391535	0	-0.18478789877270485	ASN:chr19:45579043-47334409
NAA25	1	1	0.51154381697356921	1	2.0174620596281523	ASN:chr12:109270450-113028429
NANOS2	1	0	-0.90564569545683238	0	-0.17725261750265323	ASN:chr19:45579043-47334409
NAP1L4	1	0	0.16536011928066216	1	-0.10044751735729983	ASN:chr11:2739889-4466102
NBPF1	1	0	0.81336339614164532	1	0.29604455324849532	ASN:chr1:14893157-17875820
NBPF3	1	0	0.82432341522867436	1	1.0391383096770028	ASN:chr1:20304720-22145806
NCAN	1	1	1.2575603235628827	1	0.23164634875779316	ASN:chr19:16749208-20221313
NCEH1	1	0	-1.7105453052419444	0	-0.040300906473604341	ASN:chr3:172048457-175051223
NCF4	1	0	-1.3426807095950546	0	1.8883321034161813	ASN:chr22:36453608-37977990
NCK1	1	0	0.81445455245487397	1	0.65284622190650488	ASN:chr3:135268752-137727495
NCS1	1	0	-0.42964311112905218	0	2.4903946624588462	ASN:chr9:132047808-133641809
NDRG4	1	0	-0.67846264384583732	0	-0.0080306314460306828	ASN:chr16:56907578-58867358
NDUFA13	1	1	1.2034188831209627	1	0.1417976142701998	ASN:chr19:16749208-20221313
NDUFA3	1	0	-1.6845590152658954	0	-1.2789036228909767	ASN:chr19:52985347-54734184
NDUFAF3	1	0	-1.5929671573089517	0	0.043048778055806827	ASN:chr3:47793553-51831792
NDUFB8	1	0	1.3215507558476087	1	0.2271364596196756	ASN:chr10:100365649-102471756
NDUFB9	1	1	0.86774195238111496	1	0.88536764120364331	ASN:chr8:123780420-126401023
NDUFS2	1	0	-1.0246463415387665	0	-0.0142083655810336	ASN:chr1:159953315-162888864
NECAP2	1	0	0.72568324344545754	1	0.16624676269240951	ASN:chr1:14893157-17875820
NEDD4L	1	0	0.23248238452935174	1	-0.389389616736313	ASN:chr18:54958664-57377707
NEU2	1	0	1.712368518345893	1	0.51395467479104073	ASN:chr2:233550713-234883167
NEUROG3	1	0	1.0849105662774714	1	-0.24152831519481732	ASN:chr10:71054709-72673145
NFKB1	1	1	-1.6853055488717881	0	-0.094930276290196375	ASN:chr4:102707193-105305539
NFRKB	1	0	-0.81064270131814531	0	0.65182728812014867	ASN:chr11:128188777-130049774
NGEF	1	0	1.7015502777929978	1	0.52196069132423806	ASN:chr2:233550713-234883167
NICN1	1	0	-1.4793632300049198	0	0.14845654827531335	ASN:chr3:47793553-51831792
NINJ2	1	0	-1.1539600299792414	0	-0.16742994703185873	ASN:chr12:61107-1739022
NIT1	1	0	-0.94891865766843475	0	-0.04497248035339655	ASN:chr1:159953315-162888864
NKAPL	1	1	0.38157729345143654	1	-0.082664527383682865	ASN:chr6:26697553-28901402
NKPD1	1	0	-1.2085564309381371	0	0.77937095752549856	ASN:chr19:45579043-47334409
NKX2-3	1	0	1.1877818119760104	1	0.4230834290523236	ASN:chr10:100365649-102471756
NLRP12	1	0	-1.4790124447607345	0	-1.9958759595778566	ASN:chr19:52985347-54734184
NLRX1	1	0	0.32732660931863006	1	0.91877231341040899	ASN:chr11:118900987-120771784
NOL11	1	0	0.74863078340890388	1	0.70311758302178806	ASN:chr17:64800166-67858770
NOL12	1	0	-1.4519668433784747	0	1.9442775247734407	ASN:chr22:37977990-40527060
NOS1AP	1	0	-1.2410111525968444	0	-0.68616860826668824	ASN:chr1:159953315-162888864
NOSIP	1	1	1.1531239878394115	1	0.59431700135339072	ASN:chr19:49093112-51334271
NOTCH3	1	0	-0.37555190836453267	0	-0.36404160150956044	ASN:chr19:12500149-15648148
NOTCH4	1	1	1.6041577634394237	1	3.2250324770624634	ASN:chr6:31571894-32682590
NOVA2	1	0	-0.92728217656264456	0	-0.28902404235846002	ASN:chr19:45579043-47334409
NPFFR1	1	0	0.93345519853683001	1	-0.94655344836059296	ASN:chr10:71054709-72673145
NPTXR	1	0	-1.4905346948533549	0	-0.64538966561176381	ASN:chr22:37977990-40527060
NR1D1	1	0	-0.25698595273664765	0	-0.46428649659110377	ASN:chr17:36495389-38649589
NR1I2	1	0	-0.67898946977656804	0	-1.2607658827808055	ASN:chr3:118903462-120523073
NR2C2AP	1	1	1.3441866282699373	1	0.31676242530543625	ASN:chr19:16749208-20221313
NR2F6	1	0	-0.73255384661035683	0	1.4963732842522313	ASN:chr19:16749208-20221313
NRBF2	1	0	0.73872686858456427	1	1.0557698314271466	ASN:chr10:64198067-66313715
NRBP1	1	1	0.34798412413876523	1	-0.20886143900367304	ASN:chr2:26209579-29456860
NRF1	1	0	0.55455927234011715	1	-0.24732723413576735	ASN:chr7:126869221-129589868
NRSN1	1	0	0.10096215548504804	1	-0.1105244904756249	ASN:chr6:23199920-24397129
NSMAF	1	0	0.088105210017579372	1	-0.22530564112844143	ASN:chr8:59047312-60470380
NSMCE2	1	1	0.83525708811595845	1	1.0422052298256852	ASN:chr8:123780420-126401023
NSUN6	1	0	1.4202760234175054	1	-0.10569172743155894	ASN:chr10:18537267-20311057
NTF4	1	1	0.65992312892330574	1	0.38702133112235337	ASN:chr19:49093112-51334271
NTN5	1	1	0.18864230818125785	1	0.23263351217777378	ASN:chr19:49093112-51334271
NUBP1	1	0	-1.1983784138257159	0	1.4364433257306866	ASN:chr16:8961640-10868121
NUCB1	1	1	0.52840289987900202	1	0.65982719149654756	ASN:chr19:49093112-51334271
NUDT3	1	0	-1.3819884351728955	0	2.6065602362181184	ASN:chr6:33209310-35757007
NUDT9	1	1	0.57639007515238783	1	-0.60763699531199267	ASN:chr4:87214993-89236855
NUP188	1	0	-0.029368210671625584	1	0.45787434931390308	ASN:chr9:130597604-132047808
NUP210L	1	0	-1.2471201922189656	0	0.395319932656788	ASN:chr1:153397055-156616039
NUP98	1	0	0.0247229920928939	1	-0.40752094947170797	ASN:chr11:2739889-4466102
NWD1	1	0	-0.040186451224520678	1	0.9480585043852805	ASN:chr19:16749208-20221313
NXNL1	1	0	-0.6460079221871301	0	1.5443308002073088	ASN:chr19:16749208-20221313
OAS1	1	0	-0.82991801158650069	0	0.84504942870029076	ASN:chr12:113028429-114181109
OAS2	1	0	-0.85155449269231287	0	0.79603250346412269	ASN:chr12:113028429-114181109
OAS3	1	0	-0.84073625213939585	0	0.81463844222223669	ASN:chr12:113028429-114181109
OASL	1	0	1.1860040451004765	1	0.20689762188076435	ASN:chr12:119859279-122015993
OBP2B	1	1	1.4819245604501488	1	-1.2923925117705504	ASN:chr9:134722557-136612240
OCEL1	1	0	-0.71091736550456663	0	1.477710758245566	ASN:chr19:16749208-20221313
OLFML2B	1	0	-1.2193746714910323	0	-0.53680550089513701	ASN:chr1:159953315-162888864
ONECUT2	1	0	0.37496263266066238	1	0.68686361914380456	ASN:chr18:54958664-57377707
OPA3	1	0	-1.1220105065149104	0	1.2081257283289593	ASN:chr19:45579043-47334409
OPN1SW	1	0	0.77097133236059368	1	1.5479597709231596	ASN:chr7:126869221-129589868
OR10C1	1	1	0.60878514805947848	1	-0.17446434745632791	ASN:chr6:28901402-29688046
OR10H1	1	0	-0.55946199776390326	0	-0.22206834574078757	ASN:chr19:15648148-16749208
OR10H2	1	0	-0.60273495997552773	0	-0.13403677573526684	ASN:chr19:15648148-16749208
OR10H3	1	0	-0.58109847886971555	0	-0.14512627688273397	ASN:chr19:15648148-16749208
OR10H4	1	0	-0.46209783278775945	0	-0.34809930283491608	ASN:chr19:15648148-16749208
OR10H5	1	0	-0.57028023831679842	0	-0.21335320307951233	ASN:chr19:15648148-16749208
OR10J1	1	0	-0.99219161988005922	0	0.48333076627868649	ASN:chr1:157982579-159953315
OR10J5	1	0	-0.94891865766843475	0	0.82520502223419689	ASN:chr1:157982579-159953315
OR10K2	1	0	-1.0138281009858714	0	0.75724230419180505	ASN:chr1:157982579-159953315
OR10R2	1	0	-1.0571010631974738	0	0.69592920675391756	ASN:chr1:157982579-159953315
OR10T2	1	0	-1.0246463415387665	0	0.7588890186362216	ASN:chr1:157982579-159953315
OR10X1	1	0	-1.1003740254090981	0	0.64218087334645435	ASN:chr1:157982579-159953315
OR10Z1	1	0	-1.1544652281736176	0	0.64623518890060316	ASN:chr1:157982579-159953315
OR12D2	1	1	0.58714630476349017	1	-0.2061964523435347	ASN:chr6:28901402-29688046
OR12D3	1	1	0.57632688311548508	1	-0.24930924935744131	ASN:chr6:28901402-29688046
OR14J1	1	1	0.55468803981947479	1	-0.23531410183424989	ASN:chr6:28901402-29688046
OR1I1	1	0	-0.27818774338841079	0	-0.33050472905881934	ASN:chr19:12500149-15648148
OR2B2	1	1	0.067814065659375422	1	0.15470527753074931	ASN:chr6:26697553-28901402
OR2B3	1	1	0.52222977487545941	1	-0.21321277074693978	ASN:chr6:28901402-29688046
OR2B6	1	1	0.31666076356342765	1	0.091897035708360053	ASN:chr6:26697553-28901402
OR2H1	1	1	0.61960456970748368	1	-0.061881532610260311	ASN:chr6:28901402-29688046
OR2H2	1	1	0.65206283465149906	1	-0.17585831157920628	ASN:chr6:28901402-29688046
OR2J2	1	1	0.54386861817146959	1	-0.23940879741855295	ASN:chr6:28901402-29688046
OR2J3	1	1	0.5330491965234645	1	-0.22234975683021271	ASN:chr6:28901402-29688046
OR2W1	1	1	0.51141035322747619	1	-0.23249247497418762	ASN:chr6:28901402-29688046
OR5V1	1	1	0.56550746146747988	1	-0.2763085852475855	ASN:chr6:28901402-29688046
OR6K2	1	0	-1.089555784856181	0	0.89372753554551299	ASN:chr1:157982579-159953315
OR6K3	1	0	-1.0787375443032861	0	0.89803370732935361	ASN:chr1:157982579-159953315
OR6K6	1	0	-1.1220105065149104	0	0.90462770916832935	ASN:chr1:157982579-159953315
OR6N1	1	0	-1.2410111525968444	0	0.85509734055458342	ASN:chr1:157982579-159953315
OR6N2	1	0	-1.1328287470678053	0	0.91250954416331076	ASN:chr1:157982579-159953315
OR6Y1	1	0	-1.1436469876207005	0	0.64691194030010379	ASN:chr1:157982579-159953315
OR7A10	1	0	0.0247229920928939	1	-0.43980731339626589	ASN:chr19:12500149-15648148
OR7A17	1	0	-0.051004691777415768	1	-0.38140531309698095	ASN:chr19:12500149-15648148
OR7A5	1	0	-0.002322609289365841	1	-0.44412101566546242	ASN:chr19:12500149-15648148
OR7C1	1	0	-0.002322609289365841	1	-0.44412101566546242	ASN:chr19:12500149-15648148
ORAI1	1	1	1.2627241787096573	1	0.27744969160239197	ASN:chr12:122015993-124721969
ORM1	1	0	1.0874551040723173	1	1.2504993405783724	ASN:chr9:116400502-119530000
ORM2	1	0	1.0763076920830157	1	1.2501993750108409	ASN:chr9:116400502-119530000
ORMDL3	1	0	-0.2353447467346044	0	-0.35569351974076724	ASN:chr17:36495389-38649589
OSBPL5	1	0	0.15454187872774505	1	0.12919037773817008	ASN:chr11:2739889-4466102
OSCAR	1	0	-1.7278319774775197	0	-1.2523015016816492	ASN:chr19:52985347-54734184
OTOF	1	1	-0.041834247043002565	1	-0.16304636674791123	ASN:chr2:26209579-29456860
OTUB2	1	1	0.81440435865318794	1	1.1680884609140532	ASN:chr14:94325285-95947052
OTUD4	1	1	0.48456282353090813	1	-0.59382570200266105	ASN:chr4:145025810-148834277
OXER1	1	0	-1.1005287404213606	0	2.3327654294627376	ASN:chr2:42336744-44322128
OXSR1	1	0	-1.2085564309381371	0	0.26278497115925559	ASN:chr3:35283408-38353505
P2RX4	1	1	1.1421639687523826	1	0.1067961372999407	ASN:chr12:119859279-122015993
P2RX7	1	1	1.1531239878394115	1	0.12946723195942642	ASN:chr12:119859279-122015993
P4HTM	1	0	-1.6091962897809595	0	0.009540706901116542	ASN:chr3:47793553-51831792
PACSIN2	1	1	1.6582773155813735	1	2.6835880088614399	ASN:chr22:42690818-44994946
PADI2	1	0	0.89008352975082616	1	0.45269732898043452	ASN:chr1:14893157-17875820
PADI3	1	0	-0.53471895156236848	0	-0.88272983875114164	ASN:chr1:14893157-17875820
PAG1	1	0	-1.3708300392316957	0	1.0929290038816408	ASN:chr8:82016264-83727741
PARVB	1	1	1.5068219478407321	1	2.6148518884249063	ASN:chr22:42690818-44994946
PARVG	1	1	1.5284584289465224	1	2.6276367119344064	ASN:chr22:42690818-44994946
PATE1	1	0	-0.46895883704021657	0	0.86903089961703861	ASN:chr11:124496119-126773879
PATE2	1	0	-0.47991885612724555	0	0.85272538515254159	ASN:chr11:124496119-126773879
PAX2	1	0	1.3884352277834189	1	0.27730703357979269	ASN:chr10:102471756-106139565
PBLD	1	0	0.4033614114445303	1	-0.32398759476883587	ASN:chr10:68757629-71054709
PBX2	1	1	1.625798969441467	1	3.279333544592713	ASN:chr6:31571894-32682590
PBX4	1	1	1.2359037473861192	1	0.25838250199534135	ASN:chr19:16749208-20221313
PBXIP1	1	1	-0.78679939056392489	0	0.59333454594484569	ASN:chr1:153397055-156616039
PCCB	1	0	0.84690927411360328	1	0.10652002267321167	ASN:chr3:135268752-137727495
PCP4L1	1	0	-1.089555784856181	0	-0.018189844563329151	ASN:chr1:159953315-162888864
PDE12	1	0	0.27354252480967911	1	-0.71938164174120933	ASN:chr3:56847831-59704331
PDE4C	1	1	0.93345519853683001	1	1.0951767456198382	ASN:chr19:16749208-20221313
PDE6C	1	0	-0.66764440329294228	0	-0.74414162453649291	ASN:chr10:95362627-97064851
PDGFB	1	0	-1.2416608258298025	0	-0.47240538846886232	ASN:chr22:37977990-40527060
PDHB	1	0	0.4033614114445303	1	-1.34715629221554	ASN:chr3:56847831-59704331
PDXP	1	0	-1.3924665203375077	0	1.9543725534873726	ASN:chr22:37977990-40527060
PDZD3	1	0	0.38142962432374916	1	0.92465025264060541	ASN:chr11:118900987-120771784
PDZD7	1	0	1.455319699719207	1	0.44056350929418492	ASN:chr10:102471756-106139565
PEX26	1	0	-0.019598054472204664	1	-0.67336998547045601	ASN:chr22:18557031-19912242
PFDN2	1	0	-0.99219161988005922	0	-0.039751369335646519	ASN:chr1:159953315-162888864
PFDN6	1	1	1.2578984674066658	1	2.8225383320474968	ASN:chr6:33209310-35757007
PGAP2	1	0	0.035541232645811001	1	-0.38332522009278092	ASN:chr11:2739889-4466102
PGAP3	1	0	-0.17042112872845266	0	-0.56154659907200055	ASN:chr17:36495389-38649589
PGBD1	1	1	0.40321613674744683	1	-0.13514496190888992	ASN:chr6:26697553-28901402
PGLS	1	0	-0.61355320052842277	0	1.5108274438518143	ASN:chr19:16749208-20221313
PGLYRP1	1	0	-1.0354645820916615	0	-0.29934491262529611	ASN:chr19:45579043-47334409
PGLYRP2	1	0	-0.54864375721100822	0	-0.26449051640285071	ASN:chr19:12500149-15648148
PGPEP1	1	1	1.4851718848826918	1	1.0926795955211153	ASN:chr19:16749208-20221313
PHF1	1	1	1.1929748494005139	1	2.7808494865990325	ASN:chr6:33209310-35757007
PHF19	1	0	-1.4681942042078173	0	1.6419401423888444	ASN:chr9:122117725-124681439
PHF21B	1	1	1.6690955561342906	1	2.6688004011253255	ASN:chr22:44994946-46915049
PHLDA2	1	0	0.23026956259807674	1	-0.088175574591423847	ASN:chr11:2739889-4466102
PHLDB1	1	0	0.33814721231964068	1	0.052119174183700621	ASN:chr11:117901740-118900987
PHYHD1	1	0	0.24108780315097184	1	0.51630594488206338	ASN:chr9:130597604-132047808
PICK1	1	0	-1.3491935581258834	0	1.9299385042226074	ASN:chr22:37977990-40527060
PIH1D1	1	1	1.2736841977966862	1	0.026977667188016495	ASN:chr19:49093112-51334271
PIK3R2	1	1	0.89018223632520566	1	1.1376721825180456	ASN:chr19:16749208-20221313
PINK1	1	0	0.94488362518594904	1	1.0639543111457606	ASN:chr1:20304720-22145806
PIP4K2B	1	0	-0.59242464576839504	0	-0.60780211035564213	ASN:chr17:36495389-38649589
PITPNC1	1	0	0.33715583605037241	1	0.90173800916889679	ASN:chr17:64800166-67858770
PIWIL3	1	0	1.7120849612776472	1	0.52605506940156055	ASN:chr22:23398337-25209349
PIWIL4	1	0	-0.060728330825558528	1	-1.0276652094806982	ASN:chr11:92731401-94987750
PKD2	1	1	0.54393358194774821	1	-1.2720914314210781	ASN:chr4:87214993-89236855
PKD2L1	1	0	1.1766343999867088	1	0.14221361043031336	ASN:chr10:100365649-102471756
PKLR	1	0	-1.0607998677395392	0	0.56573017685689231	ASN:chr1:153397055-156616039
PLA1A	1	0	-0.73309248478168709	0	-1.1820519104453073	ASN:chr3:118903462-120523073
PLA2G1B	1	0	0.99968372062107191	1	-0.61524955905924228	ASN:chr12:119859279-122015993
PLA2G4C	1	1	0.19960232726828681	1	-0.14138164264711459	ASN:chr19:47334409-49093112
PLB1	1	1	-0.031005958954609735	1	-1.0830051579285835	ASN:chr2:26209579-29456860
PLBD2	1	0	-0.98137337932714208	0	0.71973731448227296	ASN:chr12:113028429-114181109
PLCD1	1	0	-1.0462828226445786	0	-0.47670718442676846	ASN:chr3:35283408-38353505
PLCE1	1	0	-0.74337208716327396	0	0.44647053326371022	ASN:chr10:95362627-97064851
PLEKHA4	1	1	0.40784268992174932	1	0.50364253631301914	ASN:chr19:49093112-51334271
PLEKHH2	1	0	-1.111347571489596	0	0.88679055097175941	ASN:chr2:42336744-44322128
PLEKHM2	1	0	0.62704307166224083	1	0.51803202481248123	ASN:chr1:14893157-17875820
PLVAP	1	0	-0.72173560605746179	0	1.5309000963370929	ASN:chr19:16749208-20221313
PMP2	1	0	-1.2951023553613639	0	0.88030038410068123	ASN:chr8:82016264-83727741
PMVK	1	1	-0.83063946691201873	0	0.59071745870360259	ASN:chr1:153397055-156616039
PNMT	1	0	-0.15960052572744204	0	-0.60466774946325086	ASN:chr17:36495389-38649589
PNN	1	0	-1.5036531389746264	0	0.49338368008299838	ASN:chr14:35858508-40256601
PNPLA5	1	1	1.5825496317110419	1	2.6639982571547201	ASN:chr22:42690818-44994946
POGLUT1	1	0	-0.78719549978680625	0	-1.1689035396090741	ASN:chr3:118903462-120523073
POLE3	1	0	1.1208973400402225	1	0.79584407097099674	ASN:chr9:112864469-116400502
POLR2F	1	0	-1.5222854069723368	0	1.9185734750219106	ASN:chr22:37977990-40527060
POLR3A	1	0	-0.50183889430128148	0	0.4800933625585509	ASN:chr10:79466701-80464093
POM121L2	1	1	0.035355800715382003	1	0.45452312037903947	ASN:chr6:26697553-28901402
POP5	1	0	1.1750440260134476	1	-0.016542304654184197	ASN:chr12:119859279-122015993
POPDC2	1	0	-0.71145127877964387	0	-1.2403629377500724	ASN:chr3:118903462-120523073
POU4F2	1	0	0.41880270900875627	1	-0.27545299161157255	ASN:chr4:145025810-148834277
PPA1	1	0	0.91181871743101783	1	-0.88638382220653755	ASN:chr10:71054709-72673145
PPA2	1	0	-1.003159260807398	0	-0.0035005011797277748	ASN:chr4:105305539-107501341
PPARG	1	0	-1.0921781916160949	0	-0.465969017043387	ASN:chr3:11019488-12860229
PPFIA3	1	1	0.76952331979355149	1	0.36918017980216	ASN:chr19:49093112-51334271
PPM1G	1	1	0.30467097178523794	1	-0.14068841093205314	ASN:chr2:26209579-29456860
PPM1K	1	0	0.52229591981129986	1	-1.6784260025392435	ASN:chr4:87214993-89236855
PPM1L	1	0	0.8142537443647021	1	-0.42593756598383631	ASN:chr3:159155377-161620009
PPM1N	1	0	-1.1003740254090981	0	1.0567290382607963	ASN:chr19:45579043-47334409
PPOX	1	0	-1.0030098604329543	0	0.0065205743032059719	ASN:chr1:159953315-162888864
PPP1CC	1	1	0.60890798194971307	1	2.2260154959638947	ASN:chr12:109270450-113028429
PPP1R11	1	1	0.29502192026741741	1	1.0349078705322261	ASN:chr6:29688046-30458591
PPP1R13B	1	0	-0.21687839803866019	0	0.3148866019063864	ASN:chr14:103390025-105001894
PPP1R13L	1	0	-1.1761017092794299	0	0.85114674351049358	ASN:chr19:45579043-47334409
PPP1R15A	1	1	0.48456282353090813	1	0.73368050462035372	ASN:chr19:49093112-51334271
PPP1R1B	1	0	-0.12713871672436616	0	-0.80834195461873304	ASN:chr17:36495389-38649589
PPP2R3A	1	0	0.80363631190197882	1	-0.61176986111438836	ASN:chr3:135268752-137727495
PPP4R4	1	1	0.78194786544852646	1	1.1656478684998606	ASN:chr14:94325285-95947052
PPT2	1	1	1.6744916829460808	1	3.4563001557183894	ASN:chr6:31571894-32682590
PPTC7	1	1	0.46827085476196684	1	2.1291474969943476	ASN:chr12:109270450-113028429
PRDM10	1	0	-0.86478414176006546	0	0.64708117444187585	ASN:chr11:128188777-130049774
PRDM12	1	0	-0.44046135168196926	0	2.4965422336377614	ASN:chr9:132047808-133641809
PREB	1	1	0.54289330972963812	1	-0.048270646911901659	ASN:chr2:26209579-29456860
PRIMA1	1	1	0.93341150040357712	1	-0.12919037773817021	ASN:chr14:92916399-94325285
PRKAR1A	1	0	0.61869132634832191	1	0.87003260738946908	ASN:chr17:64800166-67858770
PRKAR2A	1	0	-1.5010020733009299	0	-0.13251328819218033	ASN:chr3:47793553-51831792
PRKCG	1	0	-1.414103001443298	0	-2.0378367170022775	ASN:chr19:52985347-54734184
PRM2	1	0	-1.0252487658093259	0	1.4306896962225695	ASN:chr16:10868121-12612116
PRMT1	1	1	1.0490038065126803	1	-0.43663402908111276	ASN:chr19:49093112-51334271
PRODH	1	0	-0.041518092646262612	1	-0.65863304940021761	ASN:chr22:18557031-19912242
PRPF31	1	0	-1.6304678125013758	0	-1.4037098859977761	ASN:chr19:52985347-54734184
PRR12	1	1	1.1092839114913176	1	0.65412084316333308	ASN:chr19:49093112-51334271
PRR5	1	1	1.6366408344755612	1	2.6545743274965505	ASN:chr22:44994946-46915049
PRR5-ARHGAP8	1	1	1.5933678722639588	1	2.6319954706208222	ASN:chr22:44994946-46915049
PRRG2	1	1	1.1312039496653536	1	0.63125296294911748	ASN:chr19:49093112-51334271
PRRT1	1	1	1.6907225874476186	1	3.5512873810192511	ASN:chr6:31571894-32682590
PRRT4	1	0	0.69522711135343129	1	1.8512802613048975	ASN:chr7:126869221-129589868
PRRX2	1	0	-0.27818774338841079	0	2.5713108315763997	ASN:chr9:132047808-133641809
PRSS16	1	1	0.024536379067376865	1	0.28787919717345967	ASN:chr6:26697553-28901402
PRSS54	1	0	-0.74337208716327396	0	-0.41424238387360185	ASN:chr16:56907578-58867358
PRSS56	1	0	1.3986395423116931	1	0.46933802521113305	ASN:chr2:232191250-233550713
PSMB3	1	0	-0.60324524876940566	0	-0.61458618613997062	ASN:chr17:36495389-38649589
PSMB8	1	1	1.4634899244261095	1	3.0018480187748806	ASN:chr6:32682590-33209310
PSMB9	1	1	1.4418487184240663	1	2.9778775521446597	ASN:chr6:32682590-33209310
PSMD12	1	0	0.70531763105537659	1	0.81502108501249459	ASN:chr17:64800166-67858770
PSMD3	1	0	-0.27862715873869093	0	-0.37241513131056264	ASN:chr17:36495389-38649589
PSMD9	1	1	1.339444312318816	1	0.34649541792755045	ASN:chr12:122015993-124721969
PTCD2	1	0	-1.3491935581258834	0	-0.6591447094859898	ASN:chr5:71419711-73759199
PTGES	1	0	-0.28900598394130589	0	2.5566170350146082	ASN:chr9:132047808-133641809
PTH2	1	1	1.2956042359707223	1	-0.028076277597462333	ASN:chr19:49093112-51334271
PTPN11	1	1	0.50072557642067417	1	0.30912174884809035	ASN:chr12:109270450-113028429
PUS3	1	0	-0.50183889430128148	0	0.73962259891865467	ASN:chr11:124496119-126773879
PVALB	1	0	-1.3203858856164512	0	1.889967386504078	ASN:chr22:36453608-37977990
PVR	1	0	-1.4898306853136296	0	0.76494467335976413	ASN:chr19:43862455-45579043
PXK	1	0	0.3384519681271157	1	-1.3650593655629037	ASN:chr3:56847831-59704331
PXN	1	0	0.93392360609892011	1	-0.71104932725206837	ASN:chr12:119859279-122015993
PYGO2	1	1	-0.76487935238988891	0	0.59726781795944417	ASN:chr1:153397055-156616039
PYHIN1	1	0	-1.2301929120439492	0	0.52968438283554053	ASN:chr1:157982579-159953315
PYROXD1	1	0	1.2580024151239468	1	-0.39843890969198736	ASN:chr12:20523761-21757656
PYROXD2	1	0	-0.19164181896518404	0	0.096033487981285776	ASN:chr10:97064851-100365649
QPCTL	1	0	-1.0030098604329543	0	-0.54682110376907811	ASN:chr19:45579043-47334409
RAB25	1	0	-0.88543956234714161	0	-1.2239401439564164	ASN:chr1:153397055-156616039
RAB35	1	0	0.96132365381647045	1	-1.0151760692583951	ASN:chr12:119859279-122015993
RAB3A	1	1	0.91181871743101783	1	1.1143827848685173	ASN:chr19:16749208-20221313
RAB3GAP2	1	1	0.44663437365615466	1	-1.155686481875926	ASN:chr1:220125116-221151629
RAB8A	1	0	-0.41882487057615708	0	0.22516484029055095	ASN:chr19:15648148-16749208
RABGEF1	1	0	-1.6304678125013758	0	0.80340357133397011	ASN:chr7:63624322-67371495
RAC2	1	0	-1.5871948502897735	0	1.9007219288421657	ASN:chr22:36453608-37977990
RAD52	1	0	-1.1813600776968138	0	-0.073301415834149009	ASN:chr12:61107-1739022
RAD9B	1	1	0.45745261420904976	1	2.1251913895694767	ASN:chr12:109270450-113028429
RAF1	1	0	-1.2870873772069678	0	0.48425666847922166	ASN:chr3:11019488-12860229
RALGDS	1	1	1.3942444077539389	1	-1.2332838543307598	ASN:chr9:134722557-136612240
RAP1GAP	1	0	0.8681634915767682	1	0.99989701220342586	ASN:chr1:20304720-22145806
RAP1GDS1	1	0	-0.51631186273760643	0	0.95843733148674592	ASN:chr4:99040831-101711689
RAPGEFL1	1	0	-0.34355077674484263	0	-0.18520682936070709	ASN:chr17:36495389-38649589
RARA	1	0	-0.38683318874892914	0	0.15164960363694638	ASN:chr17:36495389-38649589
RASAL1	1	0	-0.87319097379812516	0	0.80872264650869474	ASN:chr12:113028429-114181109
RASAL3	1	0	-0.53782551665809109	0	-0.30854583132256558	ASN:chr19:12500149-15648148
RASD2	1	0	-1.4875970654559325	0	-1.0032973484181043	ASN:chr22:34860926-36453608
RASIP1	1	1	0.26536244179041668	1	0.26363764791960054	ASN:chr19:49093112-51334271
RAX	1	0	0.30920251813853256	1	-0.62723709080117096	ASN:chr18:54958664-57377707
RBFOX2	1	0	-1.5210393014238377	0	-0.6189029655318008	ASN:chr22:34860926-36453608
RBKS	1	1	0.12059007428273585	1	-0.029312254880479751	ASN:chr2:26209579-29456860
RBL2	1	0	0.69448934296700571	1	-1.6419401423888444	ASN:chr16:51214363-54450244
RBM28	1	0	0.68440650835239858	1	1.8407196651431983	ASN:chr7:126869221-129589868
RCN3	1	1	1.1640840069264404	1	0.5647638592860762	ASN:chr19:49093112-51334271
RCOR1	1	0	-0.42511876069212268	0	-0.31128235474761995	ASN:chr14:101357468-103390025
RECQL	1	0	1.268820655676842	1	-0.40677526417327953	ASN:chr12:20523761-21757656
REEP3	1	0	0.89008352975082616	1	1.1746309691599328	ASN:chr10:64198067-66313715
RELB	1	0	-1.305920595914259	0	0.66358635465788696	ASN:chr19:43862455-45579043
REXO4	1	1	1.5915247513203945	1	-0.6999572576017421	ASN:chr9:134722557-136612240
RFC4	1	0	-0.2475717207222683	0	0.24421459749265137	ASN:chr3:186230742-188951597
RFXANK	1	1	1.3225300520931738	1	0.39368771819437109	ASN:chr19:16749208-20221313
RGL2	1	1	1.2470778644056331	1	2.8152426544741012	ASN:chr6:33209310-35757007
RGL4	1	0	1.3832843886669319	1	-0.58843082219727239	ASN:chr22:23398337-25209349
RGS3	1	0	1.0317180441258089	1	0.86005443591224573	ASN:chr9:112864469-116400502
RHOA	1	0	-1.6200157114289426	0	-0.060231167801255737	ASN:chr3:47793553-51831792
RHOF	1	1	1.3175242741447801	1	0.28802228215811737	ASN:chr12:122015993-124721969
RHOG	1	0	0.046359473198706092	1	-0.37742229237513886	ASN:chr11:2739889-4466102
RING1	1	1	1.3120014824117847	1	2.8614659878551443	ASN:chr6:32682590-33209310
RIT1	1	0	-0.57855902791046232	0	-1.2879750311890454	ASN:chr1:153397055-156616039
RMI2	1	0	-1.079351780814445	0	1.4055506054405427	ASN:chr16:10868121-12612116
RNF10	1	0	1.1092839114913176	1	-0.44753241334990568	ASN:chr12:119859279-122015993
RNF123	1	0	-1.6524739763729581	0	0.36301504268100188	ASN:chr3:47793553-51831792
RNF139	1	1	0.82442880002758767	1	0.87223944372442241	ASN:chr8:123780420-126401023
RNF26	1	0	0.48963565433398742	1	0.9545332227817126	ASN:chr11:118900987-120771784
RNF34	1	1	1.1312039496653536	1	-0.073714352792165844	ASN:chr12:119859279-122015993
RNF39	1	1	0.3058413419154225	1	1.0488444272125497	ASN:chr6:29688046-30458591
RNF5	1	1	1.6474401754435102	1	3.3454581029854702	ASN:chr6:31571894-32682590
RPGRIP1L	1	0	0.6295196144366928	1	-1.4242256536812015	ASN:chr16:51214363-54450244
RPH3A	1	0	-0.81909977103360565	0	0.91688970712210438	ASN:chr12:109270450-113028429
RPL13A	1	1	1.2188841023615633	1	0.27331488792487402	ASN:chr19:49093112-51334271
RPL18	1	1	0.090002136398041069	1	0.22066155357902836	ASN:chr19:49093112-51334271
RPL19	1	0	-0.045984194216698492	1	-1.1867579474248338	ASN:chr17:36495389-38649589
RPL39L	1	0	-0.36668288969447937	0	0.92823463752863267	ASN:chr3:186230742-188951597
RPL6	1	1	0.55481677918519368	1	0.36272181045708518	ASN:chr12:109270450-113028429
RPL7A	1	1	1.6024847704074014	1	-0.63024804263293321	ASN:chr9:134722557-136612240
RPLP0	1	0	0.96132365381647045	1	-0.81502108501249482	ASN:chr12:119859279-122015993
RPP14	1	0	0.42499789255034248	1	-1.222200056629557	ASN:chr3:56847831-59704331
RPS11	1	1	1.1969640641875054	1	0.32543464836333136	ASN:chr19:49093112-51334271
RPS18	1	1	1.2903602764097415	1	2.8453743599818466	ASN:chr6:33209310-35757007
RPS19BP1	1	0	-1.425611076847203	0	-0.94205108894242273	ASN:chr22:37977990-40527060
RPS25	1	0	0.24076178531043504	1	0.51191920368360477	ASN:chr11:117901740-118900987
RPUSD4	1	0	-0.53471895156236848	0	-2.4813461881150451	ASN:chr11:124496119-126773879
RRAS	1	1	1.1092839114913176	1	0.65412084316333308	ASN:chr19:49093112-51334271
RSC1A1	1	0	0.61608305257521179	1	0.53411211988227236	ASN:chr1:14893157-17875820
RSPH6A	1	0	-0.98137337932714208	0	-0.5741272291225239	ASN:chr19:45579043-47334409
RSU1	1	0	1.3661848206529859	1	-0.5897370940958031	ASN:chr10:16679279-18537267
RTKN2	1	0	0.70627214692583495	1	1.1527470128512762	ASN:chr10:62085190-64198067
RTN2	1	0	-1.1328287470678053	0	0.9044210516102269	ASN:chr19:45579043-47334409
RTP1	1	0	-0.35585460160608656	0	0.92950256489916816	ASN:chr3:186230742-188951597
RTP2	1	0	-0.32336973734095209	0	1.0834988172024012	ASN:chr3:186230742-188951597
RTP4	1	0	-0.51827892293182498	0	0.96913997297049592	ASN:chr3:186230742-188951597
RUFY2	1	0	1.1281835284890958	1	-0.22572807045520302	ASN:chr10:68757629-71054709
RUSC1	1	0	-1.0827199059135972	0	0.52905269784584696	ASN:chr1:153397055-156616039
RUSC1-AS1	1	0	-1.0388798295654813	0	0.53585445211481542	ASN:chr1:153397055-156616039
RUVBL2	1	1	0.51744288079199507	1	0.34067058103530501	ASN:chr19:49093112-51334271
RXFP2	1	0	-0.67846264384583732	0	-0.16610757986639837	ASN:chr13:32301388-34095663
RXFP4	1	0	-0.56759900882343339	0	-1.2595511553320924	ASN:chr1:153397055-156616039
RXRA	1	0	-0.39223870343103578	0	-1.292709012222768	ASN:chr9:136612240-138198537
RXRB	1	1	1.3444632914148607	1	2.8870859159601285	ASN:chr6:32682590-33209310
SAG	1	0	1.6799137966871858	1	0.8742493511816698	ASN:chr2:233550713-234883167
SAMD13	1	0	-1.6953772558188125	0	1.2908119479039404	ASN:chr1:83991644-86012417
SAMM50	1	1	1.5500949100523345	1	2.6408660212093427	ASN:chr22:42690818-44994946
SAR1A	1	0	0.9010004768781007	1	-0.88923401145699488	ASN:chr10:71054709-72673145
SARDH	1	1	1.5038445986241846	1	-0.93607748028979365	ASN:chr9:134722557-136612240
SCAF1	1	1	1.1092839114913176	1	0.65412084316333308	ASN:chr19:49093112-51334271
SCAMP3	1	1	-0.97311971504335137	0	0.57947716407441541	ASN:chr1:153397055-156616039
SCD	1	0	1.243518871922519	1	0.091345629065942374	ASN:chr10:100365649-102471756
SCGN	1	1	-0.38648588991898214	0	-0.10265526079193965	ASN:chr6:24397129-26141757
SCHIP1	1	0	0.82507434736571272	1	1.9159856502648644	ASN:chr3:159155377-161620009
SCN2B	1	0	0.04599093129200181	1	-1.0886982675380317	ASN:chr11:117901740-118900987
SCN4B	1	0	0.03517032829099119	1	-1.0839927406656473	ASN:chr11:117901740-118900987
SCUBE1	1	1	1.6474590750284783	1	2.6785934803454023	ASN:chr22:42690818-44994946
SDCBP	1	0	0.098933498105972198	1	-0.20759889315164723	ASN:chr8:59047312-60470380
SDHB	1	0	0.87364350112028266	1	0.49975042550472587	ASN:chr1:14893157-17875820
SDHC	1	0	-1.1328287470678053	0	-0.089415923405199965	ASN:chr1:159953315-162888864
SDS	1	0	-0.97055513877424693	0	0.71831516903664427	ASN:chr12:113028429-114181109
SDSL	1	0	-1.3383753175729882	0	0.70963598034603559	ASN:chr12:113028429-114181109
SEC11C	1	0	0.28728247996447459	1	-0.54745886016760881	ASN:chr18:54958664-57377707
SEC23A	1	0	-1.5361380032397607	0	-0.12158069116941229	ASN:chr14:35858508-40256601
SEC31B	1	0	1.2100766359546138	1	0.065733047192444258	ASN:chr10:100365649-102471756
SEL1L	1	0	-1.5794511555932882	0	-1.455578012342563	ASN:chr14:81000021-83137833
SEMA4A	1	0	-1.3128803067410957	0	-1.2152764282065813	ASN:chr1:153397055-156616039
SEMA4G	1	0	1.4107300517620003	1	0.25469396958248186	ASN:chr10:102471756-106139565
SERBP1	1	0	0.93328037737595093	1	-0.3763906365727393	ASN:chr1:66774011-68477862
SERPINA10	1	1	0.92259266933536388	1	1.1225937366842325	ASN:chr14:94325285-95947052
SERPINA11	1	1	0.77112903438031322	1	1.0188599884986569	ASN:chr14:94325285-95947052
SERPINA12	1	1	0.74949137224388684	1	1.0080774014115332	ASN:chr14:94325285-95947052
SERPINA3	1	1	0.71703487903922525	1	0.90111976699440521	ASN:chr14:94325285-95947052
SERPINA4	1	1	0.73867254117567371	1	0.95301888203314622	ASN:chr14:94325285-95947052
SERPINA5	1	1	0.72785371010743849	1	0.92886841455316116	ASN:chr14:94325285-95947052
SERPINA6	1	1	0.86849851399427591	1	1.1269867497292485	ASN:chr14:94325285-95947052
SERPINA9	1	1	0.76031020331210009	1	1.0177072800473546	ASN:chr14:94325285-95947052
SESN3	1	0	-0.22793951066506185	0	-0.18911842627279252	ASN:chr11:92731401-94987750
SETD1B	1	1	1.3284842932318091	1	0.33021478241918001	ASN:chr12:122015993-124721969
SETD6	1	0	-0.63518968163423495	0	-0.19499127132361524	ASN:chr16:56907578-58867358
SETX	1	1	1.3504043314058451	1	-1.0692883487675338	ASN:chr9:134722557-136612240
SFT2D2	1	0	-1.533103647525254	0	-1.1164284684701289	ASN:chr1:168175845-170169621
SFTA2	1	0	1.0524558446187642	1	1.2152764282065813	ASN:chr6:30458591-31054923
SFXN3	1	0	1.4664671117085086	1	0.40886375458777224	ASN:chr10:102471756-106139565
SGIP1	1	0	0.92245977437491833	1	-1.0889465949487405	ASN:chr1:66774011-68477862
SGSM1	1	0	1.6244048085814595	1	0.67768141440981966	ASN:chr22:23398337-25209349
SH2B3	1	1	0.68463566582004476	1	2.234267181547696	ASN:chr12:109270450-113028429
SH2D1B	1	0	-1.2626476337026566	0	-0.86703009528765396	ASN:chr1:159953315-162888864
SH2D5	1	0	0.96680366335998502	1	1.0986842723514338	ASN:chr1:20304720-22145806
SH3BP1	1	0	-1.3600117986787785	0	1.9590278184313519	ASN:chr22:37977990-40527060
SH3BP4	1	0	1.149820009594908	1	1.3830536641630085	ASN:chr2:234883167-236066960
SH3GLB2	1	0	0.18699660038645236	1	0.46749972648350263	ASN:chr9:130597604-132047808
SHC1	1	1	-0.77583937147689586	0	0.59644762597712464	ASN:chr1:153397055-156616039
SHE	1	0	-1.115599963174662	0	0.86065070765264495	ASN:chr1:153397055-156616039
SIN3B	1	0	-0.61355320052842277	0	1.1103053467614363	ASN:chr19:16749208-20221313
SIRT4	1	0	0.97776368244701395	1	-0.64758898811020005	ASN:chr12:119859279-122015993
SIX5	1	0	-0.95973689822135189	0	-0.58614725829321757	ASN:chr19:45579043-47334409
SLAMF1	1	0	-1.3167388364671762	0	0.32934510893069019	ASN:chr1:159953315-162888864
SLAMF7	1	0	-0.84073625213939585	0	0.33514767469348894	ASN:chr1:159953315-162888864
SLC10A5	1	0	-1.3600117986787785	0	0.46199426568665258	ASN:chr8:82016264-83727741
SLC10A6	1	1	0.59802773728883618	1	-0.87545699255334941	ASN:chr4:87214993-89236855
SLC10A7	1	0	0.39688267083472034	1	-0.087210952722576604	ASN:chr4:145025810-148834277
SLC16A6	1	0	0.72697420723214023	1	0.97287916227935067	ASN:chr17:64800166-67858770
SLC17A1	1	1	-0.37566705885076895	0	-0.14221361043031336	ASN:chr6:24397129-26141757
SLC17A2	1	1	-0.34321056564612934	0	-0.0058341898150292377	ASN:chr6:24397129-26141757
SLC17A3	1	1	-0.3107540724414678	0	-0.027526968239797524	ASN:chr6:24397129-26141757
SLC17A4	1	1	-0.33239173457789417	0	-0.13542203433362562	ASN:chr6:24397129-26141757
SLC17A7	1	1	1.2846442168836931	1	-0.0004804599835018805	ASN:chr19:49093112-51334271
SLC1A6	1	0	-0.13755061620066455	0	-0.34722434577888578	ASN:chr19:12500149-15648148
SLC22A13	1	0	-1.2842841148084687	0	0.31993944053057932	ASN:chr3:35283408-38353505
SLC22A14	1	0	-1.3491935581258834	0	0.20703786798426985	ASN:chr3:35283408-38353505
SLC22A18	1	0	0.19781484093936944	1	-0.64471357905729687	ASN:chr11:2739889-4466102
SLC22A18AS	1	0	0.25190604370388892	1	-0.65761024608720464	ASN:chr11:2739889-4466102
SLC25A1	1	0	0.024242021875889232	1	-0.58924712432075621	ASN:chr22:18557031-19912242
SLC25A16	1	0	1.1065470473832835	1	-0.50255197855570366	ASN:chr10:68757629-71054709
SLC25A18	1	0	0.10096215548504804	1	-0.65216685747513548	ASN:chr22:17581547-18557031
SLC25A20	1	0	-1.4901826516529249	0	-0.069998364149719036	ASN:chr3:47793553-51831792
SLC25A28	1	0	1.3104033438583069	1	0.3098417899899063	ASN:chr10:100365649-102471756
SLC25A34	1	0	0.63800309074924777	1	0.47102452666784989	ASN:chr1:14893157-17875820
SLC25A42	1	1	1.2792168997396465	1	0.7283009943667299	ASN:chr19:16749208-20221313
SLC27A1	1	0	-0.65682616274004724	0	1.4989013223396588	ASN:chr19:16749208-20221313
SLC2A11	1	0	1.4380844841020548	1	-0.47793788754897626	ASN:chr22:23398337-25209349
SLC2A6	1	1	1.6901649231036113	1	-0.71707198249789417	ASN:chr9:134722557-136612240
SLC30A3	1	1	0.36964070031552887	1	-0.22052089842448247	ASN:chr2:26209579-29456860
SLC35D1	1	0	1.0090245983831134	1	-0.28931031279576058	ASN:chr1:66774011-68477862
SLC35E1	1	0	-0.20246005951807913	0	0.29074202119792142	ASN:chr19:15648148-16749208
SLC36A4	1	0	-0.049580918836256843	1	-1.4403056559092715	ASN:chr11:92731401-94987750
SLC37A4	1	0	0.31109570481709209	1	0.66461320830105519	ASN:chr11:118900987-120771784
SLC38A7	1	0	-0.6460079221871301	0	-0.22924988936170809	ASN:chr16:56907578-58867358
SLC39A12	1	0	1.4310942639704005	1	-0.55368872216252263	ASN:chr10:16679279-18537267
SLC39A7	1	1	1.3336426884138282	1	2.8740401874257948	ASN:chr6:32682590-33209310
SLC39A8	1	1	-1.6636643428697229	0	-0.12683751443307512	ASN:chr4:102707193-105305539
SLC4A1AP	1	1	0.15307493854787033	1	-0.8072005811244638	ASN:chr2:26209579-29456860
SLC50A1	1	1	-0.85803951462959116	0	0.55625077872704864	ASN:chr1:153397055-156616039
SLC5A5	1	0	-0.53782551665809109	0	1.3710082037331834	ASN:chr19:16749208-20221313
SLC5A6	1	1	0.46709529311097631	1	-0.20437388497647815	ASN:chr2:26209579-29456860
SLC6A12	1	0	-1.0936799250006042	0	0.05088206611156687	ASN:chr12:61107-1739022
SLC6A13	1	0	-1.1046399440876331	0	0.20549538416582316	ASN:chr12:61107-1739022
SLC6A16	1	1	1.1421639687523826	1	-0.019837433848278772	ASN:chr19:49093112-51334271
SLCO1A2	1	0	1.2255476934652176	1	-0.24492180609252989	ASN:chr12:20523761-21757656
SLCO1B3	1	0	1.2147294529123225	1	-0.19149473309239504	ASN:chr12:20523761-21757656
SLCO1C1	1	0	1.2039112123594273	1	0.040713067305043954	ASN:chr12:20523761-21757656
SLMAP	1	0	0.29517900591549129	1	-0.70558047655784317	ASN:chr3:56847831-59704331
SMAD1	1	0	0.4626427853568722	1	-0.21616273737426495	ASN:chr4:145025810-148834277
SMARCB1	1	0	1.5805647322333656	1	-0.5159922775183764	ASN:chr22:23398337-25209349
SMARCE1	1	0	-0.51668042476121068	0	1.204715233896235	ASN:chr17:38649589-39900528
SMC4	1	0	0.86835675936982126	1	-1.0073931274219656	ASN:chr3:159155377-161620009
SMO	1	0	0.61948289034626891	1	-0.6797553783753808	ASN:chr7:126869221-129589868
SND1	1	0	0.54373866933910653	1	1.7430475961408469	ASN:chr7:126869221-129589868
SNRNP70	1	1	0.71472322435842861	1	0.37035607706467916	ASN:chr19:49093112-51334271
SNRPD2	1	0	-1.0462828226445786	0	-0.40037164727475938	ASN:chr19:45579043-47334409
SNRPD3	1	0	1.5257646367982427	1	0.49431414447486	ASN:chr22:23398337-25209349
SNX17	1	1	0.40212556458066334	1	-0.24506326250191418	ASN:chr2:26209579-29456860
SOX10	1	0	-1.4898306853136296	0	1.9255378701499477	ASN:chr22:37977990-40527060
SOX14	1	0	0.38172493033871807	1	0.6374641368758267	ASN:chr3:135268752-137727495
SPACA4	1	1	0.0790421173110121	1	0.21335320307951219	ASN:chr19:49093112-51334271
SPARCL1	1	1	0.58720890622062305	1	-0.91521900326449213	ASN:chr4:87214993-89236855
SPATA16	1	0	-1.6771030692740392	0	0.071925049176519415	ASN:chr3:172048457-175051223
SPATA21	1	0	0.73664326253248658	1	0.24492180609252989	ASN:chr1:14893157-17875820
SPDEF	1	0	-1.4252661217649161	0	2.6024806928094129	ASN:chr6:33209310-35757007
SPECC1L	1	0	1.3942444077539389	1	0.3460581495957718	ASN:chr22:23398337-25209349
SPEN	1	0	0.67088314801033466	1	0.50457777704028139	ASN:chr1:14893157-17875820
SPHK2	1	1	0.11192217457207702	1	0.22446090299548285	ASN:chr19:49093112-51334271
SPP1	1	1	0.60884656835704942	1	-1.2571272601204653	ASN:chr4:87214993-89236855
SPP2	1	0	1.6582773155813735	1	1.4707926269535694	ASN:chr2:234883167-236066960
SPPL3	1	0	1.0216037587951079	1	0.39576526471687851	ASN:chr12:119859279-122015993
SPTA1	1	0	-1.2951023553613639	0	0.61458618613997074	ASN:chr1:157982579-159953315
SQLE	1	1	0.90022681664627147	1	0.62306461857402118	ASN:chr8:123780420-126401023
SRGN	1	0	0.97672816074843238	1	0.01159993643807119	ASN:chr10:68757629-71054709
SRSF9	1	0	1.0764038542302308	1	-0.5108240591850467	ASN:chr12:119859279-122015993
SSBP4	1	1	1.4527153916780522	1	1.0817721629326587	ASN:chr19:16749208-20221313
SSR2	1	0	-0.62239910425855627	0	-1.2213313990942063	ASN:chr1:153397055-156616039
SST	1	0	-0.29088487307579558	0	1.0800487277786079	ASN:chr3:186230742-188951597
SSX2IP	1	0	-1.7061954963717076	0	1.3132406747410095	ASN:chr1:83991644-86012417
ST14	1	0	-0.91892558220198561	0	0.77639856593851819	ASN:chr11:128188777-130049774
ST3GAL4	1	0	-0.58951904699749136	0	-2.4416052632465446	ASN:chr11:124496119-126773879
ST6GAL1	1	0	-0.52910721102021785	0	0.69837971460020409	ASN:chr3:186230742-188951597
ST8SIA1	1	0	1.3445483395471738	1	0.27645120383711702	ASN:chr12:21757656-24562053
ST8SIA6	1	0	1.4743672261820029	1	-0.22967269791139705	ASN:chr10:16679279-18537267
STAC	1	0	-1.2518293931497395	0	0.050057370773653014	ASN:chr3:35283408-38353505
STAC2	1	0	-0.045984194216698492	1	-1.1702637324478879	ASN:chr17:36495389-38649589
STAG1	1	0	0.78199983079616664	1	0.38391624475354991	ASN:chr3:135268752-137727495
STAM	1	0	1.4527307450762126	1	-0.22657305004453338	ASN:chr10:16679279-18537267
STIM1	1	0	0.013904751539998806	1	0.067521578434024787	ASN:chr11:2739889-4466102
STK19	1	0	1.0740923257245762	1	1.0179377135328065	ASN:chr6:31571894-32682590
STOX1	1	0	1.0200011229600567	1	-0.20661714187879382	ASN:chr10:68757629-71054709
STT3A	1	0	-0.41415874160509375	0	0.99673376278728409	ASN:chr11:124496119-126773879
SUGP2	1	1	1.3766714925350938	1	0.69767914210572046	ASN:chr19:16749208-20221313
SULT2A1	1	1	0.25440242270340968	1	-0.21784927590904044	ASN:chr19:47334409-49093112
SULT2B1	1	1	0.013282002788860256	1	0.22094287698820125	ASN:chr19:47334409-49093112
SULT4A1	1	1	1.5717313911581468	1	2.6592567717103943	ASN:chr22:42690818-44994946
SUN2	1	0	-1.5338171068574413	0	-0.63343248104039096	ASN:chr22:37977990-40527060
SUPT7L	1	1	0.16390322663626317	1	-0.58582128452789517	ASN:chr2:26209579-29456860
SUPV3L1	1	0	0.98754640130134952	1	0.057618423862983603	ASN:chr10:68757629-71054709
SURF1	1	1	1.6244048085814595	1	-0.62991321063128347	ASN:chr9:134722557-136612240
SURF2	1	1	1.6134447894944304	1	-0.62123216590176156	ASN:chr9:134722557-136612240
SURF4	1	1	1.5367246558852716	1	-0.60912362796085395	ASN:chr9:134722557-136612240
SURF6	1	1	1.5257646367982427	1	-0.69086639355404611	ASN:chr9:134722557-136612240
SUSD2	1	0	1.4600045222760909	1	0.438749061377875	ASN:chr22:23398337-25209349
SYDE1	1	0	-0.28900598394130589	0	-0.33558331993291618	ASN:chr19:12500149-15648148
SYMPK	1	0	-1.0138281009858714	0	-0.56170732383567801	ASN:chr19:45579043-47334409
SYN2	1	0	-0.92975387029035639	0	-0.4566551275348249	ASN:chr3:11019488-12860229
SYNGAP1	1	1	1.1713336433984707	1	2.7679653760267384	ASN:chr6:33209310-35757007
SYNGR1	1	0	-1.2957638408349215	0	-0.60499740205340058	ASN:chr22:37977990-40527060
SYNGR4	1	1	0.0023219837018312807	1	0.22572807045520302	ASN:chr19:47334409-49093112
SYT11	1	0	-0.55663898973640435	0	-0.39576526471687867	ASN:chr1:153397055-156616039
TAB1	1	0	-1.3065844438359542	0	-0.68113964661230331	ASN:chr22:37977990-40527060
TACR2	1	0	1.0091828824071396	1	-0.066971238389240476	ASN:chr10:71054709-72673145
TACR3	1	0	-1.0356157540120596	0	0.95887202339075583	ASN:chr4:102707193-105305539
TAF1D	1	0	-0.13318650875600849	0	-1.6325012655472348	ASN:chr11:92731401-94987750
TAP1	1	1	1.452669321425099	1	2.9896480984655254	ASN:chr6:32682590-33209310
TAP2	1	1	1.4743105274271422	1	3.0145117872218878	ASN:chr6:32682590-33209310
TAPBP	1	1	1.2362572614046226	1	2.8080938146290944	ASN:chr6:33209310-35757007
TATDN1	1	1	0.85691366429274418	1	0.86703009528765373	ASN:chr8:123780420-126401023
TBC1D13	1	0	0.3384519681271157	1	0.61724130503058872	ASN:chr9:130597604-132047808
TBCCD1	1	0	-0.13928883983845	0	0.3102738917710815	ASN:chr3:186230742-188951597
TBX19	1	0	-1.7061954963717076	0	-1.1471627869887997	ASN:chr1:168175845-170169621
TCAP	1	0	-0.13795931972539879	0	-0.64066322588264102	ASN:chr17:36495389-38649589
TCF23	1	1	0.51040844546450359	1	-0.14457138909840273	ASN:chr2:26209579-29456860
TCF7L2	1	0	0.83609103356068615	1	-1.0536151597805512	ASN:chr10:112170486-115752990
TCTA	1	0	-1.4631340975329121	0	0.14831775434586644	ASN:chr3:47793553-51831792
TCTN1	1	1	0.52236205752648635	1	2.1735741656411798	ASN:chr12:109270450-113028429
TDP2	1	1	0.60512303348818286	1	-0.12476204195533384	ASN:chr6:24397129-26141757
TDRD10	1	0	-1.1046399440876331	0	0.8714364667695953	ASN:chr1:153397055-156616039
TDRD9	1	0	-0.14015826442947937	0	0.55705216999317764	ASN:chr14:103390025-105001894
TEAD2	1	1	1.2079240832745344	1	-0.017366068716475218	ASN:chr19:49093112-51334271
TECPR2	1	0	-0.41415874160509375	0	-0.040438292653274852	ASN:chr14:101357468-103390025
TECTB	1	0	0.85772751466649833	1	-1.2193081071231231	ASN:chr10:112170486-115752990
TEKT3	1	0	-1.6011077317700737	0	-1.0304624081746072	ASN:chr17:14215665-15280576
TEPP	1	0	-0.70009912495164961	0	-0.45650277256795585	ASN:chr16:56907578-58867358
TET1	1	0	1.0632740851716591	1	-0.31257941548996876	ASN:chr10:68757629-71054709
TET2	1	0	-1.0139780918756331	0	0.29862716702078124	ASN:chr4:105305539-107501341
TFPT	1	0	-1.6737407747130002	0	-1.3326714403391859	ASN:chr19:52985347-54734184
TH	1	0	0.30599724646840842	1	-0.8226991831723387	ASN:chr11:70855-2739889
THADA	1	0	-1.0897099093531475	0	2.341190738068867	ASN:chr2:42336744-44322128
THBS3	1	1	-0.9183196196082285	0	0.60170382507883879	ASN:chr1:153397055-156616039
THRA	1	0	-0.32190957074279941	0	-0.36844550325906883	ASN:chr17:36495389-38649589
THY1	1	0	0.50045625733499799	1	0.97840281415394204	ASN:chr11:118900987-120771784
TIGD1	1	0	1.4310942639704005	1	0.48101782023685136	ASN:chr2:232191250-233550713
TIMMDC1	1	0	-0.77637489678579563	0	-1.1787456995201482	ASN:chr3:118903462-120523073
TIMP4	1	0	-0.77815783705301089	0	-0.39621067527923137	ASN:chr3:11019488-12860229
TIPRL	1	0	-1.5222854069723368	0	-1.1154050431979354	ASN:chr1:164954020-168175845
TIRAP	1	0	-0.52375893247533944	0	-2.5027856292283817	ASN:chr11:124496119-126773879
TLX1	1	0	1.488761935687112	1	0.61028082906222447	ASN:chr10:102471756-106139565
TMC4	1	0	-1.5871948502897735	0	-1.4930173718633049	ASN:chr19:52985347-54734184
TMEM116	1	1	0.54399853863227654	1	2.0801291218281595	ASN:chr12:109270450-113028429
TMEM120B	1	1	1.2736841977966862	1	0.27830575843575839	ASN:chr12:122015993-124721969
TMEM143	1	1	0.024242021875889232	1	0.21503872013696168	ASN:chr19:47334409-49093112
TMEM161A	1	1	1.3550149163583303	1	0.75833988535968377	ASN:chr19:16749208-20221313
TMEM171	1	0	-1.3708300392316957	0	-0.11093884584423759	ASN:chr5:71419711-73759199
TMEM174	1	0	-1.3816482797845906	0	-0.012149072261614914	ASN:chr5:71419711-73759199
TMEM214	1	1	0.5862064620831654	1	0.17446434745632777	ASN:chr2:26209579-29456860
TMEM236	1	0	1.4635489856291077	1	-0.17223470863098161	ASN:chr10:16679279-18537267
TMEM25	1	0	0.28404419731452152	1	0.0022650274860941759	ASN:chr11:117901740-118900987
TMEM39A	1	0	-0.80883670578887146	0	-1.1395095435899461	ASN:chr3:118903462-120523073
TMEM40	1	0	-0.97306702264388378	0	0.6135916335014745	ASN:chr3:11019488-12860229
TMEM45B	1	0	-0.79981441322977453	0	0.59055402519578948	ASN:chr11:128188777-130049774
TMEM51	1	0	0.51744288079199507	1	0.5282633883310115	ASN:chr1:14893157-17875820
TMEM59L	1	1	1.4957826615072829	1	1.1004431148797011	ASN:chr19:16749208-20221313
TMEM82	1	0	0.6489631098362767	1	0.47516981997379892	ASN:chr1:14893157-17875820
TMPRSS13	1	0	0.0027085192879153161	1	-1.5035610983009369	ASN:chr11:116383543-117901740
TMPRSS4	1	0	0.024349725289958563	1	-1.0862186764359008	ASN:chr11:117901740-118900987
TMPRSS6	1	0	-1.2535014136806411	0	1.8826480263993437	ASN:chr22:36453608-37977990
TNC	1	0	0.98712839616862413	1	1.1092888676353831	ASN:chr9:116400502-119530000
TNFAIP2	1	0	-0.28263851256079003	0	-0.32485574531885536	ASN:chr14:103390025-105001894
TNFSF15	1	0	1.0205706321365071	1	1.1120869510011659	ASN:chr9:116400502-119530000
TNFSF8	1	0	0.94253874821141737	1	1.0964278853433225	ASN:chr9:116400502-119530000
TNNT3	1	0	0.37090668978582297	1	-0.89516108160237895	ASN:chr11:70855-2739889
TNP2	1	0	-1.0685311778134345	0	1.4223357471114031	ASN:chr16:10868121-12612116
TNPO1	1	0	-1.3924665203375077	0	-0.076192241000902203	ASN:chr5:71419711-73759199
TNPO3	1	0	0.60866228734523631	1	-0.037278598364947194	ASN:chr7:126869221-129589868
TNRC6B	1	0	-1.5446377098584738	0	-0.50691781334739705	ASN:chr22:37977990-40527060
TNS4	1	0	-0.47339801275712412	0	1.2092656877332559	ASN:chr17:38649589-39900528
TOM1	1	0	-1.5433341254024411	0	-0.96235610369747648	ASN:chr22:34860926-36453608
TOMM22	1	0	-1.5770995188615498	0	-0.79358508051045118	ASN:chr22:37977990-40527060
TOMM40	1	0	-1.4032847608904029	0	0.66085149121212972	ASN:chr19:43862455-45579043
TOMM40L	1	0	-1.0679193037503909	0	-0.0065205743032058332	ASN:chr1:159953315-162888864
TOP2A	1	0	-0.4084743947509944	0	0.13445232618758743	ASN:chr17:36495389-38649589
TOR1A	1	0	-0.32146070560001316	0	2.5638947408902082	ASN:chr9:132047808-133641809
TOR1B	1	0	-0.31064246504711807	0	2.560238937758673	ASN:chr9:132047808-133641809
TOX	1	0	0.055620345752444886	1	0.0041868776420227356	ASN:chr8:59047312-60470380
TP53AIP1	1	0	-0.98389531073227654	0	-0.21531969892155739	ASN:chr11:128188777-130049774
TPCN1	1	0	-0.91646393600972753	0	0.71565255348083634	ASN:chr12:113028429-114181109
TPD52	1	0	-1.305920595914259	0	0.83781285830078955	ASN:chr8:79751440-82016264
TPM3	1	0	-1.2361601731319367	0	0.64184349063061996	ASN:chr1:153397055-156616039
TPM4	1	0	-0.45127959223486436	0	0.58582128452789517	ASN:chr19:15648148-16749208
TPRX1	1	1	0.34756258494311199	1	-0.42894567428268759	ASN:chr19:47334409-49093112
TPST1	1	0	-1.5547401286310443	0	0.33601902887093488	ASN:chr7:63624322-67371495
TRAF1	1	0	-1.4573759636549224	0	1.6382521121581126	ASN:chr9:122117725-124681439
TRAF3	1	0	-0.43607877977915166	0	-0.38909346184212373	ASN:chr14:101357468-103390025
TRAFD1	1	1	0.47908909531486193	1	2.0143204181400778	ASN:chr12:109270450-113028429
TRANK1	1	0	-1.2301929120439492	0	0.38509869675154079	ASN:chr3:35283408-38353505
TRAPPC4	1	0	0.2624029913124783	1	0.51960252869078982	ASN:chr11:117901740-118900987
TRAPPC6A	1	0	-1.2193746714910323	0	0.77417376663714532	ASN:chr19:45579043-47334409
TRAPPC6B	1	0	-1.5577945794165244	0	0.25157560996009815	ASN:chr14:35858508-40256601
TRDMT1	1	0	1.3878213017587762	1	-0.37594862103819199	ASN:chr10:16679279-18537267
TREH	1	0	0.40307083032579238	1	0.062156609677610039	ASN:chr11:117901740-118900987
TRIAP1	1	0	1.0544838160561947	1	-0.51160624265829635	ASN:chr12:119859279-122015993
TRIM27	1	1	0.48977150993146595	1	-0.33660007338354603	ASN:chr6:26697553-28901402
TRIM38	1	1	-0.32157290350968099	0	0.12310205126027586	ASN:chr6:24397129-26141757
TRIM46	1	1	-0.89639958143417053	0	0.61176986111438814	ASN:chr1:153397055-156616039
TRIM54	1	1	0.32632754796200159	1	-0.22685474583078166	ASN:chr2:26209579-29456860
TRIM59	1	0	0.87917736237083188	1	-1.0244119398113434	ASN:chr3:159155377-161620009
TRIOBP	1	0	-1.5006489258665467	0	1.9370582312435516	ASN:chr22:37977990-40527060
TRMT61A	1	0	-0.20591837895163123	0	0.39546836796150503	ASN:chr14:103390025-105001894
TRPM4	1	1	0.84624345340273233	1	0.33268021664872205	ASN:chr19:49093112-51334271
TRPM5	1	0	0.21945132204518164	1	-0.67819963184238963	ASN:chr11:70855-2739889
TRPM8	1	0	1.5825496317110419	1	1.4768931865144173	ASN:chr2:233550713-234883167
TSEN2	1	0	-0.94058215837874926	0	-0.049095269200682488	ASN:chr3:11019488-12860229
TSEN34	1	0	-1.6196495719484807	0	-1.4473125008831518	ASN:chr19:52985347-54734184
TSHR	1	0	-1.5144814270629972	0	-1.5525248468242796	ASN:chr14:81000021-83137833
TSKS	1	0	-0.12919824534245039	0	-0.35379305862799276	ASN:chr19:49093112-51334271
TSPAN15	1	0	0.95509167964262021	1	-0.11466891007604357	ASN:chr10:71054709-72673145
TSPAN32	1	0	0.24108780315097184	1	-0.66461320830105508	ASN:chr11:70855-2739889
TSPAN33	1	0	0.63030349334727953	1	-0.68982112650238336	ASN:chr7:126869221-129589868
TSPAN5	1	0	0.68463566582004476	1	2.1318035329214386	ASN:chr4:99040831-101711689
TSSC4	1	0	0.27354252480967911	1	-0.6428558581885464	ASN:chr11:70855-2739889
TSSK2	1	0	0.0023219837018312807	1	-0.643362289080608	ASN:chr22:18557031-19912242
TSSK6	1	1	1.1925905950325917	1	0.13833192670832714	ASN:chr19:16749208-20221313
TST	1	0	-1.2980910616378478	0	1.8802305016633809	ASN:chr22:36453608-37977990
TTC29	1	0	0.40784268992174932	1	-0.27488270789610175	ASN:chr4:145025810-148834277
TTF1	1	1	1.3284842932318091	1	-1.3731194206429287	ASN:chr9:134722557-136612240
TTLL1	1	1	1.7015201351865488	1	2.6937826299601775	ASN:chr22:42690818-44994946
TTLL12	1	1	1.6799137966871858	1	2.6886503912473225	ASN:chr22:42690818-44994946
TTLL7	1	0	-1.6629225341600831	0	1.3013039494016114	ASN:chr1:83991644-86012417
TUBA8	1	0	-0.063438130820320557	1	-0.70136098179466921	ASN:chr22:18557031-19912242
TULP2	1	1	0.50648286170496604	1	0.69627902320437307	ASN:chr19:49093112-51334271
TXN2	1	0	-1.364975533573636	0	1.8528058866324211	ASN:chr22:36453608-37977990
TYSND1	1	0	0.92263695798391288	1	-0.8992671034212435	ASN:chr10:71054709-72673145
UAP1	1	0	-1.2842841148084687	0	-0.81253603477737946	ASN:chr1:159953315-162888864
UBA52	1	1	1.3986212363369424	1	1.0827584272368487	ASN:chr19:16749208-20221313
UBAP2L	1	0	-1.2252001540449078	0	0.70241468246435823	ASN:chr1:153397055-156616039
UBD	1	1	0.64124341300349386	1	-0.12351701695494034	ASN:chr6:28901402-29688046
UBE2D3	1	0	-1.7177673578748418	0	-0.20325264278169658	ASN:chr4:102707193-105305539
UBE2H	1	0	0.66276530235035536	1	-0.21995832140199301	ASN:chr7:129589868-131635483
UBE2Q1	1	0	-1.0059997723044163	0	0.8780779394841145	ASN:chr1:153397055-156616039
UBE4A	1	0	0.12173515229918619	1	-0.39398440633116283	ASN:chr11:117901740-118900987
UBQLN4	1	0	-0.64431914243261423	0	-1.2353421947490988	ASN:chr1:153397055-156616039
UBR7	1	0	0.26264397417407331	1	0.78795523357118147	ASN:chr14:92916399-94325285
UCN	1	1	0.44543871693421266	1	-0.24138698035358011	ASN:chr2:26209579-29456860
UFC1	1	0	-1.0571010631974738	0	-0.022308920146223592	ASN:chr1:159953315-162888864
UGT1A10	1	0	1.5068219478407321	1	1.4595491627106563	ASN:chr2:233550713-234883167
UGT1A3	1	0	1.5717313911581468	1	1.4875996076719564	ASN:chr2:233550713-234883167
UGT1A4	1	0	1.5609131506052516	1	1.483874273102145	ASN:chr2:233550713-234883167
UGT1A5	1	0	1.5500949100523345	1	1.4814021117065876	ASN:chr2:233550713-234883167
UGT1A6	1	0	1.5392766694994395	1	1.4764847705815209	ASN:chr2:233550713-234883167
UGT1A7	1	0	1.5284584289465224	1	1.4736327304684651	ASN:chr2:233550713-234883167
UGT1A8	1	0	1.496003707287815	1	1.452811805893591	ASN:chr2:233550713-234883167
UGT1A9	1	0	1.5176401883936272	1	1.4720083604329497	ASN:chr2:233550713-234883167
UHMK1	1	0	-1.2951023553613639	0	-0.77974299056185237	ASN:chr1:159953315-162888864
UNC119B	1	0	1.1969640641875054	1	0.12393200391989738	ASN:chr12:119859279-122015993
UNC13A	1	0	-0.68928088439875446	0	1.4322193645817203	ASN:chr19:16749208-20221313
UPB1	1	0	1.5476846749722786	1	0.48271372831221987	ASN:chr22:23398337-25209349
UPF1	1	1	1.4632977972421484	1	0.50442187295589369	ASN:chr19:16749208-20221313
UPK1B	1	0	-0.7439130877827197	0	-1.3000245589906543	ASN:chr3:116898042-118903462
UPK2	1	0	0.35978841832170594	1	0.3625752060416299	ASN:chr11:117901740-118900987
USE1	1	0	-0.81909977103360565	0	1.4631429830449307	ASN:chr19:16749208-20221313
USF1	1	0	-0.89482745490391535	0	-0.17711317144725047	ASN:chr1:159953315-162888864
USHBP1	1	0	-0.74337208716327396	0	1.5099684351552292	ASN:chr19:16749208-20221313
USP19	1	0	-1.7173905062609669	0	0.21447681347179237	ASN:chr3:47793553-51831792
USP2	1	0	0.42471203632783566	1	0.95366761741613271	ASN:chr11:118900987-120771784
USP21	1	0	-0.94891865766843475	0	-0.0040496022021120374	ASN:chr1:159953315-162888864
USP40	1	0	1.6474590750284783	1	1.4859413571997457	ASN:chr2:233550713-234883167
USP48	1	0	0.90104354883785509	1	1.2227796743863659	ASN:chr1:20304720-22145806
USPL1	1	0	-0.84073625213939585	0	1.1009462669830197	ASN:chr13:30625939-32301388
UTP15	1	0	-1.4357394825491101	0	0.55017181491536449	ASN:chr5:71419711-73759199
VARS2	1	0	1.041562013979574	1	1.3659311657913182	ASN:chr6:30458591-31054923
VASP	1	0	-1.1111922659619933	0	1.1900957454011865	ASN:chr19:45579043-47334409
VAV2	1	1	1.3065642550577512	1	-1.1498174705066373	ASN:chr9:136612240-138198537
VGLL4	1	0	-0.9622387345555129	0	-0.16889185154361205	ASN:chr3:11019488-12860229
VILL	1	0	-1.0354645820916615	0	-0.53284598710477615	ASN:chr3:35283408-38353505
VIM	1	0	1.496003707287815	1	-0.36228202058382741	ASN:chr10:16679279-18537267
VKORC1L1	1	0	-1.4573759636549224	0	0.28044681962869711	ASN:chr7:63624322-67371495
VPREB3	1	0	1.6956449326471257	1	-0.58459943672850523	ASN:chr22:23398337-25209349
VPS11	1	0	0.21912057930839179	1	0.98173138033467389	ASN:chr11:118900987-120771784
VPS26A	1	0	0.96590992019553734	1	0.09424082773519965	ASN:chr10:68757629-71054709
VPS29	1	1	0.44663437365615466	1	2.1238800470774963	ASN:chr12:109270450-113028429
VPS52	1	1	1.3011808794107522	1	2.8533278252734684	ASN:chr6:33209310-35757007
VSTM5	1	0	-0.14990762673997204	0	-1.6304233726096236	ASN:chr11:92731401-94987750
VTI1A	1	0	0.81445455245487397	1	-0.79264502906010492	ASN:chr10:112170486-115752990
VWA5B1	1	0	-0.6333591233455852	0	1.1503493803760079	ASN:chr1:20304720-22145806
WDR20	1	0	-0.27167849347378309	0	-0.22319409585329764	ASN:chr14:101357468-103390025
WDR46	1	1	1.2687190704076763	1	2.829987411131532	ASN:chr6:33209310-35757007
WDR5	1	1	1.339444312318816	1	-1.3400471669754417	ASN:chr9:136612240-138198537
WDR6	1	0	-1.576738024836944	0	0.03865233090616043	ASN:chr3:47793553-51831792
WIPF2	1	0	-0.35437137974587529	0	0.052256635525429397	ASN:chr17:36495389-38649589
WIPI1	1	0	0.68366105487861284	1	0.93310316882538769	ASN:chr17:64800166-67858770
WIZ	1	0	-0.52700727610519604	0	-0.31402121122128346	ASN:chr19:12500149-15648148
WLS	1	0	1.0523070103872219	1	-0.6372959446383536	ASN:chr1:68477862-69687902
WNK1	1	0	-1.1704000586097849	0	-0.087624352105984196	ASN:chr12:61107-1739022
WNT4	1	0	1.0325637778821368	1	1.0649218828394036	ASN:chr1:22145806-23916165
WNT8B	1	0	1.2212240479439156	1	0.061193860381224284	ASN:chr10:100365649-102471756
XRCC3	1	0	-0.19495835986460225	0	0.30078086700072093	ASN:chr14:103390025-105001894
YJEFN3	1	1	1.2250754592977262	1	0.14276831027529141	ASN:chr19:16749208-20221313
YY1AP1	1	0	-0.71007925695476604	0	-0.25355973564458767	ASN:chr1:153397055-156616039
ZBTB10	1	0	-1.2626476337026566	0	1.1298409158598042	ASN:chr8:79751440-82016264
ZBTB17	1	0	0.69280318618437065	1	0.5353791094705479	ASN:chr1:14893157-17875820
ZBTB40	1	0	1.010643739708079	1	0.88516451470077773	ASN:chr1:22145806-23916165
ZBTB44	1	0	-1.0055518869090403	0	0.41170099169480645	ASN:chr11:130049774-131429519
ZBTB7B	1	1	-0.8196794478249898	0	0.57655697163533959	ASN:chr1:153397055-156616039
ZBTB9	1	1	1.1605130403974602	1	2.7616917577608375	ASN:chr6:33209310-35757007
ZC3HC1	1	0	0.52209746333706331	1	-0.19233368716683596	ASN:chr7:129589868-131635483
ZDHHC6	1	0	0.86854575521939348	1	-1.085228707803034	ASN:chr10:112170486-115752990
ZDHHC7	1	0	-0.88458092679603384	0	1.0673451848409603	ASN:chr16:84445738-85374253
ZFAND1	1	0	-1.3816482797845906	0	0.38864929347008764	ASN:chr8:82016264-83727741
ZFP36L2	1	0	-1.0572534161485079	0	2.3519616777471462	ASN:chr2:42336744-44322128
ZFP57	1	1	0.68452109959549245	1	-0.42849421118931186	ASN:chr6:28901402-29688046
ZFYVE21	1	0	-0.17303832169056629	0	0.30020641099028383	ASN:chr14:103390025-105001894
ZKSCAN3	1	1	0.42485498004345706	1	-0.17251336643638715	ASN:chr6:26697553-28901402
ZKSCAN4	1	1	0.37075787180343139	1	0.0010295572497796904	ASN:chr6:26697553-28901402
ZNF101	1	1	1.24673203547449	1	0.19205402079614795	ASN:chr19:16749208-20221313
ZNF114	1	1	0.046162060049925173	1	-0.038102829281733835	ASN:chr19:47334409-49093112
ZNF14	1	1	1.1167925784139079	1	-0.23545523218102216	ASN:chr19:16749208-20221313
ZNF165	1	1	0.32748018521143279	1	0.16805643353988617	ASN:chr6:26697553-28901402
ZNF180	1	0	-1.5871948502897735	0	0.51913124312196124	ASN:chr19:43862455-45579043
ZNF184	1	1	0.056994644011370284	1	0.96017718760453652	ASN:chr6:26697553-28901402
ZNF229	1	0	-1.6142404516720332	0	0.50309718264165149	ASN:chr19:43862455-45579043
ZNF253	1	1	1.0193379856184606	1	-0.013384641511902638	ASN:chr19:16749208-20221313
ZNF285	1	0	-1.6142404516720332	0	0.50309718264165149	ASN:chr19:43862455-45579043
ZNF296	1	0	-1.2518293931497395	0	0.53110644769844728	ASN:chr19:45579043-47334409
ZNF311	1	1	0.5005909315794711	1	-0.24350751101416362	ASN:chr6:28901402-29688046
ZNF319	1	0	-0.72173560605746179	0	-0.43015000371217715	ASN:chr16:56907578-58867358
ZNF365	1	0	0.71709038747875209	1	1.1532807207067699	ASN:chr10:62085190-64198067
ZNF391	1	1	0.046175222363365145	1	1.0017090835291111	ASN:chr6:26697553-28901402
ZNF486	1	1	0.97602483326493328	1	0.038789708129421986	ASN:chr19:20221313-21822864
ZNF506	1	1	1.0301662737068533	1	-0.10141334423302684	ASN:chr19:16749208-20221313
ZNF512	1	1	0.19638809090141965	1	-0.46199426568665258	ASN:chr2:26209579-29456860
ZNF513	1	1	0.39129727649229251	1	-0.21307234261906155	ASN:chr2:26209579-29456860
ZNF532	1	0	0.25440242270340968	1	-0.50301928719106326	ASN:chr18:54958664-57377707
ZNF572	1	1	0.91105510473464224	1	0.6854739286785948	ASN:chr8:123780420-126401023
ZNF618	1	0	0.95368616020071906	1	1.2374057823731186	ASN:chr9:116400502-119530000
ZNF626	1	0	0.80363631190197882	1	0.71636208757546282	ASN:chr19:20221313-21822864
ZNF682	1	1	0.99768140944169692	1	0.09892997834929311	ASN:chr19:16749208-20221313
ZNF70	1	0	1.6956449326471257	1	-0.58459943672850523	ASN:chr22:23398337-25209349
ZNF704	1	0	-1.3924665203375077	0	1.1037186001354868	ASN:chr8:79751440-82016264
ZNF761	1	0	-1.641286053054293	0	-0.48441102586112356	ASN:chr19:52985347-54734184
ZNF765	1	0	-1.6953772558188125	0	-0.4508730454098932	ASN:chr19:52985347-54734184
ZNF813	1	0	-1.5763766097368563	0	-0.50847938027676365	ASN:chr19:52985347-54734184
ZNF827	1	0	0.44072274718281423	1	-0.20381323185024169	ASN:chr4:145025810-148834277
ZNF839	1	0	-0.304558550734848	0	-0.15373286231951305	ASN:chr14:101357468-103390025
ZNF85	1	0	-0.91660861226167045	0	0.7229424784350128	ASN:chr19:20221313-21822864
ZNF90	1	1	0.98685312135332603	1	0.088726823869983429	ASN:chr19:16749208-20221313
ZNF93	1	1	1.0085096975300898	1	0.064770079359953853	ASN:chr19:16749208-20221313
ZPBP2	1	0	-0.20288293773152855	0	-0.54379479005208065	ASN:chr17:36495389-38649589
ZSCAN12	1	1	0.43567440169144023	1	-0.17948422511476486	ASN:chr6:26697553-28901402
ZSCAN16	1	1	0.33829960685943794	1	0.16415935687103003	ASN:chr6:26697553-28901402
ZSCAN23	1	1	0.44649382333944537	1	-0.23192837237347247	ASN:chr6:26697553-28901402
