gene_symbol	mask_class	excluded
SEC22B	retained	False
FAM87B	retained	False
LINC01128	retained	False
FAM41C	retained	False
SAMD11	retained	False
NOC2L	retained	False
KLHL17	retained	False
PLEKHN1	retained	False
PERM1	retained	False
HES4	retained	False
ISG15	retained	False
AGRN	retained	False
C1orf159	retained	False
TTLL10	retained	False
TNFRSF18	retained	False
TNFRSF4	retained	False
SDF4	retained	False
B3GALT6	retained	False
C1QTNF12	retained	False
UBE2J2	retained	False
SCNN1D	retained	False
ACAP3	retained	False
PUSL1	retained	False
INTS11	retained	False
CPTP	retained	False
TAS1R3	retained	False
DVL1	retained	False
MXRA8	retained	False
AURKAIP1	retained	False
CCNL2	retained	False
MRPL20	retained	False
ANKRD65	retained	False
VWA1	retained	False
ATAD3C	retained	False
ATAD3B	retained	False
ATAD3A	retained	False
TMEM240	retained	False
SSU72	retained	False
FNDC10	retained	False
MIB2	retained	False
MMP23B	retained	False
CDK11B	retained	False
CDK11A	retained	False
NADK	retained	False
GNB1	retained	False
CALML6	retained	False
TMEM52	retained	False
CFAP74	retained	False
GABRD	retained	False
PRKCZ	retained	False
FAAP20	retained	False
SKI	retained	False
MORN1	retained	False
RER1	retained	False
PEX10	retained	False
PLCH2	retained	False
PANK4	retained	False
HES5	retained	False
TNFRSF14	retained	False
PRXL2B	retained_tss_unresolved	False
MMEL1	retained	False
ACTRT2	retained	False
PRDM16-DT	retained	False
PRDM16	retained	False
ARHGEF16	retained	False
MEGF6	retained	False
TPRG1L	retained	False
WRAP73	retained	False
TP73	retained	False
TP73-AS1	retained	False
CCDC27	retained	False
SMIM1	retained	False
LRRC47	retained	False
CEP104	retained	False
DFFB	retained	False
C1orf174	retained	False
AJAP1	retained	False
NPHP4	retained	False
KCNAB2	retained	False
CHD5	retained	False
RPL22	retained	False
RNF207	retained	False
ICMT	retained	False
HES3	retained	False
GPR153	retained	False
ACOT7	retained	False
HES2	retained	False
ESPN	retained	False
TNFRSF25	retained	False
PLEKHG5	retained	False
NOL9	retained	False
TAS1R1	retained	False
ZBTB48	retained	False
KLHL21	retained	False
PHF13	retained	False
THAP3	retained	False
DNAJC11	retained	False
CAMTA1	retained	False
VAMP3	retained	False
PER3	retained	False
UTS2	retained	False
TNFRSF9	retained	False
PARK7	retained	False
ERRFI1	retained	False
SLC45A1	retained	False
RERE	retained	False
ENO1	retained	False
CA6	retained	False
SLC2A7	retained	False
SLC2A5	retained	False
GPR157	retained	False
H6PD	retained	False
SPSB1	retained	False
SLC25A33	retained	False
TMEM201	retained	False
PIK3CD	retained	False
PIK3CD-AS1	retained	False
CLSTN1	retained	False
CTNNBIP1	retained	False
LZIC	retained	False
NMNAT1	retained	False
RBP7	retained	False
UBE4B	retained	False
KIF1B	retained	False
PGD	retained	False
CENPS	retained	False
CORT	retained	False
DFFA	retained	False
PEX14	retained	False
CASZ1	retained	False
C1orf127	retained	False
TARDBP	retained	False
MASP2	retained	False
SRM	retained	False
EXOSC10	retained	False
MTOR	retained	False
ANGPTL7	retained	False
UBIAD1	retained	False
DISP3	retained	False
FBXO2	retained	False
FBXO44	retained	False
FBXO6	retained	False
MAD2L2	retained	False
DRAXIN	retained	False
AGTRAP	retained	False
C1orf167	retained	False
MTHFR	retained	False
CLCN6	retained	False
NPPA	retained	False
NPPB	retained	False
KIAA2013	retained	False
PLOD1	retained	False
MFN2	retained	False
MIIP	retained	False
TNFRSF8	retained	False
TNFRSF1B	retained	False
VPS13D	retained	False
DHRS3	retained	False
AADACL4	retained	False
CFAP107	retained	False
PRAMEF1	retained	False
HNRNPCL1	retained	False
PRAMEF2	retained	False
PRAMEF10	retained	False
PRAMEF8	retained	False
LRRC38	retained	False
PDPN	retained	False
PRDM2	retained	False
KAZN	retained	False
TMEM51-AS1	retained	False
TMEM51	retained	False
FHAD1	retained	False
EFHD2	retained	False
CTRC	retained	False
CELA2A	retained	False
CELA2B	retained	False
CASP9	retained	False
DNAJC16	retained	False
AGMAT	retained	False
DDI2	retained	False
RSC1A1	retained	False
PLEKHM2	retained	False
SLC25A34	retained	False
TMEM82	retained	False
FBLIM1	retained	False
SPEN-AS1	retained	False
SPEN	retained	False
ZBTB17	retained	False
SRARP	retained	False
HSPB7	retained	False
CLCNKA	retained	False
CLCNKB	retained	False
FAM131C	retained	False
EPHA2	retained	False
ARHGEF19	retained	False
CPLANE2	retained	False
FBXO42	retained	False
SZRD1	retained	False
SPATA21	retained	False
NECAP2	retained	False
CROCCP3	retained	False
NBPF1	retained	False
CROCCP2	retained	False
CROCC	retained	False
MFAP2	retained	False
ATP13A2	retained	False
SDHB	retained	False
PADI2	retained	False
PADI1	retained	False
PADI3	retained	False
PADI4	retained	False
PADI6	retained	False
RCC2	retained	False
ARHGEF10L	retained	False
ACTL8	retained	False
IGSF21	retained	False
KLHDC7A	retained	False
PAX7	retained	False
TAS1R2	retained	False
ALDH4A1	retained	False
IFFO2	retained	False
UBR4	retained	False
EMC1	retained	False
MRTO4	retained	False
AKR7L	retained	False
AKR7A3	retained	False
AKR7A2	retained	False
SLC66A1	retained	False
CAPZB	retained	False
MICOS10	retained	False
NBL1	retained	False
HTR6	retained	False
TMCO4	retained	False
RNF186	retained	False
OTUD3	retained	False
PLA2G2E	retained	False
PLA2G2A	retained	False
PLA2G5	retained	False
PLA2G2D	retained	False
PLA2G2F	retained	False
PLA2G2C	retained	False
UBXN10	retained	False
VWA5B1	retained	False
CAMK2N1	retained	False
MUL1	retained	False
FAM43B	retained	False
CDA	retained	False
PINK1	retained	False
DDOST	retained	False
KIF17	retained	False
SH2D5	retained	False
HP1BP3	retained	False
EIF4G3	retained	False
ECE1	retained	False
NBPF3	retained	False
ALPL	retained	False
RAP1GAP	retained	False
USP48	retained	False
HSPG2	retained	False
CELA3B	retained	False
CELA3A	retained	False
LINC00339	retained	False
CDC42	retained	False
WNT4	retained	False
ZBTB40	retained	False
EPHA8	retained	False
C1QA	retained	False
C1QC	retained	False
C1QB	retained	False
EPHB2	retained	False
LACTBL1	retained	False
KDM1A	retained	False
LUZP1	retained	False
HTR1D	retained	False
HNRNPR	retained	False
ZNF436	retained	False
TCEA3	retained	False
ASAP3	retained	False
E2F2	retained	False
ID3	retained	False
MDS2	retained	False
RPL11	retained	False
ELOA	retained	False
PITHD1	retained	False
LYPLA2	retained	False
GALE	retained	False
HMGCL	retained	False
FUCA1	retained	False
CNR2	retained	False
PNRC2	retained	False
SRSF10	retained	False
MYOM3	retained	False
IL22RA1	retained	False
IFNLR1	retained	False
LINC02800	retained	False
GRHL3	retained	False
STPG1	retained	False
NIPAL3	retained	False
RCAN3	retained	False
NCMAP	retained	False
SRRM1	retained	False
CLIC4	retained	False
RUNX3	retained	False
SYF2	retained	False
RSRP1	retained	False
RHD	retained	False
TMEM50A	retained	False
RHCE	retained	False
MACO1	retained	False
LDLRAP1	retained	False
MAN1C1	retained	False
SELENON	retained	False
MTFR1L	retained	False
AUNIP	retained	False
PAQR7	retained	False
STMN1	retained	False
PAFAH2	retained	False
EXTL1	retained	False
SLC30A2	retained	False
TRIM63	retained	False
PDIK1L	retained	False
FAM110D	retained	False
ZNF593	retained	False
CNKSR1	retained	False
CATSPER4	retained	False
CEP85	retained	False
SH3BGRL3	retained	False
UBXN11	retained	False
CD52	retained	False
CRYBG2	retained	False
ZNF683	retained	False
LIN28A	retained	False
DHDDS	retained	False
HMGN2	retained	False
RPS6KA1	retained	False
ARID1A	retained	False
PIGV	retained	False
ZDHHC18	retained	False
SFN	retained	False
GPN2	retained	False
GPATCH3	retained	False
NUDC	retained	False
NR0B2	retained	False
KDF1	retained	False
TRNP1	retained	False
TENT5B	retained	False
SLC9A1	retained	False
WDTC1	retained	False
TMEM222	retained	False
SYTL1	retained	False
MAP3K6	retained	False
FCN3	retained	False
CD164L2	retained	False
GPR3	retained	False
WASF2	retained	False
AHDC1	retained	False
FGR	retained	False
IFI6	retained	False
FAM76A	retained	False
STX12	retained	False
PPP1R8	retained	False
THEMIS2	retained	False
RPA2	retained	False
SMPDL3B	retained	False
XKR8	retained	False
EYA3	retained	False
PTAFR	retained	False
DNAJC8	retained	False
ATP5IF1	retained_tss_unresolved	False
SESN2	retained	False
MED18	retained	False
PHACTR4	retained	False
RCC1	retained	False
SNHG3	retained	False
TRNAU1AP	retained	False
SNHG12	retained	False
RAB42	retained	False
TAF12	retained	False
GMEB1	retained	False
YTHDF2	retained	False
OPRD1	retained	False
EPB41	retained	False
TMEM200B	retained	False
SRSF4	retained	False
MECR	retained	False
PTPRU	retained	False
MATN1	retained	False
LAPTM5	retained	False
SDC3	retained	False
PUM1	retained	False
NKAIN1	retained	False
SNRNP40	retained	False
ZCCHC17	retained	False
FABP3	retained	False
SERINC2	retained	False
LDC1P	retained_tss_unresolved	False
TINAGL1	retained	False
HCRTR1	retained	False
PEF1	retained	False
COL16A1	retained	False
ADGRB2	retained	False
SPOCD1	retained	False
PTP4A2	retained	False
KHDRBS1	retained	False
TMEM39B	retained	False
KPNA6	retained	False
TXLNA	retained	False
CCDC28B	retained	False
TMEM234	retained	False
IQCC	retained	False
DCDC2B	retained	False
EIF3I	retained	False
FAM167B	retained	False
LCK	retained	False
HDAC1	retained	False
MARCKSL1	retained	False
TSSK3	retained	False
BSDC1	retained	False
ZBTB8A	retained	False
ZBTB8OS	retained	False
RBBP4	retained	False
SYNC	retained	False
KIAA1522	retained	False
YARS1	retained	False
S100PBP	retained	False
FNDC5	retained	False
HPCA	retained	False
TMEM54	retained	False
RNF19B	retained	False
AK2	retained	False
AZIN2	retained	False
TRIM62	retained	False
ZNF362	retained	False
A3GALT2	retained	False
PHC2	retained	False
ZSCAN20	retained	False
CSMD2	retained	False
HMGB4	retained	False
C1orf94	retained	False
GJB5	retained	False
GJB4	retained	False
GJB3	retained	False
GJA4	retained	False
SMIM12	retained	False
DLGAP3	retained	False
ZMYM6	retained	False
ZMYM1	retained	False
SFPQ	retained	False
ZMYM4	retained	False
KIAA0319L	retained	False
NCDN	retained	False
TFAP2E	retained	False
PSMB2	retained	False
C1orf216	retained	False
CLSPN	retained	False
AGO4	retained	False
AGO1	retained	False
AGO3	retained	False
TEKT2	retained	False
ADPRS	retained	False
COL8A2	retained	False
TRAPPC3	retained	False
MAP7D1	retained	False
THRAP3	retained	False
SH3D21	retained	False
EVA1B	retained	False
STK40	retained	False
LSM10	retained	False
OSCP1	retained	False
MRPS15	retained	False
CSF3R	retained	False
GRIK3	retained	False
ZC3H12A-DT	retained	False
ZC3H12A	retained	False
MEAF6	retained	False
SNIP1	retained	False
DNALI1	retained	False
GNL2	retained	False
RSPO1	retained	False
C1orf109	retained	False
CDCA8	retained	False
EPHA10	retained	False
MANEAL	retained	False
YRDC	retained	False
C1orf122	retained	False
MTF1	retained	False
INPP5B	retained	False
SF3A3	retained	False
FHL3	retained	False
UTP11	retained	False
POU3F1	retained	False
RRAGC	retained	False
MYCBP	retained	False
GJA9	retained	False
RHBDL2	retained	False
AKIRIN1	retained	False
NDUFS5	retained	False
MACF1	retained	False
BMP8A	retained	False
PABPC4	retained	False
HEYL	retained	False
NT5C1A	retained	False
HPCAL4	retained	False
PPIE	retained	False
BMP8B	retained	False
OXCT2	retained	False
TRIT1	retained	False
MYCL	retained	False
MFSD2A	retained	False
CAP1	retained	False
PPT1	retained	False
RLF	retained	False
TMCO2	retained	False
ZMPSTE24	retained	False
COL9A2	retained	False
SMAP2	retained	False
ZFP69B	retained	False
ZFP69	retained	False
EXO5	retained	False
ZNF684	retained	False
RIMS3	retained	False
NFYC	retained	False
KCNQ4	retained	False
CITED4	retained	False
CTPS1	retained	False
SLFNL1	retained	False
SCMH1	retained	False
EDN2	retained	False
HIVEP3	retained	False
GUCA2B	retained	False
GUCA2A	retained	False
FOXJ3	retained	False
RIMKLA	retained	False
ZMYND12	retained	False
PPCS	retained	False
CCDC30	retained	False
PPIH	retained	False
YBX1	retained	False
CLDN19	retained	False
P3H1	retained	False
C1orf50	retained	False
SVBP	retained	False
ERMAP	retained	False
ZNF691	retained	False
SLC2A1	retained	False
FAM183A	retained	False
EBNA1BP2	retained	False
CFAP57	retained	False
TMEM125	retained	False
C1orf210	retained	False
TIE1	retained	False
MPL	retained	False
CDC20	retained	False
ELOVL1	retained	False
MED8	retained	False
SZT2	retained	False
HYI	retained	False
PTPRF	retained	False
KDM4A	retained	False
ST3GAL3	retained	False
ARTN	retained	False
IPO13	retained	False
DPH2	retained	False
ATP6V0B	retained	False
B4GALT2	retained	False
CCDC24	retained	False
SLC6A9	retained	False
KLF17	retained	False
DMAP1	retained	False
ERI3	retained	False
RNF220	retained	False
TMEM53	retained	False
KIF2C	retained	False
RPS8	retained	False
SNORD55	retained	False
SNORD46	retained	False
BEST4	retained	False
PLK3	retained	False
PTCH2	retained	False
EIF2B3	retained	False
HECTD3	retained	False
UROD	retained	False
ZSWIM5	retained	False
LINC01144	retained_tss_unresolved	False
HPDL	retained	False
MUTYH	retained	False
TOE1	retained	False
TESK2	retained	False
MMACHC	retained	False
PRDX1	retained	False
AKR1A1	retained	False
NASP	retained	False
CCDC17	retained	False
GPBP1L1	retained	False
TMEM69	retained	False
IPP	retained	False
MAST2	retained	False
PIK3R3	retained	False
TSPAN1	retained	False
POMGNT1	retained	False
LURAP1	retained	False
RAD54L	retained	False
LRRC41	retained	False
UQCRH	retained	False
NSUN4	retained	False
FAAH	retained	False
DMBX1	retained	False
KNCN	retained	False
MKNK1	retained	False
MOB3C	retained	False
ATPAF1	retained	False
TEX38	retained	False
EFCAB14	retained	False
CYP4B1	retained	False
CYP4Z2P	retained	False
CYP4A11	retained	False
CYP4X1	retained	False
CYP4Z1	retained	False
PDZK1IP1	retained	False
TAL1	retained	False
STIL	retained	False
CMPK1	retained	False
FOXE3	retained	False
FOXD2-AS1	retained	False
FOXD2	retained	False
TRABD2B	retained	False
SLC5A9	retained	False
SPATA6	retained	False
AGBL4	retained	False
BEND5	retained	False
ELAVL4	retained	False
DMRTA2	retained	False
FAF1	retained	False
CDKN2C	retained	False
C1orf185	retained	False
RNF11	retained	False
TTC39A	retained	False
EPS15	retained	False
OSBPL9	retained	False
NRDC	retained	False
RAB3B	retained	False
TXNDC12	retained	False
KTI12	retained	False
BTF3L4	retained	False
ZFYVE9	retained	False
CC2D1B	retained	False
ORC1	retained	False
PRPF38A	retained	False
TUT4	retained	False
GPX7	retained	False
SHISAL2A	retained	False
COA7	retained	False
ZYG11B	retained	False
ZYG11A	retained	False
ECHDC2	retained	False
SCP2	retained	False
PODN	retained	False
SLC1A7	retained	False
CPT2	retained	False
CZIB	retained	False
MAGOH	retained	False
LRP8	retained	False
DMRTB1	retained	False
GLIS1	retained	False
NDC1	retained	False
YIPF1	retained	False
DIO1	retained	False
HSPB11	retained	False
LRRC42	retained	False
LDLRAD1	retained	False
TMEM59	retained	False
TCEANC2	retained	False
CDCP2	retained	False
CYB5RL	retained	False
MRPL37	retained	False
SSBP3	retained	False
SSBP3-AS1	retained	False
ACOT11	retained	False
FAM151A	retained	False
MROH7	retained	False
TTC4	retained	False
PARS2	retained	False
TTC22	retained	False
LEXM	retained	False
DHCR24	retained	False
TMEM61	retained	False
BSND	retained	False
PCSK9	retained	False
USP24	retained	False
PLPP3	retained	False
PRKAA2	retained	False
FYB2	retained	False
C8A	retained	False
C8B	retained	False
DAB1	retained	False
OMA1	retained	False
TACSTD2	retained	False
MYSM1	retained	False
JUN	retained	False
FGGY	retained	False
HOOK1	retained	False
CYP2J2	retained	False
C1orf87	retained	False
NFIA	retained	False
NFIA-AS1	retained	False
TM2D1	retained	False
PATJ	retained	False
L1TD1	retained	False
KANK4	retained	False
USP1	retained	False
DOCK7	retained	False
ANGPTL3	retained	False
ATG4C	retained	False
FOXD3	retained	False
ALG6	retained	False
ITGB3BP	retained	False
EFCAB7	retained	False
PGM1	retained	False
ROR1	retained	False
UBE2U	retained	False
CACHD1	retained	False
RAVER2	retained	False
JAK1	retained	False
MIR101-1	retained	False
AK4	retained	False
DNAJC6	retained	False
LEPROT	retained	False
LEPR	retained	False
PDE4B	retained	False
SGIP1	retained	False
DYNLT5	retained	False
INSL5	retained	False
DNAI4	retained	False
MIER1	retained	False
SLC35D1	retained	False
C1orf141	retained	False
IL23R	retained	False
IL12RB2	retained	False
SERBP1	retained	False
GADD45A	retained	False
GNG12	retained	False
DIRAS3	retained	False
WLS	retained	False
RPE65	retained	False
DEPDC1	retained	False
LRRC7	retained	False
PIN1P1	retained	False
LRRC40	retained	False
SRSF11	retained	False
ANKRD13C	retained	False
HHLA3	retained	False
CTH	retained	False
PTGER3	retained	False
ZRANB2	retained	False
NEGR1	retained	False
LRRIQ3	retained	False
FPGT	retained	False
TNNI3K	retained	False
ERICH3	retained	False
CRYZ	retained	False
TYW3	retained	False
LHX8	retained	False
SLC44A5	retained	False
ACADM	retained	False
RABGGTB	retained	False
SNORD45A	retained	False
SNORD45B	retained	False
MSH4	retained	False
ASB17	retained	False
ST6GALNAC3	retained	False
ST6GALNAC5	retained	False
PIGK	retained	False
AK5	retained	False
ZZZ3	retained	False
USP33	retained	False
MIGA1	retained	False
NEXN-AS1	retained	False
NEXN	retained	False
FUBP1	retained	False
DNAJB4	retained	False
GIPC2	retained	False
MGC27382	retained	False
PTGFR	retained	False
IFI44L	retained	False
IFI44	retained	False
ADGRL4	retained	False
ADGRL2	retained	False
TTLL7	retained	False
PRKACB	retained	False
SAMD13	retained	False
DNASE2B	retained	False
RPF1	retained	False
GNG5	retained	False
SPATA1	retained	False
CTBS	retained	False
LINC01555	retained	False
SSX2IP	retained	False
LPAR3	retained	False
MCOLN2	retained	False
MCOLN3	retained	False
DNAI3	retained	False
SYDE2	retained	False
C1orf52	retained	False
BCL10	retained	False
DDAH1	retained	False
CCN1	retained	False
ZNHIT6	retained	False
COL24A1	retained	False
ODF2L	retained	False
CLCA2	retained	False
CLCA1	retained	False
CLCA4	retained	False
CLCA3P	retained	False
SH3GLB1	retained	False
SELENOF	retained	False
HS2ST1	retained	False
LINC01140	retained	False
LMO4	retained	False
PKN2	retained	False
GTF2B	retained	False
KYAT3	retained	False
GBP3	retained	False
GBP1	retained	False
GBP2	retained	False
GBP7	retained	False
GBP4	retained	False
GBP5	retained	False
GBP6	retained	False
LRRC8B	retained	False
LRRC8C	retained	False
LRRC8D	retained	False
ZNF326	retained	False
BARHL2	retained	False
ZNF644	retained	False
HFM1	retained	False
CDC7	retained	False
TGFBR3	retained	False
BRDT	retained	False
EPHX4	retained	False
BTBD8	retained	False
C1orf146	retained	False
GLMN	retained	False
RPAP2	retained	False
GFI1	retained	False
EVI5	retained	False
RPL5	retained	False
DIPK1A	retained	False
SNORA66	retained	False
MTF2	retained	False
TMED5	retained	False
CCDC18	retained	False
DR1	retained	False
FNBP1L	retained	False
BCAR3	retained	False
DNTTIP2	retained	False
GCLM	retained	False
ABCA4	retained	False
ARHGAP29	retained	False
ABCD3	retained	False
F3	retained	False
SLC44A3	retained	False
CNN3	retained	False
ALG14	retained	False
TLCD4	retained	False
RWDD3	retained	False
PTBP2	retained	False
DPYD	retained	False
MIR137HG	retained	False
SNX7	retained	False
PLPPR5	retained	False
PLPPR4	retained	False
PALMD	retained	False
FRRS1	retained	False
AGL	retained	False
SLC35A3	retained	False
MFSD14A	retained	False
SASS6	retained	False
TRMT13	retained	False
LRRC39	retained	False
DBT	retained	False
RTCA	retained	False
CDC14A	retained	False
GPR88	retained	False
VCAM1	retained	False
EXTL2	retained	False
SLC30A7	retained	False
DPH5	retained	False
S1PR1	retained	False
OLFM3	retained	False
COL11A1	retained	False
RNPC3	retained	False
AMY2B	retained	False
AMY1A	retained	False
AMY1B	retained	False
PRMT6	retained	False
NTNG1	retained	False
VAV3	retained	False
SLC25A24	retained	False
FAM102B	retained	False
HENMT1	retained	False
PRPF38B	retained	False
FNDC7	retained	False
STXBP3	retained	False
AKNAD1	retained	False
SPATA42	retained	False
GPSM2	retained	False
CLCC1	retained	False
WDR47	retained	False
TAF13	retained	False
TMEM167B	retained	False
CFAP276	retained	False
ELAPOR1	retained	False
SARS1	retained	False
CELSR2	retained	False
PSRC1	retained	False
MYBPHL	retained	False
SORT1	retained	False
PSMA5	retained	False
SYPL2	retained	False
ATXN7L2	retained	False
CYB561D1	retained	False
AMIGO1	retained	False
GPR61	retained	False
GNAI3	retained	False
GNAT2	retained	False
AMPD2	retained	False
GSTM4	retained	False
GSTM2	retained	False
GSTM1	retained	False
GSTM5	retained	False
GSTM3	retained	False
EPS8L3	retained	False
CSF1	retained	False
AHCYL1	retained	False
STRIP1	retained	False
ALX3	retained	False
UBL4B	retained	False
SLC6A17	retained	False
KCNC4	retained	False
RBM15	retained	False
SLC16A4	retained	False
LAMTOR5	retained	False
PROK1	retained	False
KCNA10	retained	False
KCNA2	retained	False
KCNA3	retained	False
CD53	retained	False
LRIF1	retained	False
DRAM2	retained	False
CEPT1	retained	False
DENND2D	retained	False
CHI3L2	retained	False
CHIAP2	retained	False
CHIA	retained	False
PIFO	retained	False
OVGP1	retained	False
WDR77	retained	False
ATP5PB	retained	False
C1orf162	retained	False
ADORA3	retained	False
RAP1A	retained	False
INKA2	retained	False
DDX20	retained	False
KCND3	retained	False
CTTNBP2NL	retained	False
WNT2B	retained	False
ST7L	retained	False
CAPZA1	retained	False
MOV10	retained	False
RHOC	retained	False
PPM1J	retained	False
TAFA3	retained	False
SLC16A1	retained	False
LRIG2	retained	False
MAGI3	retained	False
PHTF1	retained	False
RSBN1	retained	False
PTPN22	retained	False
BCL2L15	retained	False
AP4B1	retained	False
DCLRE1B	retained	False
HIPK1	retained	False
OLFML3	retained	False
SYT6	retained	False
TRIM33	retained	False
BCAS2	retained	False
DENND2C	retained	False
AMPD1	retained	False
NRAS	retained	False
CSDE1	retained	False
SIKE1	retained	False
SYCP1	retained	False
TSHB	retained	False
TSPAN2	retained	False
NGF	retained	False
VANGL1	retained	False
CASQ2	retained	False
NHLH2	retained	False
SLC22A15	retained	False
MAB21L3	retained	False
ATP1A1	retained	False
ATP1A1-AS1	retained	False
CD58	retained	False
IGSF3	retained	False
LINC02868	retained	False
CD2	retained	False
PTGFRN	retained	False
CD101	retained	False
TTF2	retained	False
TRIM45	retained	False
VTCN1	retained	False
MAN1A2	retained	False
TENT5C	retained	False
GDAP2	retained	False
WDR3	retained	False
SPAG17	retained	False
TBX15	retained	False
WARS2	retained	False
HAO2	retained	False
HSD3B2	retained	False
HSD3B1	retained	False
ZNF697	retained	False
PHGDH	retained	False
HMGCS2	retained	False
REG4	retained	False
ADAM30	retained	False
NOTCH2	retained	False
FCGR1BP	retained_tss_unresolved	False
SRGAP2C	retained	False
EMBP1	retained	False
PPIAL4A	retained	False
PDE4DIP	retained	False
NUDT4B	retained	False
NOTCH2NLA	retained_tss_unresolved	False
NBPF10	retained	False
HJV	retained	False
TXNIP	retained	False
POLR3GL	retained	False
ANKRD34A	retained	False
LIX1L	retained	False
RBM8A	retained	False
GNRHR2	retained	False
PEX11B	retained	False
ITGA10	retained	False
ANKRD35	retained	False
PIAS3	retained	False
POLR3C	retained	False
RNF115	retained	False
CD160	retained	False
PDZK1	retained	False
NBPF11	retained	False
PRKAB2	retained	False
CHD1L	retained	False
FMO5	retained	False
BCL9	retained	False
ACP6	retained	False
GJA5	retained	False
GJA8	retained	False
GPR89B	retained	False
NBPF14	retained	False
NBPF15	retained	False
LINC00869	retained_tss_unresolved	False
FCGR1A	retained	False
H3C13	retained	False
H4C14	retained_tss_unresolved	False
H3C15	retained	False
H3C14	retained	False
H2AC18	retained_tss_unresolved	False
H2BC21	retained	False
H2AC20	retained	False
H2AC21	retained	False
BOLA1	retained	False
SV2A	retained	False
SF3B4	retained	False
MTMR11	retained	False
OTUD7B	retained	False
VPS45	retained	False
PLEKHO1	retained	False
ANP32E	retained	False
CA14	retained	False
APH1A	retained	False
C1orf54	retained	False
CIART	retained	False
MRPS21	retained	False
PRPF3	retained	False
RPRD2	retained	False
TARS2	retained	False
ECM1	retained	False
ADAMTSL4	retained	False
MCL1	retained	False
ENSA	retained	False
GOLPH3L	retained	False
HORMAD1	retained	False
CTSS	retained	False
CTSK	retained	False
ARNT	retained	False
SETDB1	retained	False
CERS2	retained	False
ANXA9	retained	False
MINDY1	retained	False
PRUNE1	retained	False
BNIPL	retained	False
C1orf56	retained	False
CDC42SE1	retained	False
MLLT11	retained	False
GABPB2	retained	False
SEMA6C	retained	False
LYSMD1	retained	False
TNFAIP8L2	retained	False
SCNM1	retained	False
TMOD4	retained	False
VPS72	retained	False
PIP5K1A	retained	False
PSMD4	retained	False
ZNF687	retained	False
PI4KB	retained	False
RFX5	retained	False
SELENBP1	retained	False
PSMB4	retained	False
POGZ	retained	False
CGN	retained	False
TUFT1	retained	False
SNX27	retained	False
CELF3	retained	False
RIIAD1	retained	False
MRPL9	retained	False
OAZ3	retained	False
TDRKH	retained	False
LINGO4	retained	False
RORC	retained	False
THEM5	retained	False
THEM4	retained	False
S100A10	retained	False
S100A11	retained	False
TCHHL1	retained	False
TCHH	retained	False
RPTN	retained	False
HRNR	retained	False
FLG	retained	False
FLG-AS1	retained	False
FLG2	retained	False
CRNN	retained	False
LCE5A	retained	False
CRCT1	retained	False
LCE3E	retained	False
LCE3D	retained	False
LCE3C	retained	False
LCE3B	retained	False
LCE3A	retained	False
LCE2D	retained	False
LCE2C	retained	False
LCE2B	retained	False
LCE2A	retained	False
LCE4A	retained	False
C1orf68	retained	False
KPRP	retained	False
LCE1F	retained	False
LCE1E	retained	False
LCE1D	retained	False
LCE1C	retained	False
LCE1B	retained	False
LCE1A	retained	False
LCE6A	retained	False
SMCP	retained	False
IVL	retained	False
SPRR4	retained	False
SPRR1A	retained	False
SPRR3	retained	False
SPRR1B	retained	False
SPRR2D	retained	False
SPRR2A	retained	False
SPRR2E	retained	False
SPRR2G	retained	False
LELP1	retained	False
LORICRIN	retained	False
PGLYRP3	retained	False
PGLYRP4	retained	False
S100A9	retained	False
S100A12	retained	False
S100A8	retained	False
S100A7A	retained	False
S100A7	retained	False
S100A6	retained	False
S100A5	retained	False
S100A4	retained	False
S100A3	retained	False
S100A2	retained	False
S100A16	retained	False
S100A14	retained	False
S100A13	retained	False
S100A1	retained	False
CHTOP	retained	False
SNAPIN	retained	False
ILF2	retained	False
NPR1	retained	False
INTS3	retained	False
SLC27A3	retained	False
GATAD2B	retained	False
DENND4B	retained	False
CRTC2	retained	False
SLC39A1	retained	False
CREB3L4	retained	False
JTB	retained	False
RAB13	retained	False
RPS27	retained	False
NUP210L	retained	False
TPM3	retained	False
CFAP141	retained	False
C1orf43	retained	False
UBAP2L	retained	False
HAX1	retained	False
AQP10	retained	False
ATP8B2	retained	False
IL6R	retained	False
SHE	retained	False
TDRD10	retained	False
UBE2Q1	retained	False
CHRNB2	retained	False
ADAR	retained	False
KCNN3	retained	False
PMVK	retained	False
PBXIP1	retained	False
PYGO2	retained	False
SHC1	retained	False
CKS1B	retained	False
FLAD1	retained	False
LENEP	retained	False
ZBTB7B	retained	False
DCST2	retained	False
DCST1	retained	False
ADAM15	retained	False
EFNA4	retained	False
EFNA3	retained	False
EFNA1	retained	False
SLC50A1	retained	False
DPM3	retained	False
KRTCAP2	retained	False
TRIM46	retained	False
MUC1	retained	False
THBS3	retained	False
MTX1	retained	False
GBAP1	retained	False
GBA1	retained_tss_unresolved	False
ENTREP3	retained_tss_unresolved	False
SCAMP3	retained	False
CLK2	retained	False
HCN3	retained	False
PKLR	retained	False
FDPS	retained	False
RUSC1-AS1	retained	False
RUSC1	retained	False
ASH1L	retained	False
POU5F1P4	retained	False
ASH1L-AS1	retained	False
MSTO1	retained	False
YY1AP1	retained	False
DAP3	retained	False
GON4L	retained	False
SYT11	retained	False
RIT1	retained	False
KHDC4	retained	False
RXFP4	retained	False
ARHGEF2	retained	False
SSR2	retained	False
UBQLN4	retained	False
LAMTOR2	retained	False
RAB25	retained	False
MEX3A	retained	False
LMNA	retained	False
SEMA4A	retained	False
SLC25A44	retained	False
PMF1	retained	False
BGLAP	retained	False
PAQR6	retained	False
SMG5	retained	False
TMEM79	retained	False
GLMP	retained	False
VHLL	retained	False
CCT3	retained	False
TSACC	retained	False
RHBG	retained	False
MIR9-1HG	retained	False
MEF2D	retained	False
IQGAP3	retained	False
TTC24	retained	False
NAXE	retained	False
GPATCH4	retained	False
HAPLN2	retained	False
BCAN	retained	False
NES	input_only	True
CRABP2	input_only	True
ISG20L2	input_only	True
METTL25B	input_only	True
MRPL24	input_only	True
HDGF	input_only	True
PRCC	input_only	True
SH2D2A	input_only	True
NTRK1	input_only	True
INSRR	input_only	True
PEAR1	input_only	True
LRRC71	input_only	True
ARHGEF11	input_only	True
ETV3L	input_only	True
ETV3	input_only	True
FCRL5	input_only	True
FCRL4	input_only	True
FCRL3	tss_and_input	True
FCRL2	input_only	True
FCRL1	input_only	True
CD5L	input_only	True
KIRREL1	input_only	True
LINC01704	input_only	True
CD1D	input_only	True
CD1A	input_only	True
CD1B	input_only	True
CD1C	input_only	True
CD1E	input_only	True
OR10T2	input_only	True
OR10K2	input_only	True
OR10K1	input_only	True
OR10R2	input_only	True
OR6Y1	input_only	True
OR10X1	input_only	True
OR10Z1	input_only	True
SPTA1	input_only	True
OR6K2	input_only	True
OR6K3	retained	False
OR6N1	retained	False
OR6K6	retained	False
OR6N2	retained	False
MNDA	retained	False
PYHIN1	retained	False
IFI16	retained	False
AIM2	retained	False
CADM3	retained	False
ACKR1	retained	False
FCER1A	retained	False
OR10J1	retained	False
OR10J5	retained	False
APCS	retained	False
CRP	retained	False
DUSP23	retained	False
FCRL6	retained	False
SLAMF8	retained	False
VSIG8	retained	False
CFAP45	retained	False
TAGLN2	retained	False
IGSF9	retained	False
SLAMF9	retained	False
PIGM	retained	False
KCNJ10	retained	False
KCNJ9	retained	False
IGSF8	retained	False
ATP1A2	retained	False
ATP1A4	retained	False
CASQ1	retained	False
PEA15	retained	False
DCAF8	retained	False
PEX19	retained	False
COPA	retained	False
NCSTN	retained	False
NHLH1	retained	False
VANGL2	retained	False
SLAMF6	retained	False
CD84	retained	False
SLAMF1	retained	False
CD48	retained	False
SLAMF7	retained	False
LY9	retained	False
CD244	retained	False
ITLN1	retained	False
ITLN2	retained	False
F11R	retained	False
USF1	retained	False
ARHGAP30	retained	False
NECTIN4	retained	False
KLHDC9	retained	False
PFDN2	retained	False
NIT1	retained	False
DEDD	retained	False
UFC1	retained	False
USP21	retained	False
PPOX	retained	False
B4GALT3	retained	False
ADAMTS4	retained	False
NDUFS2	retained	False
FCER1G	retained	False
APOA2	retained	False
TOMM40L	retained	False
NR1I3	retained	False
PCP4L1	retained	False
MPZ	retained	False
SDHC	retained	False
CFAP126	retained	False
FCGR2A	retained	False
HSPA6	retained	False
FCGR3A	retained	False
FCGR3B	retained	False
FCGR2B	retained	False
FCRLA	retained	False
FCRLB	retained	False
DUSP12	retained	False
ATF6	retained	False
OLFML2B	retained	False
NOS1AP	retained	False
SPATA46	retained	False
C1orf226	retained	False
SH2D1B	retained	False
UHMK1	retained	False
UAP1	retained	False
DDR2	retained	False
HSD17B7	retained	False
CCDC190	retained	False
RGS4	retained	False
RGS5	retained	False
NUF2	retained	False
PBX1	retained	False
LMX1A	retained	False
RXRG	retained	False
LRRC52-AS1	retained	False
LRRC52	retained	False
MGST3	retained	False
ALDH9A1	retained	False
TMCO1	retained	False
UCK2	retained	False
FAM78B	retained	False
FMO9P	retained	False
POGK	retained	False
TADA1	retained	False
ILDR2	retained	False
MAEL	retained	False
GPA33	retained	False
STYXL2	retained	False
POU2F1	retained	False
CD247	retained	False
CREG1	retained	False
RCSD1	retained	False
MPZL1	retained	False
ADCY10	retained	False
MPC2	retained	False
DCAF6	retained	False
GPR161	retained	False
TIPRL	retained	False
SFT2D2	retained	False
ANKRD36BP1	retained	False
TBX19	retained	False
XCL2	retained	False
XCL1	retained	False
DPT	retained	False
LINC00626	retained	False
ATP1B1	retained	False
NME7	retained	False
BLZF1	retained	False
CCDC181	retained	False
SLC19A2	retained	False
F5	retained	False
SELP	retained	False
SELL	retained	False
SELE	retained	False
METTL18	retained	False
C1orf112	retained	False
SCYL3	retained	False
KIFAP3	retained	False
NTMT2	retained	False
LINC01142	retained	False
GORAB	retained	False
PRRX1	retained	False
MROH9	retained	False
FMO3	retained	False
FMO6P	retained	False
FMO2	retained	False
FMO1	retained	False
FMO4	retained	False
PRRC2C	retained	False
MYOC	retained	False
VAMP4	retained	False
METTL13	retained	False
DNM3	retained	False
C1orf105	retained	False
PIGC	retained	False
SUCO	retained	False
FASLG	retained	False
TNFSF18	retained	False
TNFSF4	retained	False
PRDX6	retained	False
SLC9C2	retained	False
ANKRD45	retained	False
KLHL20	retained	False
CENPL	retained	False
DARS2	retained	False
GAS5	retained	False
ZBTB37	retained	False
SERPINC1	retained	False
RC3H1	retained	False
RABGAP1L	retained	False
GPR52	retained	False
CACYBP	retained	False
MRPS14	retained	False
TNN	retained	False
KIAA0040	retained	False
TNR	retained	False
COP1	retained	False
PAPPA2	retained	False
ASTN1	retained	False
BRINP2	retained	False
SEC16B	retained	False
RASAL2	retained	False
TEX35	retained	False
C1orf220	retained	False
RALGPS2	retained	False
ANGPTL1	retained	False
FAM20B	retained	False
TOR3A	retained	False
ABL2	retained	False
SOAT1	retained	False
AXDND1	retained	False
NPHS2	retained	False
TDRD5	retained	False
FAM163A	retained	False
TOR1AIP2	retained	False
TOR1AIP1	retained	False
CEP350	retained	False
QSOX1	retained	False
LHX4	retained	False
ACBD6	retained	False
XPR1	retained	False
KIAA1614	retained	False
STX6	retained	False
MR1	retained	False
IER5	retained	False
CACNA1E	retained	False
ZNF648	retained	False
GLUL	retained	False
TEDDM1	retained	False
RGSL1	retained	False
RNASEL	retained	False
RGS16	retained	False
LINC01686	retained	False
RGS8	retained	False
NPL	retained	False
DHX9	retained	False
SHCBP1L	retained	False
LAMC1	retained	False
LAMC2	retained	False
NMNAT2	retained	False
SMG7	retained	False
NCF2	retained	False
ARPC5	retained	False
RGL1	retained	False
APOBEC4	retained	False
COLGALT2	retained	False
TSEN15	retained	False
C1orf21	retained	False
EDEM3	retained	False
NIBAN1	retained	False
RNF2	retained	False
TRMT1L	retained	False
SWT1	retained	False
IVNS1ABP	retained	False
HMCN1	retained	False
PRG4	retained	False
TPR	retained	False
ODR4	retained	False
PDC	retained	False
PTGS2	retained	False
PLA2G4A	retained	False
BRINP3	retained	False
RGS18	retained	False
RGS21	retained	False
RGS1	retained	False
RGS13	retained	False
RGS2	retained	False
UCHL5	retained	False
RO60	retained	False
GLRX2	retained	False
CDC73	retained	False
B3GALT2	retained	False
KCNT2	retained	False
CFH	retained	False
CFHR3	retained	False
CFHR1	retained	False
CFHR4	retained	False
CFHR2	retained	False
CFHR5	retained	False
F13B	retained	False
ASPM	retained	False
ZBTB41	retained	False
CRB1	retained	False
DENND1B	retained	False
C1orf53	retained	False
LHX9	retained	False
NEK7	retained	False
ATP6V1G3	retained	False
PTPRC	retained	False
NR5A2	retained	False
ZNF281	retained	False
KIF14	retained	False
DDX59	retained	False
CAMSAP2	retained	False
GPR25	retained	False
INAVA	retained	False
KIF21B	retained	False
CACNA1S	retained	False
ASCL5	retained	False
TMEM9	retained	False
IGFN1	retained	False
PKP1	retained	False
TNNT2	retained	False
LAD1	retained	False
TNNI1	retained	False
PHLDA3	retained	False
CSRP1	retained	False
NAV1	retained	False
IPO9	retained	False
SHISA4	retained	False
LMOD1	retained	False
TIMM17A	retained	False
RNPEP	retained	False
ELF3	retained	False
GPR37L1	retained	False
ARL8A	retained	False
PTPN7	retained	False
PTPRVP	retained	False
LGR6	retained	False
UBE2T	retained	False
PPP1R12B	retained	False
SYT2	retained	False
KDM5B	retained	False
MGAT4EP	retained	False
ACTG1P25	retained	False
RABIF	retained	False
KLHL12	retained	False
ADIPOR1	retained	False
CYB5R1	retained	False
TMEM183A	retained	False
PPFIA4	retained	False
MYOG	retained	False
ADORA1	retained	False
MYBPH	retained	False
CHI3L1	retained	False
CHIT1	retained	False
BTG2-DT	retained	False
BTG2	retained	False
FMOD	retained	False
PRELP	retained	False
OPTC	retained	False
ATP2B4	retained	False
LAX1	retained	False
ZC3H11A	retained	False
SNRPE	retained	False
SOX13	retained	False
ETNK2	retained	False
REN	retained	False
KISS1	retained	False
GOLT1A	retained	False
PLEKHA6	retained	False
LINC00628	retained_tss_unresolved	False
PPP1R15B	retained	False
PIK3C2B	retained	False
MDM4	retained	False
LRRN2	retained	False
NFASC	retained	False
CNTN2	retained	False
TMEM81	retained	False
RBBP5	retained	False
DSTYK	retained	False
TMCC2	retained	False
NUAK2	retained	False
KLHDC8A	retained	False
LEMD1-AS1	retained	False
LEMD1	retained	False
CDK18	retained	False
MFSD4A	retained	False
ELK4	retained	False
SLC45A3	retained	False
NUCKS1	retained	False
RAB29	retained	False
SLC41A1	retained	False
PM20D1	retained	False
SLC26A9	retained	False
AVPR1B	retained	False
RHEX	retained_tss_unresolved	False
CTSE	retained	False
SRGAP2	retained	False
IKBKE	retained	False
RASSF5	retained	False
EIF2D	retained	False
DYRK3	retained	False
MAPKAPK2	retained	False
IL10	retained	False
IL19	retained	False
IL20	retained	False
IL24	retained	False
FCMR	retained	False
PIGR	retained	False
FCAMR	retained	False
C1orf116	retained	False
YOD1	retained	False
PFKFB2	retained	False
C4BPB	retained	False
C4BPA	retained	False
CD55	retained	False
CR2	retained	False
CR1	retained	False
CR1L	retained	False
CD46	retained	False
CD34	retained	False
PLXNA2	retained	False
MIR205HG	retained	False
CAMK1G	retained	False
LAMB3	retained	False
G0S2	retained	False
HSD11B1	retained	False
TRAF3IP3	retained	False
C1orf74	retained	False
IRF6	retained	False
UTP25	retained	False
SYT14	retained	False
SERTAD4	retained	False
HHAT	retained	False
KCNH1	retained	False
RCOR3	retained	False
TRAF5	retained	False
RD3	retained	False
SLC30A1	retained	False
NEK2	retained	False
LPGAT1	retained	False
INTS7	retained	False
DTL	retained	False
PPP2R5A	retained	False
PACC1	retained	False
NENF	retained	False
ATF3	retained	False
GARIN4	retained	False
BATF3	retained	False
NSL1	retained	False
TATDN3	retained	False
SPATA45	retained	False
FLVCR1-DT	retained	False
FLVCR1	retained	False
VASH2	retained	False
ANGEL2	retained	False
RPS6KC1	retained	False
PROX1	retained	False
SMYD2	retained	False
PTPN14	retained	False
CENPF	retained	False
KCNK2	retained	False
KCTD3	retained	False
USH2A	retained	False
ESRRG	retained	False
GPATCH2	retained	False
SPATA17	retained	False
RRP15	retained	False
TGFB2	retained	False
LYPLAL1	input_only	True
SLC30A10	tss_and_input	True
EPRS1	input_only	True
BPNT1	input_only	True
IARS2	input_only	True
RAB3GAP2	input_only	True
MARK1	input_only	True
C1orf115	input_only	True
MTARC2	input_only	True
MTARC1	input_only	True
HLX	input_only	True
DUSP10	retained	False
HHIPL2	retained	False
TAF1A	retained	False
MIA3	retained	False
AIDA	retained	False
BROX	retained	False
FAM177B	retained	False
DISP1	retained	False
TLR5	retained	False
SUSD4	retained	False
CCDC185	retained	False
CAPN8	retained	False
CAPN2	retained	False
TP53BP2	retained	False
FBXO28	retained	False
DEGS1	retained	False
NVL	retained	False
CNIH4	retained	False
WDR26	retained	False
CNIH3	retained	False
DNAH14	retained	False
LBR	retained	False
ENAH	retained	False
SRP9	retained	False
EPHX1	retained	False
TMEM63A	retained	False
LEFTY1	retained	False
PYCR2	retained	False
LEFTY2	retained	False
SDE2	retained	False
H3-3A	retained	False
ACBD3	retained	False
MIXL1	retained	False
LIN9	retained	False
PARP1	retained	False
STUM	retained	False
ITPKB	retained	False
PSEN2	retained	False
COQ8A	retained	False
CDC42BPA	retained	False
ZNF678	retained	False
SNAP47	retained	False
JMJD4	retained	False
PRSS38	retained	False
WNT9A	retained	False
WNT3A	retained	False
ARF1	retained	False
C1orf35	retained	False
MRPL55	retained	False
GUK1	retained	False
GJC2	retained	False
IBA57-DT	retained	False
IBA57	retained	False
OBSCN-AS1	retained	False
OBSCN	retained	False
TRIM11	retained	False
TRIM17	retained	False
H3-4	retained_tss_unresolved	False
H2AC25	retained_tss_unresolved	False
H2BC26	retained_tss_unresolved	False
RNF187	retained	False
RHOU	retained	False
RAB4A	retained	False
CCSAP	retained	False
ACTA1	retained	False
NUP133	retained	False
ABCB10	retained	False
TAF5L	retained	False
URB2	retained	False
GALNT2	retained	False
PGBD5	retained	False
COG2	retained	False
AGT	retained	False
CAPN9	retained	False
C1orf198	retained	False
TTC13	retained	False
ARV1	retained	False
FAM89A	retained	False
TRIM67	retained	False
TRIM67-AS1	retained	False
C1orf131	retained	False
GNPAT	retained	False
EXOC8	retained	False
SPRTN	retained	False
EGLN1	retained	False
TSNAX	retained	False
DISC1	retained	False
SIPA1L2	retained	False
MAP10	retained	False
NTPCR	retained	False
PCNX2	retained	False
MAP3K21	retained	False
KCNK1	retained	False
SLC35F3	retained	False
COA6	retained	False
TARBP1	retained	False
IRF2BP2	retained	False
TOMM20	retained	False
RBM34	retained	False
ARID4B	retained	False
GGPS1	retained	False
TBCE	retained	False
B3GALNT2	retained	False
GNG4	retained	False
LYST	retained	False
NID1	retained	False
GPR137B	retained	False
ERO1B	retained	False
EDARADD	retained	False
LGALS8	retained	False
HEATR1	retained	False
ACTN2	retained	False
MTR	retained	False
MT1HL1	retained	False
RYR2	retained	False
ZP4	retained	False
CHRM3	retained	False
FMN2	retained	False
GREM2	retained	False
RGS7	retained	False
FH	retained	False
KMO	retained	False
OPN3	retained	False
CHML	retained	False
WDR64	retained	False
EXO1	retained	False
BECN2	retained	False
MAP1LC3C	retained	False
PLD5	retained	False
CEP170	retained	False
SDCCAG8	retained	False
AKT3	retained	False
ZBTB18	retained	False
C1orf100	retained	False
ADSS2	retained	False
CATSPERE	retained	False
DESI2	retained	False
COX20	retained	False
HNRNPU	retained	False
EFCAB2	retained	False
KIF26B	retained	False
SMYD3	retained	False
TFB2M	retained	False
CNST	retained	False
SCCPDH	retained	False
AHCTF1	retained	False
ZNF695	retained	False
ZNF670	retained	False
ZNF669	retained	False
LINC02897	retained	False
ZNF124	retained	False
ZNF496	retained	False
NLRP3	retained	False
OR2B11	retained	False
OR2W5P	retained_tss_unresolved	False
GCSAML	retained	False
OR2C3	retained	False
OR2G2	retained	False
OR2G3	retained	False
OR13G1	retained	False
OR6F1	retained	False
OR14K1	retained	False
OR1C1	retained	False
OR9H1P	retained	False
OR14A16	retained	False
OR11L1	retained	False
TRIM58	retained	False
OR2W3	retained	False
OR2T8	retained	False
OR2L13	retained	False
OR2L8	retained	False
OR2AK2	retained	False
OR2L1P	retained	False
OR2L2	retained	False
OR2L3	retained	False
OR2M1P	retained	False
OR2M5	retained	False
OR2M2	retained	False
OR2M3	retained	False
OR2M4	retained	False
OR2T33	retained	False
OR2T12	retained	False
OR2M7	retained	False
OR14C36	retained	False
OR2T4	retained	False
OR2T6	retained	False
OR2T1	retained	False
OR2T2	retained	False
OR2T3	retained	False
OR2T10	retained	False
OR2T5	retained	False
OR2G6	retained	False
OR2T29	retained	False
OR2T34	retained	False
OR2T11	retained	False
OR2T35	retained	False
OR2T27	retained	False
OR14I1	retained	False
LYPD8	retained	False
SH3BP5L	retained	False
ZNF672	retained	False
ZNF692	retained	False
PGBD2	retained	False
FAM110C	retained	False
SH3YL1	retained	False
ACP1	retained	False
ALKAL2	retained	False
LINC01874	retained	False
TMEM18	retained	False
SNTG2	retained	False
TPO	retained	False
PXDN	retained	False
MYT1L	retained	False
EIPR1	retained	False
TRAPPC12	retained	False
ADI1	retained	False
RNASEH1	retained	False
RPS7	retained	False
COLEC11	retained	False
ALLC	retained	False
LINC01249	retained	False
SOX11	retained	False
CMPK2	retained	False
RSAD2	retained	False
RNF144A	retained	False
ID2	retained	False
KIDINS220	retained	False
MBOAT2	retained	False
ASAP2	retained	False
ITGB1BP1	retained	False
CPSF3	retained	False
IAH1	retained	False
ADAM17	retained	False
YWHAQ	retained	False
TAF1B	retained	False
GRHL1	retained	False
KLF11	retained	False
CYS1	retained	False
RRM2	retained	False
HPCAL1	retained	False
ODC1	retained	False
NOL10	retained	False
ATP6V1C2	retained	False
PDIA6	retained	False
KCNF1	retained	False
C2orf50	retained	False
SLC66A3	retained	False
ROCK2	retained	False
E2F6	retained	False
GREB1	retained	False
NTSR2	retained	False
LPIN1	retained	False
TRIB2	retained	False
LRATD1	retained	False
NBAS	retained	False
DDX1	retained	False
MYCNOS	retained	False
MYCN	retained	False
CYRIA	retained	False
VSNL1	retained	False
SMC6	retained	False
GEN1	retained	False
MSGN1	retained	False
KCNS3	retained	False
RDH14	retained	False
NT5C1B	retained	False
OSR1	retained	False
LINC00954	retained	False
TTC32	retained	False
WDR35	retained	False
MATN3	retained	False
LAPTM4A	input_only	True
SDC1	input_only	True
PUM2	input_only	True
RHOB	input_only	True
HS1BP3	input_only	True
GDF7	input_only	True
LDAH	input_only	True
APOB	tss_and_input	True
LINC01822	input_only	True
KLHL29	retained	False
ATAD2B	retained	False
UBXN2A	retained	False
MFSD2B	retained	False
WDCP	retained	False
FKBP1B	retained	False
SF3B6	retained	False
TP53I3	retained	False
PFN4	retained	False
FAM228A	retained	False
ITSN2	retained	False
NCOA1	retained	False
PTRHD1	retained	False
CENPO	retained	False
ADCY3	retained	False
DNAJC27	retained	False
EFR3B	retained	False
POMC	retained	False
DNMT3A	retained	False
DTNB	retained	False
ASXL2	retained	False
KIF3C	retained	False
RAB10	retained	False
GAREM2	retained	False
HADHA	retained	False
HADHB	retained	False
ADGRF3	retained	False
SELENOI	retained	False
DRC1	retained	False
OTOF	input_only	True
FAM166C	input_only	True
CIB4	input_only	True
KCNK3	input_only	True
SLC35F6	input_only	True
CENPA	input_only	True
DPYSL5	input_only	True
MAPRE3	input_only	True
TMEM214	input_only	True
AGBL5	input_only	True
EMILIN1	input_only	True
KHK	input_only	True
CGREF1	input_only	True
ABHD1	input_only	True
PREB	input_only	True
PRR30	input_only	True
TCF23	input_only	True
SLC5A6	input_only	True
ATRAID	input_only	True
CAD	input_only	True
SLC30A3	input_only	True
DNAJC5G	input_only	True
TRIM54	input_only	True
UCN	input_only	True
MPV17	input_only	True
GTF3C2	input_only	True
EIF2B4	input_only	True
SNX17	input_only	True
ZNF513	input_only	True
PPM1G	input_only	True
NRBP1	input_only	True
KRTCAP3	input_only	True
IFT172	input_only	True
FNDC4	input_only	True
GCKR	tss_and_input	True
C2orf16	input_only	True
ZNF512	input_only	True
CCDC121	input_only	True
GPN1	input_only	True
SUPT7L	input_only	True
SLC4A1AP	input_only	True
MRPL33	input_only	True
RBKS	input_only	True
BABAM2	input_only	True
FOSL2-AS1	input_only	True
FOSL2	input_only	True
PLB1	input_only	True
PPP1CB	retained	False
SPDYA	retained	False
TRMT61B	retained	False
WDR43	retained	False
SNORD53	retained	False
TOGARAM2	retained	False
PCARE	retained	False
CLIP4	retained	False
ALK	retained	False
YPEL5	retained	False
LBH	retained	False
LCLAT1	retained	False
CAPN13	retained	False
GALNT14	retained	False
CAPN14	retained	False
EHD3	retained	False
XDH	retained	False
SRD5A2	retained	False
DPY30	retained	False
SPAST	retained	False
SLC30A6	retained	False
NLRC4	retained	False
YIPF4	retained	False
BIRC6	retained	False
TTC27	retained	False
LINC00486	retained	False
LTBP1	retained	False
RASGRP3	retained	False
FAM98A	retained	False
MYADML	retained	False
CRIM1	retained	False
FEZ2	retained	False
VIT	retained	False
STRN	retained	False
HEATR5B	retained	False
GPATCH11	retained	False
EIF2AK2	retained	False
SULT6B1	retained	False
CEBPZ	retained	False
NDUFAF7	retained	False
PRKD3	retained	False
QPCT	retained	False
CDC42EP3	retained	False
RMDN2	retained	False
CYP1B1	retained	False
CYP1B1-AS1	retained	False
ATL2	retained	False
HNRNPLL	retained	False
GALM	retained	False
SRSF7	retained	False
GEMIN6	retained	False
DHX57	retained	False
MORN2	retained	False
SOS1	retained	False
CDKL4	retained	False
MAP4K3	retained	False
TMEM178A	retained	False
THUMPD2	retained	False
SLC8A1	retained	False
PKDCC	retained	False
EML4	retained	False
COX7A2L	retained	False
KCNG3	retained	False
MTA3	retained	False
OXER1	retained	False
HAAO	retained	False
ZFP36L2	retained	False
THADA	retained	False
PLEKHH2	retained	False
DYNC2LI1	retained	False
ABCG5	retained	False
ABCG8	retained	False
LRPPRC	retained	False
PPM1B	retained	False
SLC3A1	retained	False
PREPL	retained	False
CAMKMT	retained	False
SIX3	retained	False
SIX2	retained	False
LINC01121	retained	False
SRBD1	retained	False
PRKCE	retained	False
EPAS1	retained	False
TMEM247	retained	False
ATP6V1E2	retained	False
RHOQ	retained	False
PIGF	retained	False
CRIPT	retained	False
SOCS5	retained	False
LINC01118	retained	False
MCFD2	retained	False
TTC7A	retained	False
STPG4	retained	False
CALM2	retained	False
EPCAM	retained	False
MSH2	retained	False
KCNK12	retained	False
MSH2-OT1	retained	False
MSH6	retained	False
FBXO11	retained	False
FOXN2	retained	False
PPP1R21	retained	False
STON1-GTF2A1L	retained	False
STON1	retained	False
GTF2A1L	retained	False
LHCGR	retained	False
FSHR	retained	False
NRXN1	retained	False
ASB3	retained	False
CHAC2	retained	False
ERLEC1	retained	False
GPR75	retained	False
PSME4	retained	False
ACYP2	retained	False
TSPYL6	retained	False
C2orf73	retained	False
SPTBN1	retained	False
RTN4	retained	False
CLHC1	retained	False
RPS27A	retained	False
MTIF2	retained	False
PRORSD1P	retained	False
CCDC88A	retained	False
CFAP36	retained	False
PPP4R3B	retained_tss_unresolved	False
PNPT1	retained	False
EFEMP1	retained	False
CCDC85A	retained	False
VRK2	retained	False
FANCL	retained	False
BCL11A	retained	False
PAPOLG	retained	False
REL	retained	False
PUS10	retained	False
PEX13	retained	False
SANBR	retained	False
C2orf74-DT	retained	False
C2orf74	retained	False
AHSA2P	retained	False
USP34	retained	False
XPO1	retained	False
FAM161A	retained	False
CCT4	retained	False
COMMD1	retained	False
B3GNT2	retained	False
TMEM17	retained	False
EHBP1	retained	False
OTX1	retained	False
WDPCP	retained	False
MDH1	retained	False
UGP2	retained	False
VPS54	retained	False
PELI1	retained	False
LINC00309	retained	False
LGALSL	retained	False
AFTPH	retained	False
LINC02579	retained	False
SERTAD2	retained	False
SLC1A4	retained	False
CEP68	retained	False
RAB1A	retained	False
ACTR2	retained	False
SPRED2	retained	False
MEIS1	retained	False
ETAA1	retained	False
C1D	retained	False
DNAAF10	retained	False
PNO1	retained	False
PPP3R1	retained	False
CNRIP1	retained	False
PLEK	retained	False
FBXO48	retained	False
APLF	retained	False
PROKR1	retained	False
ARHGAP25	retained	False
BMP10	retained	False
GKN2	retained	False
GKN1	retained	False
ANTXR1	retained	False
GFPT1	retained	False
NFU1	retained	False
AAK1	retained	False
ANXA4	retained	False
GMCL1	retained	False
SNRNP27	retained	False
MXD1	retained	False
ASPRV1	retained	False
PCBP1-AS1	retained	False
PCBP1	retained	False
C2orf42	retained	False
TIA1	retained	False
PCYOX1	retained	False
SNRPG	retained	False
FAM136A	retained	False
TGFA	retained	False
ADD2	retained	False
FIGLA	retained	False
CLEC4F	retained	False
CD207	retained	False
VAX2	retained	False
ATP6V1B1	retained	False
ANKRD53	retained	False
TEX261	retained	False
OR7E91P	retained	False
NAGK	retained	False
MCEE	retained	False
MPHOSPH10	retained	False
PAIP2B	retained	False
ZNF638	retained	False
DYSF	retained	False
CYP26B1	retained	False
EXOC6B	retained	False
SPR	retained	False
EMX1	retained	False
SFXN5	retained	False
RAB11FIP5	retained	False
NOTO	retained	False
SMYD5	retained	False
PRADC1	retained	False
CCT7	retained	False
FBXO41	retained	False
EGR4	retained	False
ALMS1	retained	False
NAT8	retained	False
ALMS1P1	retained_tss_unresolved	False
TPRKB	retained	False
DUSP11	retained	False
C2orf78	retained	False
STAMBP	retained	False
ACTG2	retained	False
DGUOK	retained	False
TET3	retained	False
BOLA3	retained	False
MOB1A	retained	False
MTHFD2	retained	False
SLC4A5	retained	False
DCTN1	retained	False
WDR54	retained	False
RTKN	retained	False
INO80B	retained	False
WBP1	retained	False
MOGS	retained	False
MRPL53	retained	False
CCDC142	retained	False
TTC31	retained	False
LBX2	retained	False
PCGF1	retained	False
TLX2	retained	False
DQX1	retained	False
AUP1	retained	False
HTRA2	retained	False
LOXL3	retained	False
DOK1	retained	False
M1AP	retained	False
SEMA4F	retained	False
HK2	retained	False
POLE4	retained	False
TACR1	retained	False
EVA1A	retained	False
MRPL19	retained	False
GCFC2	retained	False
LRRTM4	retained	False
REG3G	retained	False
REG1B	retained	False
REG1A	retained	False
REG3A	retained	False
CTNNA2	retained	False
LRRTM1	retained	False
SUCLG1	retained	False
DNAH6	retained	False
TRABD2A	retained	False
TMSB10	retained	False
KCMF1	retained	False
TCF7L1	retained	False
TGOLN2	retained	False
RETSAT	retained	False
ELMOD3	retained	False
CAPG	retained	False
SH2D6	retained	False
MAT2A	retained	False
GGCX	retained	False
VAMP8	retained	False
VAMP5	retained	False
RNF181	retained	False
TMEM150A	retained	False
USP39	retained	False
C2orf68	retained	False
SFTPB	retained	False
GNLY	retained	False
ATOH8	retained	False
ST3GAL5	retained	False
POLR1A	retained	False
PTCD3	retained	False
IMMT	retained	False
MRPL35	retained	False
REEP1	retained	False
KDM3A	retained	False
CHMP3	retained	False
RNF103	retained	False
RMND5A	retained	False
CD8A	retained	False
CD8B	retained	False
RGPD1	retained	False
PLGLB1	retained	False
ANAPC1P2	retained_tss_unresolved	False
CYTOR	retained	False
PLGLB2	retained	False
RGPD2	retained	False
KRCC1	retained	False
SMYD1	retained	False
FABP1	retained	False
THNSL2	retained	False
FOXI3	retained	False
TEX37	retained	False
EIF2AK3	retained	False
RPIA	retained	False
ANKRD36BP2	retained	False
FAM95A	retained_tss_unresolved	False
TEKT4	retained	False
MAL	retained	False
MRPS5	retained	False
ZNF514	retained	False
ZNF2	retained	False
PROM2	retained	False
KCNIP3	retained	False
FAHD2A	retained	False
TRIM43	retained	False
ANKRD36C	retained	False
GPAT2	retained	False
ADRA2B	retained	False
ASTL	retained	False
DUSP2	retained	False
STARD7	retained	False
TMEM127	retained	False
CIAO1	retained	False
SNRNP200	retained	False
ITPRIPL1	retained	False
NCAPH	retained	False
ARID5A	retained	False
KANSL3	retained	False
FER1L5	retained	False
LMAN2L	retained	False
CNNM4	retained	False
CNNM3	retained	False
ANKRD23	retained	False
ANKRD39	retained	False
SEMA4C	retained	False
FAM178B	retained	False
FAHD2B	retained	False
ANKRD36	retained	False
ANKRD36B	retained	False
COX5B	retained	False
ACTR1B	retained	False
ZAP70	retained	False
TMEM131	retained	False
VWA3B	retained	False
CNGA3	retained	False
INPP4A	retained	False
COA5	retained	False
UNC50	retained	False
MGAT4A	retained	False
CRACDL	retained	False
TSGA10	retained	False
C2orf15	retained	False
LIPT1	retained	False
MITD1	retained	False
MRPL30	retained	False
LYG2	retained	False
LYG1	retained	False
TXNDC9	retained	False
EIF5B	retained	False
REV1	retained	False
AFF3	retained	False
LONRF2	retained	False
CHST10	retained	False
NMS	retained	False
PDCL3	retained	False
NPAS2	retained	False
RPL31	retained	False
TBC1D8	retained	False
CNOT11	retained	False
RNF149	retained	False
CREG2	retained	False
MAP4K4	retained	False
IL1R2	retained	False
IL1R1	retained	False
IL1RL2	retained	False
IL1RL1	retained	False
IL18R1	retained	False
IL18RAP	retained	False
SLC9A4	retained	False
SLC9A2	retained	False
MFSD9	retained	False
TMEM182	retained	False
LINC01114	retained	False
POU3F3	retained	False
MRPS9	retained	False
GPR45	retained	False
TGFBRAP1	retained	False
C2orf49	retained	False
FHL2	retained	False
NCK2	retained	False
ECRG4	retained	False
UXS1	retained	False
CD8B2	retained	False
ST6GAL2	retained	False
RGPD4	retained	False
SLC5A7	retained	False
SULT1C3	retained	False
SULT1C2	retained	False
SULT1C2P1	retained	False
SULT1C4	retained	False
GCC2	retained	False
LIMS1	retained	False
RANBP2	retained	False
CCDC138	retained	False
EDAR	retained	False
SH3RF3	retained	False
SEPTIN10	retained	False
SOWAHC	retained	False
RGPD5	retained	False
LIMS3	retained	False
MALL	retained	False
NPHP1	input_only	True
MTLN	input_only	True
BUB1	input_only	True
ACOXL	input_only	True
BCL2L11	tss_and_input	True
MIR4435-2HG	input_only	True
ANAPC1	input_only	True
MERTK	input_only	True
TMEM87B	input_only	True
FBLN7	input_only	True
ZC3H8	retained	False
ZC3H6	retained	False
RGPD8	retained	False
TTL	retained	False
POLR1B	retained	False
CHCHD5	retained	False
SLC20A1	retained	False
NT5DC4	retained	False
CKAP2L	retained	False
IL1A	retained	False
IL1B	retained	False
IL37	retained	False
IL36G	retained	False
IL36A	retained	False
IL36B	retained	False
IL36RN	retained	False
IL1F10	retained	False
IL1RN	retained	False
PSD4	retained	False
PAX8	retained	False
PAX8-AS1	retained	False
ZNG1B	retained	False
FOXD4L1	retained	False
WASH2P	retained	False
DDX11L2	retained	False
RPL23AP7	retained	False
SLC35F5	retained	False
ACTR3	retained	False
LINC01191	retained	False
DPP10	retained	False
DPP10-AS1	retained	False
DDX18	retained	False
CCDC93	retained	False
INSIG2	retained	False
EN1	retained	False
MARCO	retained	False
C1QL2	retained	False
STEAP3	retained	False
C2orf76	retained	False
DBI	retained	False
TMEM37	retained	False
SCTR	retained	False
CFAP221	retained	False
TMEM177	retained	False
PTPN4	retained	False
EPB41L5	retained	False
TMEM185B	retained	False
RALB	retained	False
INHBB	retained	False
LINC01101	retained_tss_unresolved	False
GLI2	retained	False
TFCP2L1	retained	False
CLASP1	retained	False
NIFK-AS1	retained	False
NIFK	retained	False
TSN	retained	False
CNTNAP5	retained	False
GYPC	retained	False
BIN1	retained	False
CYP27C1	retained	False
ERCC3	retained	False
MAP3K2	retained	False
PROC	retained	False
IWS1	retained	False
MYO7B	retained	False
LIMS2	retained	False
GPR17	retained	False
SFT2D3	retained	False
WDR33	retained	False
POLR2D	retained	False
AMMECR1L	retained	False
SAP130	retained	False
UGGT1	retained	False
HS6ST1	retained	False
LINC01854	retained	False
PLAC9P1	retained_tss_unresolved	False
RAB6C	retained	False
POTEF	retained	False
MED15P9	retained	False
CCDC74B	retained	False
SMPD4	retained	False
MZT2B	retained	False
TUBA3E	retained	False
CCDC115	retained	False
IMP4	retained	False
PTPN18	retained	False
CFC1	retained	False
CYP4F30P	retained	False
GPR148	retained	False
AMER3	retained	False
ARHGEF4	retained	False
FAM168B	retained	False
PLEKHB2	retained	False
POTEE	retained	False
RAB6D	retained	False
MZT2A	retained	False
TUBA3D	retained	False
CCDC74A	retained	False
CDRT15P3	retained_tss_unresolved	False
GPR39	retained	False
LYPD1	retained	False
NCKAP5	retained	False
MGAT5	retained	False
TMEM163	retained	False
ACMSD	retained	False
CCNT2	retained	False
MAP3K19	retained	False
RAB3GAP1	retained	False
ZRANB3	retained	False
R3HDM1	retained	False
UBXN4	retained	False
LCT	retained	False
MCM6	retained	False
DARS1	retained	False
CXCR4	retained	False
THSD7B	retained	False
HNMT	retained	False
SPOPL	retained	False
NXPH2	retained	False
LRP1B	retained	False
KYNU	retained	False
ARHGAP15	retained	False
GTDC1	retained	False
ZEB2	retained	False
ACVR2A	retained	False
ORC4	retained	False
MBD5	retained	False
EPC2	retained	False
KIF5C	retained	False
LYPD6B	retained	False
LYPD6	retained	False
MMADHC	retained	False
RND3	retained	False
RBM43	retained	False
NMI	retained	False
TNFAIP6	retained	False
RIF1	retained	False
NEB	retained	False
ARL5A	retained	False
CACNB4	retained	False
STAM2	retained	False
FMNL2	retained	False
PRPF40A	retained	False
ARL6IP6	retained	False
RPRM	retained	False
GALNT13	retained	False
KCNJ3	retained	False
NR4A2	retained	False
GPD2	retained	False
GALNT5	retained	False
ERMN	retained	False
CYTIP	retained	False
ACVR1C	retained	False
ACVR1	retained	False
UPP2	retained	False
CCDC148-AS1	retained	False
CCDC148	retained	False
PKP4	retained	False
DAPL1	retained	False
TANC1	retained	False
WDSUB1	retained	False
BAZ2B	retained	False
MARCHF7	retained	False
CD302	retained	False
LY75	retained	False
PLA2R1	retained	False
ITGB6	retained	False
RBMS1	retained	False
TANK	retained	False
PSMD14	retained	False
TBR1	retained	False
SLC4A10	retained	False
DPP4	retained	False
GCG	retained	False
FAP	retained	False
IFIH1	retained	False
GCA	retained	False
KCNH7	retained	False
FIGN	retained	False
GRB14	retained	False
COBLL1	retained	False
SLC38A11	retained	False
SCN3A	retained	False
SCN2A	retained	False
CSRNP3	retained	False
GALNT3	retained	False
TTC21B	retained	False
SCN1A	retained	False
SCN9A	retained	False
SCN7A	retained	False
XIRP2	retained	False
B3GALT1	retained	False
STK39	retained	False
CERS6	retained	False
NOSTRIN	retained	False
SPC25	retained	False
G6PC2	retained	False
ABCB11	retained	False
DHRS9	retained	False
LRP2	retained	False
BBS5	retained	False
KLHL41	retained	False
FASTKD1	retained	False
PPIG	retained	False
CFAP210	retained	False
PHOSPHO2	retained	False
KLHL23	retained	False
SSB	retained	False
METTL5	retained	False
UBR3	retained	False
MYO3B	retained	False
SP5	retained	False
ERICH2	retained	False
GAD1	retained	False
GORASP2	retained	False
TLK1	retained	False
METTL8	retained	False
DCAF17	retained	False
CYBRD1	retained	False
DYNC1I2	retained	False
SLC25A12	retained	False
HAT1	retained	False
METAP1D	retained	False
DLX1	retained	False
DLX2	retained	False
ITGA6	retained	False
PDK1	retained	False
RAPGEF4-AS1	retained	False
RAPGEF4	retained	False
MAP3K20	retained	False
MAP3K20-AS1	retained	False
CDCA7	retained	False
SP3	retained	False
OLA1	retained	False
LINC01305	retained	False
CIR1	retained	False
SCRN3	retained	False
GPR155	retained	False
WIPF1	retained	False
CHRNA1	retained	False
CHN1	retained	False
ATF2	retained	False
ATP5MC3	retained	False
LNPK	retained	False
EVX2	retained	False
HOXD13	retained	False
HOXD12	retained	False
HOXD11	retained	False
HOXD10	retained	False
HOXD9	retained	False
HOXD8	retained	False
HOXD3	retained	False
HOXD4	retained	False
HAGLR	retained	False
HOXD1	retained	False
MTX2	retained	False
HNRNPA3	retained	False
NFE2L2	retained	False
AGPS	retained	False
TTC30B	retained	False
TTC30A	retained	False
PDE11A	retained	False
RBM45	retained	False
OSBPL6	retained	False
PRKRA	retained	False
PJVK	retained	False
FKBP7	retained	False
PLEKHA3	retained	False
TTN	retained	False
CCDC141	retained	False
SESTD1	retained	False
ZNF385B	retained	False
CWC22	retained	False
UBE2E3	retained	False
ITGA4	retained	False
CERKL	retained	False
NEUROD1	retained	False
ITPRID2	retained	False
PPP1R1C	retained	False
PDE1A	retained	False
DNAJC10	retained	False
FRZB	retained	False
NCKAP1	retained	False
DUSP19	retained	False
NUP35	retained	False
ZNF804A	retained	False
FSIP2	retained	False
ZC3H15	retained	False
ITGAV	retained	False
FAM171B	retained	False
ZSWIM2	retained	False
CALCRL	retained	False
TFPI	retained	False
GULP1	retained	False
COL3A1	retained	False
COL5A2	retained	False
WDR75	retained	False
SLC40A1	retained	False
ASNSD1	retained	False
ANKAR	retained	False
OSGEPL1	retained	False
ORMDL1	retained	False
PMS1	retained	False
C2orf88	input_only	True
MSTN	input_only	True
HIBCH	input_only	True
INPP1	input_only	True
MFSD6	input_only	True
NAB1	input_only	True
GLS	input_only	True
STAT1	input_only	True
STAT4	tss_and_input	True
MYO1B	input_only	True
NABP1	input_only	True
CAVIN2	input_only	True
TMEFF2	input_only	True
PCGEM1	retained	False
SLC39A10	retained	False
DNAH7	retained	False
STK17B	retained	False
HECW2	retained	False
CCDC150	retained	False
GTF3C3	retained	False
C2orf66	retained	False
PGAP1	retained	False
ANKRD44	retained	False
SF3B1	retained	False
COQ10B	retained	False
HSPD1	retained	False
HSPE1	retained	False
MOB4	retained	False
RFTN2	retained	False
MARS2	retained	False
BOLL	retained	False
PLCL1	retained	False
SATB2	retained	False
FTCDNL1	retained	False
C2orf69	retained	False
TYW5	retained	False
MAIP1	retained	False
SPATS2L	retained	False
KCTD18	retained	False
SGO2	retained	False
AOX1	retained	False
BZW1	retained	False
CLK1	retained	False
PPIL3	retained	False
NIF3L1	retained	False
ORC2	retained	False
HYCC2	retained	False
NDUFB3	retained	False
CFLAR	retained	False
CFLAR-AS1	retained	False
CASP10	retained	False
CASP8	retained	False
FLACC1	retained	False
TRAK2	retained	False
STRADB	retained	False
C2CD6	retained	False
TMEM237	retained	False
MPP4	retained	False
ALS2	retained	False
CDK15	retained	False
FZD7	retained	False
KIAA2012	retained	False
SUMO1	retained	False
NOP58	retained	False
BMPR2	retained	False
FAM117B	retained	False
ICA1L	retained	False
WDR12	retained	False
CARF	retained	False
NBEAL1	retained	False
CYP20A1	retained	False
ABI2	retained	False
RAPH1	retained	False
CD28	retained	False
CTLA4	retained	False
ICOS	retained	False
PARD3B	retained	False
NRP2	retained	False
INO80D	retained	False
NDUFS1	retained	False
EEF1B2	retained	False
CMKLR2	retained_tss_unresolved	False
ZDBF2	retained	False
ADAM23	retained	False
FAM237A	retained	False
MDH1B	retained	False
FASTKD2	retained	False
CPO	retained	False
KLF7	retained	False
CREB1	retained	False
METTL21A	retained	False
CCNYL1	retained	False
FZD5	retained	False
PLEKHM3	retained	False
CRYGD	retained	False
CRYGC	retained	False
CRYGB	retained	False
CRYGA	retained	False
C2orf80	retained	False
IDH1	retained	False
PIKFYVE	retained	False
PTH2R	retained	False
MAP2	retained	False
UNC80	retained	False
RPE	retained	False
KANSL1L	retained	False
ACADL	retained	False
MYL1	retained	False
LANCL1	retained	False
CPS1	retained	False
CPS1-IT1	retained_tss_unresolved	False
ERBB4	retained	False
IKZF2	retained	False
SPAG16	retained	False
VWC2L	retained	False
BARD1	retained	False
ABCA12	retained	False
ATIC	retained	False
FN1	retained	False
LINC00607	retained	False
MREG	retained	False
PECR	retained	False
TMEM169	retained	False
XRCC5	retained	False
MARCHF4	retained	False
SMARCAL1	retained	False
RPL37A	retained	False
IGFBP2	retained	False
IGFBP5	retained	False
TNP1	retained	False
TNS1	retained	False
RUFY4	retained	False
CXCR2	retained	False
CXCR1	retained	False
ARPC2	retained	False
GPBAR1	retained	False
AAMP	retained	False
PNKD	retained	False
TMBIM1	retained	False
CATIP	retained	False
SLC11A1	retained	False
CTDSP1	retained	False
VIL1	retained	False
USP37	retained	False
CNOT9	retained	False
PLCD4	retained	False
ZNF142	retained	False
BCS1L	retained	False
RNF25	retained	False
STK36	retained	False
TTLL4	retained	False
CYP27A1	retained	False
PRKAG3	retained	False
WNT6	retained	False
WNT10A	retained	False
CDK5R2	retained	False
FEV	retained	False
CRYBA2	retained	False
CFAP65	retained	False
IHH	retained	False
NHEJ1	retained	False
SLC23A3	retained	False
CNPPD1	retained	False
RETREG2	retained	False
ZFAND2B	retained	False
ABCB6	retained	False
ATG9A	retained	False
ANKZF1	retained	False
GLB1L	retained	False
STK16	retained	False
TUBA4A	retained	False
TUBA4B	retained	False
DNAJB2	retained	False
PTPRN	retained	False
RESP18	retained	False
DNPEP	retained	False
DES	retained	False
SPEG	retained	False
GMPPA	retained	False
ASIC4	retained	False
CHPF	retained	False
TMEM198	retained	False
OBSL1	retained	False
INHA	retained	False
STK11IP	retained	False
SLC4A3	retained	False
EPHA4	retained	False
PAX3	retained	False
CCDC140	retained	False
CT75	retained_tss_unresolved	False
SGPP2	retained	False
FARSB	retained	False
MOGAT1	retained	False
ACSL3	retained	False
KCNE4	retained	False
SCG2	retained	False
AP1S3	retained	False
WDFY1	retained	False
MRPL44	retained	False
SERPINE2	retained	False
FAM124B	retained	False
CUL3	retained	False
DOCK10	retained	False
NYAP2	retained	False
IRS1	retained	False
RHBDD1	retained	False
COL4A4	retained	False
COL4A3	retained	False
MFF	retained	False
TM4SF20	retained	False
AGFG1	retained	False
C2orf83	retained	False
SLC19A3	retained	False
CCL20	retained	False
DAW1	retained	False
SPHKAP	retained	False
PID1	retained	False
DNER	retained	False
TRIP12	retained	False
FBXO36	retained	False
SLC16A14	retained	False
SP110	retained	False
SP140	retained	False
SP140L	retained	False
SP100	retained	False
LINC01907	retained	False
CAB39	retained	False
ITM2C	retained	False
GPR55	retained	False
SPATA3-AS1	retained	False
SPATA3	retained	False
C2orf72	retained	False
PSMD1	retained	False
HTR2B	retained	False
ARMC9	retained	False
B3GNT7	retained	False
NCL	retained	False
SNORA75	retained	False
SNORD20	retained	False
LINC00471	retained	False
NMUR1	retained	False
TEX44	retained	False
PTMA	input_only	True
PDE6D	input_only	True
COPS7B	input_only	True
NPPC	input_only	True
DIS3L2	input_only	True
ALPP	input_only	True
ECEL1P2	input_only	True
ALPG	input_only	True
ALPI	input_only	True
ECEL1	input_only	True
PRSS56	input_only	True
CHRND	input_only	True
CHRNG	input_only	True
TIGD1	input_only	True
EIF4E2	input_only	True
EFHD1	tss_and_input	True
GIGYF2	input_only	True
KCNJ13	input_only	True
SNORC	input_only	True
NGEF	input_only	True
NEU2	input_only	True
INPP5D	input_only	True
ATG16L1	input_only	True
SAG	input_only	True
DGKD	input_only	True
USP40	input_only	True
UGT1A8	tss_and_input	True
UGT1A10	tss_and_input	True
UGT1A9	tss_and_input	True
UGT1A7	tss_and_input	True
UGT1A6	tss_and_input	True
UGT1A5	tss_and_input	True
UGT1A4	tss_and_input	True
UGT1A3	tss_and_input	True
DNAJB3	tss_and_input	True
UGT1A1	tss_and_input	True
HJURP	input_only	True
MSL3P1	input_only	True
TRPM8	input_only	True
SPP2	input_only	True
ARL4C	input_only	True
SH3BP4	retained	False
AGAP1	retained	False
GBX2	retained	False
IQCA1	retained	False
ACKR3	retained	False
COPS8	retained	False
COL6A3	retained	False
MLPH	retained	False
PRLH	retained	False
RAB17	retained	False
LRRFIP1	retained	False
RBM44	retained	False
RAMP1	retained	False
UBE2F	retained	False
SCLY	retained	False
ESPNL	retained	False
KLHL30	retained	False
ILKAP	retained	False
HES6	retained	False
PER2	retained	False
TRAF3IP1	retained	False
ASB1	retained	False
TWIST2	retained	False
HDAC4	retained	False
NDUFA10	retained	False
OR6B2	retained	False
OR6B3	retained	False
COPS9	retained	False
OTOS	retained	False
GPC1	retained	False
GPC1-AS1	retained	False
ANKMY1	retained	False
RNPEPL1	retained	False
CAPN10	retained	False
GPR35	retained	False
AQP12B	retained	False
AQP12A	retained	False
KIF1A	retained	False
AGXT	retained	False
MAB21L4	retained	False
CROCC2	retained	False
SNED1	retained	False
MTERF4	retained	False
PASK	retained	False
PPP1R7	retained	False
ANO7	retained	False
HDLBP	retained	False
SEPTIN2	retained	False
FARP2	retained	False
STK25	retained	False
BOK	retained	False
THAP4	retained	False
ATG4B	retained	False
DTYMK	retained	False
ING5	retained	False
D2HGDH	retained	False
GAL3ST2	retained	False
NEU4	retained	False
PDCD1	retained	False
RTP5	retained_tss_unresolved	False
FAM240C	retained_tss_unresolved	False
CHL1	retained	False
CNTN6	retained	False
CNTN4	retained	False
IL5RA	retained	False
TRNT1	retained	False
CRBN	retained	False
LRRN1	retained	False
SUMF1	retained	False
SETMAR	retained	False
ITPR1	retained	False
BHLHE40	retained	False
ARL8B	retained	False
EDEM1	retained	False
GRM7	retained	False
LMCD1	retained	False
SSUH2	retained	False
CAV3	retained	False
OXTR	retained	False
RAD18	retained	False
SRGAP3	retained	False
THUMPD3	retained	False
THUMPD3-AS1	retained	False
SETD5	retained	False
LHFPL4	retained	False
MTMR14	retained	False
CPNE9	retained	False
BRPF1	retained	False
OGG1	retained	False
CAMK1	retained	False
TADA3	retained	False
ARPC4	retained	False
TTLL3	retained	False
RPUSD3	retained	False
CIDEC	retained	False
JAGN1	retained	False
IL17RE	retained	False
IL17RC	retained	False
CRELD1	retained	False
PRRT3	retained	False
EMC3	retained	False
FANCD2	retained	False
FANCD2OS	retained	False
BRK1	retained	False
VHL	retained	False
IRAK2	retained	False
TATDN2	retained	False
LINC00852	retained	False
GHRL	retained	False
SEC13	retained	False
ATP2B2	retained	False
SLC6A11	retained	False
SLC6A1	retained	False
HRH1	retained	False
ATG7	retained	False
VGLL4	retained	False
TAMM41	retained	False
SYN2	retained	False
TIMP4	retained	False
PPARG	retained	False
TSEN2	retained	False
MKRN2	retained	False
RAF1	retained	False
TMEM40	retained	False
CAND2	retained	False
RPL32	retained	False
IQSEC1	retained	False
NUP210	retained	False
HDAC11	retained	False
FBLN2	retained	False
LINC00620	retained	False
WNT7A	retained	False
TPRXL	retained	False
CHCHD4	retained	False
TMEM43	retained	False
XPC	retained	False
LSM3	retained	False
SLC6A6	retained	False
GRIP2	retained	False
CCDC174	retained	False
C3orf20	retained	False
LINC02011	retained	False
FGD5	retained	False
NR2C2	retained	False
MRPS25	retained	False
RBSN	retained	False
COL6A4P1	retained	False
CAPN7	retained	False
SH3BP5	retained	False
METTL6	retained	False
EAF1	retained	False
COLQ	retained	False
HACL1	retained	False
BTD	retained	False
ANKRD28	retained	False
GALNT15	retained	False
DPH3	retained	False
OXNAD1	retained	False
RFTN1	retained	False
DAZL	retained	False
PLCL2	retained	False
TBC1D5	retained	False
SATB1	retained	False
KCNH8	retained	False
EFHB	retained	False
RAB5A	retained	False
PP2D1	retained	False
KAT2B	retained	False
SGO1	retained	False
ZNF385D	retained	False
UBE2E2	retained	False
UBE2E1	retained	False
NKIRAS1	retained	False
RPL15	retained	False
NR1D2	retained	False
LINC00691	retained	False
THRB	retained	False
RARB	retained	False
TOP2B	retained	False
NGLY1	retained	False
OXSM	retained	False
LRRC3B	retained	False
NEK10	retained	False
SLC4A7	retained	False
EOMES	retained	False
CMC1	retained	False
AZI2	retained	False
ZCWPW2	retained	False
RBMS3	retained	False
TGFBR2	retained	False
GADL1	retained	False
STT3B	retained	False
OSBPL10	retained	False
GPD1L	retained	False
CMTM8	retained	False
CMTM7	retained	False
CMTM6	retained	False
DYNC1LI1	retained	False
CNOT10	retained	False
TRIM71	retained	False
CCR4	retained	False
GLB1	retained	False
TMPPE	retained	False
CRTAP	retained	False
SUSD5	retained	False
FBXL2	retained	False
UBP1	retained	False
CLASP2	retained	False
PDCD6IP	retained	False
ARPP21	retained	False
STAC	retained	False
DCLK3	retained	False
TRANK1	retained	False
EPM2AIP1	retained	False
MLH1	retained	False
LRRFIP2	retained	False
GOLGA4	retained	False
APRG1	retained	False
ITGA9	retained	False
CTDSPL	retained	False
VILL	retained	False
PLCD1	retained	False
DLEC1	retained	False
ACAA1	retained	False
MYD88	retained	False
OXSR1	retained	False
SLC22A13	retained	False
SLC22A14	retained	False
XYLB	retained	False
ACVR2B	retained	False
EXOG	retained	False
SCN5A	retained	False
SCN10A	retained	False
SCN11A	retained	False
WDR48	retained	False
GORASP1	retained	False
TTC21A	retained	False
CSRNP1	retained	False
XIRP1	retained	False
CX3CR1	retained	False
CCR8	retained	False
SLC25A38	retained	False
RPSA	retained	False
MOBP	retained	False
MYRIP	retained	False
EIF1B-AS1	retained_tss_unresolved	False
EIF1B	retained	False
ENTPD3	retained	False
ENTPD3-AS1	retained	False
RPL14	retained	False
ZNF619	retained	False
ZNF620	retained	False
ZNF621	retained	False
CTNNB1	retained	False
ULK4	retained	False
TRAK1	retained	False
CCK	retained	False
LYZL4	retained	False
VIPR1	retained	False
SEC22C	retained	False
SS18L2	retained	False
NKTR	retained	False
ZBTB47	retained	False
KLHL40	retained	False
HHATL	retained	False
CCDC13	retained	False
HIGD1A	retained	False
ACKR2	retained	False
CYP8B1	retained	False
ZNF662	retained	False
GASK1A	retained	False
POMGNT2	retained	False
SNRK	retained	False
ANO10	retained	False
ABHD5	retained	False
TOPAZ1	retained	False
TCAIM	retained	False
ZNF445	retained	False
ZNF852	retained	False
ZKSCAN7	retained	False
ZNF660	retained	False
ZNF197	retained	False
ZNF35	retained	False
ZNF502	retained	False
ZNF501	retained	False
KIAA1143	retained	False
KIF15	retained	False
TMEM42	retained	False
TGM4	retained	False
ZDHHC3	retained	False
EXOSC7	retained	False
CLEC3B	retained	False
CDCP1	retained	False
TMEM158	retained	False
LARS2	retained	False
LIMD1	retained	False
SACM1L	retained	False
SLC6A20	retained	False
LZTFL1	retained	False
CCR9	retained	False
FYCO1	retained	False
CXCR6	retained	False
XCR1	retained	False
CCR1	retained	False
CCR3	retained	False
CCR2	retained	False
CCR5	retained	False
CCRL2	retained	False
LTF	retained	False
RTP3	retained	False
LRRC2	retained	False
LRRC2-AS1	retained	False
TDGF1	retained	False
ALS2CL	retained	False
TMIE	retained	False
PRSS50	retained	False
PRSS42P	retained	False
MYL3	retained	False
PTH1R	retained	False
CCDC12	retained	False
NBEAL2	retained	False
SETD2	retained	False
KIF9	retained	False
KLHL18	retained	False
PTPN23	retained	False
SCAP	retained	False
ELP6	retained	False
CSPG5	retained	False
SMARCC1	retained	False
DHX30	retained	False
MAP4	retained	False
CDC25A	retained	False
CAMP	retained	False
ZNF589	retained	False
NME6	retained	False
SPINK8	retained	False
FBXW12	retained	False
PLXNB1	retained	False
CCDC51	retained	False
TMA7	retained	False
ATRIP	retained	False
TREX1	retained	False
SHISA5	retained	False
PFKFB4	retained	False
UCN2	retained	False
COL7A1	retained	False
UQCRC1	retained	False
TMEM89	retained	False
SLC26A6	retained	False
CELSR3	retained	False
NCKIPSD	input_only	True
IP6K2	input_only	True
PRKAR2A	input_only	True
SLC25A20	input_only	True
ARIH2	input_only	True
P4HTM	input_only	True
WDR6	input_only	True
DALRD3	input_only	True
NDUFAF3	input_only	True
IMPDH2	input_only	True
QRICH1	input_only	True
QARS1	input_only	True
USP19	input_only	True
LAMB2	input_only	True
CCDC71	input_only	True
KLHDC8B	input_only	True
C3orf84	input_only	True
IHO1	input_only	True
C3orf62	input_only	True
USP4	input_only	True
GPX1	input_only	True
RHOA	input_only	True
TCTA	input_only	True
AMT	input_only	True
NICN1	input_only	True
DAG1	input_only	True
BSN	input_only	True
APEH	input_only	True
MST1	tss_and_input	True
RNF123	tss_and_input	True
AMIGO3	input_only	True
GMPPB	input_only	True
IP6K1	input_only	True
CDHR4	input_only	True
INKA1	input_only	True
UBA7	input_only	True
TRAIP	input_only	True
CAMKV	input_only	True
MST1R	input_only	True
MON1A	input_only	True
RBM6	input_only	True
RBM5	input_only	True
SEMA3F	input_only	True
GNAT1	input_only	True
SLC38A3	input_only	True
GNAI2	input_only	True
SEMA3B	input_only	True
LSMEM2	input_only	True
IFRD2	input_only	True
HYAL3	input_only	True
NAA80	input_only	True
HYAL1	input_only	True
HYAL2	input_only	True
TUSC2	input_only	True
RASSF1	input_only	True
ZMYND10	input_only	True
NPRL2	input_only	True
CYB561D2	input_only	True
TMEM115	input_only	True
CACNA2D2	input_only	True
C3orf18	input_only	True
HEMK1	input_only	True
CISH	input_only	True
MAPKAPK3	input_only	True
DOCK3	input_only	True
MANF	retained	False
RBM15B	retained	False
DCAF1	retained	False
RAD54L2	retained	False
TEX264	retained	False
GRM2	retained	False
IQCF6	retained	False
IQCF3	retained	False
IQCF2	retained	False
IQCF5	retained	False
IQCF1	retained	False
RRP9	retained	False
PARP3	retained	False
GPR62	retained	False
PCBP4	retained	False
ABHD14B	retained	False
ABHD14A	retained	False
ACY1	retained	False
RPL29	retained	False
DUSP7	retained	False
POC1A	retained	False
ALAS1	retained	False
TLR9	retained	False
TWF2	retained	False
PPM1M	retained	False
WDR82	retained	False
GLYCTK	retained	False
DNAH1	retained	False
BAP1	retained	False
PHF7	retained	False
SEMA3G	retained	False
TNNC1	retained	False
NISCH	retained	False
STAB1	retained	False
NT5DC2	retained	False
SMIM4	retained	False
PBRM1	retained	False
GNL3	retained	False
GLT8D1	retained	False
SPCS1	retained	False
NEK4	retained	False
ITIH1	retained	False
ITIH3	retained	False
ITIH4	retained	False
MUSTN1	retained	False
STIMATE	retained	False
SFMBT1	retained	False
RFT1	retained	False
PRKCD	retained	False
TKT	retained	False
DCP1A	retained	False
CACNA1D	retained	False
CHDH	retained	False
IL17RB	retained	False
ACTR8	retained	False
SELENOK	retained	False
CACNA2D3	retained	False
ESRG	retained	False
LRTM1	retained	False
WNT5A	retained	False
ERC2	retained	False
ERC2-IT1	retained_tss_unresolved	False
CCDC66	retained	False
TASOR	retained	False
ARHGEF3	retained	False
SPATA12	retained	False
IL17RD	retained	False
HESX1	retained	False
APPL1	retained	False
ASB14	retained	False
DNAH12	retained	False
PDE12	retained	False
ARF4	retained	False
DENND6A	retained	False
SLMAP	retained	False
FLNB	retained	False
DNASE1L3	retained	False
ABHD6	retained	False
RPP14	retained	False
PXK	retained	False
PDHB	retained	False
KCTD6	retained	False
ACOX2	retained	False
FAM107A	retained	False
FAM3D	retained	False
CFAP20DC	retained	False
FHIT	retained	False
PTPRG	retained	False
C3orf14	retained	False
FEZF2	retained	False
CADPS	retained	False
LINC00698	retained	False
SYNPR	retained	False
SNTN	retained	False
C3orf49	retained	False
THOC7	retained	False
ATXN7	retained	False
PSMD6	retained	False
PRICKLE2	retained	False
ADAMTS9	retained	False
MAGI1	retained	False
MAGI1-IT1	retained	False
SLC25A26	retained	False
LRIG1	retained	False
KBTBD8	retained	False
SUCLG2	retained	False
TAFA1	retained	False
TAFA4	retained	False
EOGT	retained	False
TMF1	retained	False
UBA3	retained	False
ARL6IP5	retained	False
LMOD3	retained	False
FRMD4B	retained	False
MITF	retained	False
FOXP1	retained	False
EIF4E3	retained	False
GPR27	retained	False
PROK2	retained	False
LINC00877	retained	False
LINC00870	retained	False
RYBP	retained	False
SHQ1	retained	False
PPP4R2	retained	False
EBLN2	retained	False
PDZRN3	retained	False
CNTN3	retained	False
ZNF717	retained	False
ROBO2	retained	False
ROBO1	retained	False
GBE1	retained	False
CADM2	retained	False
VGLL3	retained	False
CHMP2B	retained	False
POU1F1	retained	False
HTR1F	retained	False
CGGBP1	retained	False
ZNF654	retained	False
C3orf38	retained	False
EPHA3	retained	False
PROS1	retained	False
ARL13B	retained	False
STX19	retained	False
DHFR2	retained	False
NSUN3	retained	False
LINC00879	retained	False
EPHA6	retained	False
ARL6	retained	False
RIOX2	retained	False
GABRR3	retained	False
OR5AC2	retained	False
OR5H1	retained	False
OR5H14	retained	False
OR5H15	retained	False
OR5H6	retained	False
OR5H2	retained	False
OR5K4	retained	False
OR5K3	retained	False
OR5K1	retained	False
OR5K2	retained	False
CLDND1	retained	False
GPR15	retained	False
CPOX	retained	False
ST3GAL6	retained	False
DCBLD2	retained	False
COL8A1	retained	False
CMSS1	retained	False
FILIP1L	retained	False
TBC1D23	retained	False
NIT2	retained	False
TOMM70	retained	False
LNP1	retained	False
TMEM45A	retained	False
ADGRG7	retained	False
TFG	retained	False
ABI3BP	retained	False
IMPG2	retained	False
SENP7	retained	False
TRMT10C	retained	False
PCNP	retained	False
ZBTB11	retained	False
ZBTB11-AS1	retained	False
RPL24	retained	False
CEP97	retained	False
NXPE3	retained	False
NFKBIZ	retained	False
ZPLD1	retained	False
ALCAM	retained	False
CBLB	retained	False
DUBR	retained	False
CCDC54	retained	False
BBX	retained	False
LINC00635	retained	False
LINC00636	retained	False
CD47	retained	False
IFT57	retained	False
HHLA2	retained	False
MYH15	retained	False
CIP2A	retained	False
DZIP3	retained	False
RETNLB	retained	False
TRAT1	retained	False
GUCA1C	retained	False
MORC1	retained	False
C3orf85	retained	False
LINC00488	retained	False
DPPA2	retained	False
DPPA4	retained	False
LINC01205	retained	False
NECTIN3	retained	False
CD96	retained	False
ZBED2	retained	False
PLCXD2	retained	False
PHLDB2	retained	False
ABHD10	retained	False
TAGLN3	retained	False
TMPRSS7	retained	False
C3orf52	retained	False
GCSAM	retained	False
SLC9C1	retained	False
CD200	retained	False
BTLA	retained	False
ATG3	retained	False
SLC35A5	retained	False
CCDC80	retained	False
CD200R1L	retained	False
CD200R1	retained	False
GTPBP8	retained	False
NEPRO	retained	False
BOC	retained	False
CFAP44	retained	False
SPICE1	retained	False
SIDT1	retained	False
USF3	retained	False
NAA50	retained	False
ATP6V1A	retained	False
GRAMD1C	retained	False
ZDHHC23	retained	False
CCDC191	retained	False
QTRT2	retained	False
DRD3	retained	False
ZNF80	retained	False
TIGIT	retained	False
ZBTB20	retained	False
GAP43	retained	False
LSAMP	retained	False
TUSC7	retained	False
IGSF11	retained	False
TEX55	retained	False
UPK1B	retained	False
B4GALT4	retained	False
ARHGAP31	retained	False
TMEM39A	retained	False
POGLUT1	retained	False
TIMMDC1	retained	False
CD80	retained	False
ADPRH	retained	False
PLA1A	retained	False
POPDC2	retained	False
COX17	retained	False
CFAP91	retained	False
NR1I2	retained	False
GSK3B	retained	False
GPR156	retained	False
LRRC58	retained	False
FSTL1	retained	False
NDUFB4	retained	False
HGD	retained	False
RABL3	retained	False
GTF2E1	retained	False
STXBP5L	retained	False
POLQ	retained	False
ARGFX	retained	False
FBXO40	retained	False
HCLS1	retained	False
GOLGB1	retained	False
IQCB1	retained	False
EAF2	retained	False
SLC15A2	retained	False
ILDR1	retained	False
CD86	retained	False
CASR	retained	False
CSTA	retained	False
MIX23	retained	False
FAM162A	retained	False
WDR5B	retained	False
KPNA1	retained	False
PARP9	retained	False
DTX3L	retained	False
PARP15	retained	False
PARP14	retained	False
HSPBAP1	retained	False
SLC49A4	retained	False
SEMA5B	retained	False
PDIA5	retained	False
SEC22A	retained	False
ADCY5	retained	False
HACD2	retained	False
MYLK	retained	False
CCDC14	retained	False
ROPN1	retained	False
KALRN	retained	False
UMPS	retained	False
ITGB5	retained	False
MUC13	retained	False
HEG1	retained	False
SLC12A8	retained	False
ZNF148	retained	False
SNX4	retained	False
OSBPL11	retained	False
ROPN1B	retained	False
SLC41A3	retained	False
ALDH1L1	retained	False
KLF15	retained	False
CFAP100	retained	False
ZXDC	retained	False
UROC1	retained	False
CHST13	retained	False
C3orf22	retained	False
NUP210P1	retained	False
CHCHD6	retained	False
PLXNA1	retained	False
C3orf56	retained	False
TPRA1	retained	False
MCM2	retained	False
PODXL2	retained	False
ABTB1	retained	False
MGLL	retained	False
KBTBD12	retained	False
SEC61A1	retained	False
RUVBL1	retained	False
EEFSEC	retained	False
DNAJB8	retained	False
GATA2	retained	False
LINC01565	retained	False
RPN1	retained	False
RAB7A	retained	False
ACAD9	retained	False
CFAP92	retained	False
EFCC1	retained	False
GP9	retained	False
RAB43	retained	False
ISY1	retained	False
CNBP	retained	False
COPG1	retained	False
HMCES	retained	False
H1-10	retained	False
EFCAB12	retained	False
MBD4	retained	False
IFT122	retained	False
RHO	retained	False
H1-8	retained	False
PLXND1	retained	False
TMCC1	retained	False
TRH	retained	False
COL6A5	retained	False
COL6A6	retained	False
PIK3R4	retained	False
ATP2C1	retained	False
ASTE1	retained	False
NEK11	retained	False
NUDT16-DT	retained	False
NUDT16L2P	retained	False
NUDT16	retained	False
MRPL3	retained	False
CPNE4	retained	False
ACP3	retained	False
DNAJC13	retained	False
ACAD11	retained	False
ACKR4	retained	False
UBA5	retained	False
NPHP3	retained	False
NPHP3-AS1	retained	False
TMEM108	retained	False
BFSP2	retained	False
CDV3	retained	False
TOPBP1	retained	False
TF	retained	False
SRPRB	retained	False
RAB6B	retained	False
C3orf36	retained	False
SLCO2A1	retained	False
RYK	retained	False
AMOTL2	retained	False
ANAPC13	retained	False
CEP63	retained	False
KY	retained	False
EPHB1	retained	False
PPP2R3A	retained	False
MSL2	retained	False
PCCB	retained	False
STAG1	retained	False
SLC35G2	retained	False
NCK1	retained	False
IL20RB	retained	False
SOX14	retained	False
CLDN18	retained	False
DZIP1L	retained	False
A4GNT	retained	False
DBR1	retained	False
ARMC8	retained	False
NME9	retained	False
MRAS	retained	False
ESYT3	retained	False
CEP70	retained	False
FAIM	retained	False
PIK3CB	retained	False
FOXL2	retained	False
BPESC1	retained	False
MRPS22	retained	False
COPB2	retained	False
RBP2	retained	False
RBP1	retained	False
NMNAT3	retained	False
CLSTN2	retained	False
TRIM42	retained	False
SLC25A36	retained	False
SPSB4	retained	False
PXYLP1	retained	False
ZBTB38	retained	False
RASA2	retained	False
RNF7	retained	False
GRK7	retained	False
ATP1B3	retained	False
TFDP2	retained	False
GK5	retained	False
XRN1	retained	False
ATR	retained	False
PLS1	retained	False
TRPC1	retained	False
PCOLCE2	retained	False
PAQR9	retained	False
U2SURP	retained	False
CHST2	retained	False
SLC9A9	retained	False
DIPK2A	retained	False
PLOD2	retained	False
PLSCR4	retained	False
PLSCR2	retained	False
PLSCR1	retained	False
PLSCR5	retained	False
ZIC4	retained	False
ZIC1	retained	False
AGTR1	retained	False
CPB1	retained	False
CPA3	retained	False
GYG1	retained	False
HLTF	retained	False
HPS3	retained	False
CP	retained	False
TM4SF18	retained	False
TM4SF1	retained	False
TM4SF4	retained	False
WWTR1	retained	False
COMMD2	retained	False
ANKUB1	retained	False
RNF13	retained	False
PFN2	retained	False
TSC22D2	retained	False
SERP1	retained	False
EIF2A	retained	False
SELENOT	retained	False
ERICH6	retained	False
SIAH2	retained	False
CLRN1	retained	False
MED12L	retained	False
GPR171	retained	False
P2RY14	retained	False
GPR87	retained	False
P2RY13	retained	False
P2RY12	retained	False
IGSF10	retained	False
AADACL2	retained	False
AADAC	retained	False
SUCNR1	retained	False
MBNL1	retained	False
MBNL1-AS1	retained	False
TMEM14EP	retained	False
P2RY1	retained	False
RAP2B	retained	False
LINC02877	retained	False
ARHGEF26	retained	False
DHX36	retained	False
GPR149	retained	False
MME	retained	False
PLCH1	retained	False
C3orf33	retained	False
SLC33A1	retained	False
GMPS	retained	False
KCNAB1	retained	False
SSR3	retained	False
TIPARP	retained	False
LINC00886	retained	False
LEKR1	retained	False
LINC00880	retained	False
CCNL1	retained	False
VEPH1	retained	False
PTX3	retained	False
SLC66A1L	retained	False
SHOX2	retained	False
RSRC1	retained	False
MLF1	retained	False
GFM1	retained	False
LXN	retained	False
RARRES1	retained	False
MFSD1	retained	False
SCHIP1	input_only	True
IL12A	tss_and_input	True
C3orf80	input_only	True
IFT80	input_only	True
SMC4	input_only	True
TRIM59	input_only	True
KPNA4	input_only	True
ARL14	input_only	True
PPM1L	input_only	True
B3GALNT1	retained	False
NMD3	retained	False
SPTSSB	retained	False
OTOL1	retained	False
LINC01192	retained	False
SI	retained	False
SLITRK3	retained	False
BCHE	retained	False
ZBBX	retained	False
SERPINI2	retained	False
WDR49	retained	False
PDCD10	retained	False
SERPINI1	retained	False
LRRC77P	retained	False
GOLIM4	retained	False
MECOM	retained	False
ACTRT3	retained	False
MYNN	retained	False
LRRC34	retained	False
LRRIQ4	retained	False
LRRC31	retained	False
SAMD7	retained	False
SEC62	retained	False
GPR160	retained	False
PHC3	retained	False
PRKCI	retained	False
SKIL	retained	False
CLDN11	retained	False
SLC7A14	retained	False
RPL22L1	retained	False
EIF5A2	retained	False
SLC2A2	retained	False
TNIK	retained	False
PLD1	retained	False
FNDC3B	retained	False
GHSR	retained	False
TNFSF10	retained	False
NCEH1	retained	False
ECT2	retained	False
SPATA16	retained	False
NLGN1	retained	False
NAALADL2	retained	False
TBL1XR1	retained	False
KCNMB2	retained	False
ZMAT3	retained	False
PIK3CA	retained	False
KCNMB3	retained	False
ZNF639	retained	False
MFN1	retained	False
GNB4	retained	False
ACTL6A	retained	False
MRPL47	retained	False
NDUFB5	retained	False
USP13	retained	False
PEX5L	retained	False
TTC14	retained	False
CCDC39	retained	False
FXR1	retained	False
DNAJC19	retained	False
SOX2-OT	retained	False
SOX2	retained	False
ATP11B	retained	False
DCUN1D1	retained	False
MCCC1	retained	False
LAMP3	retained	False
MCF2L2	retained	False
B3GNT5	retained	False
KLHL6	retained	False
KLHL24	retained	False
YEATS2	retained	False
MAP6D1	retained	False
PARL	retained	False
ABCC5	retained	False
HTR3D	retained	False
HTR3C	retained	False
HTR3E	retained	False
EIF2B5	retained	False
DVL3	retained	False
AP2M1	retained	False
ABCF3	retained	False
VWA5B2	retained	False
ALG3	retained	False
ECE2	retained	False
CAMK2N2	retained	False
PSMD2	retained	False
EIF4G1	retained	False
FAM131A	retained	False
CLCN2	retained	False
POLR2H	retained	False
THPO	retained	False
CHRD	retained	False
EPHB3	retained	False
MAGEF1	retained	False
VPS8	retained	False
C3orf70	retained	False
EHHADH	retained	False
MAP3K13	retained	False
TMEM41A	retained	False
LIPH	retained	False
SENP2	retained	False
IGF2BP2	retained	False
IGF2BP2-AS1	retained	False
TRA2B	retained	False
ETV5	retained	False
DGKG	retained	False
LINC02052	retained	False
CRYGS	retained	False
TBCCD1	retained	False
DNAJB11	retained	False
AHSG	retained	False
FETUB	retained	False
HRG	retained	False
KNG1	retained	False
EIF4A2	retained	False
RFC4	retained	False
ADIPOQ	retained	False
ST6GAL1	retained	False
RPL39L	retained	False
RTP1	retained	False
MASP1	retained	False
RTP4	retained	False
SST	retained	False
RTP2	retained	False
BCL6	retained	False
LPP-AS2	retained	False
LPP	retained	False
FLJ42393	retained_tss_unresolved	False
TPRG1	retained	False
TP63	retained	False
P3H2	retained	False
CLDN1	retained	False
CLDN16	retained	False
TMEM207	retained	False
IL1RAP	retained	False
GMNC	retained	False
OSTN	retained	False
UTS2B	retained	False
CCDC50	retained	False
FGF12	retained	False
MB21D2	retained	False
PLAAT1	retained	False
ATP13A5	retained	False
ATP13A4	retained	False
OPA1	retained	False
LINC02026	retained	False
LINC02028	retained	False
HES1	retained	False
CPN2	retained	False
LRRC15	retained	False
GP5	retained	False
ATP13A3	retained	False
TMEM44	retained	False
LSG1	retained	False
FAM43A	retained	False
XXYLT1	retained	False
ACAP2	retained	False
PPP1R2	retained	False
APOD	retained	False
MUC20	retained	False
MUC4	retained	False
TNK2	retained	False
SDHAP1	retained	False
TFRC	retained	False
ZDHHC19	retained	False
SLC51A	retained	False
PCYT1A	retained	False
DYNLT2B	retained	False
TM4SF19	retained	False
UBXN7	retained	False
RNF168	retained	False
WDR53	retained	False
FBXO45	retained	False
NRROS	retained	False
CEP19	retained	False
PIGX	retained	False
PAK2	retained	False
SENP5	retained	False
NCBP2	retained	False
PIGZ	retained	False
MELTF	retained	False
DLG1	retained	False
BDH1	retained	False
SDHAP4	retained_tss_unresolved	False
RUBCN	retained	False
FYTTD1	retained	False
LRCH3	retained	False
IQCG	retained	False
RPL35A	retained	False
LMLN	retained	False
ANKRD18DP	retained	False
ZNF595	retained	False
ZNF718	retained	False
ZNF876P	retained	False
ZNF732	retained	False
ZNF141	retained	False
ABCA11P	retained	False
ZNF721	retained	False
PIGG	retained	False
PDE6B	retained	False
ATP5ME	retained	False
MYL5	retained	False
SLC49A3	retained	False
PCGF3	retained	False
CPLX1	retained	False
GAK	retained	False
TMEM175	retained	False
DGKQ	retained	False
SLC26A1	retained	False
IDUA	retained	False
FGFRL1	retained	False
RNF212	retained	False
SPON2	retained	False
CTBP1-AS	retained_tss_unresolved	False
CTBP1	retained	False
MAEA	retained	False
UVSSA	retained	False
NKX1-1	retained	False
FAM53A	retained	False
SLBP	retained	False
TMEM129	retained	False
TACC3	retained	False
FGFR3	retained	False
LETM1	retained	False
NSD2	retained	False
NELFA	retained	False
C4orf48	retained	False
NAT8L	retained	False
POLN	retained	False
HAUS3	retained	False
MXD4	retained	False
ZFYVE28	retained	False
RNF4	retained	False
FAM193A	retained	False
TNIP2	retained	False
SH3BP2	retained	False
ADD1	retained	False
MFSD10	retained	False
NOP14	retained	False
GRK4	retained	False
HTT	retained	False
MSANTD1	retained	False
RGS12	retained	False
HGFAC	retained	False
DOK7	retained	False
LRPAP1	retained	False
ADRA2C	retained	False
OTOP1	retained	False
TMEM128	retained	False
LYAR	retained	False
ZBTB49	retained	False
NSG1	retained	False
STX18	retained	False
MSX1	retained	False
CYTL1	retained	False
STK32B	retained	False
LINC01587	retained	False
EVC2	retained	False
EVC	retained	False
CRMP1	retained	False
JAKMIP1	retained	False
WFS1	retained	False
PPP2R2C	retained	False
MAN2B2	retained	False
MRFAP1	retained	False
S100P	retained	False
MRFAP1L1	retained	False
BLOC1S4	retained	False
KIAA0232	retained	False
TBC1D14	retained	False
CCDC96	retained	False
GRPEL1	retained	False
SORCS2	retained	False
PSAPL1	retained	False
AFAP1	retained	False
ABLIM2	retained	False
SH3TC1	retained	False
HTRA3	retained	False
ACOX3	retained	False
TRMT44	retained	False
GPR78	retained	False
CPZ	retained	False
HMX1	retained	False
SLC2A9	retained	False
DRD5	retained	False
WDR1	retained	False
ZNF518B	retained	False
CLNK	retained	False
HS3ST1	retained	False
RAB28	retained	False
LINC01097	retained_tss_unresolved	False
NKX3-2	retained	False
BOD1L1	retained	False
LINC01085	retained	False
CPEB2-DT	retained_tss_unresolved	False
CPEB2	retained	False
C1QTNF7	retained	False
CC2D2A	retained	False
FBXL5	retained	False
FAM200B	retained	False
BST1	retained	False
CD38	retained	False
FGFBP1	retained	False
FGFBP2	retained	False
PROM1	retained	False
TAPT1	retained	False
LDB2	retained	False
QDPR	retained	False
LAP3	retained	False
MED28	retained	False
FAM184B	retained	False
DCAF16	retained	False
NCAPG	retained	False
LCORL	retained	False
SLIT2	retained	False
PACRGL	retained	False
KCNIP4	retained	False
ADGRA3	retained	False
GBA3	retained	False
PPARGC1A	retained	False
DHX15	retained	False
SOD3	retained	False
CCDC149	retained	False
LGI2	retained	False
SEPSECS	retained	False
PI4K2B	retained	False
ZCCHC4	retained	False
ANAPC4	retained	False
SLC34A2	retained	False
SEL1L3	retained	False
SMIM20	retained	False
RBPJ	retained	False
CCKAR	retained	False
TBC1D19	retained	False
STIM2	retained	False
PCDH7	retained	False
ARAP2	retained	False
DTHD1	retained	False
NWD2	retained	False
C4orf19	retained	False
RELL1	retained	False
PGM2	retained	False
TBC1D1	retained	False
PTTG2	retained	False
KLF3	retained	False
TLR10	retained	False
TLR1	retained	False
TLR6	retained	False
FAM114A1	retained	False
TMEM156	retained	False
KLHL5	retained	False
WDR19	retained	False
RFC1	retained	False
KLB	retained	False
RPL9	retained	False
LIAS	retained	False
UGDH	retained	False
SMIM14	retained	False
UBE2K	retained	False
PDS5A	retained	False
N4BP2	retained	False
RHOH	retained	False
CHRNA9	retained	False
RBM47	retained	False
NSUN7	retained	False
APBB2	retained	False
UCHL1	retained	False
LIMCH1	retained	False
PHOX2B	retained	False
TMEM33	retained	False
DCAF4L1	retained	False
SLC30A9	retained	False
BEND4	retained	False
SHISA3	retained	False
ATP8A1	retained	False
GRXCR1	retained	False
KCTD8	retained	False
YIPF7	retained	False
GUF1	retained	False
GNPDA2	retained	False
GABRG1	retained	False
GABRA2	retained	False
COX7B2	retained	False
GABRA4	retained	False
GABRB1	retained	False
COMMD8	retained	False
ATP10D	retained	False
CORIN	retained	False
NFXL1	retained	False
CNGA1	retained	False
NIPAL1	retained	False
TXK	retained	False
TEC	retained	False
SLC10A4	retained	False
ZAR1	retained	False
FRYL	retained	False
OCIAD1	retained	False
OCIAD2	retained	False
CWH43	retained	False
DCUN1D4	retained	False
SGCB	retained	False
SPATA18	retained	False
USP46	retained	False
LINC01618	retained	False
RASL11B	retained	False
SCFD2	retained	False
FIP1L1	retained	False
LNX1	retained	False
CHIC2	retained	False
GSX2	retained	False
PDGFRA	retained	False
KIT	retained	False
KDR	retained	False
SRD5A3	retained	False
TMEM165	retained	False
CLOCK	retained	False
PDCL2	retained	False
NMU	retained	False
EXOC1	retained	False
CEP135	retained	False
CRACD	retained	False
AASDH	retained	False
PPAT	retained	False
PAICS	retained	False
SRP72	retained	False
ARL9	retained	False
HOPX	retained	False
SPINK2	retained	False
REST	retained	False
NOA1	retained	False
POLR2B	retained	False
IGFBP7	retained	False
IGFBP7-AS1	retained	False
ADGRL3	retained	False
TECRL	retained	False
LINC02232	retained	False
EPHA5	retained	False
EPHA5-AS1	retained	False
CENPC	retained	False
STAP1	retained	False
UBA6	retained	False
GNRHR	retained	False
TMPRSS11D	retained	False
TMPRSS11A	retained	False
TMPRSS11F	retained	False
TMPRSS11B	retained	False
YTHDC1	retained	False
TMPRSS11E	retained	False
UGT2B17	retained	False
UGT2B15	retained	False
UGT2B10	retained	False
UGT2A3	retained	False
UGT2B7	retained	False
UGT2B11	retained	False
UGT2B28	retained	False
UGT2B4	retained	False
UGT2A1	retained	False
SULT1B1	retained	False
SULT1E1	retained	False
CSN1S1	retained	False
CSN2	retained	False
STATH	retained	False
HTN3	retained	False
HTN1	retained	False
CSN1S2AP	retained	False
PRR27	retained_tss_unresolved	False
ODAM	retained	False
FDCSP	retained	False
CSN3	retained	False
CABS1	retained	False
SMR3A	retained	False
SMR3B	retained	False
OPRPN	retained	False
MUC7	retained	False
AMTN	retained	False
AMBN	retained	False
ENAM	retained	False
JCHAIN	retained	False
UTP3	retained	False
RUFY3	retained	False
GRSF1	retained	False
MOB1B	retained	False
DCK	retained	False
SLC4A4	retained	False
GC	retained	False
NPFFR2	retained	False
ADAMTS3	input_only	True
COX18	input_only	True
ANKRD17	input_only	True
ALB	tss_and_input	True
AFP	input_only	True
AFM	input_only	True
LINC02499	input_only	True
RASSF6	input_only	True
CXCL8	input_only	True
CXCL6	input_only	True
PF4V1	input_only	True
CXCL1	input_only	True
PF4	input_only	True
PPBP	input_only	True
CXCL5	input_only	True
CXCL3	input_only	True
PPBPP2	input_only	True
CXCL2	input_only	True
MTHFD2L	input_only	True
EPGN	input_only	True
EREG	input_only	True
AREG	retained	False
BTC	retained	False
PARM1	retained	False
RCHY1	retained	False
THAP6	retained	False
ODAPH	retained	False
CDKL2	retained	False
G3BP2	retained	False
USO1	retained	False
PPEF2	retained	False
NAAA	retained	False
SDAD1	retained	False
CXCL9	retained	False
ART3	retained	False
CXCL10	retained	False
CXCL11	retained	False
NUP54	retained	False
SCARB2	retained	False
STBD1	retained	False
CCDC158	retained	False
SHROOM3	retained	False
SOWAHB	retained	False
SEPTIN11	retained	False
CCNI	retained	False
CCNG2	retained	False
CXCL13	retained	False
CNOT6L	retained	False
MRPL1	retained	False
FRAS1	retained	False
ANXA3	retained	False
BMP2K	retained	False
PAQR3	retained	False
NAA11	retained	False
GK2	retained	False
ANTXR2	retained	False
PRDM8	retained	False
FGF5	retained	False
CFAP299	retained	False
BMP3	retained	False
PRKG2	retained	False
RASGEF1B	retained	False
HNRNPD	retained	False
HNRNPDL	retained	False
ENOPH1	retained	False
TMEM150C	retained	False
LINC00575	retained	False
SCD5	retained	False
SEC31A	retained	False
THAP9	retained	False
LIN54	retained	False
COPS4	retained	False
PLAC8	retained	False
COQ2	retained	False
HPSE	retained	False
HELQ	retained	False
MRPS18C	retained	False
ABRAXAS1	retained	False
GPAT3	retained	False
NKX6-1	retained	False
CDS1	retained	False
WDFY3	retained	False
WDFY3-AS2	retained	False
ARHGAP24	retained	False
MAPK10	input_only	True
PTPN13	input_only	True
SLC10A6	input_only	True
C4orf36	input_only	True
AFF1	input_only	True
KLHL8	input_only	True
HSD17B13	tss_and_input	True
HSD17B11	input_only	True
NUDT9	input_only	True
SPARCL1	input_only	True
DSPP	input_only	True
DMP1	input_only	True
IBSP	input_only	True
MEPE	input_only	True
SPP1	input_only	True
PKD2	input_only	True
ABCG2	input_only	True
PPM1K	input_only	True
HERC6	retained	False
HERC5	retained	False
PIGY	retained	False
HERC3	retained	False
NAP1L5	retained	False
FAM13A-AS1	retained	False
FAM13A	retained	False
TIGD2	retained	False
GPRIN3	retained	False
SNCA	retained	False
MMRN1	retained	False
GRID2	retained	False
ATOH1	retained	False
SMARCAD1	retained	False
HPGDS	retained	False
PDLIM5	retained	False
BMPR1B	retained	False
UNC5C	retained	False
PDHA2	retained	False
STPG2	retained	False
RAP1GDS1	input_only	True
TSPAN5	input_only	True
EIF4E	input_only	True
METAP1	input_only	True
ADH5	input_only	True
ADH4	input_only	True
ADH6	input_only	True
ADH1A	input_only	True
ADH1B	tss_and_input	True
ADH1C	input_only	True
ADH7	input_only	True
C4orf17	input_only	True
TRMT10A	tss_and_input	True
MTTP	tss_and_input	True
C4orf54	input_only	True
DAPP1	input_only	True
LAMTOR3	input_only	True
DNAJB14	input_only	True
H2AZ1	input_only	True
DDIT4L	input_only	True
EMCN	input_only	True
PPP3CA	retained	False
FLJ20021	retained	False
BANK1	retained	False
SLC39A8	retained	False
NFKB1	retained	False
MANBA	retained	False
UBE2D3	retained	False
CISD2	retained	False
SLC9B1	retained	False
SLC9B2	retained	False
BDH2	retained	False
CENPE	retained	False
TACR3	retained	False
CXXC4	retained	False
TET2	retained	False
PPA2	retained	False
ARHGEF38	retained	False
INTS12	retained	False
GSTCD	retained	False
NPNT	retained	False
TBCK	retained	False
AIMP1	retained	False
DKK2	retained	False
PAPSS1	retained	False
SGMS2	retained	False
CYP2U1	retained	False
HADH	retained	False
LEF1	retained	False
LEF1-AS1	retained	False
RPL34-DT	retained	False
RPL34	retained	False
OSTC	retained	False
ETNPPL	retained	False
COL25A1	retained	False
SEC24B	retained	False
MCUB	retained	False
CASP6	retained	False
PLA2G12A	retained	False
CFI	retained	False
GAR1	retained	False
RRH	retained	False
LRIT3	retained	False
EGF	retained	False
ELOVL6	retained	False
ENPEP	retained	False
PITX2	retained	False
FAM241A	retained	False
AP1AR	retained	False
TIFA	retained	False
ALPK1	retained	False
NEUROG2	retained	False
ZGRF1	retained	False
LARP7	retained	False
ANK2	retained	False
CAMK2D	retained	False
ARSJ	retained	False
UGT8	retained	False
NDST4	retained	False
TRAM1L1	retained	False
NDST3	retained	False
PRSS12	retained	False
METTL14	retained	False
SEC24D	retained	False
SYNPO2	retained	False
MYOZ2	retained	False
USP53	retained	False
C4orf3	retained	False
FABP2	retained	False
PDE5A	retained	False
MAD2L1	retained	False
PRDM5	retained	False
NDNF	retained	False
TNIP3	retained	False
QRFPR	retained	False
ANXA5	retained	False
SMIM43	retained	False
EXOSC9	retained	False
CCNA2	retained	False
BBS7	retained	False
TRPC3	retained	False
BLTP1	retained	False
ADAD1	retained	False
IL2	retained	False
IL21	retained	False
BBS12	retained	False
FGF2	retained	False
NUDT6	retained	False
SPATA5	retained	False
SPRY1	retained	False
LINC01091	retained	False
ANKRD50	retained	False
FAT4	retained	False
INTU	retained	False
SLC25A31	retained	False
HSPA4L	retained	False
PLK4	retained	False
MFSD8	retained	False
ABHD18	retained	False
LARP1B	retained	False
PGRMC2	retained	False
JADE1	retained	False
SCLT1	retained	False
C4orf33	retained	False
PCDH10	retained	False
PABPC4L	retained	False
PCDH18	retained	False
LINC00616	retained	False
SLC7A11	retained	False
NOCT	retained	False
ELF2	retained	False
MGARP	retained	False
NDUFC1	retained	False
NAA15	retained	False
RAB33B	retained	False
SETD7	retained	False
MGST2	retained	False
MAML3	retained	False
SCOC	retained	False
SCOC-AS1	retained	False
CLGN	retained	False
ELMOD2	retained	False
UCP1	retained	False
TBC1D9	retained	False
RNF150	retained	False
ZNF330	retained	False
IL15	retained	False
INPP4B	retained	False
USP38	retained	False
GAB1	retained	False
SMARCA5	retained	False
GUSBP5	retained	False
FREM3	retained	False
GYPE	retained	False
GYPB	retained	False
GYPA	retained	False
HHIP-AS1	retained	False
HHIP	retained	False
ANAPC10	retained	False
ABCE1	retained	False
OTUD4	retained	False
SMAD1	retained	False
MMAA	retained	False
ZNF827	retained	False
LSM6	retained	False
SLC10A7	retained	False
POU4F2	retained	False
TTC29	retained	False
EDNRA	retained	False
TMEM184C	retained	False
PRMT9	retained	False
ARHGAP10	retained	False
NR3C2	retained	False
IQCM	retained	False
DCLK2	retained	False
LRBA	retained	False
MAB21L2	retained	False
RPS3A	retained	False
SH3D19	retained	False
GATB	retained	False
FBXW7	retained	False
MIR4453HG	retained	False
TMEM154	retained	False
TIGD4	retained	False
ARFIP1	retained	False
FHDC1	retained	False
TRIM2	retained	False
MND1	retained	False
TMEM131L	input_only	True
TLR2	input_only	True
RNF175	input_only	True
SFRP2	input_only	True
DCHS2	input_only	True
PLRG1	input_only	True
FGB	tss_and_input	True
FGA	tss_and_input	True
FGG	tss_and_input	True
LRAT	input_only	True
RBM46	input_only	True
NPY2R	input_only	True
MAP9	input_only	True
GUCY1A1	retained	False
GUCY1B1	retained	False
ASIC5	retained	False
TDO2	retained	False
CTSO	retained	False
PDGFC	retained	False
GLRB	retained	False
GRIA2	retained	False
GASK1B	retained	False
GASK1B-AS1	retained	False
TMEM144	retained	False
RXFP1	retained	False
C4orf46	retained	False
ETFDH	retained	False
PPID	retained	False
FNIP2	retained	False
C4orf45	retained	False
RAPGEF2	retained	False
FSTL5	retained	False
NAF1	retained	False
NPY1R	retained	False
NPY5R	retained	False
TKTL2	retained	False
TMA16	retained	False
MARCHF1	retained	False
TRIM61	retained	False
FAM218A	retained	False
TRIM60	retained	False
TRIM75	retained	False
TMEM192	retained	False
KLHL2	retained	False
GK3P	retained	False
MSMO1	retained	False
CPE	retained	False
TLL1	retained	False
SPOCK3	retained	False
ANXA10	retained	False
DDX60	retained	False
PALLD	retained	False
CBR4	retained	False
SH3RF1	retained	False
NEK1	retained	False
CLCN3	retained	False
HPF1	retained	False
MFAP3L	retained	False
AADAT	retained	False
GALNTL6	retained	False
GALNT7	retained	False
HMGB2	retained	False
SAP30	retained	False
SCRG1	retained	False
HAND2	retained	False
HAND2-AS1	retained	False
FBXO8	retained	False
CEP44	retained	False
HPGD	retained	False
GLRA3	retained	False
ADAM29	retained	False
GPM6A	retained	False
WDR17	retained	False
SPATA4	retained	False
ASB5	retained	False
SPCS3	retained	False
VEGFC	retained	False
NEIL3	retained	False
AGA	retained	False
LINC01098	retained	False
LINC00290	retained	False
TENM3	retained	False
DCTD	retained	False
WWC2-AS2	retained	False
WWC2	retained	False
CLDN22	retained	False
CDKN2AIP	retained	False
ING2	retained	False
RWDD4	retained	False
TRAPPC11	retained	False
STOX2	retained	False
ENPP6	retained	False
IRF2	retained	False
CASP3	retained	False
PRIMPOL	retained	False
CENPU	retained	False
ACSL1	retained	False
SLED1	retained	False
HELT	retained	False
SLC25A4	retained	False
CFAP97	retained	False
SNX25	retained	False
LRP2BP	retained	False
ANKRD37	retained	False
UFSP2	retained	False
C4orf47	retained	False
CCDC110	retained	False
PDLIM3	retained	False
SORBS2	retained	False
TLR3	retained	False
FAM149A	retained	False
FLJ38576	retained_tss_unresolved	False
CYP4V2	retained	False
KLKB1	retained	False
F11	retained	False
F11-AS1	retained	False
MTNR1A	retained	False
FAT1	retained	False
ZFP42	retained	False
TRIML2	retained	False
TRIML1	retained	False
FRG1	retained	False
FRG2	retained	False
DUX4	retained	False
PLEKHG4B	retained	False
LRRC14B	retained	False
CCDC127	retained	False
SDHA	retained	False
PDCD6	retained	False
AHRR	retained	False
EXOC3	retained	False
PP7080	retained	False
SLC9A3	retained	False
CEP72	retained	False
TPPP	retained	False
ZDHHC11	retained	False
BRD9	retained	False
TRIP13	retained	False
GTF2H2C_2	retained_tss_unresolved	False
NKD2	retained	False
SLC12A7	retained	False
SLC6A19	retained	False
SLC6A18	retained	False
TERT	retained	False
CLPTM1L	retained	False
SLC6A3	retained	False
LPCAT1	retained	False
MRPL36	retained	False
NDUFS6	retained	False
IRX4	retained	False
IRX2	retained	False
LINC01019	retained	False
IRX1	retained	False
ADAMTS16	retained	False
ICE1	retained	False
LINC02145	retained	False
MED10	retained	False
UBE2QL1	retained	False
NSUN2	retained	False
SRD5A1	retained	False
TENT4A	retained	False
ADCY2	retained	False
FASTKD3	retained	False
MTRR	retained	False
SEMA5A	retained	False
TAS2R1	retained	False
ATPSCKMT	retained	False
CCT5	retained	False
CMBL	retained	False
MARCHF6	retained	False
ROPN1L	retained	False
ANKRD33B	retained	False
DAP	retained	False
CTNND2	retained	False
DNAH5	retained	False
TRIO	retained	False
OTULINL	retained	False
OTULIN	retained	False
ANKH	retained	False
FBXL7	retained	False
MARCHF11	retained	False
ZNF622	retained	False
RETREG1	retained	False
MYO10	retained	False
BASP1	retained	False
TAF11L2	retained_tss_unresolved	False
CDH18	retained	False
GUSBP1	retained	False
CDH12	retained	False
PRDM9	retained	False
CDH10	retained	False
LINC02239	retained	False
CDH9	retained	False
PURPL	retained	False
CDH6	retained	False
DROSHA	retained	False
C5orf22	retained	False
PDZD2	retained	False
GOLPH3	retained	False
MTMR12	retained	False
ZFR	retained	False
SUB1	retained	False
NPR3	retained	False
TARS1	retained	False
ADAMTS12	retained	False
RXFP3	retained	False
SLC45A2	retained	False
AMACR	retained	False
C1QTNF3	retained	False
RAI14	retained	False
TTC23L	retained	False
RAD1	retained	False
BRIX1	retained	False
DNAJC21	retained	False
AGXT2	retained	False
PRLR	retained	False
SPEF2	retained	False
IL7R	retained	False
CAPSL	retained	False
UGT3A1	retained	False
UGT3A2	retained	False
LMBRD2	retained	False
SKP2	retained	False
NADK2	retained	False
RANBP3L	retained	False
SLC1A3	retained	False
NIPBL-DT	retained_tss_unresolved	False
NIPBL	retained	False
CPLANE1	retained	False
NUP155	retained	False
WDR70	retained	False
GDNF	retained	False
EGFLAM	retained	False
LIFR	retained	False
OSMR	retained	False
RICTOR	retained	False
FYB1	retained	False
C9	retained	False
DAB2	retained	False
PTGER4	retained	False
TTC33	retained	False
PRKAA1	retained	False
RPL37	retained	False
CARD6	retained	False
C7	retained	False
MROH2B	retained	False
C6	retained	False
PLCXD3	retained	False
OXCT1	retained	False
RIMOC1	retained	False
FBXO4	retained	False
GHR	retained	False
SELENOP	retained	False
ANXA2R-OT1	retained	False
ANXA2R	retained	False
ANXA2R-AS1	retained	False
ZNF131	retained	False
NIM1K	retained	False
HMGCS1	retained	False
CCL28	retained	False
TMEM267	retained	False
C5orf34	retained	False
PAIP1	retained	False
NNT	retained	False
FGF10	retained	False
MRPS30	retained	False
HCN1	retained	False
EMB	retained	False
PARP8	retained	False
ISL1	retained	False
PELO	retained	False
ITGA1	retained	False
ITGA2	retained	False
MOCS2	retained	False
MOCS2-DT	retained	False
FST	retained	False
NDUFS4	retained	False
ARL15	retained	False
HSPB3	retained	False
SNX18	retained	False
ESM1	retained	False
GZMK	retained	False
GZMA	retained	False
CDC20B	retained	False
GPX8	retained	False
MCIDAS	retained	False
CCNO	retained	False
DHX29	retained	False
MTREX	retained	False
PLPP1	retained	False
SLC38A9	retained	False
DDX4	retained	False
IL31RA	retained	False
IL6ST	retained	False
ANKRD55	retained	False
MAP3K1	retained	False
SETD9	retained	False
MIER3	retained	False
GPBP1	retained	False
ACTBL2	retained	False
PLK2	retained	False
GAPT	retained	False
RAB3C	retained	False
PDE4D	retained	False
PART1	retained	False
DEPDC1B	retained	False
ELOVL7	retained	False
ERCC8	retained	False
NDUFAF2	retained	False
SMIM15	retained	False
ZSWIM6	retained	False
C5orf64	retained	False
KIF2A	retained	False
DIMT1	retained	False
IPO11	retained	False
HTR1A	retained	False
RNF180	retained	False
RGS7BP	retained	False
SREK1IP1	retained	False
CWC27	retained	False
ADAMTS6	retained	False
CENPK	retained	False
PPWD1	retained	False
TRIM23	retained	False
TRAPPC13	retained	False
SGTB	retained	False
NLN	retained	False
ERBIN	retained	False
SREK1	retained	False
MAST4	retained	False
CD180	retained	False
PIK3R1	retained	False
SLC30A5	retained	False
CCNB1	retained	False
CENPH	retained	False
MRPS36	retained	False
CDK7	retained	False
CCDC125	retained	False
TAF9	retained	False
RAD17	retained	False
MARVELD2	retained	False
OCLN	retained	False
SERF1B	retained	False
SMN2	retained	False
NAIP	retained	False
GTF2H2	retained	False
PMCHL2	retained	False
BDP1	retained	False
MCCC2	retained	False
CARTPT	retained	False
MAP1B	retained	False
MRPS27	retained	False
PTCD2	retained	False
ZNF366	retained	False
TNPO1	retained	False
FCHO2	retained	False
TMEM171	retained	False
TMEM174	retained	False
FOXD1	retained	False
BTF3	retained	False
ANKRA2	retained	False
UTP15	retained	False
ARHGEF28	retained	False
ENC1	retained	False
HEXB	retained	False
GFM2	retained	False
NSA2	retained	False
FAM169A	retained	False
GCNT4	retained	False
ANKRD31	retained	False
HMGCR	retained	False
CERT1	retained	False
POLK	retained	False
POC5	retained	False
SV2C	retained	False
IQGAP2	retained	False
F2RL2	retained	False
F2R	retained	False
F2RL1	retained	False
S100Z	retained	False
CRHBP	retained	False
AGGF1	retained	False
ZBED3	retained	False
PDE8B	retained	False
WDR41	retained	False
OTP	retained	False
TBCA	retained	False
AP3B1	retained	False
SCAMP1-AS1	retained	False
SCAMP1	retained	False
LHFPL2	retained	False
ARSB	retained	False
DMGDH	retained	False
BHMT2	retained	False
BHMT	retained	False
JMY	retained	False
HOMER1	retained	False
TENT2	retained	False
CMYA5	retained	False
MTX3	retained	False
THBS4	retained	False
SERINC5	retained	False
SPZ1	retained	False
ZFYVE16	retained	False
FAM151B	retained	False
ANKRD34B	retained	False
DHFR	retained	False
MSH3	retained	False
RASGRF2	retained	False
CKMT2	retained	False
ZCCHC9	retained	False
ACOT12	retained	False
SSBP2	retained	False
ATG10	retained	False
RPS23	retained	False
TMEM167A	retained	False
XRCC4	retained	False
VCAN	retained	False
HAPLN1	retained	False
EDIL3	retained	False
COX7C	retained	False
RASA1	retained	False
CCNH	retained	False
TMEM161B	retained	False
LINC00461	retained	False
MEF2C	retained	False
CETN3	retained	False
MBLAC2	retained	False
POLR3G	retained	False
LYSMD3	retained	False
ADGRV1	retained	False
ARRDC3	retained	False
NR2F1-AS1	retained	False
NR2F1	retained	False
FAM172A	retained	False
POU5F2	retained	False
KIAA0825	retained	False
SLF1	retained	False
MCTP1	retained	False
FAM81B	retained	False
SKIC3	retained	False
ARSK	retained	False
GPR150	retained	False
RFESD	retained	False
SPATA9	retained	False
RHOBTB3	retained	False
GLRX	retained	False
LINC01554	retained	False
ELL2	retained	False
PCSK1	retained	False
CAST	retained	False
ERAP1	retained	False
ERAP2	retained	False
LNPEP	retained	False
LIX1	retained	False
RIOK2	retained	False
RGMB	retained	False
RGMB-AS1	retained	False
CHD1	retained	False
FAM174A	retained	False
ST8SIA4	retained	False
SLCO4C1	retained	False
SLCO6A1	retained	False
PAM	retained	False
GIN1	retained	False
PPIP5K2	retained	False
MACIR	retained	False
NUDT12	retained	False
RAB9BP1	retained	False
EFNA5	retained	False
FBXL17	retained	False
FER	retained	False
PJA2	retained	False
MAN2A1	retained	False
TMEM232	retained	False
SLC25A46	retained	False
TSLP	retained	False
WDR36	retained	False
CAMK4	retained	False
STARD4	retained	False
NREP	retained	False
EPB41L4A	retained	False
EPB41L4A-DT	retained_tss_unresolved	False
APC	retained	False
SRP19	retained	False
REEP5	retained	False
DCP2	retained	False
MCC	retained	False
TSSK1B	retained	False
YTHDC2	retained	False
KCNN2	retained	False
TRIM36	retained	False
PGGT1B	retained	False
CCDC112	retained	False
FEM1C	retained	False
TICAM2	retained	False
TMED7	retained	False
CDO1	retained	False
ATG12	retained	False
AP3S1	retained	False
LVRN	retained	False
ARL14EPL	retained	False
COMMD10	retained	False
SEMA6A	retained	False
DTWD2	retained	False
DMXL1	retained	False
TNFAIP8	retained	False
HSD17B4	retained	False
FAM170A	retained	False
PRR16	retained	False
FTMT	retained	False
SRFBP1	retained	False
LOX	retained	False
SNCAIP	retained	False
MGC32805	retained	False
SNX2	retained	False
SNX24	retained	False
PPIC	retained	False
PRDM6	retained	False
CEP120	retained	False
CSNK1G3	retained	False
ZNF608	retained	False
GRAMD2B	retained	False
ALDH7A1	retained	False
PHAX	retained	False
LMNB1	retained	False
MARCHF3	retained	False
MEGF10	retained	False
PRRC1	retained	False
CTXN3	retained	False
SLC12A2-DT	retained	False
SLC12A2	retained	False
FBN2	retained	False
SLC27A6	retained	False
ISOC1	retained	False
ADAMTS19	retained	False
MINAR2	retained	False
CHSY3	retained	False
HINT1	retained	False
LYRM7	retained	False
CDC42SE2	retained	False
RAPGEF6	retained	False
FNIP1	retained	False
ACSL6	retained	False
IL3	retained	False
CSF2	retained	False
P4HA2	retained	False
PDLIM4	retained	False
SLC22A4	retained	False
SLC22A5	retained	False
IRF1	retained	False
IL5	retained	False
RAD50	retained	False
IL13	retained	False
IL4	retained	False
KIF3A	retained	False
CCNI2	retained	False
SEPTIN8	retained	False
SOWAHA	retained	False
SHROOM1	retained	False
GDF9	retained	False
UQCRQ	retained	False
LEAP2	retained	False
AFF4	retained	False
ZCCHC10	retained	False
HSPA4	retained	False
FSTL4	retained	False
C5orf15	retained	False
VDAC1	retained	False
TCF7	retained	False
SKP1	retained	False
PPP2CA	retained	False
CDKL3	retained	False
UBE2B	retained	False
CDKN2AIPNL	retained	False
JADE2	retained	False
SAR1B	retained	False
SEC24A	retained	False
CAMLG	retained	False
DDX46	retained	False
C5orf24	retained	False
TXNDC15	retained	False
PCBD2	retained	False
CATSPER3	retained	False
PITX1	retained	False
LINC02900	retained	False
MACROH2A1	retained	False
DCANP1	retained	False
NEUROG1	retained	False
CXCL14	retained	False
SLC25A48	retained	False
SLC25A48-AS1	retained	False
IL9	retained	False
LECT2	retained	False
TGFBI	retained	False
SMAD5-AS1	retained	False
SMAD5	retained	False
TRPC7	retained	False
SPOCK1	retained	False
KLHL3	retained	False
HNRNPA0	retained	False
NPY6R	retained	False
MYOT	retained	False
PKD2L2	retained	False
FAM13B	retained	False
WNT8A	retained	False
NME5	retained	False
BRD8	retained	False
KIF20A	retained	False
CDC23	retained	False
GFRA3	retained	False
CDC25C	retained	False
FAM53C	retained	False
KDM3B	retained	False
REEP2	retained	False
EGR1	retained	False
ETF1	retained	False
HSPA9	retained	False
CTNNA1	retained	False
LRRTM2	retained	False
SIL1	retained	False
MATR3	retained	False
PAIP2	retained	False
SLC23A1	retained	False
MZB1	retained	False
SPATA24	retained	False
DNAJC18	retained	False
ECSCR	retained	False
STING1	retained_tss_unresolved	False
UBE2D2	retained	False
CXXC5	retained	False
PSD2	retained	False
NRG2	retained	False
PURA	retained	False
IGIP	retained	False
CYSTM1	retained	False
PFDN1	retained	False
HBEGF	retained	False
SLC4A9	retained	False
ANKHD1	retained	False
ANKHD1-EIF4EBP3	retained	False
EIF4EBP3	retained	False
SRA1	retained	False
APBB3	retained	False
SLC35A4	retained	False
TMCO6	retained	False
CD14	retained	False
NDUFA2	retained	False
IK	retained	False
WDR55	retained	False
DND1	retained	False
HARS1	retained	False
HARS2	retained	False
ZMAT2	retained	False
PCDHA1	retained	False
PCDHA2	retained	False
PCDHA3	retained	False
PCDHA4	retained	False
PCDHA5	retained	False
PCDHA6	retained	False
PCDHA7	retained	False
PCDHA8	retained	False
PCDHA9	retained	False
PCDHA10	retained	False
PCDHA11	retained	False
PCDHA12	retained	False
PCDHA13	retained	False
PCDHAC1	retained	False
PCDHAC2	retained	False
PCDHB1	retained	False
PCDHB2	retained	False
PCDHB3	retained	False
PCDHB4	retained	False
PCDHB5	retained	False
PCDHB6	retained	False
PCDHB7	retained	False
PCDHB8	retained	False
PCDHB16	retained	False
PCDHB9	retained	False
PCDHB10	retained	False
PCDHB11	retained	False
PCDHB12	retained	False
PCDHB13	retained	False
PCDHB14	retained	False
PCDHB18P	retained_tss_unresolved	False
PCDHB15	retained	False
SLC25A2	retained	False
TAF7	retained	False
PCDHGA1	retained	False
PCDHGA2	retained	False
PCDHGA3	retained	False
PCDHGB1	retained	False
PCDHGA4	retained	False
PCDHGB2	retained	False
PCDHGA5	retained	False
PCDHGB3	retained	False
PCDHGA6	retained	False
PCDHGA7	retained	False
PCDHGB4	retained	False
PCDHGA8	retained	False
PCDHGB5	retained_tss_unresolved	False
PCDHGA9	retained	False
PCDHGB6	retained	False
PCDHGA10	retained	False
PCDHGB7	retained	False
PCDHGA11	retained	False
PCDHGB8P	retained	False
PCDHGA12	retained	False
PCDHGC3	retained	False
PCDHGC4	retained	False
PCDHGC5	retained	False
DIAPH1	retained	False
HDAC3	retained	False
RELL2	retained	False
FCHSD1	retained	False
ARAP3	retained	False
PCDH1	retained	False
DELE1	retained	False
PCDH12	retained	False
RNF14	retained	False
GNPDA1	retained	False
NDFIP1	retained	False
SPRY4	retained	False
FGF1	retained	False
ARHGAP26	retained	False
NR3C1	retained	False
HMHB1	retained	False
YIPF5	retained	False
KCTD16	retained	False
PRELID2	retained	False
SH3RF2	retained	False
PLAC8L1	retained	False
LARS1	retained	False
RBM27	retained	False
POU4F3	retained	False
TCERG1	retained	False
GPR151	retained	False
PPP2R2B	retained	False
STK32A	retained	False
DPYSL3	retained	False
JAKMIP2-AS1	retained_tss_unresolved	False
JAKMIP2	retained	False
SPINK1	retained	False
C5orf46	retained	False
SCGB3A2	retained	False
SPINK5	retained	False
SPINK14	retained	False
SPINK6	retained	False
SPINK13	retained	False
SPINK7	retained	False
FBXO38	retained	False
HTR4	retained	False
ADRB2	retained	False
SH3TC2	retained	False
ABLIM3	retained	False
AFAP1L1	retained	False
GRPEL2	retained	False
PCYOX1L	retained	False
IL17B	retained	False
CSNK1A1	retained	False
ARHGEF37	retained	False
PPARGC1B	retained	False
PDE6A	retained	False
SLC26A2	retained	False
TIGD6	retained	False
HMGXB3	retained	False
CSF1R	retained	False
PDGFRB	retained	False
CDX1	retained	False
SLC6A7	retained	False
CAMK2A	retained	False
ARSI	retained	False
TCOF1	retained	False
CD74	retained	False
RPS14	retained	False
NDST1	retained	False
SYNPO	retained	False
MYOZ3	retained	False
RBM22	retained	False
DCTN4	retained	False
SMIM3	retained	False
IRGM	retained	False
ZNF300	retained	False
ZNF300P1	retained	False
GPX3	retained	False
TNIP1	retained	False
ANXA6	retained	False
CCDC69	retained	False
GM2A	retained	False
SLC36A3	retained	False
SLC36A2	retained	False
SLC36A1	retained	False
FAT2	retained	False
SPARC	retained	False
ATOX1	retained	False
G3BP1	retained	False
GLRA1	retained	False
NMUR2	retained	False
GRIA1	retained	False
FAM114A2	retained	False
MFAP3	retained	False
GALNT10	retained	False
SAP30L	retained	False
HAND1	retained	False
LARP1	retained	False
FAXDC2	retained	False
CNOT8	retained	False
GEMIN5	retained	False
MRPL22	retained	False
KIF4B	retained	False
SGCD	retained	False
PPP1R2B	retained	False
TIMD4	retained	False
HAVCR1	retained	False
HAVCR2	retained	False
MED7	retained	False
GARIN3	retained	False
ITK	retained	False
CYFIP2	retained	False
FNDC9	retained	False
NIPAL4	retained	False
ADAM19	retained	False
SOX30	retained	False
THG1L	retained	False
LSM11	retained	False
CLINT1	retained	False
EBF1	retained	False
RNF145	retained	False
UBLCP1	retained	False
IL12B	retained	False
LINC01845	retained	False
ADRA1B	retained	False
TTC1	retained	False
PWWP2A	retained	False
FABP6	retained	False
CCNJL	retained	False
C1QTNF2	retained	False
ZBED8	retained	False
SLU7	retained	False
PTTG1	retained	False
ATP10B	retained	False
LINC02159	retained	False
GABRB2	retained	False
GABRA6	retained	False
GABRA1	retained	False
GABRG2	retained	False
CCNG1	retained	False
NUDCD2	retained	False
HMMR	retained	False
MAT2B	retained	False
TENM2	retained	False
WWC1	retained	False
RARS1	retained	False
FBLL1	retained	False
PANK3	retained	False
SLIT3	retained	False
SPDL1	retained	False
DOCK2	retained	False
FOXI1	retained	False
C5orf58	retained	False
LCP2	retained	False
LINC01366	retained	False
KCNIP1	retained	False
KCNMB1	retained	False
GABRP	retained	False
RANBP17	retained	False
TLX3	retained	False
NPM1	retained	False
FGF18	retained	False
SMIM23	retained	False
FBXW11	retained	False
STK10	retained	False
UBTD2	retained	False
SH3PXD2B	retained	False
NEURL1B	retained	False
DUSP1	retained	False
ERGIC1	retained	False
RPL26L1	retained	False
ATP6V0E1	retained	False
CREBRF	retained	False
BNIP1	retained	False
NKX2-5	retained	False
STC2	retained	False
LINC02995	retained	False
BOD1	retained	False
CPEB4	retained	False
C5orf47	retained	False
NSG2	retained	False
MSX2	retained	False
DRD1	retained	False
SFXN1	retained	False
HRH2	retained	False
CPLX2	retained	False
THOC3	retained	False
FAM153B	retained	False
SIMC1	retained	False
KIAA1191	retained	False
ARL10	retained	False
NOP16	retained	False
HIGD2A	retained	False
CLTB	retained	False
FAF2	retained	False
RNF44	retained	False
CDHR2	retained	False
GPRIN1	retained	False
SNCB	retained	False
EIF4E1B	retained	False
TSPAN17	retained	False
UNC5A	retained	False
HK3	retained	False
UIMC1	retained	False
ZNF346	retained	False
FGFR4	retained	False
NSD1	retained	False
RAB24	retained	False
PRELID1	retained	False
MXD3	retained	False
LMAN2	retained	False
RGS14	retained	False
SLC34A1	retained	False
PFN3	retained	False
F12	retained	False
GRK6	retained	False
PRR7	retained	False
DBN1	retained	False
PDLIM7	retained	False
DOK3	retained	False
DDX41	retained	False
FAM193B	retained	False
TMED9	retained	False
B4GALT7	retained	False
FAM153A	retained	False
PROP1	retained	False
FAM153CP	retained	False
N4BP3	retained	False
RMND5B	retained	False
NHP2	retained	False
GMCL2	retained	False
HNRNPAB	retained	False
PHYKPL	retained	False
COL23A1	retained	False
CLK4	retained	False
ZNF354A	retained	False
ZNF354B	retained	False
ZFP2	retained	False
ZNF454	retained	False
GRM6	retained	False
ZNF879	retained	False
ZNF354C	retained	False
ADAMTS2	retained	False
RUFY1	retained	False
HNRNPH1	retained	False
CBY3	retained	False
CANX	retained	False
MAML1	retained	False
LTC4S	retained	False
MGAT4B	retained	False
SQSTM1	retained	False
MRNIP	retained_tss_unresolved	False
TBC1D9B	retained	False
RNF130	retained	False
RASGEF1C	retained	False
MAPK9	retained	False
GFPT2	retained	False
CNOT6	retained	False
SCGB3A1	retained	False
FLT4	retained	False
OR2Y1	retained	False
MGAT1	retained	False
LINC00847	retained	False
ZFP62	retained	False
BTNL8	retained	False
BTNL3	retained	False
BTNL9	retained	False
OR2V1	retained	False
OR2V2	retained	False
TRIM7	retained	False
TRIM41	retained	False
RACK1	retained	False
TRIM52	retained	False
OR4F3	retained	False
OR4F29	retained_tss_unresolved	False
CD24	retained_tss_unresolved	False
DUSP22	retained	False
IRF4	retained	False
EXOC2	retained	False
HUS1B	retained	False
LINC01622	retained_tss_unresolved	False
FOXQ1	retained	False
FOXF2	retained	False
FOXC1	retained	False
GMDS	retained	False
LINC01600	retained	False
MYLK4	retained	False
WRNIP1	retained	False
SERPINB1	retained	False
SERPINB9	retained	False
SERPINB6	retained	False
LINC01011	retained	False
NQO2	retained	False
RIPK1	retained	False
BPHL	retained	False
TUBB2A	retained	False
TUBB2B	retained	False
PSMG4	retained	False
SLC22A23	retained	False
PXDC1	retained	False
HLA-DRB3	retained_tss_unresolved	False
FAM50B	retained	False
HLA-DRB4	retained_tss_unresolved	False
PRPF4B	retained	False
FAM217A	retained	False
TEX56P	retained	False
ECI2	retained	False
CDYL	retained	False
RPP40	retained	False
LYRM4	retained	False
FARS2	retained	False
NRN1	retained	False
F13A1	retained	False
LY86-AS1	retained	False
LY86	retained	False
RREB1	retained	False
SSR1	retained	False
CAGE1	retained	False
RIOK1	retained	False
DSP	retained	False
SNRNP48	retained	False
BMP6	retained	False
TXNDC5	retained	False
BLOC1S5	retained	False
EEF1E1	retained	False
SLC35B3	retained	False
TFAP2A	retained	False
GCNT2	retained	False
C6orf52	retained	False
PAK1IP1	retained	False
TMEM14C	retained	False
TMEM14B	retained	False
MAK	retained	False
GCM2	retained	False
SYCP2L	retained	False
ELOVL2	retained	False
SMIM13	retained	False
ERVFRD-1	retained	False
NEDD9	retained	False
TMEM170B	retained	False
ADTRP	retained	False
HIVEP1	retained	False
EDN1	retained	False
PHACTR1	retained	False
TBC1D7	retained	False
GFOD1	retained	False
SIRT5	retained	False
NOL7	retained	False
RANBP9	retained	False
MCUR1	retained	False
RNF182	retained	False
CD83	retained	False
JARID2	retained	False
DTNBP1	retained	False
MYLIP	retained	False
GMPR	retained	False
ATXN1	retained	False
STMND1	retained	False
RBM24	retained	False
CAP2	retained	False
FAM8A1	retained	False
NUP153	retained	False
KIF13A	retained	False
NHLRC1	retained	False
TPMT	retained	False
KDM1B	retained	False
DEK	retained	False
RNF144B	retained	False
ID4	retained	False
MBOAT1	retained	False
E2F3	retained	False
CDKAL1	retained	False
SOX4	retained	False
PRL	retained	False
HDGFL1	retained	False
NRSN1	retained	False
DCDC2	retained	False
KAAG1	retained	False
MRS2	retained	False
GPLD1	retained	False
ALDH5A1	retained	False
KIAA0319	retained	False
TDP2	retained	False
ACOT13	retained	False
C6orf62	retained	False
GMNN	retained	False
RIPOR2	retained	False
CARMIL1	retained	False
SCGN	retained	False
SLC17A1	retained	False
H2AC1	retained	False
H2BC1	retained	False
SLC17A4	retained	False
SLC17A3	retained	False
SLC17A2	retained	False
TRIM38	retained	False
H1-1	retained	False
H3C1	retained_tss_unresolved	False
H4C1	retained_tss_unresolved	False
H4C2	retained_tss_unresolved	False
H3C2	retained_tss_unresolved	False
H2AC4	retained_tss_unresolved	False
H2BC3	retained_tss_unresolved	False
H3C3	retained_tss_unresolved	False
H1-2	retained	False
HFE	retained	False
H4C3	retained	False
H1-6	retained	False
H2BC4	retained	False
H2AC6	retained	False
H1-4	retained	False
H2BC5	retained	False
H2BC6	retained_tss_unresolved	False
H4C4	retained_tss_unresolved	False
H3C4	retained	False
H2AC7	retained	False
H2BC7	retained_tss_unresolved	False
H4C5	retained_tss_unresolved	False
H2BC8	retained_tss_unresolved	False
H2AC8	retained_tss_unresolved	False
H3C6	retained_tss_unresolved	False
H1-3	retained	False
H4C6	retained_tss_unresolved	False
H4C7	retained_tss_unresolved	False
H3C7	retained_tss_unresolved	False
H2BC9	retained_tss_unresolved	False
H3C8	retained_tss_unresolved	False
H2BC10	retained_tss_unresolved	False
H4C8	retained	False
BTN3A2	retained	False
BTN2A2	retained	False
BTN3A1	retained	False
BTN2A3P	retained	False
BTN3A3	retained	False
BTN2A1	retained	False
BTN1A1	retained	False
HMGN4	retained	False
ABT1	retained	False
ZNF322	retained	False
GUSBP2	retained	False
H2BC11	retained	False
H2AC11	retained	False
H2BC12	retained	False
H4C9	retained_tss_unresolved	False
H2AC12	retained_tss_unresolved	False
PRSS16	retained	False
POM121L2	retained	False
ZNF391	retained	False
ZNF184	retained	False
H2BC13	retained	False
H2AC13	retained	False
H3C10	retained_tss_unresolved	False
H2AC14	retained_tss_unresolved	False
H2BC14	retained_tss_unresolved	False
H4C11	retained	False
H4C12	retained_tss_unresolved	False
H2AC15	retained_tss_unresolved	False
H2BC15	retained	False
H2AC16	retained_tss_unresolved	False
H1-5	retained	False
H3C11	retained_tss_unresolved	False
H4C13	retained_tss_unresolved	False
H3C12	retained	False
H2AC17	retained_tss_unresolved	False
H2BC17	retained_tss_unresolved	False
OR2B2	retained	False
OR2B6	retained	False
ZNF165	retained	False
ZSCAN16	retained	False
ZKSCAN8	retained	False
ZSCAN9	retained	False
ZKSCAN4	retained	False
NKAPL	retained	False
ZSCAN26	retained	False
PGBD1	retained	False
ZSCAN31	retained	False
ZKSCAN3	retained	False
ZSCAN12	retained	False
ZSCAN23	retained	False
GPX6	retained	False
GPX5	retained	False
ZBED9	retained_tss_unresolved	False
TRIM27	retained	False
ZNF311	retained	False
OR2W1	retained	False
OR2B3	retained	False
OR2J3	retained	False
OR2J2	retained	False
OR14J1	retained	False
OR5V1	retained	False
OR12D3	retained	False
OR12D2	retained	False
OR11A1	retained	False
OR10C1	retained	False
OR2H1	retained	False
MAS1L	retained	False
UBD	retained	False
OR2H2	retained	False
GABBR1	retained	False
MOG	retained	False
ZFP57	retained	False
HLA-F	retained	False
HLA-F-AS1	retained	False
HLA-G	retained	False
HLA-A	retained	False
HCG9	retained	False
POLR1HASP	retained_tss_unresolved	False
POLR1H	retained_tss_unresolved	False
PPP1R11	retained	False
RNF39	retained	False
TRIM31	retained	False
TRIM40	retained	False
TRIM10	retained	False
TRIM15	retained	False
TRIM26	retained	False
HCG18	retained	False
TRIM39	retained	False
RPP21	retained	False
HLA-E	retained	False
GNL1	retained	False
PRR3	retained	False
ABCF1	retained	False
PPP1R10	retained	False
MRPS18B	retained	False
ATAT1	retained	False
C6orf136	retained	False
DHX16	retained	False
PPP1R18	retained	False
NRM	retained	False
MDC1	retained	False
TUBB	retained	False
FLOT1	retained	False
IER3	retained	False
DDR1	retained	False
GTF2H4	retained	False
VARS2	retained	False
SFTA2	retained	False
MUCL3	retained_tss_unresolved	False
MUC21	retained	False
HCG22	retained	False
C6orf15	retained	False
PSORS1C1	retained	False
CDSN	retained	False
PSORS1C2	retained	False
CCHCR1	retained	False
TCF19	tss_only	True
POU5F1	retained	False
HCG27	retained	False
HLA-C	tss_only	True
HLA-B	tss_only	True
MICA	retained	False
HCP5	retained	False
MICB	retained	False
MCCD1	retained	False
DDX39B	retained	False
SNORD117	retained	False
ATP6V1G2	retained	False
NFKBIL1	retained	False
LTA	retained	False
TNF	retained	False
LTB	retained	False
LST1	retained	False
NCR3	retained	False
AIF1	retained	False
PRRC2A	retained	False
BAG6	retained	False
APOM	retained	False
C6orf47	retained	False
GPANK1	retained	False
CSNK2B	retained	False
LY6G5B	retained	False
LY6G5C	retained	False
ABHD16A	retained	False
LY6G6F	retained	False
LY6G6D	retained	False
LY6G6C	retained	False
MPIG6B	retained_tss_unresolved	False
DDAH2	retained	False
CLIC1	retained	False
MSH5	retained	False
VWA7	retained	False
VARS1	retained_tss_unresolved	False
LSM2	retained	False
HSPA1L	retained	False
HSPA1A	retained	False
HSPA1B	retained	False
SNHG32	retained_tss_unresolved	False
SNORD48	retained	False
SNORD52	retained	False
NEU1	retained	False
SLC44A4	retained	False
EHMT2	tss_only	True
C2	retained	False
ZBTB12	retained	False
CFB	retained_tss_unresolved	False
NELFE	retained	False
SKIC2	retained_tss_unresolved	False
DXO	retained	False
STK19	retained	False
C4A	retained	False
C4B	retained	False
CYP21A2	retained	False
TNXB	input_only	True
ATF6B	input_only	True
FKBPL	input_only	True
PRRT1	input_only	True
PPT2	input_only	True
EGFL8	input_only	True
AGPAT1	input_only	True
RNF5	input_only	True
AGER	input_only	True
PBX2	input_only	True
GPSM3	input_only	True
NOTCH4	input_only	True
TSBP1	input_only	True
BTNL2	input_only	True
HLA-DRA	input_only	True
HLA-DRB5	input_only	True
HLA-DRB6	input_only	True
HLA-DRB1	tss_and_input	True
HLA-DQA1	tss_and_input	True
HLA-DQB1	tss_and_input	True
HLA-DQA2	input_only	True
HLA-DQB2	tss_and_input	True
HLA-DOB	input_only	True
TAP2	input_only	True
PSMB8	input_only	True
TAP1	input_only	True
PSMB9	input_only	True
HLA-DMB	input_only	True
HLA-DMA	input_only	True
BRD2	input_only	True
HLA-DOA	input_only	True
HLA-DPA1	tss_and_input	True
HLA-DPB1	tss_and_input	True
HLA-DPB2	input_only	True
COL11A2	input_only	True
RXRB	input_only	True
SLC39A7	input_only	True
HSD17B8	input_only	True
RING1	input_only	True
VPS52	input_only	True
RPS18	input_only	True
B3GALT4	input_only	True
WDR46	input_only	True
PFDN6	input_only	True
RGL2	input_only	True
TAPBP	input_only	True
ZBTB22	input_only	True
DAXX	input_only	True
KIFC1	input_only	True
PHF1	input_only	True
CUTA	input_only	True
SYNGAP1	input_only	True
ZBTB9	input_only	True
BAK1	input_only	True
LINC00336	input_only	True
ITPR3	input_only	True
UQCC2	input_only	True
IP6K3	input_only	True
LEMD2	input_only	True
MLN	input_only	True
GRM4	input_only	True
HMGA1	retained	False
SMIM29	retained	False
NUDT3	retained	False
RPS10	retained	False
PACSIN1	retained	False
SPDEF	retained	False
ILRUN	retained	False
SNRPC	retained	False
BLTP3A	retained	False
TAF11	retained	False
ANKS1A	retained	False
TCP11	retained	False
SCUBE3	retained	False
ZNF76	retained	False
DEF6	retained	False
PPARD	retained	False
FANCE	retained	False
RPL10A	retained	False
TEAD3	retained	False
TULP1	retained	False
FKBP5	retained	False
ARMC12	retained	False
CLPSL2	retained	False
CLPS	retained	False
LHFPL5	retained	False
SRPK1	retained	False
SLC26A8	retained	False
MAPK14	retained	False
MAPK13	retained	False
BRPF3	retained	False
PNPLA1	retained	False
ETV7	retained	False
PXT1	retained	False
KCTD20	retained	False
STK38	retained	False
SRSF3	retained	False
CDKN1A	retained	False
RAB44	retained	False
CPNE5	retained	False
C6orf89	retained	False
PPIL1	retained	False
PI16	retained	False
MTCH1	retained	False
FGD2	retained	False
PIM1	retained	False
TMEM217	retained	False
TBC1D22B	retained	False
RNF8	retained	False
CMTR1	retained	False
CCDC167	retained	False
MDGA1	retained	False
ZFAND3	retained	False
BTBD9	retained	False
GLO1	retained	False
DNAH8	retained	False
GLP1R	retained	False
SAYSD1	retained	False
KCNK5	retained	False
KCNK17	retained	False
KCNK16	retained	False
KIF6	retained	False
DAAM2	retained	False
MOCS1	retained	False
TDRG1	retained	False
LRFN2	retained	False
UNC5CL	retained	False
TSPO2	retained	False
APOBEC2	retained	False
OARD1	retained	False
NFYA	retained	False
ADCY10P1	retained	False
TREML1	retained	False
TREM2	retained	False
TREML2	retained	False
TREML4	retained	False
TREM1	retained	False
NCR2	retained	False
FOXP4	retained	False
MDFI	retained	False
TFEB	retained	False
PGC	retained	False
FRS3	retained	False
PRICKLE4	retained	False
USP49	retained	False
MED20	retained	False
BYSL	retained	False
CCND3	retained	False
TAF8	retained	False
C6orf132	retained	False
GUCA1A	retained	False
GUCA1B	retained	False
MRPS10	retained	False
TRERF1	retained	False
UBR2	retained	False
PRPH2	retained	False
TBCC	retained	False
BICRAL	retained	False
RPL7L1	retained	False
C6orf226	retained	False
PTCRA	retained	False
CNPY3	retained	False
GNMT	retained	False
PEX6	retained	False
MEA1	retained	False
PPP2R5D	retained	False
KLHDC3	retained	False
RRP36	retained	False
CUL7	retained	False
MRPL2	retained	False
KLC4	retained	False
PTK7	retained	False
SRF	retained	False
CUL9	retained	False
DNPH1	retained	False
TTBK1	retained	False
SLC22A7	retained	False
CRIP3	retained	False
ZNF318	retained	False
ABCC10	retained	False
DLK2	retained	False
TJAP1	retained	False
LRRC73	retained	False
YIPF3	retained	False
POLR1C	retained	False
XPO5	retained	False
POLH	retained	False
GTPBP2	retained	False
MAD2L1BP	retained	False
RSPH9	retained	False
MRPS18A	retained	False
VEGFA	retained	False
LINC03040	retained	False
MRPL14	retained	False
TMEM63B	retained	False
CAPN11	retained	False
SLC29A1	retained	False
HSP90AB1	retained	False
SLC35B2	retained	False
NFKBIE	retained	False
TMEM151B	retained	False
TCTE1	retained	False
AARS2	retained	False
SPATS1	retained	False
CDC5L	retained	False
SUPT3H	retained	False
RUNX2	retained	False
CLIC5	retained	False
ENPP4	retained	False
ENPP5	retained	False
RCAN2	retained	False
CYP39A1	retained	False
SLC25A27	retained	False
TDRD6	retained	False
PLA2G7	retained	False
MEP1A	retained	False
ADGRF5	retained	False
ADGRF1	retained	False
TNFRSF21	retained	False
CD2AP	retained	False
ADGRF2	retained	False
ADGRF4	retained	False
OPN5	retained	False
PTCHD4	retained	False
MMUT	retained	False
CENPQ	retained	False
GLYATL3	retained	False
C6orf141	retained	False
RHAG	retained	False
CRISP2	retained	False
CRISP3	retained	False
PGK2	retained	False
CRISP1	retained	False
DEFB114	retained	False
DEFB112	retained	False
TFAP2D	retained	False
TFAP2B	retained	False
PKHD1	retained	False
IL17A	retained	False
IL17F	retained	False
MCM3	retained	False
PAQR8	retained	False
EFHC1	retained	False
TRAM2	retained	False
TRAM2-AS1	retained	False
TMEM14A	retained	False
GSTA2	retained	False
GSTA1	retained	False
GSTA5	retained	False
GSTA3	retained	False
GSTA4	retained	False
CILK1	retained	False
FBXO9	retained	False
GCM1	retained	False
ELOVL5	retained	False
GCLC	retained	False
KLHL31	retained	False
LRRC1	retained	False
MLIP	retained	False
TINAG	retained	False
FAM83B	retained	False
HCRTR2	retained	False
GFRAL	retained	False
HMGCLL1	retained	False
BMP5	retained	False
COL21A1	retained	False
DST	retained	False
BEND6	retained	False
KIAA1586	retained	False
ZNF451	retained	False
BAG2	retained	False
RAB23	retained	False
KHDRBS2	retained	False
FKBP1C	retained	False
LGSN	retained	False
PTP4A1	retained	False
PHF3	retained	False
EYS	retained	False
ADGRB3	retained	False
LMBRD1	retained	False
COL19A1	retained	False
COL9A1	retained	False
FAM135A	retained	False
SDHAF4	retained	False
SMAP1	retained	False
B3GAT2	retained	False
OGFRL1	retained	False
LINC00472	retained	False
RIMS1	retained	False
KCNQ5	retained	False
KHDC1	retained	False
DPPA5	retained	False
KHDC3L	retained	False
OOEP	retained	False
DDX43	retained	False
CGAS	retained	False
MTO1	retained	False
EEF1A1	retained	False
SLC17A5	retained	False
CD109	retained	False
COL12A1	retained	False
COX7A2	retained	False
TMEM30A	retained	False
FILIP1	retained	False
SENP6	retained	False
MYO6	retained	False
IMPG1	retained	False
HTR1B	retained	False
IRAK1BP1	retained	False
PHIP	retained	False
HMGN3	retained	False
LCA5	retained	False
SH3BGRL2	retained	False
ELOVL4	retained	False
TTK	retained	False
BCKDHB	retained	False
TENT5A	retained	False
IBTK	retained	False
TPBG	retained	False
UBE3D	retained	False
DOP1A	retained	False
PGM3	retained	False
RWDD2A	retained	False
ME1	retained	False
PRSS35	retained	False
SNAP91	retained	False
RIPPLY2	retained	False
CYB5R4	retained	False
MRAP2	retained	False
CEP162	retained	False
TBX18	retained	False
NT5E	retained	False
SNX14	retained	False
SYNCRIP	retained	False
HTR1E	retained	False
CGA	retained	False
ZNF292	retained	False
GJB7	retained	False
SMIM8	retained	False
C6orf163	retained	False
CFAP206	retained	False
SLC35A1	retained	False
RARS2	retained	False
ORC3	retained	False
AKIRIN2	retained	False
SPACA1	retained	False
CNR1	retained	False
RNGTT	retained	False
PNRC1	retained	False
SRSF12	retained	False
PM20D2	retained	False
GABRR1	retained	False
GABRR2	retained	False
UBE2J1	retained	False
RRAGD	retained	False
ANKRD6	retained	False
LYRM2	retained	False
MDN1	retained	False
CASP8AP2	retained	False
GJA10	retained	False
BACH2	retained	False
MAP3K7	retained	False
EPHA7	retained	False
MANEA	retained	False
FUT9	retained	False
UFL1	retained	False
FHL5	retained	False
GPR63	retained	False
NDUFAF4	retained	False
KLHL32	retained	False
MMS22L	retained	False
POU3F2	retained	False
FBXL4	retained	False
FAXC	retained	False
COQ3	retained	False
PNISR	retained	False
USP45	retained	False
CCNC	retained	False
PRDM13	retained	False
MCHR2	retained	False
MCHR2-AS1	retained	False
SIM1	retained	False
ASCC3	retained	False
GRIK2	retained	False
HACE1	retained	False
LIN28B	retained	False
BVES	input_only	True
BVES-AS1	input_only	True
POPDC3	input_only	True
PREP	input_only	True
PRDM1	tss_and_input	True
ATG5	input_only	True
CRYBG1	input_only	True
RTN4IP1	input_only	True
QRSL1	input_only	True
MTRES1	input_only	True
BEND3	input_only	True
PDSS2	input_only	True
SOBP	retained	False
SCML4	retained	False
SEC63	retained	False
OSTM1	retained	False
NR2E1	retained	False
SNX3	retained	False
AFG1L	retained	False
FOXO3	retained	False
ARMC2	retained	False
SESN1	retained	False
CEP57L1	retained	False
CD164	retained	False
PPIL6	retained	False
SMPD2	retained	False
MICAL1	retained	False
ZBTB24	retained	False
AK9	retained	False
FIG4	retained	False
GPR6	retained	False
WASF1	retained	False
CDC40	retained	False
DDO	retained	False
SLC22A16	retained	False
CDK19	retained	False
AMD1	retained	False
GTF3C6	retained	False
RPF2	retained	False
SLC16A10	retained	False
MFSD4B	retained	False
REV3L	retained	False
TRAF3IP2	retained	False
FYN	retained	False
CCN6	retained	False
TUBE1	retained	False
FAM229B	retained	False
LAMA4	retained	False
RFPL4B	retained	False
MARCKS	retained	False
HDAC2	retained	False
HS3ST5	retained	False
FRK	retained	False
NT5DC1	retained	False
COL10A1	retained	False
TSPYL4	retained	False
DSE	retained	False
TSPYL1	retained	False
CALHM6	retained	False
TRAPPC3L	retained	False
CALHM5	retained	False
CALHM4	retained	False
RWDD1	retained	False
RSPH4A	retained	False
ZUP1	retained	False
KPNA5	retained	False
FAM162B	retained	False
GPRC6A	retained	False
RFX6	retained	False
VGLL2	retained	False
ROS1	retained	False
DCBLD1	retained	False
GOPC	retained	False
NUS1	retained	False
SLC35F1	retained	False
CEP85L	retained	False
PLN	retained	False
MCM9	retained	False
ASF1A	retained	False
FAM184A	retained	False
MAN1A1	retained	False
TBC1D32	retained	False
GJA1	retained	False
HSF2	retained	False
SERINC1	retained	False
PKIB	retained	False
FABP7	retained	False
SMPDL3A	retained	False
CLVS2	retained	False
TRDN	retained	False
NKAIN2	retained	False
RNF217	retained	False
TPD52L1	retained	False
HDDC2	retained	False
LINC02523	retained	False
HEY2	retained	False
NCOA7	retained	False
HINT3	retained	False
TRMT11	retained	False
CENPW	retained	False
RSPO3	retained	False
RNF146	retained	False
ECHDC1	retained	False
KIAA0408	retained	False
SOGA3	retained	False
C6orf58	retained	False
THEMIS	retained	False
PTPRK	retained	False
LAMA2	retained	False
ARHGAP18	retained	False
TMEM244	retained	False
L3MBTL3	retained	False
SAMD3	retained	False
TMEM200A	retained	False
EPB41L2	retained	False
AKAP7	retained	False
ARG1	retained	False
MED23	retained	False
ENPP3	retained	False
OR2A4	retained	False
ENPP1	retained	False
CCN2	retained	False
MOXD1	retained	False
STX7	retained	False
TAAR9	retained	False
TAAR8	retained	False
TAAR6	retained	False
TAAR5	retained	False
TAAR3P	retained_tss_unresolved	False
TAAR2	retained	False
TAAR1	retained	False
VNN1	retained	False
VNN3P	retained	False
VNN2	retained	False
SLC18B1	retained	False
RPS12	retained	False
LINC00326	retained	False
EYA4	retained	False
TCF21	retained	False
TBPL1	retained	False
SLC2A12	retained	False
SGK1	retained	False
ALDH8A1	retained	False
HBS1L	retained	False
MYB	retained	False
AHI1	retained	False
PDE7B	retained	False
MTFR2	retained	False
BCLAF1	retained	False
MAP7	retained	False
MAP3K5	retained	False
PEX7	retained	False
SLC35D3	retained	False
IL20RA	retained	False
IL22RA2	retained	False
IFNGR1	retained	False
OLIG3	retained	False
TNFAIP3	retained	False
PERP	retained	False
ARFGEF3	retained	False
PBOV1	retained	False
HEBP2	retained	False
NHSL1	retained	False
CCDC28A	retained	False
ECT2L	retained	False
REPS1	retained	False
ABRACL	retained	False
HECA	retained	False
TXLNB	retained	False
CITED2	retained	False
NMBR	retained	False
VTA1	retained	False
ADGRG6	retained	False
HIVEP2	retained	False
AIG1	retained	False
ADAT2	retained	False
PEX3	retained	False
FUCA2	retained	False
PHACTR2	retained	False
LTV1	retained	False
ZC2HC1B	retained	False
PLAGL1	retained	False
SF3B5	retained	False
STX11	retained	False
UTRN	retained	False
EPM2A	retained	False
FBXO30	retained	False
SHPRH	retained	False
GRM1	retained	False
RAB32	retained	False
ADGB	retained	False
STXBP5	retained	False
SAMD5	retained	False
SASH1	retained	False
UST	retained	False
TAB2	retained	False
SUMO4	retained	False
ZC3H12D	retained	False
PPIL4	retained	False
GINM1	retained	False
KATNA1	retained	False
LATS1	retained	False
NUP43	retained	False
PCMT1	retained	False
LRP11	retained	False
RAET1E	retained	False
RAET1G	retained	False
ULBP2	retained	False
ULBP1	retained	False
RAET1K	retained	False
RAET1L	retained	False
ULBP3	retained	False
PPP1R14C	retained	False
IYD	retained	False
PLEKHG1	retained	False
MTHFD1L	retained	False
AKAP12	retained	False
ZBTB2	retained	False
RMND1	retained	False
ARMT1	retained	False
CCDC170	retained	False
ESR1	retained	False
SYNE1	retained	False
MYCT1	retained	False
VIP	retained	False
FBXO5	retained	False
MTRF1L	retained	False
RGS17	retained	False
OPRM1	retained	False
IPCEF1	retained	False
CNKSR3	retained	False
SCAF8	retained	False
TIAM2	retained	False
TFB1M	retained	False
CLDN20	retained	False
NOX3	retained	False
ARID1B	retained	False
TMEM242	retained	False
ZDHHC14	retained	False
SNX9	retained	False
SYNJ2	retained	False
SERAC1	retained	False
GTF2H5	retained	False
TULP4	retained	False
TMEM181	retained	False
DYNLT1	retained	False
SYTL3	retained	False
EZR	retained	False
OSTCP1	retained	False
RSPH3	retained	False
TAGAP	retained	False
FNDC1	retained	False
SOD2	retained	False
WTAP	retained	False
ACAT2	retained	False
TCP1	retained	False
MRPL18	retained	False
PNLDC1	retained	False
MAS1	retained	False
IGF2R	retained	False
SLC22A1	retained	False
SLC22A2	retained	False
SLC22A3	retained	False
LPAL2	retained	False
LPA	retained	False
PLG	retained	False
MAP3K4	retained	False
AGPAT4	retained	False
PRKN	retained	False
PACRG	retained	False
PACRG-AS3	retained	False
QKI	retained	False
C6orf118	retained	False
PDE10A	retained	False
LINC00602	retained_tss_unresolved	False
TBXT	input_only	True
PRR18	input_only	True
SFT2D1	input_only	True
MPC1	input_only	True
RPS6KA2	input_only	True
RNASET2	input_only	True
CEP43	input_only	True
CCR6	tss_and_input	True
GPR31	input_only	True
UNC93A	input_only	True
TTLL2	input_only	True
TCP10L3	input_only	True
LINC01558	input_only	True
AFDN	input_only	True
KIF25	input_only	True
FRMD1	input_only	True
DACT2	retained	False
SMOC2	retained	False
THBS2	retained	False
WDR27	retained	False
C6orf120	retained	False
PHF10	retained	False
DYNLT2	retained_tss_unresolved	False
ERMARD	retained	False
LINC00242	retained	False
LINC00574	retained	False
LINC01624	retained_tss_unresolved	False
DLL1	retained	False
FAM120B	retained	False
PSMB1	retained	False
TBP	retained	False
PDCD2	retained	False
FAM20C	retained	False
PDGFA	retained	False
PRKAR1B	retained	False
DNAAF5	retained	False
SUN1	retained	False
GET4	retained	False
ADAP1	retained	False
PRSS2	retained_tss_unresolved	False
COX19	retained	False
C7orf50	retained	False
CYP2W1	retained	False
GPR146	retained	False
GPER1	retained	False
ZFAND2A	retained	False
MICALL2	retained	False
INTS1	retained	False
MAFK	retained	False
TMEM184A	retained	False
PSMG3	retained	False
ELFN1	retained	False
MAD1L1	retained	False
MRM2	retained	False
NUDT1	retained	False
SNX8	retained	False
EIF3B	retained	False
CHST12	retained	False
GRIFIN	retained	False
LFNG	retained	False
BRAT1	retained	False
IQCE	retained	False
TTYH3	retained	False
AMZ1	retained	False
GNA12	retained	False
CARD11	retained	False
SDK1	retained	False
FOXK1	retained	False
RADIL	retained	False
PAPOLB	retained	False
MMD2	retained	False
RNF216P1	retained	False
RBAK	retained	False
WIPI2	retained	False
SLC29A4	retained	False
TNRC18	retained	False
FBXL18	retained	False
ACTB	retained	False
FSCN1	retained	False
RNF216	retained	False
CCZ1	retained	False
RSPH10B	retained	False
PMS2	retained	False
AIMP2	retained	False
EIF2AK1	retained	False
USP42	retained	False
CYTH3	retained	False
FAM220A	retained	False
RAC1	retained	False
DAGLB	retained	False
KDELR2	retained	False
GRID2IP	retained	False
ZDHHC4	retained	False
INTS15	retained	False
ZNF853	retained	False
ZNF12	retained	False
CCZ1B	retained	False
C1GALT1	retained	False
COL28A1	retained	False
MIOS	retained	False
RPA3	retained	False
GLCCI1	retained	False
ICA1	retained	False
NXPH1	retained	False
NDUFA4	retained	False
PHF14	retained	False
THSD7A	retained	False
TMEM106B	retained	False
VWDE	retained	False
SCIN	retained	False
ARL4A	retained	False
ETV1	retained	False
DGKB	retained	False
AGMO	retained	False
MEOX2	retained	False
SOSTDC1	retained	False
ANKMY2	retained	False
BZW2	retained	False
TSPAN13	retained	False
AGR2	retained	False
AGR3	retained	False
AHR	retained	False
SNX13	retained	False
PRPS1L1	retained	False
HDAC9	retained	False
TWIST1	retained	False
FERD3L	retained	False
POLR1F	retained	False
TMEM196	retained	False
MACC1	retained	False
ITGB8	retained	False
ABCB5	retained	False
SP8	retained	False
SP4	retained	False
DNAH11	retained	False
CDCA7L	retained	False
RAPGEF5	retained	False
STEAP1B	retained	False
IL6	retained	False
TOMM7	retained	False
HYCC1	retained	False
KLHL7	retained	False
NUP42	retained	False
GPNMB	retained	False
MALSU1	retained	False
IGF2BP3	retained	False
TRA2A	retained	False
CCDC126	retained	False
FAM221A	retained	False
STK31	retained	False
NPY	retained	False
PALS2	retained	False
GSDME	retained	False
OSBPL3	retained	False
CYCS	retained	False
C7orf31	retained	False
NPVF	retained	False
LINC03007	retained	False
NFE2L3	retained	False
HNRNPA2B1	retained	False
CBX3	retained	False
SNX10	retained	False
LINC02860	retained	False
SKAP2	retained	False
HOXA1	retained	False
HOXA2	retained	False
HOXA3	retained	False
HOXA4	retained	False
HOXA5	retained	False
HOXA6	retained	False
HOXA7	retained	False
HOXA9	retained	False
HOXA10	retained	False
HOXA11	retained	False
HOXA13	retained	False
EVX1	retained	False
HIBADH	retained	False
TAX1BP1	retained	False
JAZF1	retained	False
CREB5	retained	False
TRIL	retained	False
CPVL	retained	False
CHN2	retained	False
PRR15	retained	False
WIPF3	retained	False
SCRN1	retained	False
FKBP14	retained	False
PLEKHA8	retained	False
MTURN	retained	False
ZNRF2	retained	False
NOD1	retained	False
GGCT	retained	False
GARS1	retained	False
CRHR2	retained	False
INMT	retained	False
MINDY4	retained	False
AQP1	retained	False
GHRHR	retained	False
ADCYAP1R1	retained	False
NEUROD6	retained	False
ITPRID1	retained	False
PDE1C	retained	False
PPP1R17	retained	False
LSM5	retained	False
AVL9	retained	False
KBTBD2	retained	False
RP9P	retained	False
FKBP9	retained	False
NT5C3A	retained	False
RP9	retained	False
BBS9	retained	False
BMPER	retained	False
NPSR1-AS1	retained	False
NPSR1	retained	False
DPY19L1	retained	False
TBX20	retained	False
HERPUD2	retained	False
SEPTIN7	retained	False
EEPD1	retained	False
MATCAP2	retained	False
ANLN	retained	False
AOAH	retained	False
ELMO1	retained	False
GPR141	retained	False
NME8	retained	False
SFRP4	retained	False
EPDR1	retained	False
STARD3NL	retained	False
TRGC1	retained	False
AMPH	retained	False
VPS41	retained	False
POU6F2	retained	False
YAE1	retained	False
RALA	retained	False
CDK13	retained	False
MPLKIP	retained	False
SUGCT	retained	False
INHBA	retained	False
INHBA-AS1	retained	False
GLI3	retained	False
C7orf25	retained	False
PSMA2	retained	False
MRPL32	retained	False
HECW1	retained	False
STK17A	retained	False
COA1	retained	False
BLVRA	retained	False
MRPS24	retained	False
URGCP	retained	False
UBE2D4	retained	False
POLR2J4	retained	False
SPDYE1	retained	False
DBNL	retained	False
PGAM2	retained	False
POLM	retained	False
AEBP1	retained	False
POLD2	retained	False
MYL7	retained	False
GCK	retained	False
YKT6	retained	False
CAMK2B	retained	False
NUDCD3	retained	False
NPC1L1	retained	False
DDX56	retained	False
TMED4	retained	False
OGDH	retained	False
ZMIZ2	retained	False
PPIA	retained	False
H2AZ2	retained	False
PURB	retained	False
MYO1G	retained	False
SNHG15	retained	False
CCM2	retained	False
NACAD	retained	False
TBRG4	retained	False
RAMP3	retained	False
ADCY1	retained	False
IGFBP1	retained	False
IGFBP3	retained	False
TNS3	retained	False
LINC00525	retained	False
PKD1L1	retained	False
PKD1L1-AS1	retained	False
HUS1	retained	False
SUN3	retained	False
C7orf57	retained	False
UPP1	retained	False
ABCA13	retained	False
CDC14C	retained	False
VWC2	retained	False
ZPBP	retained	False
SPATA48	retained	False
IKZF1	retained	False
FIGNL1	retained	False
DDC	retained	False
GRB10	retained	False
COBL	retained	False
POM121L12	retained	False
VSTM2A	retained	False
SEC61G	retained	False
EGFR	retained	False
LANCL2	retained	False
VOPP1	retained	False
FKBP9P1	retained_tss_unresolved	False
SEPTIN14	retained	False
ZNF713	retained	False
MRPS17	retained	False
NIPSNAP2	retained	False
PSPH	retained	False
CCT6A	retained	False
SUMF2	retained	False
PHKG1	retained	False
CHCHD2	retained	False
ZNF479	retained	False
ZNF716	retained	False
ZNF679	retained	False
ZNF680	retained	False
ZNF107	retained	False
ZNF138	retained	False
ZNF273	retained	False
ZNF117	retained	False
INTS4P1	retained_tss_unresolved	False
ZNF92	retained	False
LINC03006	retained_tss_unresolved	False
VKORC1L1	retained	False
GUSB	retained	False
ASL	retained	False
CRCP	retained	False
TPST1	retained	False
LINC00174	retained	False
KCTD7	retained	False
RABGEF1	retained	False
GTF2IRD1P1	retained	False
TMEM248	retained	False
SBDS	retained	False
TYW1	retained	False
SPDYE21	retained	False
STAG3L4	retained	False
AUTS2	retained	False
GALNT17	retained	False
CALN1	retained	False
SBDSP1	retained	False
POM121	retained	False
NSUN5P2	retained	False
TRIM74	retained	False
NSUN5	retained	False
TRIM50	retained	False
FKBP6	retained	False
FZD9	retained	False
BAZ1B	retained	False
BCL7B	retained	False
TBL2	retained	False
MLXIPL	retained	False
VPS37D	retained	False
DNAJC30	retained	False
BUD23	retained	False
STX1A	retained	False
ABHD11	retained	False
CLDN3	retained	False
CLDN4	retained	False
METTL27	retained	False
TMEM270	retained	False
ELN	retained	False
LIMK1	retained	False
EIF4H	retained	False
LAT2	retained	False
RFC2	retained	False
CLIP2	retained	False
GTF2IRD1	retained	False
GTF2I	retained	False
NCF1	retained	False
RCC1L	retained_tss_unresolved	False
GTF2IP1	retained	False
SPDYE5	retained	False
PMS2P4	retained	False
TRIM73	retained	False
NSUN5P1	retained	False
POM121C	retained	False
PMS2P3	retained	False
HIP1	retained	False
CCL26	retained	False
CCL24	retained	False
RHBDD2	retained	False
POR	retained	False
TMEM120A	retained	False
STYXL1	retained	False
MDH2	retained	False
SRRM3	retained	False
HSPB1	retained	False
YWHAG	retained	False
SSC4D	retained	False
ZP3	retained	False
DTX2	retained	False
POMZP3	retained	False
DTX2P1-UPK3BP1-PMS2P11	retained	False
CCDC146	retained	False
FGL2	retained	False
GSAP	retained	False
PTPN12	retained	False
RSBN1L	retained	False
TMEM60	retained	False
PHTF2	retained	False
MAGI2	retained	False
RPL13AP17	retained	False
GNAI1	retained	False
GNAT3	retained	False
CD36	retained	False
SEMA3C	retained	False
HGF	retained	False
CACNA2D1	retained	False
PCLO	retained	False
SEMA3E	retained	False
SEMA3A	retained	False
SEMA3D	retained	False
GRM3	retained	False
ELAPOR2	retained	False
DMTF1	retained	False
TMEM243	retained	False
CROT	retained	False
ABCB4	retained	False
ABCB1	retained	False
RUNDC3B	retained	False
SLC25A40	retained	False
DBF4	retained	False
ADAM22	retained	False
SRI	retained	False
STEAP4	retained	False
ZNF804B	retained	False
TEX47	retained	False
DPY19L2P4	retained	False
STEAP1	retained	False
STEAP2	retained	False
CFAP69	retained	False
GTPBP10	retained	False
CLDN12	retained	False
CDK14	retained	False
FZD1	retained	False
MTERF1	retained	False
AKAP9	retained	False
CYP51A1	retained	False
CYP51A1-AS1	retained	False
KRIT1	retained	False
ANKIB1	retained	False
GATAD1	retained	False
ERVW-1	retained	False
PEX1	retained	False
RBM48	retained	False
FAM133B	retained	False
CDK6	retained	False
SAMD9	retained	False
SAMD9L	retained	False
HEPACAM2	retained	False
VPS50	retained	False
CALCR	retained	False
TFPI2	retained	False
GNGT1	retained	False
GNG11	retained	False
BET1	retained	False
COL1A2	retained	False
CASD1	retained	False
SGCE	retained	False
PEG10	retained	False
PPP1R9A	retained	False
PON1	retained	False
PON3	retained	False
PON2	retained	False
ASB4	retained	False
PDK4	retained	False
DYNC1I1	retained	False
SLC25A13	retained	False
SEM1	retained	False
DLX6	retained	False
DLX5	retained	False
SDHAF3	retained	False
TAC1	retained	False
ASNS	retained	False
OCM2	retained	False
LMTK2	retained	False
BHLHA15	retained	False
TECPR1	retained	False
BRI3	retained	False
BAIAP2L1	retained	False
NPTX2	retained	False
TMEM130	retained	False
TRRAP	retained	False
SMURF1	retained	False
ARPC1A	retained	False
ARPC1B	retained	False
PDAP1	retained	False
BUD31	retained	False
PTCD1	retained	False
CPSF4	retained	False
ATP5MF	retained	False
ZNF789	retained	False
ZNF394	retained	False
ZKSCAN5	retained	False
FAM200A	retained	False
ZNF655	retained	False
ZSCAN25	retained	False
CYP3A5	retained	False
CYP3A7	retained	False
CYP3A4	retained	False
CYP3A43	retained	False
OR2AE1	retained	False
TRIM4	retained	False
GJC3	retained	False
AZGP1	retained	False
ZKSCAN1	retained	False
ZSCAN21	retained	False
ZNF3	retained	False
COPS6	retained	False
MCM7	retained	False
AP4M1	retained	False
TAF6	retained	False
CNPY4	retained	False
MBLAC1	retained	False
LAMTOR4	retained	False
TRAPPC14	retained	False
GAL3ST4	retained	False
GPC2	retained	False
STAG3	retained	False
CASTOR3P	retained_tss_unresolved	False
PVRIG	retained	False
SPDYE3	retained	False
PILRB	retained	False
PILRA	retained	False
ZCWPW1	retained	False
MEPCE	retained	False
PPP1R35	retained	False
SPACDR	retained	False
TSC22D4	retained	False
NYAP1	retained	False
AGFG2	retained	False
LRCH4	retained	False
FBXO24	retained	False
PCOLCE	retained	False
MOSPD3	retained	False
TFR2	retained	False
ACTL6B	retained	False
GNB2	retained	False
GIGYF1	retained	False
POP7	retained	False
EPO	retained	False
ZAN	retained	False
EPHB4	retained	False
SLC12A9	retained	False
TRIP6	retained	False
SRRT	retained	False
UFSP1	retained	False
ACHE	retained	False
MUC3A	retained	False
MUC12	retained	False
MUC17	retained	False
TRIM56	retained	False
SERPINE1	retained	False
AP1S1	retained	False
VGF	retained	False
NAT16	retained	False
MOGAT3	retained	False
PLOD3	retained	False
ZNHIT1	retained	False
CLDN15	retained	False
FIS1	retained	False
IFT22	retained	False
COL26A1	retained	False
MYL10	retained	False
CUX1	retained	False
SH2B2	retained	False
PRKRIP1	retained	False
ORAI2	retained	False
ALKBH4	retained	False
LRWD1	retained	False
POLR2J	retained	False
SPDYE2	retained	False
RASA4	retained	False
POLR2J2	retained	False
FBXL13	retained	False
LRRC17	retained	False
NFE4	retained	False
ARMC10	retained	False
NAPEPLD	retained	False
DPY19L2P2	retained	False
PMPCB	retained	False
DNAJC2	retained	False
PSMC2	retained	False
SLC26A5	retained	False
RELN	retained	False
ORC5	retained	False
LHFPL3	retained	False
LHFPL3-AS1	retained	False
KMT2E	retained	False
SRPK2	retained	False
PUS7	retained	False
RINT1	retained	False
ATXN7L1	retained	False
CDHR3	retained	False
SYPL1	retained	False
NAMPT	retained	False
CCDC71L	retained	False
PIK3CG	retained	False
PRKAR2B	retained	False
HBP1	retained	False
COG5	retained	False
GPR22	retained	False
DUS4L	retained	False
BCAP29	retained	False
SLC26A4	retained	False
CBLL1	retained	False
SLC26A3	retained	False
DLD	retained	False
LAMB1	retained	False
LAMB4	retained	False
NRCAM	retained	False
PNPLA8	retained	False
THAP5	retained	False
DNAJB9	retained	False
LINC02903	retained	False
EIF3IP1	retained	False
IMMP2L	retained	False
LRRN3	retained	False
DOCK4	retained	False
ZNF277	retained	False
IFRD1	retained	False
LSMEM1	retained	False
TMEM168	retained	False
BMT2	retained	False
GPR85	retained	False
SMIM30	retained	False
PPP1R3A	retained	False
FOXP2	retained	False
MDFIC	retained	False
TFEC	retained	False
TES	retained	False
CAV2	retained	False
CAV1	retained	False
MET	retained	False
CAPZA2	retained	False
ST7-AS1	retained	False
ST7	retained	False
ST7-AS2	retained	False
WNT2	retained	False
ASZ1	retained	False
CFTR	retained	False
CTTNBP2	retained	False
LSM8	retained	False
ANKRD7	retained	False
KCND2	retained	False
TSPAN12	retained	False
ING3	retained	False
CPED1	retained	False
WNT16	retained	False
FAM3C	retained	False
PTPRZ1	retained	False
AASS	retained	False
FEZF1-AS1	retained	False
CADPS2	retained	False
RNF133	retained	False
RNF148	retained	False
TAS2R16	retained	False
SLC13A1	retained	False
IQUB	retained	False
NDUFA5	retained	False
ASB15	retained	False
LMOD2	retained	False
WASL	retained	False
HYAL4	retained	False
SPAM1	retained	False
TMEM229A	retained	False
GPR37	retained	False
POT1	retained	False
GRM8	retained	False
ZNF800	retained	False
GCC1	retained	False
ARF5	retained	False
FSCN3	retained	False
PAX4	retained	False
SND1	retained	False
SND1-IT1	retained_tss_unresolved	False
LRRC4	retained	False
LEP	retained	False
RBM28	retained	False
PRRT4	retained	False
IMPDH1	retained	False
HILPDA	retained	False
METTL2B	retained	False
GARIN1A	retained	False
GARIN1B	retained	False
CALU	retained	False
OPN1SW	retained	False
CCDC136	retained	False
FLNC	retained	False
ATP6V1F	retained	False
KCP	retained	False
IRF5	retained	False
TNPO3	retained	False
TPI1P2	retained	False
TSPAN33	retained	False
SMO	retained	False
AHCYL2	retained	False
STRIP2	retained	False
NRF1	retained	False
UBE2H	retained	False
ZC3HC1	retained	False
KLHDC10	retained	False
TMEM209	retained	False
SSMEM1	retained	False
CPA2	retained	False
CPA4	retained	False
CPA5	retained	False
CPA1	retained	False
CEP41	retained	False
MEST	retained	False
MESTIT1	retained	False
COPG2	retained	False
TSGA13	retained	False
KLF14	retained	False
LINC-PINT	retained	False
MKLN1	retained	False
PODXL	retained	False
PLXNA4	retained	False
CHCHD3	retained	False
EXOC4	retained	False
LRGUK	retained	False
SLC35B4	retained	False
AKR1B1	retained	False
AKR1B10	retained	False
BPGM	retained	False
CALD1	retained	False
AGBL3	retained	False
CYREN	retained	False
TMEM140	retained	False
WDR91	retained	False
STRA8	retained	False
CNOT4	retained	False
NUP205	retained	False
SLC13A4	retained	False
FAM180A	retained	False
MTPN	retained	False
CHRM2	retained	False
PTN	retained	False
DGKI	retained	False
CREB3L2	retained	False
AKR1D1	retained	False
TRIM24	retained	False
SVOPL	retained	False
ATP6V0A4	retained	False
TMEM213	retained	False
KIAA1549	retained	False
ZC3HAV1L	retained	False
ZC3HAV1	retained	False
TTC26	retained	False
UBN2	retained	False
LUC7L2	retained	False
FMC1	retained	False
KLRG2	retained	False
CLEC2L	retained	False
HIPK2	retained	False
TBXAS1	retained	False
PARP12	retained	False
KDM7A	retained	False
SLC37A3	retained	False
RAB19	retained	False
MKRN1	retained	False
DENND2A	retained	False
ADCK2	retained	False
NDUFB2	retained	False
BRAF	retained	False
MRPS33	retained	False
AGK	retained	False
DENND11	retained_tss_unresolved	False
WEE2-AS1	retained	False
WEE2	retained	False
SSBP1	retained	False
TAS2R3	retained	False
TAS2R4	retained	False
TAS2R5	retained	False
PRSS37	retained	False
OR9A4	retained	False
CLEC5A	retained	False
TAS2R38	retained	False
MGAM	retained	False
MGAM2	retained_tss_unresolved	False
PRSS58	retained	False
PRSS1	retained	False
EPHB6	retained	False
TRPV6	retained	False
TRPV5	retained	False
LLCFC1	retained_tss_unresolved	False
KEL	retained	False
OR9A2	retained	False
OR6V1	retained	False
PIP	retained	False
TAS2R39	retained	False
TAS2R40	retained	False
GSTK1	retained	False
TMEM139	retained	False
CASP2	retained	False
CLCN1	retained	False
FAM131B	retained	False
ZYX	retained	False
EPHA1	retained	False
EPHA1-AS1	retained	False
TAS2R60	retained	False
TAS2R41	retained	False
CTAGE15	retained_tss_unresolved	False
TCAF2	retained	False
CTAGE6	retained	False
TCAF1	retained	False
OR2F1	retained	False
OR2F2	retained	False
OR6B1	retained	False
OR2A5	retained	False
OR2A25	retained	False
OR2A12	retained	False
OR2A2	retained	False
OR2A14	retained	False
CTAGE4	retained	False
ARHGEF35	retained	False
OR2A42	retained	False
OR2A20P	retained	False
OR2A7	retained	False
OR2A1	retained	False
ARHGEF5	retained	False
NOBOX	retained	False
TPK1	retained	False
CNTNAP2	retained	False
C7orf33	retained	False
CUL1	retained	False
EZH2	retained	False
PDIA4	retained	False
ZNF786	retained	False
ZNF425	retained	False
ZNF398	retained	False
ZNF282	retained	False
ZNF212	retained	False
ZNF783	retained	False
ZNF777	retained	False
ZNF746	retained	False
ZNF767P	retained_tss_unresolved	False
KRBA1	retained	False
ZNF467	retained	False
ZNF862	retained	False
ATP6V0E2-AS1	retained	False
ATP6V0E2	retained	False
ACTR3C	retained	False
LRRC61	retained	False
RARRES2	retained	False
REPIN1	retained	False
ZNF775	retained	False
GIMAP8	retained	False
GIMAP7	retained	False
GIMAP4	retained	False
GIMAP6	retained	False
GIMAP2	retained	False
GIMAP1	retained	False
GIMAP5	retained	False
TMEM176B	retained	False
TMEM176A	retained	False
AOC1	retained	False
KCNH2	retained	False
NOS3	retained	False
ATG9B	retained	False
ABCB8	retained	False
ASIC3	retained	False
CDK5	retained	False
SLC4A2	retained	False
FASTK	retained	False
TMUB1	retained	False
AGAP3	retained	False
ASB10	retained	False
ABCF2	retained	False
CHPF2	retained	False
SMARCD3	retained	False
NUB1	retained	False
CRYGN	retained	False
RHEB	retained	False
PRKAG2	retained	False
PRKAG2-AS2	retained	False
GALNTL5	retained	False
GALNT11	retained	False
KMT2C	retained	False
FABP5P3	retained	False
XRCC2	retained	False
ACTR3B	retained	False
DPP6	retained	False
PAXIP1	retained	False
PAXIP1-DT	retained	False
HTR5A	retained	False
INSIG1	retained	False
EN2	retained	False
RBM33	retained	False
SHH	retained	False
RNF32	retained	False
LMBR1	retained	False
NOM1	retained	False
MNX1	retained	False
MNX1-AS1	retained	False
UBE3C	retained	False
DNAJB6	retained	False
PTPRN2	retained	False
NCAPG2	retained	False
ESYT2	retained	False
DYNC2I1	retained	False
LINC00689	retained	False
VIPR2	retained	False
OR4F21	retained	False
ZNF596	retained	False
FAM87A	retained	False
FBXO25	retained	False
TDRP	retained	False
ERICH1	retained	False
DLGAP2	retained	False
CLN8	retained	False
ARHGEF10	retained	False
KBTBD11	retained	False
MYOM2	retained	False
CSMD1	retained	False
MCPH1	retained	False
ANGPT2	retained	False
AGPAT5	retained	False
XKR5	retained	False
DEFB1	retained	False
DEFA6	retained	False
DEFA4	retained	False
DEFA1	retained	False
DEFT1P	retained	False
DEFA3	retained	False
DEFA5	retained	False
SPAG11B	retained	False
DEFB106B	retained	False
DEFB107B	retained	False
DEFB105B	retained	False
DEFB106A	retained	False
DEFB104A	retained	False
DEFB103A	retained	False
DEFB4B	retained	False
PRAG1	input_only	True
CLDN23	input_only	True
MFHAS1	input_only	True
ERI1	input_only	True
PPP1R3B	tss_and_input	True
PPP1R3B-DT	input_only	True
TNKS	input_only	True
MIR124-1HG	input_only	True
MSRA	input_only	True
PRSS55	retained	False
RP1L1	retained	False
C8orf74	retained	False
SOX7	retained	False
PINX1	retained	False
XKR6	retained	False
MTMR9	retained	False
SLC35G5	retained	False
TDH	retained	False
FAM167A-AS1	retained_tss_unresolved	False
FAM167A	retained	False
BLK	retained	False
GATA4	retained	False
NEIL2	retained	False
FDFT1	retained	False
CTSB	retained	False
USP17L2	retained	False
FAM86B1	retained	False
FAM86B2	retained	False
LONRF1	retained	False
TRMT9B	retained	False
DLC1	retained	False
C8orf48	retained	False
SGCZ	retained	False
TUSC3	retained	False
MSR1	retained	False
FGF20	retained	False
MICU3	retained	False
ZDHHC2	retained	False
CNOT7	retained	False
VPS37A	retained	False
MTMR7	retained	False
SLC7A2	retained	False
PDGFRL	retained	False
MTUS1	retained	False
FGL1	retained	False
PCM1	retained	False
ASAH1	retained	False
NAT1	retained	False
NAT2	retained	False
PSD3	retained	False
SH2D4A	retained	False
CSGALNACT1	retained	False
INTS10	retained	False
LPL	retained	False
SLC18A1	retained	False
ATP6V1B2	retained	False
LZTS1	retained	False
GFRA2	retained	False
DOK2	retained	False
XPO7	retained	False
NPM2	retained	False
FGF17	retained	False
DMTN	retained	False
FHIP2B	retained	False
NUDT18	retained	False
HR	retained	False
REEP4	retained	False
LGI3	retained	False
SFTPC	retained	False
BMP1	retained	False
PHYHIP	retained	False
POLR3D	retained	False
PIWIL2	retained	False
SLC39A14	retained	False
PPP3CC	retained	False
SORBS3	retained	False
PDLIM2	retained	False
C8orf58	retained	False
CCAR2	retained	False
BIN3	retained	False
EGR3	retained	False
PEBP4	retained	False
RHOBTB2	retained	False
TNFRSF10B	retained	False
TNFRSF10C	retained	False
TNFRSF10D	retained	False
TNFRSF10A	retained	False
TNFRSF10A-DT	retained	False
CHMP7	retained	False
R3HCC1	retained	False
LOXL2	retained	False
ENTPD4	retained	False
SLC25A37	retained	False
NKX3-1	retained	False
NKX2-6	retained	False
STC1	retained	False
ADAM28	retained	False
ADAMDEC1	retained	False
ADAM7	retained	False
NEFM	retained	False
NEFL	retained	False
DOCK5	retained	False
GNRH1	retained	False
KCTD9	retained	False
CDCA2	retained	False
EBF2	retained	False
PPP2R2A	retained	False
BNIP3L	retained	False
PNMA2	retained	False
DPYSL2	retained	False
ADRA1A	retained	False
STMN4	retained	False
TRIM35	retained	False
PTK2B	retained	False
CHRNA2	retained	False
EPHX2	retained	False
CLU	retained	False
SCARA3	retained	False
CCDC25	retained	False
ESCO2	retained	False
PBK	retained	False
SCARA5	retained	False
ELP3	retained	False
PNOC	retained	False
ZNF395	retained	False
FBXO16	retained	False
FZD3	retained	False
EXTL3-AS1	retained	False
EXTL3	retained	False
INTS9	retained	False
HMBOX1	retained	False
KIF13B	retained	False
DUSP4	retained	False
LINC00589	retained	False
LINC02209	retained	False
SARAF	retained	False
LEPROTL1	retained	False
MBOAT4	retained	False
DCTN6	retained	False
RBPMS	retained	False
GTF2E2	retained	False
GSR	retained	False
UBXN8	retained	False
PPP2CB	retained	False
TEX15	retained	False
PURG	retained	False
WRN	retained	False
NRG1	retained	False
FUT10	retained	False
MAK16	retained	False
TTI2	retained	False
RNF122	retained	False
DUSP26	retained	False
UNC5D	retained	False
KCNU1	retained	False
ZNF703	retained	False
ERLIN2	retained	False
PLPBP	retained	False
ADGRA2	retained	False
BRF2	retained	False
RAB11FIP1	retained	False
GOT1L1	retained	False
ADRB3	retained	False
EIF4EBP1	retained	False
ASH2L	retained	False
STAR	retained	False
LSM1	retained	False
BAG4	retained	False
DDHD2	retained	False
PLPP5	retained	False
NSD3	retained	False
LETM2	retained	False
FGFR1	retained	False
TACC1	retained	False
PLEKHA2	retained	False
HTRA4	retained	False
TM2D2	retained	False
ADAM9	retained	False
ADAM32	retained	False
ADAM5	retained	False
ADAM3A	retained	False
ADAM18	retained	False
ADAM2	retained	False
IDO1	retained	False
IDO2	retained	False
TCIM	retained	False
ZMAT4	retained	False
SFRP1	retained	False
GOLGA7	retained	False
GINS4	retained	False
GPAT4	retained	False
NKX6-3	retained	False
ANK1	retained	False
KAT6A	retained	False
AP3M2	retained	False
PLAT	retained	False
IKBKB	retained	False
POLB	retained	False
DKK4	retained	False
VDAC3	retained	False
SLC20A2	retained	False
SMIM19	retained	False
CHRNB3	retained	False
CHRNA6	retained	False
THAP1	retained	False
RNF170	retained	False
HOOK3	retained	False
FNTA	retained	False
POMK	retained	False
HGSNAT	retained	False
POTEA	retained	False
SPIDR	retained	False
CEBPD	retained	False
PRKDC	retained	False
MCM4	retained	False
UBE2V2	retained	False
CLXN	retained	False
SNAI2	retained	False
PPDPFL	retained	False
SNTG1	retained	False
PXDNL	retained	False
PCMTD1	retained	False
ST18	retained	False
ALKAL1	retained	False
RB1CC1	retained	False
NPBWR1	retained	False
OPRK1	retained	False
ATP6V1H	retained	False
RGS20	retained	False
TCEA1	retained	False
LYPLA1	retained	False
MRPL15	retained	False
SOX17	retained	False
RP1	retained	False
XKR4	retained	False
TMEM68	retained	False
TGS1	retained	False
LYN	retained	False
RPS20	retained	False
SNORD54	retained	False
MOS	retained	False
PLAG1	retained	False
CHCHD7	retained	False
SDR16C5	retained	False
PENK	retained	False
BPNT2	retained	False
LINC00588	retained	False
LINC03018	retained	False
FAM110B	retained	False
CYP7A1	retained	False
SDCBP	retained	False
NSMAF	retained	False
TOX	retained	False
CA8	retained	False
RAB2A	retained	False
CHD7	retained	False
CLVS1	retained	False
ASPH	retained	False
NKAIN3	retained	False
GGH	retained	False
TTPA	retained	False
YTHDF3	retained	False
LINC01289	retained	False
BHLHE22-AS1	retained	False
BHLHE22	retained	False
CYP7B1	retained	False
ARMC1	retained	False
MTFR1	retained	False
PDE7A	retained	False
DNAJC5B	retained	False
TRIM55	retained	False
CRH	retained	False
RRS1	retained	False
ADHFE1	retained	False
VXN	retained	False
MYBL1	retained	False
VCPIP1	retained	False
C8orf44	retained	False
SGK3	retained	False
MCMDC2	retained	False
PPP1R42	retained	False
COPS5	retained	False
CSPP1	retained	False
ARFGEF1	retained	False
CPA6	retained	False
PREX2	retained	False
C8orf34	retained	False
SULF1	retained	False
SLCO5A1	retained	False
PRDM14	retained	False
NCOA2	retained	False
TRAM1	retained	False
LACTB2-AS1	retained	False
LACTB2	retained	False
XKR9	retained	False
EYA1	retained	False
MSC	retained	False
TRPA1	retained	False
KCNB2	retained	False
TERF1	retained	False
SBSPON	retained	False
RPL7	retained	False
RDH10	retained	False
STAU2	retained	False
UBE2W	retained	False
ELOC	retained	False
TMEM70	retained	False
LY96	retained	False
JPH1	retained	False
GDAP1	retained	False
MIR2052HG	retained	False
PI15	retained	False
CRISPLD1	retained	False
HNF4G	retained	False
ZFHX4	retained	False
PEX2	retained	False
PKIA	retained	False
ZC2HC1A	retained	False
IL7	retained	False
STMN2	retained	False
HEY1	retained	False
MRPS28	retained	False
TPD52	retained	False
ZBTB10	retained	False
ZNF704	retained	False
PAG1	retained	False
FABP5	retained	False
PMP2	retained	False
FABP4	retained	False
IMPA1	retained	False
SLC10A5	retained	False
ZFAND1	retained	False
CHMP4C	retained	False
SNX16	retained	False
RALYL	retained	False
LRRCC1	retained	False
E2F5	retained	False
RBIS	retained	False
CA13	retained	False
CA1	retained	False
CA3	retained	False
CA2	retained	False
PSKH2	retained	False
ATP6V0D2	retained	False
SLC7A13	retained	False
WWP1	retained	False
RMDN1	retained	False
CPNE3	retained	False
CNGB3	retained	False
CNBD1	retained	False
DCAF4L2	retained	False
MMP16	retained	False
RIPK2	retained	False
OSGIN2	retained	False
NBN	retained	False
DECR1	retained	False
CALB1	retained	False
TMEM64	retained	False
NECAB1	retained	False
PIP4P2	retained	False
OTUD6B	retained	False
SLC26A7	retained	False
RUNX1T1	retained	False
FLJ46284	retained	False
TRIQK	retained	False
CIBAR1-DT	retained	False
CIBAR1	retained	False
RBM12B	retained	False
RBM12B-AS1	retained	False
TMEM67	retained	False
PDP1	retained	False
CDH17	retained	False
GEM	retained	False
RAD54B	retained	False
VIRMA	retained	False
ESRP1	retained	False
DPY19L4	retained	False
INTS8	retained	False
CCNE2	retained	False
NDUFAF6	retained	False
TP53INP1	retained	False
PLEKHF2	retained	False
CFAP418	retained	False
GDF6	retained	False
UQCRB	retained	False
MTERF3	retained	False
PTDSS1	retained	False
SDC2	retained	False
CPQ	retained	False
TSPYL5	retained	False
MTDH	retained	False
LAPTM4B	retained	False
MATN2	retained	False
RPL30	retained	False
SNORA72	retained	False
ERICH5	retained	False
RIDA	retained	False
POP1	retained	False
NIPAL2	retained	False
KCNS2	retained	False
STK3	retained	False
OSR2	retained	False
VPS13B	retained	False
COX6C	retained	False
RGS22	retained	False
FBXO43	retained	False
POLR2K	retained	False
SPAG1	retained	False
RNF19A	retained	False
ANKRD46	retained	False
SNX31	retained	False
PABPC1	retained	False
YWHAZ	retained	False
ZNF706	retained	False
GRHL2	retained	False
NCALD	retained	False
RRM2B	retained	False
UBR5	retained	False
ODF1	retained	False
KLF10	retained	False
AZIN1	retained	False
ATP6V1C1	retained	False
BAALC	retained	False
FZD6	retained	False
CTHRC1	retained	False
SLC25A32	retained	False
DCAF13	retained	False
RIMS2	retained	False
DCSTAMP	retained	False
DPYS	retained	False
LRP12	retained	False
ZFPM2	retained	False
OXR1	retained	False
ABRA	retained	False
ANGPT1	retained	False
RSPO2	retained	False
EIF3E	retained	False
EMC2	retained	False
TMEM74	retained	False
TRHR	retained	False
NUDCD1	retained	False
ENY2	retained	False
PKHD1L1	retained	False
EBAG9	retained	False
SYBU	retained	False
KCNV1	retained	False
CSMD3	retained	False
TRPS1	retained	False
EIF3H	retained	False
UTP23	retained	False
RAD21	retained	False
AARD	retained	False
SLC30A8	retained	False
MED30	retained	False
EXT1	retained	False
SAMD12	retained	False
TNFRSF11B	retained	False
COLEC10	retained	False
MAL2	retained	False
CCN3	retained	False
ENPP2	retained	False
TAF2	retained	False
DSCC1	retained	False
DEPTOR	retained	False
COL14A1	retained	False
MRPL13	retained	False
MTBP	retained	False
SNTB1	retained	False
HAS2	retained	False
ZHX2	retained	False
DERL1	retained	False
TBC1D31	retained	False
FAM83A	retained	False
C8orf76	retained	False
ZHX1	retained	False
ATAD2	retained	False
NTAQ1	retained	False
FBXO32	retained	False
ANXA13	retained	False
FAM91A1	retained	False
FER1L6-AS1	retained	False
FER1L6-AS2	retained	False
TMEM65	retained	False
TRMT12	input_only	True
RNF139	input_only	True
TATDN1	input_only	True
NDUFB9	input_only	True
MTSS1	input_only	True
LINC00964	input_only	True
ZNF572	input_only	True
SQLE	input_only	True
WASHC5	input_only	True
NSMCE2	input_only	True
TRIB1	tss_and_input	True
LRATD2	retained	False
POU5F1B	retained	False
MYC	retained	False
LINC02912	retained_tss_unresolved	False
CCDC26	retained	False
GSDMC	retained	False
CYRIB	retained	False
ASAP1	retained	False
ADCY8	retained	False
EFR3A	retained	False
OC90	retained	False
HHLA1	retained	False
KCNQ3	retained	False
HPYR1	retained	False
DNAAF11	retained	False
TMEM71	retained	False
PHF20L1	retained	False
TG	retained	False
SLA	retained	False
CCN4	retained	False
NDRG1	retained	False
ST3GAL1	retained	False
ZFAT	retained	False
KHDRBS3	retained	False
FAM135B	retained	False
COL22A1	retained	False
KCNK9	retained	False
TRAPPC9	retained	False
C8orf17	retained	False
CHRAC1	retained	False
AGO2	retained	False
PTK2	retained	False
DENND3	retained	False
SLC45A4	retained	False
GPR20	retained	False
PTP4A3	retained	False
MROH5	retained	False
LINC00051	retained	False
TSNARE1	retained	False
ADGRB1	retained	False
ARC	retained	False
JRK	retained	False
PSCA	retained	False
LY6K	retained	False
THEM6	retained	False
SLURP1	retained	False
LYPD2	retained	False
LYNX1	retained	False
LY6D	retained	False
GML	retained	False
CYP11B1	retained	False
CYP11B2	retained	False
LY6E	retained	False
LINC02904	retained_tss_unresolved	False
LY6H	retained	False
GPIHBP1	retained	False
ZFP41	retained	False
GLI4	retained	False
ZNF696	retained	False
TOP1MT	retained	False
RHPN1-AS1	retained	False
RHPN1	retained	False
MAFA	retained	False
ZC3H3	retained	False
GSDMD	retained	False
MROH6	retained	False
NAPRT	retained_tss_unresolved	False
EEF1D	retained	False
TIGD5	retained	False
PYCR3	retained_tss_unresolved	False
GFUS	retained_tss_unresolved	False
ZNF623	retained	False
ZNF707	retained	False
MAPK15	retained	False
FAM83H	retained	False
SCRIB	retained	False
PUF60	retained	False
NRBP2	retained	False
EPPK1	retained	False
PLEC	retained	False
PARP10	retained	False
GRINA	retained	False
SPATC1	retained	False
OPLAH	retained	False
EXOSC4	retained	False
GPAA1	retained	False
CYC1	retained	False
SHARPIN	retained	False
MAF1	retained	False
WDR97	retained	False
HGH1	retained	False
MROH1	retained	False
BOP1	retained	False
SCX	retained_tss_unresolved	False
HSF1	retained	False
DGAT1	retained	False
SCRT1	retained	False
TMEM249	retained_tss_unresolved	False
FBXL6	retained	False
SLC52A2	retained	False
ADCK5	retained	False
CPSF1	retained	False
SLC39A4	retained	False
VPS28	retained	False
TONSL	retained	False
ZFTRAF1	retained	False
KIFC2	retained	False
FOXH1	retained	False
PPP1R16A	retained	False
GPT	retained	False
MFSD3	retained	False
RECQL4	retained	False
LRRC14	retained	False
LRRC24	retained	False
C8orf82	retained	False
ARHGAP39	retained	False
ZNF251	retained	False
ZNF34	retained	False
RPL8	retained	False
ZNF517	retained	False
ZNF7	retained	False
COMMD5	retained	False
ZNF250	retained	False
ZNF16	retained	False
ZNF252P	retained	False
ZNF252P-AS1	retained	False
C8orf33	retained	False
CCDC187	retained_tss_unresolved	False
FOXD4	retained	False
ZNG1A	retained	False
DOCK8	retained	False
KANK1	retained	False
DMRT1	retained	False
DMRT3	retained	False
DMRT2	retained	False
SMARCA2	retained	False
VLDLR-AS1	retained	False
VLDLR	retained	False
KCNV2	retained	False
PUM3	retained	False
RFX3	retained	False
GLIS3	retained	False
GLIS3-AS1	retained	False
SLC1A1	retained	False
SPATA6L	retained	False
PLPP6	retained	False
CDC37L1	retained	False
AK3	retained	False
RCL1	retained	False
JAK2	retained	False
INSL6	retained	False
INSL4	retained	False
RLN2	retained	False
RLN1	retained	False
PLGRKT	retained	False
CD274	retained	False
PDCD1LG2	retained	False
RIC1	retained	False
ERMP1	retained	False
KIAA2026	retained	False
MLANA	retained	False
RANBP6	retained	False
IL33	retained	False
TPD52L3	retained	False
UHRF2	retained	False
GLDC	retained	False
KDM4C	retained	False
DMAC1	input_only	True
PTPRD	tss_and_input	True
TYRP1	retained	False
LURAP1L	retained	False
MPDZ	retained	False
NFIB	retained	False
ZDHHC21	retained	False
CER1	retained	False
FREM1	retained	False
TTC39B	retained	False
SNAPC3	retained	False
PSIP1	retained	False
CCDC171	retained	False
BNC2	retained	False
CNTLN	retained	False
SH3GL2	retained	False
ADAMTSL1	retained	False
SAXO1	retained	False
RRAGA	retained	False
HAUS6	retained	False
PLIN2	retained	False
DENND4C	retained	False
RPS6	retained	False
ACER2	retained	False
SLC24A2	retained	False
MLLT3	retained	False
FOCAD	retained	False
HACD4	retained	False
IFNB1	retained	False
IFNW1	retained	False
IFNA21	retained	False
IFNA4	retained	False
IFNA7	retained	False
IFNA10	retained	False
IFNA16	retained	False
IFNA17	retained	False
IFNA14	retained	False
IFNA5	retained	False
KLHL9	retained	False
IFNA6	retained	False
IFNA13	retained	False
IFNA2	retained	False
IFNA8	retained	False
IFNA1	retained	False
MIR31HG	retained	False
IFNE	retained	False
MTAP	retained	False
CDKN2A	retained	False
CDKN2B-AS1	retained	False
CDKN2B	retained	False
DMRTA1	retained	False
ELAVL2	retained	False
TUSC1	retained	False
CAAP1	retained	False
PLAA	retained	False
IFT74	retained	False
LRRC19	retained	False
TEK	retained	False
LINC00032	retained	False
EQTN	retained	False
MOB3B	retained	False
IFNK	retained	False
C9orf72	retained	False
LINGO2	retained	False
ACO1	retained	False
RIGI	retained	False
TOPORS	retained	False
NDUFB6	retained	False
TAF1L	retained	False
TMEM215	retained	False
APTX	retained	False
DNAJA1	retained	False
SMU1	retained	False
B4GALT1	retained	False
SPINK4	retained	False
BAG1	retained	False
CHMP5	retained	False
NFX1	retained	False
AQP7	retained	False
AQP3	retained	False
NOL6	retained	False
ANKRD18B	retained	False
PTENP1	retained	False
PRSS3	retained	False
UBE2R2	retained	False
UBAP2	retained	False
DCAF12	retained	False
UBAP1	retained	False
KIF24	retained	False
NUDT2	retained	False
MYORG	retained	False
C9orf24	retained	False
FAM219A	retained	False
DNAI1	retained	False
ENHO	retained	False
CNTFR	retained	False
CNTFR-AS1	retained	False
RPP25L	retained	False
DCTN3	retained	False
ARID3C	retained	False
SIGMAR1	retained	False
GALT	retained	False
IL11RA	retained	False
CCL27	retained	False
CCL19	retained	False
CCL21	retained	False
FAM205A	retained	False
PHF24	retained	False
DNAJB5	retained	False
C9orf131	retained	False
VCP	retained	False
FANCG	retained	False
PIGO	retained	False
STOML2	retained	False
ATOSB	retained	False
UNC13B	retained	False
ATP8B5P	retained	False
RUSC2	retained	False
FAM166B	retained	False
TESK1	retained	False
CD72	retained	False
SIT1	retained	False
CCDC107	retained	False
ARHGEF39	retained	False
CA9	retained	False
TPM2	retained	False
TLN1	retained	False
CREB3	retained	False
GBA2	retained	False
RGP1	retained	False
NPR2	retained	False
MSMP	retained	False
SPAG8	retained	False
HINT2	retained	False
FAM221B	retained	False
TMEM8B	retained	False
OR13J1	retained	False
HRCT1	retained	False
SPAAR	retained	False
OR2S2	retained	False
RECK	retained	False
GLIPR2	retained	False
CCIN	retained	False
CLTA	retained	False
GNE	retained	False
RNF38	retained	False
MELK	retained	False
PAX5	retained	False
ZCCHC7	retained	False
GRHPR	retained	False
ZBTB5	retained	False
POLR1E	retained	False
FBXO10	retained	False
TOMM5	retained	False
FRMPD1	retained	False
TRMT10B	retained	False
EXOSC3	retained	False
DCAF10	retained	False
SLC25A51	retained	False
SHB	retained	False
ALDH1B1	retained	False
IGFBPL1	retained	False
ANKRD18A	retained	False
CNTNAP3	retained	False
FOXD4L4	retained	False
ZNG1E	retained	False
ZNG1F	retained	False
FOXD4L3	retained	False
LINC03025	retained_tss_unresolved	False
PGM5-AS1	retained	False
PGM5	retained	False
TMEM252	retained	False
PIP5K1B	retained	False
PABIR1	retained	False
PRKACG	retained	False
FXN	retained	False
TJP2	retained	False
ENTREP1	retained	False
APBA1	retained	False
PTAR1	retained	False
CFAP95	retained	False
MAMDC2	retained	False
SMC5	retained	False
KLF9	retained	False
TRPM3	retained	False
CEMIP2	retained	False
ABHD17B	retained	False
C9orf85	retained	False
C9orf57	retained	False
GDA	retained	False
ZFAND5	retained	False
TMC1	retained	False
ALDH1A1	retained	False
ANXA1	retained	False
RORB	retained	False
TRPM6	retained	False
C9orf40	retained	False
CARNMT1	retained	False
NMRK1	retained	False
OSTF1	retained	False
PCSK5	retained	False
RFK	retained	False
GCNT1	retained	False
PRUNE2	retained	False
PCA3	retained	False
FOXB2	retained	False
VPS13A	retained	False
GNA14	retained	False
GNAQ	retained	False
CEP78	retained	False
PSAT1	retained	False
TLE4	retained	False
TLE1	retained	False
SPATA31D1	retained	False
RASEF	retained	False
FRMD3	retained	False
IDNK	retained	False
UBQLN1	retained	False
GKAP1	retained	False
KIF27	retained	False
C9orf64	retained	False
HNRNPK	retained	False
RMI1	retained	False
SLC28A3	retained	False
NTRK2	retained	False
AGTPBP1	retained	False
NAA35	retained	False
GOLM1	retained	False
C9orf153	retained	False
ISCA1	retained	False
TUT7	retained	False
GAS1	retained	False
LINC02893	retained	False
LINC02872	retained	False
DAPK1	retained	False
CTSL	retained	False
SPATA31E1	retained	False
SPATA31C1	retained	False
CDK20	retained	False
SPATA31C2	retained	False
SPIN1	retained	False
NXNL2	retained	False
S1PR3	retained	False
SHC3	retained	False
CKS2	retained	False
SECISBP2	retained	False
SEMA4D	retained	False
GADD45G	retained	False
MIR4290HG	retained	False
DIRAS2	retained	False
SYK	retained	False
AUH	retained	False
NFIL3	retained	False
ROR2	retained	False
SPTLC1	retained	False
IARS1	retained	False
NOL8	retained	False
CENPP	retained	False
OGN	retained	False
OMD	retained	False
ASPN	retained	False
ECM2	retained	False
IPPK	retained	False
BICD2	retained	False
ZNF484	retained	False
FGD3	retained	False
SUSD3	retained	False
CARD19	retained	False
NINJ1	retained	False
WNK2	retained	False
FAM120AOS	retained	False
FAM120A	retained	False
PHF2	retained	False
BARX1	retained	False
PTPDC1	retained	False
LINC02603	retained	False
ZNF169	retained	False
MFSD14B	retained	False
FBP2	retained	False
FBP1	retained	False
AOPEP	retained	False
FANCC	retained	False
PTCH1	retained	False
ERCC6L2-AS1	retained	False
ERCC6L2	retained	False
HSD17B3	retained	False
SLC35D2	retained	False
ZNF367	retained	False
HABP4	retained	False
CDC14B	retained	False
PRXL2C	retained	False
ZNF510	retained	False
ZNF782	retained	False
MFSD14CP	retained_tss_unresolved	False
CTSV	retained	False
SUGT1P4-STRA6LP-CCDC180	retained	False
TDRD7	retained	False
TMOD1	retained	False
TSTD2	retained	False
NCBP1	retained	False
XPA	retained	False
FOXE1	retained	False
TRMO	retained	False
HEMGN	retained	False
ANP32B	retained	False
NANS	retained	False
TRIM14	retained	False
CORO2A	retained	False
TBC1D2	retained	False
GABBR2	retained	False
ANKS6	retained	False
GALNT12	retained	False
COL15A1	retained	False
TGFBR1	retained	False
ALG2	retained	False
SEC61B	retained	False
NR4A3	retained	False
STX17	retained	False
ERP44	retained	False
INVS	retained	False
TEX10	retained	False
MSANTD3	retained	False
TMEFF1	retained	False
CAVIN4	retained	False
PLPPR1	retained_tss_unresolved	False
BAAT	retained	False
MRPL50	retained	False
ZNF189	retained	False
ALDOB	retained	False
PGAP4	retained	False
RNF20	retained	False
GRIN3A	retained	False
PPP3R2	retained	False
LINC00587	retained	False
CYLC2	retained	False
SMC2	retained	False
OR13F1	retained	False
OR13C4	retained	False
OR13C3	retained	False
OR13C8	retained	False
OR13C5	retained	False
OR13C2	retained	False
OR13C9	retained	False
OR13D1	retained	False
NIPSNAP3A	retained	False
NIPSNAP3B	retained	False
ABCA1	retained	False
SLC44A1	retained	False
FSD1L	retained	False
FKTN	retained	False
TAL2	retained	False
TMEM38B	retained	False
ZNF462	retained	False
RAD23B	retained	False
KLF4	retained	False
ACTL7B	retained	False
ACTL7A	retained	False
ELP1	retained	False
ABITRAM	retained	False
CTNNAL1	retained	False
TMEM245	retained	False
FRRS1L	retained	False
EPB41L4B	retained	False
PTPN3	retained	False
PALM2AKAP2	retained	False
C9orf152	retained	False
TXN	retained	False
TXNDC8	retained	False
SVEP1	retained	False
MUSK	retained	False
LPAR1	retained	False
OR2K2	retained	False
ECPAS	retained	False
ZNF483	retained	False
PTGR1	retained	False
DNAJC25	retained	False
DNAJC25-GNG10	retained	False
GNG10	retained	False
SHOC1	retained	False
UGCG	retained	False
SUSD1	retained	False
PTBP3	retained	False
HSDL2	retained	False
KIAA1958	retained	False
INIP	retained	False
SNX30	retained	False
SLC46A2	retained	False
ZFP37	retained	False
FAM225A	retained	False
SLC31A2	retained	False
FKBP15	retained	False
SLC31A1	retained	False
CDC26	retained	False
PRPF4	retained	False
RNF183	retained	False
WDR31	retained	False
BSPRY	retained	False
HDHD3	retained	False
ALAD	retained	False
POLE3	retained	False
C9orf43	retained	False
RGS3	retained	False
ZNF618	retained	False
AMBP	retained	False
KIF12	retained	False
COL27A1	retained	False
ORM1	retained	False
ORM2	retained	False
AKNA	retained	False
WHRN	retained	False
ATP6V1G1	retained	False
TMEM268	retained	False
TNFSF15	retained	False
TNFSF8	retained	False
TNC	retained	False
LINC00474	retained	False
PAPPA	retained	False
ASTN2	retained	False
TRIM32	retained	False
TLR4	retained	False
BRINP1	retained	False
CDK5RAP2	retained	False
MEGF9	retained	False
FBXW2	retained	False
PSMD5	retained	False
CUTALP	retained	False
PHF19	retained	False
TRAF1	retained	False
C5	retained	False
CNTRL	retained	False
RAB14	retained	False
GSN	retained	False
GSN-AS1	retained	False
STOM	retained	False
GGTA1	retained	False
DAB2IP	retained	False
TTLL11	retained	False
NDUFA8	retained	False
MORN5	retained	False
LHX6	retained	False
RBM18	retained	False
MRRF	retained	False
PTGS1	retained	False
OR1J2	retained	False
OR1J1	retained	False
OR1J4	retained	False
OR1N1	retained	False
OR1L8	retained	False
OR1N2	retained	False
OR1B1	retained	False
OR1Q1	retained	False
OR1L1	retained	False
OR1L3	retained	False
OR1L4	retained	False
OR1L6	retained	False
OR5C1	retained	False
OR1K1	retained	False
PDCL	retained	False
RC3H2	retained	False
ZBTB6	retained	False
ZBTB26	retained	False
RABGAP1	retained	False
GPR21	retained	False
MIR600HG	retained	False
STRBP	retained	False
CRB2	retained	False
DENND1A	retained	False
LHX2	retained	False
NEK6	retained	False
PSMB7	retained	False
ADGRD2	retained	False
NR5A1	retained	False
NR6A1	retained	False
OLFML2A	retained	False
WDR38	retained	False
RPL35	retained	False
ARPC5L	retained	False
GOLGA1	retained	False
SCAI	retained	False
PPP6C	retained	False
RABEPK	retained	False
HSPA5	retained	False
GAPVD1	retained	False
MAPKAP1	retained	False
PBX3	retained	False
MVB12B	retained	False
LMX1B	retained	False
ZBTB43	retained	False
ZBTB34	retained	False
RALGPS1	retained	False
ANGPTL2	retained	False
GARNL3	retained	False
SLC2A8	retained	False
ZNF79	retained	False
RPL12	retained	False
SNORA65	retained	False
LRSAM1	retained	False
NIBAN2	retained	False
STXBP1	retained	False
PTRH1	retained	False
CFAP157	retained	False
TTC16	retained	False
TOR2A	retained	False
SH2D3C	retained	False
CDK9	retained	False
FPGS	retained	False
ENG	retained	False
AK1	retained	False
ST6GALNAC6	retained	False
ST6GALNAC4	retained	False
PIP5KL1	retained	False
DPM2	retained	False
FAM102A	retained	False
NAIF1	retained	False
SLC25A25	retained	False
PTGES2	retained	False
PTGES2-AS1	retained	False
LCN2	retained	False
BBLN	retained	False
CIZ1	retained	False
DNM1	retained	False
GOLGA2	retained	False
SWI5	retained	False
TRUB2	retained	False
COQ4	retained	False
SLC27A4	retained	False
URM1	retained	False
CERCAM	retained	False
ODF2	retained	False
GLE1	retained	False
SPTAN1	retained	False
DYNC2I2	retained	False
SET	retained	False
PKN3	retained	False
ZDHHC12	retained	False
ZER1	retained	False
TBC1D13	retained	False
ENDOG	retained	False
SPOUT1	retained	False
KYAT1	retained	False
LRRC8A	retained	False
PHYHD1	retained	False
DOLK	retained	False
NUP188	retained	False
SH3GLB2	retained	False
MIGA2	retained	False
DOLPP1	retained	False
CRAT	retained	False
PTPA	retained	False
IER5L	retained	False
NTMT1	retained	False
C9orf50	retained	False
ASB6	retained	False
PRRX2	retained	False
PTGES	retained	False
TOR1B	retained	False
TOR1A	retained	False
C9orf78	retained	False
USP20	retained	False
FNBP1	retained	False
GPR107	retained	False
NCS1	retained	False
HMCN2	retained	False
ASS1	retained	False
FUBP3	retained	False
PRDM12	retained	False
EXOSC2	retained	False
ABL1	retained	False
QRFP	retained	False
FIBCD1	retained	False
LAMC3	retained	False
AIF1L	retained	False
NUP214	retained	False
FAM78A	retained	False
PLPP7	retained	False
PRRC2B	retained	False
POMT1	retained	False
UCK1	retained	False
RAPGEF1	retained	False
MED27	retained	False
NTNG2	retained	False
SETX	input_only	True
TTF1	input_only	True
CFAP77	input_only	True
BARHL1	input_only	True
DDX31	input_only	True
GTF3C4	input_only	True
AK8	input_only	True
SPACA9	input_only	True
TSC1	input_only	True
GFI1B	input_only	True
GTF3C5	input_only	True
CEL	input_only	True
RALGDS	input_only	True
GBGT1	input_only	True
OBP2B	input_only	True
ABO	tss_and_input	True
SURF6	input_only	True
MED22	input_only	True
RPL7A	input_only	True
SNORD36A	input_only	True
SNORD36C	input_only	True
SURF1	input_only	True
SURF2	input_only	True
SURF4	input_only	True
STKLD1	input_only	True
REXO4	input_only	True
ADAMTS13	input_only	True
CACFD1	input_only	True
SLC2A6	input_only	True
ADAMTSL2	input_only	True
FAM163B	input_only	True
DBH	input_only	True
DBH-AS1	input_only	True
SARDH	input_only	True
VAV2	input_only	True
BRD3OS	input_only	True
BRD3	input_only	True
WDR5	input_only	True
RXRA	retained	False
COL5A1	retained	False
FCN2	retained	False
FCN1	retained	False
OLFM1	retained	False
LINC02907	retained	False
PPP1R26	retained	False
PIERCE1	retained	False
MRPS2	retained	False
LCN1	retained	False
OBP2A	retained	False
PAEP	retained	False
GLT6D1	retained	False
LCN9	retained	False
SOHLH1	retained	False
KCNT1	retained	False
CAMSAP1	retained	False
UBAC1	retained	False
NACC2	retained	False
TMEM250	retained	False
LHX3	retained	False
QSOX2	retained	False
DKFZP434A062	retained	False
GPSM1	retained	False
DNLZ	retained	False
CARD9	retained	False
SNAPC4	retained	False
ENTR1	retained	False
PMPCA	retained	False
INPP5E	retained	False
SEC16A	retained	False
C9orf163	retained	False
NOTCH1	retained	False
LINC01451	retained_tss_unresolved	False
EGFL7	retained	False
AGPAT2	retained	False
DIPK1B	retained	False
LCN10	retained	False
LCN6	retained	False
LCN8	retained	False
LCN15	retained	False
TMEM141	retained	False
CCDC183	retained	False
RABL6	retained	False
PHPT1	retained	False
MAMDC4	retained	False
EDF1	retained	False
TRAF2	retained	False
FBXW5	retained	False
C8G	retained	False
LCN12	retained	False
PTGDS	retained	False
LCNL1	retained	False
PAXX	retained	False
CLIC3	retained	False
ABCA2	retained	False
LINC02908	retained	False
FUT7	retained	False
NPDC1	retained	False
ENTPD2	retained	False
SAPCD2	retained	False
UAP1L1	retained	False
MAN1B1	retained	False
DPP7	retained	False
GRIN1	retained	False
ANAPC2	retained	False
SSNA1	retained	False
TPRN	retained	False
TMEM203	retained	False
NDOR1	retained	False
RNF208	retained	False
CYSRT1	retained	False
SLC34A3	retained	False
TUBB4B	retained	False
FAM166A	retained	False
STPG3	retained	False
NELFB	retained	False
TOR4A	retained	False
NRARP	retained	False
EXD3	retained	False
NOXA1	retained	False
ENTPD8	retained	False
NSMF	retained	False
PNPLA7	retained	False
MRPL41	retained	False
DPH7	retained	False
ZMYND19	retained	False
ARRDC1	retained	False
ARRDC1-AS1	retained	False
EHMT1	retained	False
CACNA1B	retained	False
TUBB8	retained	False
ZMYND11	retained	False
DIP2C	retained	False
LARP4B	retained	False
GTPBP4	retained	False
IDI2	retained	False
IDI2-AS1	retained	False
IDI1	retained	False
WDR37	retained	False
ADARB2	retained	False
ADARB2-AS1	retained	False
PFKP	retained	False
PITRM1	retained	False
KLF6	retained	False
AKR1E2	retained	False
AKR1C1	retained	False
AKR1C2	retained	False
AKR1C3	retained	False
AKR1C8	retained_tss_unresolved	False
AKR1C4	retained	False
UCN3	retained	False
TUBAL3	retained	False
NET1	retained	False
CALML5	retained	False
CALML3	retained	False
ASB13	retained	False
TASOR2	retained	False
GDI2	retained	False
ANKRD16	retained	False
FBH1	retained	False
IL15RA	retained	False
IL2RA	retained	False
RBM17	retained	False
PFKFB3	retained	False
PRKCQ	retained	False
PRKCQ-AS1	retained	False
SFMBT2	retained	False
ITIH5	retained	False
ITIH2	retained	False
KIN	retained	False
ATP5F1C	retained	False
TAF3	retained	False
GATA3	retained	False
GATA3-AS1	retained	False
CELF2	retained	False
SFTA1P	retained	False
USP6NL	retained	False
ECHDC3	retained	False
PROSER2	retained	False
PROSER2-AS1	retained	False
UPF2	retained	False
DHTKD1	retained	False
SEC61A2	retained	False
NUDT5	retained	False
CDC123	retained	False
CAMK1D	retained	False
CCDC3	retained	False
OPTN	retained	False
MCM10	retained	False
UCMA	retained	False
PHYH	retained	False
SEPHS1	retained	False
BEND7	retained	False
PRPF18	retained	False
FRMD4A	retained	False
FAM107B	retained	False
CDNF	retained	False
HSPA14	retained	False
SUV39H2	retained	False
DCLRE1C	retained	False
MEIG1	retained	False
OLAH	retained	False
ACBD7	retained	False
RPP38-DT	retained	False
RPP38	retained	False
NMT2	retained	False
FAM171A1	retained	False
ITGA8	retained	False
MINDY3	retained	False
PTER	retained	False
C1QL3	retained	False
RSU1	retained	False
CUBN	retained	False
TRDMT1	retained	False
VIM	retained	False
ST8SIA6	retained	False
HACD1	retained	False
STAM	retained	False
TMEM236	retained	False
MRC1	retained	False
SLC39A12	retained	False
CACNB2	retained	False
NSUN6	retained	False
ARL5B	retained	False
MALRD1	retained	False
PLXDC2	retained	False
NEBL	retained	False
MIR1915HG	retained	False
SKIDA1	retained	False
MLLT10	retained	False
DNAJC1	retained	False
EBLN1	retained	False
COMMD3	retained	False
BMI1	retained	False
SPAG6	retained	False
PIP4K2A	retained	False
ARMC3	retained	False
MSRB2	retained	False
PTF1A	retained	False
C10orf67	retained	False
OTUD1	retained	False
KIAA1217	retained	False
ARHGAP21	retained	False
PRTFDC1	retained	False
THNSL1	retained	False
ENKUR	retained	False
GPR158	retained	False
MYO3A	retained	False
GAD2	retained	False
APBB1IP	retained	False
PDSS1	retained	False
ABI1	retained	False
FAM238C	retained_tss_unresolved	False
ANKRD26	retained	False
YME1L1	retained	False
MASTL	retained	False
ACBD5	retained	False
PTCHD3	retained	False
RAB18	retained	False
MKX	retained	False
ODAD2	retained	False
MPP7	retained	False
WAC	retained	False
BAMBI	retained	False
LYZL1	retained	False
SVIL	retained	False
JCAD	retained	False
MTPAP	retained	False
MAP3K8	retained	False
LYZL2	retained	False
ZNF438	retained	False
ZEB1-AS1	retained	False
ZEB1	retained	False
ARHGAP12	retained	False
KIF5B	retained	False
EPC1	retained	False
CCDC7	retained	False
ITGB1	retained	False
NRP1	retained	False
PARD3	retained	False
CUL2	retained	False
CREM	retained	False
CCNY	retained	False
GJD4	retained	False
FZD8	retained	False
ANKRD30A	retained	False
ZNF248	retained	False
ZNF25	retained	False
ZNF33A	retained	False
ZNF37A	retained	False
HSD17B7P2	retained	False
CCNYL2	retained	False
LINC00839	retained	False
ZNF33B	retained	False
BMS1	retained	False
RET	retained	False
CSGALNACT2	retained	False
RASGEF1A	retained	False
FXYD4	retained	False
HNRNPF	retained	False
ZNF487	retained	False
ZNF239	retained	False
ZNF485	retained	False
ZNF32-AS3	retained	False
ZNF32	retained	False
CXCL12	retained	False
TMEM72-AS1	retained	False
TMEM72	retained	False
RASSF4	retained	False
DEPP1	retained	False
ZNF22	retained	False
OR13A1	retained	False
ALOX5	retained	False
MARCHF8	retained_tss_unresolved	False
ZFAND4	retained	False
WASHC2C	retained	False
AGAP4	retained	False
SYT15	retained	False
GPRIN2	retained	False
NPY4R	retained	False
ANXA8L1	retained	False
ANTXRL	retained	False
ZNF488	retained	False
RBP3	retained	False
GDF2	retained	False
GDF10	retained	False
PTPN20	retained	False
BMS1P1	retained	False
CTSLP2	retained	False
FAM25C	retained	False
FRMPD2	retained	False
MAPK8	retained	False
ARHGAP22	retained	False
WDFY4	retained	False
LRRC18	retained	False
VSTM4	retained	False
FAM170B	retained	False
TMEM273	retained	False
C10orf71	retained	False
ERCC6	retained	False
CHAT	retained	False
SLC18A3	retained	False
C10orf53	retained	False
OGDHL	retained	False
PARG	retained	False
MSMB	retained	False
NCOA4	retained	False
TIMM23	retained	False
WASHC2A	retained	False
ASAH2	retained	False
SGMS1	retained	False
A1CF	retained	False
PRKG1	retained	False
CSTF2T	retained	False
DKK1	retained	False
MBL2	retained	False
PCDH15	retained	False
ZWINT	retained	False
IPMK	retained	False
CISD1	retained	False
UBE2D1	retained	False
TFAM	retained	False
BICC1	retained	False
PHYHIPL	retained	False
FAM13C	retained	False
SLC16A9	retained	False
CCDC6	retained	False
LINC01553	retained	False
ANK3	retained	False
CDK1	retained	False
RHOBTB1	retained	False
TMEM26	retained	False
CABCOCO1	retained	False
ARID5B	retained	False
RTKN2	retained	False
ZNF365	retained	False
ADO	retained	False
EGR2	retained	False
NRBF2	retained	False
JMJD1C	retained	False
REEP3	retained	False
CTNNA3	retained	False
LRRTM3	retained	False
DNAJC12	retained	False
SIRT1	retained	False
HERC4	retained	False
MYPN	retained	False
ATOH7	retained	False
PBLD	retained	False
HNRNPH3	retained	False
RUFY2	retained	False
DNA2	retained	False
SLC25A16	retained	False
TET1	retained	False
CCAR1	retained	False
STOX1	retained	False
DDX50	retained	False
DDX21	retained	False
KIFBP	retained	False
SRGN	retained	False
VPS26A	retained	False
SUPV3L1	retained	False
HKDC1	retained	False
HK1	retained	False
TACR2	retained	False
TSPAN15	retained	False
NEUROG3	retained	False
FAM241B	retained	False
COL13A1	retained	False
MACROH2A2	retained	False
AIFM2	retained	False
TYSND1	retained	False
SAR1A	retained	False
PPA1	retained	False
NPFFR1	retained	False
LRRC20	retained	False
EIF4EBP2	retained	False
NODAL	retained	False
PALD1	retained	False
PRF1	retained	False
ADAMTS14	retained	False
TBATA	retained	False
SGPL1	retained	False
PCBD1	retained	False
UNC5B	retained	False
UNC5B-AS1	retained	False
SLC29A3	retained	False
CDH23	retained	False
C10orf105	retained	False
VSIR	retained	False
PSAP	retained	False
CHST3	retained	False
SPOCK2	retained	False
ASCC1	retained	False
ANAPC16	retained	False
DDIT4	retained	False
DNAJB12	retained	False
MICU1	retained	False
MCU	retained	False
OIT3	retained	False
PLA2G12B	retained	False
P4HA1	retained	False
NUDT13	retained	False
ECD	retained	False
DNAJC9	retained	False
MRPS16	retained	False
CFAP70	retained	False
ANXA7	retained	False
MSS51	retained	False
PPP3CB	retained	False
USP54	retained	False
MYOZ1	retained	False
SYNPO2L	retained	False
SEC24C	retained	False
FUT11	retained	False
CHCHD1	retained	False
ZSWIM8	retained	False
NDST2	retained	False
CAMK2G	retained	False
PLAU	retained	False
C10orf55	retained	False
VCL	retained	False
AP3M1	retained	False
ADK	retained	False
KAT6B	retained	False
DUSP29	retained_tss_unresolved	False
DUSP13	retained	False
SAMD8	retained	False
VDAC2	retained	False
COMTD1	retained	False
ZNF503	retained	False
ZNF503-AS1	retained	False
LRMDA	retained	False
KCNMA1	retained	False
DLG5	retained	False
POLR3A	retained	False
RPS24	retained	False
ZMIZ1	retained	False
PPIF	retained	False
ZCCHC24	retained	False
SFTPA1	retained	False
MBL1P	retained	False
SFTPD	retained	False
TMEM254	retained	False
PLAC9	retained	False
ANXA11	retained	False
MAT1A	retained	False
DYDC1	retained	False
DYDC2	retained	False
PRXL2A	retained	False
TSPAN14	retained	False
SH2D4B	retained	False
NRG3	retained	False
GHITM	retained	False
GPR15LG	retained	False
CDHR1	retained	False
LRIT2	retained	False
LRIT1	retained	False
RGR	retained	False
LINC00858	retained	False
CCSER2	retained	False
GRID1	retained	False
WAPL	retained	False
OPN4	retained	False
LDB3	retained	False
BMPR1A	retained	False
MMRN2	retained	False
SNCG	retained	False
ADIRF	retained	False
GLUD1	retained	False
SHLD2	retained	False
NUTM2A-AS1	retained	False
NUTM2A	retained	False
MINPP1	retained	False
PAPSS2	retained	False
ATAD1	retained	False
CFL1P1	retained	False
PTEN	retained	False
RNLS	retained	False
LIPJ	retained	False
LIPF	retained	False
LIPM	retained	False
ANKRD22	retained	False
STAMBPL1	retained	False
ACTA2	retained	False
FAS	retained	False
CH25H	retained	False
LIPA	retained	False
IFIT2	retained	False
IFIT3	retained	False
IFIT1	retained	False
IFIT5	retained	False
SLC16A12	retained	False
PANK1	retained	False
KIF20B	retained	False
HTR7	retained	False
RPP30	retained	False
ANKRD1	retained	False
PCGF5	retained	False
HECTD2	retained	False
PPP1R3C	retained	False
TNKS2	retained	False
FGFBP3	retained	False
BTAF1	retained	False
CPEB3	retained	False
MARCHF5	retained	False
IDE	retained	False
KIF11	retained	False
HHEX	retained	False
EXOC6	retained	False
CYP26C1	retained	False
CYP26A1	retained	False
MYOF	retained	False
CEP55	retained	False
FFAR4	retained	False
RBP4	retained	False
PDE6C	retained	False
FRA10AC1	retained	False
LGI1	retained	False
SLC35G1	retained	False
PLCE1	retained	False
NOC3L	retained	False
TBC1D12	retained	False
HELLS	retained	False
CYP2C18	retained	False
CYP2C19	retained	False
CYP2C9	retained	False
CYP2C8	retained	False
ACSM6	retained	False
PDLIM1	retained	False
SORBS1	retained	False
ALDH18A1	retained	False
TCTN3	retained	False
ENTPD1	retained	False
CC2D2B	retained	False
CCNJ	retained	False
ZNF518A	retained	False
BLNK	retained	False
DNTT	retained	False
OPALIN	retained	False
TLL2	retained	False
TM9SF3	retained	False
PIK3AP1	retained	False
LCOR	retained	False
SLIT1	retained	False
ARHGAP19	retained	False
FRAT1	retained	False
FRAT2	retained	False
RRP12	retained	False
PGAM1	retained	False
EXOSC1	retained	False
ZDHHC16	retained	False
MMS19	retained	False
UBTD1	retained	False
ANKRD2	retained	False
HOGA1	retained	False
C10orf62	retained	False
MORN4	retained	False
PI4K2A	retained	False
AVPI1	retained	False
MARVELD1	retained	False
ZFYVE27	retained	False
SFRP5	retained	False
GOLGA7B	retained	False
CRTAC1	retained	False
R3HCC1L	retained	False
LOXL4	retained	False
PYROXD2	retained	False
HPS1	retained	False
HPSE2	retained	False
CNNM1	retained	False
GOT1	retained	False
NKX2-3	retained	False
SLC25A28	retained	False
ENTPD7	retained	False
COX15	retained	False
CUTC	retained	False
ABCC2	retained	False
DNMBP	retained	False
CPN1	retained	False
ERLIN1	retained	False
CHUK	retained	False
CWF19L1	retained	False
BLOC1S2	retained	False
PKD2L1	retained	False
SCD	retained	False
OLMALINC	retained	False
WNT8B	retained	False
SEC31B	retained	False
NDUFB8	retained	False
HIF1AN	retained	False
PAX2	retained	False
SLF2	retained	False
SEMA4G	retained	False
MRPL43	retained	False
TWNK	retained	False
LZTS2	retained	False
PDZD7	retained	False
SFXN3	retained	False
KAZALD1	retained	False
TLX1	retained	False
LBX1	retained	False
BTRC	retained	False
POLL	retained	False
DPCD	retained	False
FBXW4	retained	False
FGF8	retained	False
NPM3	retained	False
OGA	retained	False
KCNIP2	retained	False
ARMH3	retained	False
HPS6	retained	False
LDB1	retained	False
PPRC1	retained	False
NOLC1	retained	False
ELOVL3	retained	False
PITX3	retained	False
GBF1	retained	False
NFKB2	retained	False
PSD	retained	False
FBXL15	retained	False
CUEDC2	retained	False
C10orf95	retained	False
MFSD13A	retained	False
ACTR1A	retained	False
SUFU	retained	False
TRIM8	retained	False
ARL3	retained	False
SFXN2	retained	False
WBP1L	retained	False
CYP17A1	retained	False
BORCS7	retained	False
AS3MT	retained	False
CNNM2	retained	False
NT5C2	retained	False
INA	retained	False
PCGF6	retained	False
TAF5	retained	False
ATP5MK	retained	False
PDCD11	retained	False
CALHM2	retained	False
CALHM1	retained	False
CALHM3	retained	False
NEURL1	retained	False
SH3PXD2A	retained	False
STN1	retained	False
SLK	retained	False
COL17A1	retained	False
SFR1	retained	False
CFAP43	retained	False
GSTO1	retained	False
GSTO2	retained	False
ITPRIP	retained	False
CFAP58	retained	False
SORCS3	retained	False
SORCS1	retained	False
XPNPEP1	retained	False
ADD3	retained	False
MXI1	retained	False
SMNDC1	retained	False
DUSP5	retained	False
SMC3	retained	False
RBM20	retained	False
PDCD4	retained	False
SHOC2	retained	False
ADRA2A	retained	False
GPAM	tss_and_input	True
TECTB	input_only	True
ACSL5	input_only	True
ZDHHC6	input_only	True
VTI1A	input_only	True
TCF7L2	input_only	True
HABP2	retained	False
NRAP	retained	False
CASP7	retained	False
PLEKHS1	retained	False
DCLRE1A	retained	False
NHLRC2	retained	False
ADRB1	retained	False
CCDC186	retained	False
TDRD1	retained	False
VWA2	retained	False
AFAP1L2	retained	False
ABLIM1	retained	False
FHIP2A	retained	False
TRUB1	retained	False
ATRNL1	retained	False
GFRA1	retained	False
CCDC172	retained	False
PNLIPRP3	retained	False
PNLIP	retained	False
PNLIPRP1	retained	False
PNLIPRP2	retained	False
C10orf82	retained	False
HSPA12A	retained	False
SHTN1	retained	False
VAX1	retained	False
KCNK18	retained	False
SLC18A2	retained	False
PDZD8	retained	False
EMX2OS	retained	False
EMX2	retained	False
RAB11FIP2	retained	False
CASC2	retained	False
FAM204A	retained	False
PRLHR	retained	False
CACUL1	retained	False
NANOS1	retained	False
EIF3A	retained	False
DENND10	retained	False
SFXN4	retained	False
PRDX3	retained	False
GRK5	retained	False
RGS10	retained	False
TIAL1	retained	False
BAG3	retained	False
INPP5F	retained	False
MCMBP	retained	False
SEC23IP	retained	False
PLPP4	retained	False
LINC01561	retained	False
WDR11-DT	retained	False
WDR11	retained	False
FGFR2	retained	False
ATE1	retained	False
NSMCE4A	retained	False
TACC2	retained	False
BTBD16	retained	False
PLEKHA1	retained	False
HTRA1	retained	False
DMBT1	retained	False
C10orf120	retained	False
CUZD1	retained	False
FAM24B	retained	False
FAM24A	retained	False
C10orf88	retained	False
PSTK	retained	False
IKZF5	retained	False
ACADSB	retained	False
HMX3	retained	False
HMX2	retained	False
BUB3	retained	False
GPR26	retained	False
CPXM2	retained	False
CHST15	retained	False
OAT	retained	False
NKX1-2	retained	False
LHPP	retained	False
FAM53B	retained	False
EEF1AKMT2	retained	False
ABRAXAS2	retained	False
ZRANB1	retained	False
CTBP2	retained	False
TEX36	retained	False
EDRF1-DT	retained	False
EDRF1	retained	False
MMP21	retained	False
UROS	retained	False
BCCIP	retained	False
DHX32	retained	False
FANK1	retained	False
ADAM12	retained	False
C10orf90	retained	False
DOCK1	retained	False
INSYN2A	retained	False
CLRN3	retained	False
PTPRE	retained	False
MKI67	retained	False
MGMT	retained	False
EBF3	retained	False
C10orf143	retained	False
GLRX3	retained	False
TCERG1L	retained	False
PPP2R2D	retained	False
BNIP3	retained	False
JAKMIP3	retained	False
DPYSL4	retained	False
STK32C	retained	False
LRRC27	retained	False
PWWP2B	retained	False
INPP5A	retained	False
NKX6-2	retained	False
CFAP46	retained	False
ADGRA1	retained	False
KNDC1	retained	False
UTF1	retained	False
VENTX	retained	False
ADAM8	retained	False
TUBGCP2	retained	False
ZNF511	retained	False
CALY	retained	False
PRAP1	retained	False
FUOM	retained	False
ECHS1	retained	False
PAOX	retained	False
MTG1	retained	False
SPRN	retained	False
SCART1	retained	False
CYP2E1	retained	False
SYCE1	retained	False
OR9G9	input_only	True
SCGB1C1	input_only	True
OR4C45	input_only	True
ODF3	input_only	True
BET1L	input_only	True
RIC8A	input_only	True
SIRT3	input_only	True
PSMD13	input_only	True
NLRP6	input_only	True
PGGHG	input_only	True
IFITM5	input_only	True
IFITM2	input_only	True
IFITM1	input_only	True
IFITM3	input_only	True
B4GALNT4	input_only	True
PKP3	input_only	True
SIGIRR	input_only	True
ANO9	input_only	True
PTDSS2	input_only	True
RNH1	input_only	True
LRRC56	input_only	True
HRAS	input_only	True
LMNTD2	input_only	True
RASSF7	input_only	True
PHRF1	input_only	True
IRF7	tss_and_input	True
CDHR5	input_only	True
SCT	input_only	True
DRD4	input_only	True
DEAF1	input_only	True
TMEM80	input_only	True
EPS8L2	input_only	True
TALDO1	input_only	True
GATD1	input_only	True
CEND1	input_only	True
SLC25A22	input_only	True
PIDD1	input_only	True
RPLP2	input_only	True
PNPLA2	tss_and_input	True
CRACR2B	input_only	True
CD151	input_only	True
POLR2L	input_only	True
TSPAN4	input_only	True
CHID1	input_only	True
AP2A2	input_only	True
MUC6	input_only	True
MUC2	input_only	True
MUC5AC	input_only	True
MUC5B	input_only	True
TOLLIP	input_only	True
BRSK2	input_only	True
MOB2	input_only	True
DUSP8	input_only	True
KRTAP5-AS1	input_only	True
KRTAP5-1	input_only	True
KRTAP5-2	input_only	True
KRTAP5-4	input_only	True
KRTAP5-5	input_only	True
FAM99A	input_only	True
KRTAP5-6	input_only	True
IFITM10	input_only	True
CTSD	input_only	True
SYT8	retained	False
TNNI2	retained	False
LSP1	retained_tss_unresolved	False
TNNT3	retained	False
MRPL23	retained	False
H19	retained	False
IGF2	retained	False
IGF2-AS	retained	False
INS	retained	False
TH	retained	False
ASCL2	retained	False
TSPAN32	retained	False
CD81	retained	False
TSSC4	retained	False
TRPM5	retained	False
KCNQ1	retained	False
KCNQ1OT1	retained	False
KCNQ1DN	retained	False
CDKN1C	retained	False
SLC22A18AS	retained	False
SLC22A18	retained	False
PHLDA2	retained	False
NAP1L4	retained	False
CARS1	retained_tss_unresolved	False
OSBPL5	retained	False
MRGPRG	retained	False
MRGPRG-AS1	retained	False
MRGPRE	retained	False
ZNF195	retained	False
TRPC2	retained	False
ART5	retained	False
ART1	retained	False
CHRNA10	retained	False
NUP98	retained	False
PGAP2	retained	False
RHOG	retained	False
STIM1	retained	False
RRM1	retained	False
OR52B4	retained	False
TRIM21	retained	False
OR52K2	retained	False
OR52K1	retained	False
OR52M1	retained	False
C11orf40	retained	False
OR52I2	retained	False
OR52I1	retained	False
TRIM68	retained	False
OR51D1	retained	False
OR51E1	retained	False
OR51E2	retained	False
OR51F1	retained	False
OR52R1	retained	False
OR51F2	retained	False
OR51S1	retained	False
OR51T1	retained	False
OR51A7	retained	False
OR51G2	retained	False
OR51G1	retained	False
OR51A4	retained	False
OR51A2	retained	False
MMP26	retained	False
OR51L1	retained	False
OR52J3	retained	False
OR52E2	retained	False
OR52A5	retained	False
OR52A1	retained	False
OR51V1	retained	False
HBB	retained	False
HBD	retained	False
HBG1	retained	False
HBG2	retained	False
HBE1	retained	False
OR51B4	retained	False
OR51B2	retained	False
OR51B5	retained	False
OR51B6	retained	False
OR51M1	retained	False
OR51Q1	retained	False
OR51I1	retained	False
OR51I2	retained	False
OR52D1	retained	False
UBQLN3	retained	False
UBQLNL	retained	False
OR52H1	retained	False
OR52B6	retained	False
TRIM5	retained	False
TRIM6	retained	False
TRIM6-TRIM34	retained	False
TRIM34	retained	False
TRIM22	retained	False
OR52N4	retained	False
OR56B1	retained	False
OR52N5	retained	False
OR52N1	retained	False
OR52N2	retained	False
OR52E6	retained	False
OR52E8	retained	False
OR52E4	retained	False
OR52E5	retained_tss_unresolved	False
OR56A3	retained	False
OR56A5	retained	False
OR52L1	retained	False
OR56A4	retained	False
OR56A1	retained	False
OR56B4	retained	False
OR52B2	retained	False
OR52W1	retained	False
C11orf42	retained	False
FHIP1B	retained	False
CNGA4	retained	False
CCKBR	retained	False
CAVIN3	retained	False
SMPD1	retained	False
APBB1	retained	False
HPX	retained	False
TRIM3	retained	False
ARFIP2	retained	False
TIMM10B	retained	False
DNHD1	retained	False
RRP8	retained	False
ILK	retained	False
TAF10	retained	False
TPP1	retained	False
DCHS1	retained	False
MRPL17	retained	False
GVINP1	retained	False
OR2AG2	retained	False
OR2AG1	retained	False
OR6A2	retained	False
OR10A5	retained	False
OR10A2	retained	False
OR10A4	retained	False
OR2D2	retained	False
OR2D3	retained	False
ZNF215	retained	False
ZNF214	retained	False
NLRP14	retained	False
RBMXL2	retained	False
SYT9	retained	False
OLFML1	retained	False
PPFIBP2	retained	False
CYB5R2	retained	False
OVCH2	retained	False
OR5P2	retained	False
OR5P3	retained	False
OR10A6	retained	False
OR10A3	retained	False
NLRP10	retained	False
EIF3F	retained	False
TUB	retained	False
RIC3	retained	False
LMO1	retained	False
STK33	retained	False
TRIM66	retained	False
RPL27A	retained	False
DENND2B	retained	False
AKIP1	retained	False
C11orf16	retained	False
ASCL3	retained	False
TMEM9B	retained	False
NRIP3	retained	False
SCUBE2	retained	False
DENND5A	retained	False
TMEM41B	retained	False
IPO7	retained	False
ZNF143	retained	False
WEE1	retained	False
SWAP70	retained	False
SBF2-AS1	retained	False
SBF2	retained	False
ADM	retained	False
AMPD3	retained	False
RNF141	retained	False
LYVE1	retained	False
IRAG1	retained	False
CTR9	retained	False
EIF4G2	retained	False
ZBED5	retained	False
GALNT18	retained	False
CSNK2A3	retained	False
USP47	retained	False
DKK3	retained	False
MICAL2	retained	False
PARVA	retained	False
TEAD1	retained	False
BMAL1	retained	False
BTBD10	retained	False
PTH	retained	False
FAR1	retained	False
SPON1	retained	False
RRAS2	retained	False
COPB1	retained	False
PSMA1	retained	False
PDE3B	retained	False
CYP2R1	retained	False
CALCA	retained	False
CALCB	retained	False
INSC	retained	False
SOX6	retained	False
C11orf58	retained	False
PLEKHA7	retained	False
RPS13	retained	False
PIK3C2A	retained	False
NUCB2	retained	False
KCNJ11	retained	False
ABCC8	retained	False
USH1C	retained	False
OTOG	retained	False
MYOD1	retained	False
KCNC1	retained	False
SERGEF	retained	False
TPH1	retained	False
SAAL1	retained	False
SAA3P	retained	False
MRGPRX3	retained	False
MRGPRX4	retained	False
SAA4	retained	False
SAA2	retained	False
SAA1	retained	False
HPS5	retained	False
GTF2H1	retained	False
LDHA	retained	False
LDHC	retained	False
LDHAL6A	retained	False
TSG101	retained	False
UEVLD	retained	False
SPTY2D1	retained	False
TMEM86A	retained	False
IGSF22	retained	False
PTPN5	retained	False
MRGPRX1	retained	False
MRGPRX2	retained	False
ZDHHC13	retained	False
CSRP3	retained	False
E2F8	retained	False
NAV2	retained	False
DBX1	retained	False
HTATIP2	retained	False
PRMT3	retained	False
SLC6A5	retained	False
NELL1	retained	False
ANO5	retained	False
SLC17A6	retained	False
FANCF	retained	False
GAS2	retained	False
SVIP	retained	False
LUZP2	retained	False
ANO3	retained	False
MUC15	retained	False
SLC5A12	retained	False
FIBIN	retained	False
BBOX1	retained	False
CCDC34	retained	False
LGR4	retained	False
LIN7C	retained	False
BDNF	retained	False
KIF18A	retained	False
METTL15	retained	False
KCNA4	retained	False
FSHB	retained	False
ARL14EP	retained	False
MPPED2	retained	False
DCDC1	retained	False
DNAJC24	retained	False
IMMP1L	retained	False
ELP4	retained	False
PAX6	retained	False
RCN1	retained	False
WT1	retained	False
EIF3M	retained	False
CCDC73	retained	False
PRRG4	retained	False
QSER1	retained	False
DEPDC7	retained	False
TCP11L1	retained	False
LINC00294	retained_tss_unresolved	False
CSTF3	retained	False
HIPK3	retained	False
KIAA1549L	retained	False
CD59	retained	False
FBXO3	retained	False
LMO2	retained	False
CAPRIN1	retained	False
NAT10	retained	False
ABTB2	retained	False
CAT	retained	False
ELF5	retained	False
EHF	retained	False
APIP	retained	False
PDHX	retained	False
CD44	retained	False
SLC1A2	retained	False
PAMR1	retained	False
FJX1	retained	False
TRIM44	retained	False
LDLRAD3	retained	False
COMMD9	retained	False
PRR5L	retained	False
TRAF6	retained	False
RAG1	retained	False
RAG2	retained	False
IFTAP	retained	False
LRRC4C	retained	False
API5	retained	False
TTC17	retained	False
HSD17B12	retained	False
ALKBH3	retained	False
C11orf96	retained	False
ACCS	retained	False
EXT2	retained	False
ALX4	retained	False
CD82	retained	False
TSPAN18	retained	False
TP53I11	retained	False
LINC02685	retained	False
PRDM11	retained	False
SYT13	retained	False
CHST1	retained	False
SLC35C1	retained	False
CRY2	retained	False
MAPK8IP1	retained	False
C11orf94	retained	False
PEX16	retained	False
LARGE2	retained	False
PHF21A	retained	False
CREB3L1	retained	False
DGKZ	retained	False
MDK	retained	False
CHRM4	retained	False
AMBRA1	retained	False
HARBI1	retained	False
ATG13	retained	False
ARHGAP1	retained	False
ZNF408	retained	False
F2	retained	False
CKAP5	retained	False
LRP4	retained	False
CSTPP1	retained	False
ARFGAP2	retained	False
PACSIN3	retained	False
DDB2	retained	False
ACP2	retained	False
NR1H3	retained	False
MADD	retained	False
MYBPC3	retained	False
SPI1	retained	False
SLC39A13	retained	False
PSMC3	retained	False
RAPSN	retained	False
CELF1	retained	False
PTPMT1	retained	False
KBTBD4	retained_tss_unresolved	False
NDUFS3	retained	False
C1QTNF4	retained	False
MTCH2	retained	False
AGBL2	retained	False
FNBP4	retained	False
NUP160	retained	False
PTPRJ	retained	False
OR4B1	retained	False
OR4X2	retained	False
OR4X1	retained	False
OR4S1	retained	False
OR4C3	retained	False
OR4A47	retained	False
FOLH1	retained	False
OR4C13	retained	False
OR4C12	retained	False
SEPTIN7P11	retained_tss_unresolved	False
OR4A5	retained	False
OR4C46	retained	False
TRIM48	retained	False
OR4A16	retained	False
OR4A15	retained	False
OR4C15	retained	False
OR4C16	retained	False
OR4C11	retained	False
OR4P4	retained	False
OR4S2	retained	False
OR4C6	retained	False
OR5D13	retained	False
OR5D14	retained	False
OR5L1	retained	False
OR5D18	retained	False
OR5L2	retained	False
OR5D16	retained	False
TRIM51	retained	False
OR5W2	retained	False
OR5I1	retained	False
OR10AG1	retained	False
OR5F1	retained	False
OR5AS1	retained	False
OR8I2	retained	False
OR8H2	retained	False
OR8H3	retained	False
OR8J3	retained	False
OR8K5	retained	False
OR5J2	retained	False
OR5T2	retained	False
OR5T3	retained	False
OR5T1	retained	False
OR8H1	retained	False
OR8K3	retained	False
OR8K1	retained	False
OR8J1	retained	False
OR8U1	retained	False
OR8U3	retained_tss_unresolved	False
OR5M9	retained	False
OR5M3	retained	False
OR5M8	retained	False
OR5M11	retained	False
OR5M10	retained	False
OR5M1	retained	False
OR5AP2	retained	False
OR5AR1	retained	False
OR9G4	retained	False
OR5AK2	retained	False
OR5AK4P	retained	False
LRRC55	retained	False
APLNR	retained	False
TNKS1BP1	retained	False
SSRP1	retained	False
P2RX3	retained	False
PRG3	retained	False
PRG2	retained	False
SLC43A3	retained	False
RTN4RL2	retained	False
SLC43A1	retained	False
TIMM10	retained	False
SMTNL1	retained	False
UBE2L6	retained	False
SERPING1	retained	False
YPEL4	retained	False
CLP1	retained	False
ZDHHC5	retained	False
MED19	retained	False
TMX2	retained	False
SELENOH	retained	False
BTBD18	retained	False
CTNND1	retained	False
OR9Q1	retained	False
OR6Q1	retained	False
OR9I1	retained	False
OR9Q2	retained	False
OR1S2	retained	False
OR1S1	retained	False
OR10Q1	retained	False
OR10W1	retained	False
OR5B17	retained	False
OR5B3	retained	False
OR5B2	retained	False
OR5B12	retained	False
OR5B21	retained	False
LPXN	retained	False
ZFP91	retained	False
CNTF	retained	False
GLYAT	retained	False
GLYATL2	retained	False
GLYATL1	retained	False
FAM111B	retained	False
FAM111A	retained	False
DTX4	retained	False
MPEG1	retained	False
OR5AN1	retained	False
OR5A2	retained	False
OR5A1	retained	False
OR4D6	retained	False
OR4D10	retained	False
OR4D11	retained	False
OR4D9	retained	False
OSBP	retained	False
PATL1	retained	False
OR10V1	retained	False
STX3	retained	False
MRPL16	retained	False
CBLIF	retained	False
TCN1	retained	False
OOSP1	retained	False
OOSP2	retained_tss_unresolved	False
MS4A3	retained	False
MS4A2	retained	False
MS4A6A	retained	False
MS4A4A	retained	False
MS4A6E	retained	False
MS4A7	retained	False
MS4A14	retained	False
MS4A5	retained	False
MS4A1	retained	False
MS4A12	retained	False
LINC00301	retained	False
MS4A8	retained	False
MS4A15	retained	False
MS4A10	input_only	True
CCDC86	input_only	True
PTGDR2	input_only	True
ZP1	input_only	True
PRPF19	input_only	True
TMEM109	input_only	True
TMEM132A	input_only	True
SLC15A3	input_only	True
CD6	input_only	True
CD5	input_only	True
VPS37C	input_only	True
PGA3	input_only	True
PGA5	input_only	True
VWCE	input_only	True
DDB1	input_only	True
TKFC	input_only	True
CYB561A3	input_only	True
TMEM138	input_only	True
TMEM216	input_only	True
CPSF7	input_only	True
SDHAF2	input_only	True
PPP1R32	input_only	True
LRRC10B	input_only	True
SYT7	input_only	True
RPLP0P2	input_only	True
DAGLA	input_only	True
MYRF	input_only	True
MYRF-AS1	input_only	True
TMEM258	input_only	True
FEN1	input_only	True
FADS1	tss_and_input	True
FADS2	input_only	True
FADS3	input_only	True
RAB3IL1	input_only	True
BEST1	input_only	True
FTH1	input_only	True
INCENP	input_only	True
SCGB1D1	input_only	True
SCGB2A1	input_only	True
SCGB1D2	input_only	True
SCGB2A2	input_only	True
SCGB1D4	input_only	True
ASRGL1	input_only	True
SCGB1A1	input_only	True
AHNAK	input_only	True
EEF1G	input_only	True
TUT1	input_only	True
MTA2	input_only	True
EML3	input_only	True
ROM1	input_only	True
B3GAT3	input_only	True
GANAB	input_only	True
INTS5	input_only	True
LBHD1	input_only	True
CSKMT	input_only	True
UBXN1	input_only	True
LRRN4CL	input_only	True
BSCL2	input_only	True
GNG3	input_only	True
HNRNPUL2	input_only	True
TTC9C	input_only	True
ZBTB3	input_only	True
POLR2G	input_only	True
TAF6L	input_only	True
TMEM179B	input_only	True
TMEM223	input_only	True
NXF1	input_only	True
STX5	input_only	True
WDR74	retained	False
SNHG1	retained	False
SNORD22	retained_tss_unresolved	False
SLC3A2	retained	False
CHRM1	retained	False
SLC22A6	retained	False
SLC22A8	retained	False
SLC22A24	retained	False
SLC22A25	retained	False
SLC22A10	retained	False
SLC22A9	retained	False
PLAAT5	retained	False
LGALS12	retained	False
PLAAT4	retained	False
PLAAT2	retained	False
PLAAT3	retained	False
ATL3	retained	False
RTN3	retained	False
ZFTA	retained	False
SPINDOC	retained	False
MARK2	retained	False
RCOR2	retained	False
NAA40	retained	False
COX8A	retained	False
OTUB1	retained	False
MACROD1	retained	False
FLRT1	retained	False
STIP1	retained	False
FERMT3	retained	False
TRPT1	retained	False
NUDT22	retained	False
DNAJC4	retained	False
VEGFB	retained	False
FKBP2	retained	False
PPP1R14B	retained	False
PLCB3	retained	False
BAD	retained	False
GPR137	retained	False
KCNK4	retained	False
ESRRA	retained	False
TRMT112	retained	False
PRDX5	retained	False
CCDC88B	retained	False
RPS6KA4	retained	False
SLC22A11	retained	False
SLC22A12	retained	False
NRXN2	retained	False
RASGRP2	retained	False
PYGM	retained	False
SF1	retained	False
MAP4K2	retained	False
MEN1	retained	False
CDC42BPG	retained	False
EHD1	retained	False
ATG2A	retained	False
PPP2R5B	retained	False
GPHA2	retained	False
MAJIN	retained	False
BATF2	retained	False
ARL2	retained	False
SNX15	retained	False
SAC3D1	retained	False
NAALADL1	retained	False
CDCA5	retained	False
ZFPL1	retained	False
VPS51	retained	False
TM7SF2	retained	False
ZNHIT2	retained	False
FAU	retained	False
MRPL49	retained	False
SYVN1	retained	False
SPDYC	retained	False
CAPN1	retained	False
POLA2	retained	False
CDC42EP2	retained	False
DPF2	retained	False
TIGD3	retained	False
SLC25A45	retained	False
FRMD8	retained	False
NEAT1	retained	False
MALAT1	retained	False
SCYL1	retained	False
LTBP3	retained	False
ZNRD2	retained	False
FAM89B	retained	False
EHBP1L1	retained	False
KCNK7	retained	False
MAP3K11	retained	False
PCNX3	retained	False
SIPA1	retained	False
RELA	retained	False
KAT5	retained	False
RNASEH2C	retained	False
AP5B1	retained	False
OVOL1	retained	False
SNX32	retained	False
CFL1	retained	False
MUS81	retained	False
EFEMP2	retained	False
CTSW	retained	False
FIBP	retained	False
CCDC85B	retained	False
FOSL1	retained	False
C11orf68	retained	False
DRAP1	retained	False
TSGA10IP	retained	False
SART1	retained	False
EIF1AD	retained	False
BANF1	retained	False
CST6	retained	False
CATSPER1	retained	False
GAL3ST3	retained	False
SF3B2	retained	False
PACS1	retained	False
KLC2	retained	False
RAB1B	retained	False
CNIH2	retained	False
YIF1A	retained	False
TMEM151A	retained	False
CD248	retained	False
RIN1	retained	False
BRMS1	retained	False
B4GAT1	retained	False
SLC29A2	retained	False
NPAS4	retained	False
MRPL11	retained	False
PELI3	retained	False
DPP3	retained	False
BBS1	retained	False
ZDHHC24	retained	False
ACTN3	retained	False
CTSF	retained	False
CCDC87	retained	False
CCS	retained	False
RBM14	retained	False
RBM4	retained	False
RBM4B	retained	False
SPTBN2	retained	False
C11orf80	retained	False
RCE1	retained	False
PC	retained	False
LRFN4	retained	False
C11orf86	retained	False
SYT12	retained	False
RHOD	retained	False
KDM2A	retained	False
GRK2	retained	False
ANKRD13D	retained	False
SSH3	retained	False
POLD4	retained	False
CLCF1	retained	False
RAD9A	retained	False
PPP1CA	retained	False
TBC1D10C	retained	False
CARNS1	retained	False
RPS6KB2	retained	False
PTPRCAP	retained	False
CORO1B	retained	False
GPR152	retained	False
CABP4	retained	False
TMEM134	retained	False
AIP	retained	False
PITPNM1	retained	False
CDK2AP2	retained	False
CABP2	retained	False
GSTP1	retained	False
NDUFV1	retained	False
NUDT8	retained	False
TBX10	retained	False
ACY3	retained	False
ALDH3B2	retained	False
UNC93B1	retained	False
ALDH3B1	retained	False
NDUFS8	retained	False
TCIRG1	retained	False
CHKA	retained	False
KMT5B	retained	False
C11orf24	retained	False
LRP5	retained	False
PPP6R3	retained	False
GAL	retained	False
TESMIN	retained	False
CPT1A	retained	False
MRPL21	retained	False
IGHMBP2	retained	False
MRGPRD	retained	False
MRGPRF	retained	False
TPCN2	retained	False
MYEOV	retained	False
CCND1	retained	False
LTO1	retained	False
FGF19	retained	False
FGF4	retained	False
FGF3	retained	False
ANO1	retained	False
FADD	retained	False
PPFIA1	retained	False
CTTN	retained	False
SHANK2	retained	False
SHANK2-AS3	retained	False
DHCR7	retained	False
NADSYN1	retained	False
KRTAP5-8	retained	False
KRTAP5-9	retained	False
FAM86C1P	retained	False
DEFB108B	retained	False
RNF121	retained	False
IL18BP	retained	False
NUMA1	retained	False
LRTOMT	retained	False
LAMTOR1	retained	False
ANAPC15	retained	False
FOLR3	retained	False
FOLR1	retained	False
FOLR2	retained	False
INPPL1	retained	False
PHOX2A	retained	False
CLPB	retained	False
PDE2A	retained	False
ARAP1	retained	False
STARD10	retained	False
ATG16L2	retained	False
FCHSD2	retained	False
P2RY2	retained	False
P2RY6	retained	False
ARHGEF17	retained	False
RELT	retained	False
FAM168A	retained	False
PLEKHB1	retained	False
RAB6A	retained	False
MRPL48	retained	False
COA4	retained	False
PAAF1	retained	False
DNAJB13	retained	False
UCP2	retained	False
UCP3	retained	False
C2CD3	retained	False
PPME1	retained	False
P4HA3	retained	False
PGM2L1	retained	False
KCNE3	retained	False
POLD3	retained	False
CHRDL2	retained	False
RNF169	retained	False
XRRA1	retained	False
SPCS2	retained	False
NEU3	retained	False
OR2AT4	retained	False
SLCO2B1	retained	False
ARRB1	retained	False
RPS3	retained	False
KLHL35	retained	False
GDPD5	retained	False
SERPINH1	retained	False
MAP6	retained	False
MOGAT2	retained	False
DGAT2-DT	retained	False
DGAT2	retained	False
UVRAG	retained	False
WNT11	retained	False
THAP12	retained	False
EMSY	retained	False
LRRC32	retained	False
TSKU	retained	False
ACER3	retained	False
B3GNT6	retained	False
CAPN5	retained	False
OMP	retained	False
MYO7A	retained	False
GDPD4	retained	False
PAK1	retained	False
AQP11	retained	False
CLNS1A	retained	False
RSF1	retained	False
AAMDC	retained	False
INTS4	retained	False
KCTD14	retained	False
THRSP	retained	False
NDUFC2	retained	False
ALG8	retained	False
KCTD21	retained	False
USP35	retained	False
GAB2	retained	False
NARS2	retained	False
TENM4	retained	False
FAM181B	retained	False
PRCP	retained	False
DDIAS	retained	False
RAB30	retained	False
PCF11	retained	False
ANKRD42	retained	False
CCDC90B	retained	False
DLG2	retained	False
TMEM126B	retained	False
TMEM126A	retained	False
CREBZF	retained	False
CCDC89	retained	False
SYTL2	retained	False
CCDC83	retained	False
PICALM	retained	False
EED	retained	False
HIKESHI	retained	False
CCDC81	retained	False
ME3	retained	False
PRSS23	retained	False
FZD4	retained	False
TMEM135	retained	False
RAB38	retained	False
CTSC	retained	False
GRM5	retained	False
TYR	retained	False
NOX4	retained	False
FOLH1B	retained	False
TRIM77	retained	False
TRIM49	retained	False
TRIM64	retained	False
NAALAD2	retained	False
CHORDC1	retained	False
FAT3	retained	False
MTNR1B	retained	False
SLC36A4	retained	False
DEUP1	retained	False
SMCO4	retained	False
CEP295	retained	False
TAF1D	retained	False
C11orf54	retained	False
MED17	retained	False
VSTM5	retained	False
HEPHL1	retained	False
PANX1	retained	False
IZUMO1R	retained	False
GPR83	retained	False
MRE11	retained	False
ANKRD49	retained	False
C11orf97	retained	False
FUT4	retained	False
PIWIL4	retained	False
AMOTL1	retained	False
CWC15	retained	False
KDM4D	retained	False
SRSF8	retained_tss_unresolved	False
ENDOD1	retained	False
SESN3	retained	False
FAM76B	retained	False
CEP57	retained	False
MTMR2	retained	False
MAML2	retained	False
CCDC82	retained	False
JRKL	retained	False
CNTN5	retained	False
ARHGAP42	retained	False
PGR	retained	False
TRPC6	retained	False
ANGPTL5	retained	False
CEP126	retained	False
CFAP300	retained	False
YAP1	retained	False
BIRC3	retained	False
BIRC2	retained	False
TMEM123	retained	False
MMP7	retained	False
MMP20	retained	False
MMP27	retained	False
MMP8	retained	False
MMP10	retained	False
MMP1	retained	False
MMP3	retained	False
MMP12	retained	False
MMP13	retained	False
DCUN1D5	retained	False
DYNC2H1	retained	False
PDGFD	retained	False
DDI1	retained	False
CASP4	retained	False
CASP5	retained	False
CASP1	retained	False
CARD16	retained	False
CARD18	retained	False
GRIA4	retained	False
MSANTD4	retained	False
KBTBD3	retained	False
AASDHPPT	retained	False
GUCY1A2	retained	False
CWF19L2	retained	False
ALKBH8	retained	False
ELMOD1	retained	False
SLN	retained	False
SLC35F2	retained	False
RAB39A	retained	False
CUL5	retained	False
ACAT1	retained	False
NPAT	retained	False
ATM	retained	False
C11orf65	retained	False
POGLUT3	retained	False
EXPH5	retained	False
DDX10	retained	False
C11orf87	retained	False
ZC3H12C	retained	False
RDX	retained	False
FDX1	retained	False
ARHGAP20	retained	False
POU2AF2	retained	False
COLCA1	retained	False
POU2AF3	retained	False
POU2AF1	retained	False
BTG4	retained	False
HOATZ	retained	False
LAYN	retained	False
SIK2	retained	False
PPP2R1B	retained	False
ALG9	retained	False
FDXACB1	retained	False
C11orf1	retained	False
CRYAB	retained	False
HSPB2	retained	False
C11orf52	retained	False
DIXDC1	retained	False
DLAT	retained	False
PIH1D2	retained	False
NKAPD1	retained	False
TIMM8B	retained	False
SDHD	retained	False
IL18	retained	False
TEX12	retained	False
BCO2	retained	False
PTS	retained	False
NCAM1	retained	False
TTC12	retained	False
ANKK1	retained	False
DRD2	retained	False
TMPRSS5	retained	False
ZW10	retained	False
USP28	retained	False
HTR3B	retained	False
HTR3A	retained	False
ZBTB16	retained	False
NNMT	retained	False
C11orf71	retained	False
RBM7	retained	False
REXO2	retained	False
NXPE2	retained	False
NXPE1	retained	False
NXPE4	retained	False
CADM1	retained	False
BUD13	retained	False
ZPR1	retained	False
APOA5	retained	False
APOA4	retained	False
APOC3	retained	False
APOA1	retained	False
SIK3	retained	False
PAFAH1B2	retained	False
SIDT2	retained	False
TAGLN	retained	False
PCSK7	retained	False
RNF214	retained	False
BACE1	retained	False
CEP164	retained	False
DSCAML1	retained	False
FXYD2	retained	False
FXYD6	retained	False
TMPRSS13	retained	False
IL10RA	retained	False
TMPRSS4	retained	False
SCN4B	retained	False
SCN2B	retained	False
JAML	retained	False
MPZL3	retained	False
MPZL2	retained	False
CD3E	retained	False
CD3D	retained	False
CD3G	retained	False
UBE4A	retained	False
ATP5MG	retained	False
KMT2A	retained	False
TMEM25	retained	False
IFT46	retained	False
ARCN1	retained	False
PHLDB1	retained	False
TREH	retained	False
DDX6	retained	False
CXCR5	retained	False
BCL9L	retained	False
UPK2	retained	False
FOXR1	retained	False
CENATAC	retained_tss_unresolved	False
RPS25	retained	False
TRAPPC4	retained	False
SLC37A4	retained	False
HYOU1	retained	False
VPS11	retained	False
HMBS	retained	False
H2AX	retained	False
DPAGT1	retained	False
C2CD2L	retained	False
HINFP	retained	False
ABCG4	retained	False
NLRX1	retained	False
PDZD3	retained	False
CCDC153	retained	False
CBL	retained	False
MCAM	retained	False
RNF26	retained	False
C1QTNF5	retained	False
MFRP	retained	False
USP2	retained	False
THY1	retained	False
NECTIN1	retained	False
TRIM29	retained	False
OAF	retained	False
POU2F3	retained	False
TLCD5	retained	False
ARHGEF12	retained	False
GRIK4	retained	False
TBCEL	retained	False
TECTA	retained	False
SC5D	retained	False
SORL1	retained	False
MIR100HG	retained	False
BLID	retained	False
UBASH3B	retained	False
CRTAM	retained	False
JHY	retained	False
BSX	retained	False
HSPA8	retained	False
SNORD14E	retained	False
CLMP	retained	False
GRAMD1B	retained	False
SCN3B	retained	False
ZNF202	retained	False
OR6X1	retained	False
OR6M1	retained	False
TMEM225	retained	False
OR8D4	retained	False
OR4D5	retained	False
OR6T1	retained	False
OR10S1	retained	False
OR10G4	retained	False
OR10G9	retained	False
OR10G8	retained	False
OR10G7	retained	False
VWA5A	retained	False
OR10D3	retained	False
OR8G2P	retained	False
OR8G5	retained	False
OR8G1	retained	False
OR8D1	retained	False
OR8D2	retained	False
OR8B2	retained	False
OR8B3	retained	False
OR8B4	retained	False
OR8B8	retained	False
OR8B12	retained	False
OR8A1	retained	False
PANX3	retained	False
TBRG1	retained	False
SIAE	retained	False
SPA17	retained	False
NRGN	retained	False
VSIG2	retained	False
ESAM	retained	False
MSANTD2	retained	False
ROBO3	retained	False
ROBO4	retained	False
HEPACAM	retained	False
CCDC15	retained	False
SLC37A2	retained	False
TMEM218	retained	False
PKNOX2	retained	False
FEZ1	retained	False
EI24	retained	False
STT3A	retained	False
CHEK1	retained	False
ACRV1	retained	False
PATE1	retained	False
PATE2	retained	False
HYLS1	retained	False
PUS3	retained	False
DDX25	retained	False
CDON	retained	False
RPUSD4	retained	False
FAM118B	retained	False
SRPRA	retained	False
FOXRED1	retained	False
TIRAP	retained	False
DCPS	retained	False
ST3GAL4	retained	False
KIRREL3	retained	False
KIRREL3-AS3	retained	False
ETS1	retained	False
FLI1	retained	False
KCNJ1	retained	False
KCNJ5	retained	False
KCNJ5-AS1	retained	False
TP53AIP1	retained	False
ARHGAP32	retained	False
BARX2	retained	False
TMEM45B	retained	False
NFRKB	retained	False
PRDM10	retained	False
APLP2	retained	False
ST14	retained	False
ZBTB44	retained	False
ADAMTS8	retained	False
ADAMTS15	retained	False
LINC02873	retained	False
SNX19	retained	False
NTM	retained	False
OPCML	retained	False
LINC02743	retained	False
SPATA19	retained	False
IGSF9B	retained	False
LINC02731	retained	False
JAM3	retained	False
NCAPD3	retained	False
VPS26B	retained	False
THYN1	retained	False
ACAD8	retained	False
GLB1L3	retained	False
GLB1L2	retained	False
B3GAT1	retained	False
IQSEC3	retained	False
SLC6A12	retained	False
SLC6A13	retained	False
KDM5A	retained	False
CCDC77	retained	False
B4GALNT3	retained	False
NINJ2	retained	False
NINJ2-AS1	retained	False
WNK1	retained	False
RAD52	retained	False
ERC1	retained	False
FBXL14	retained	False
WNT5B	retained	False
ADIPOR2	retained	False
CACNA2D4	retained	False
LRTM2	retained	False
DCP1B	retained	False
CACNA1C	retained	False
ITFG2-AS1	retained_tss_unresolved	False
FKBP4	retained	False
ITFG2	retained	False
NRIP2	retained	False
FOXM1	retained	False
RHNO1	retained	False
TULP3	retained	False
TEAD4	retained	False
TSPAN9	retained	False
PRMT8	retained	False
CRACR2A	retained	False
PARP11	retained	False
CCND2	retained	False
TIGAR	retained	False
FGF23	retained	False
FGF6	retained	False
C12orf4	retained	False
RAD51AP1	retained	False
DYRK4	retained	False
AKAP3	retained	False
NDUFA9	retained	False
GALNT8	retained	False
KCNA6	retained	False
KCNA1	retained	False
KCNA5	retained	False
NTF3	retained	False
ANO2	retained	False
VWF	retained	False
CD9	retained	False
PLEKHG6	retained	False
TNFRSF1A	retained	False
SCNN1A	retained	False
LTBR	retained	False
CD27	retained	False
TAPBPL	retained	False
VAMP1	retained	False
MRPL51	retained	False
NCAPD2	retained	False
GAPDH	retained	False
IFFO1	retained	False
NOP2	retained	False
CHD4	retained	False
LPAR5	retained	False
ACRBP	retained	False
ING4	retained	False
ZNF384	retained	False
PIANP	retained	False
COPS7A	retained	False
MLF2	retained	False
PTMS	retained	False
LAG3	retained	False
CD4	retained	False
GPR162	retained	False
P3H3	retained	False
GNB3	retained	False
CDCA3	retained	False
USP5	retained	False
TPI1	retained	False
SPSB2	retained	False
LRRC23	retained	False
ENO2	retained	False
ATN1	retained	False
C12orf57	retained	False
PTPN6	retained	False
PHB2	retained	False
EMG1	retained	False
LPCAT3	retained	False
C1S	retained	False
C1R	retained	False
C1RL	retained	False
C1RL-AS1	retained	False
RBP5	retained	False
CLSTN3	retained	False
PEX5	retained	False
ACSM4	retained	False
CD163L1	retained	False
CD163	retained	False
APOBEC1	retained	False
GDF3	retained	False
DPPA3	retained	False
CLEC4C	retained	False
NANOG	retained	False
SLC2A14	retained	False
SLC2A3	retained	False
FOXJ2	retained	False
C3AR1	retained	False
NECAP1	retained	False
CLEC4A	retained	False
POU5F1P3	retained	False
ZNF705A	retained	False
FAM90A1	retained	False
LINC00937	retained	False
CLEC6A	retained	False
CLEC4D	retained	False
CLEC4E	retained	False
AICDA	retained	False
MFAP5	retained	False
RIMKLB	retained	False
A2ML1	retained	False
PHC1	retained	False
M6PR	retained	False
KLRG1	retained	False
A2M-AS1	retained	False
A2M	retained	False
PZP	retained	False
KLRB1	retained	False
CLEC2D	retained	False
CLECL1P	retained	False
CD69	retained	False
KLRF1	retained	False
CLEC2B	retained	False
CLEC2A	retained	False
CLEC12A	retained	False
CLEC1B	retained	False
CLEC12B	retained	False
CLEC9A	retained	False
CLEC1A	retained	False
CLEC7A	retained	False
OLR1	retained	False
TMEM52B	retained	False
GABARAPL1	retained	False
KLRD1	retained	False
KLRK1	retained	False
KLRC4	retained	False
KLRC3	retained	False
KLRC2	retained	False
KLRC1	retained	False
MAGOHB	retained	False
STYK1	retained	False
YBX3	retained	False
TAS2R7	retained	False
TAS2R8	retained	False
TAS2R9	retained	False
TAS2R10	retained	False
PRR4	retained	False
TAS2R13	retained	False
PRH2	retained	False
TAS2R14	retained	False
TAS2R50	retained	False
TAS2R20	retained	False
TAS2R19	retained	False
TAS2R31	retained	False
TAS2R46	retained	False
TAS2R43	retained	False
TAS2R42	retained	False
PRB3	retained	False
PRB4	retained	False
PRB1	retained	False
LINC01252	retained	False
ETV6	retained	False
BCL2L14	retained	False
LRP6	retained	False
MANSC1	retained	False
LOH12CR2	retained	False
BORCS5	retained_tss_unresolved	False
DUSP16	retained	False
CREBL2	retained	False
GPR19	retained	False
CDKN1B	retained	False
APOLD1	retained	False
DDX47	retained	False
RPL13AP20	retained	False
GPRC5A	retained	False
FAM234B	retained	False
GPRC5D	retained	False
HEBP1	retained	False
HTR7P1	retained	False
GSG1	retained	False
EMP1	retained	False
GRIN2B	retained	False
ATF7IP	retained	False
PLBD1	retained	False
C12orf60	retained	False
GUCY2C	retained	False
H4C16	retained	False
H2AJ	retained	False
WBP11	retained	False
SMCO3	retained	False
ART4	retained	False
MGP	retained	False
ERP27	retained	False
ARHGDIB	retained	False
PDE6H	retained	False
RERG	retained	False
PTPRO	retained	False
EPS8	retained	False
STRAP	retained	False
DERA	retained	False
SLC15A5	retained	False
MGST1	retained	False
LMO3	retained	False
RERGL	retained	False
PIK3C2G	retained	False
PLCZ1	retained	False
CAPZA3	retained	False
PLEKHA5	retained	False
AEBP2	retained	False
PDE3A	input_only	True
SLCO1C1	input_only	True
SLCO1B3	input_only	True
SLCO1B1	tss_and_input	True
SLCO1A2	input_only	True
IAPP	input_only	True
PYROXD1	input_only	True
RECQL	input_only	True
GOLT1B	input_only	True
SPX	input_only	True
GYS2	input_only	True
LDHB	input_only	True
KCNJ8	input_only	True
ABCC9	input_only	True
CMAS	input_only	True
ST8SIA1	input_only	True
C2CD5	retained	False
ETNK1	retained	False
SOX5	retained	False
LINC00477	retained	False
BCAT1	retained	False
LINC02909	retained	False
IRAG2	retained	False
DNAI7	retained	False
ETFRF1	retained	False
KRAS	retained	False
LMNTD1	retained	False
RASSF8	retained	False
BHLHE41	retained	False
SSPN	retained	False
ITPR2	retained	False
INTS13	retained	False
FGFR1OP2	retained	False
TM7SF3	retained	False
MED21	retained	False
STK38L	retained	False
BMAL2	retained	False
SMCO2	retained	False
PPFIBP1	retained	False
REP15	retained	False
MRPS35	retained	False
KLHL42	retained	False
PTHLH	retained	False
CCDC91	retained	False
FAR2	retained	False
ERGIC2	retained	False
OVCH1	retained	False
TMTC1	retained	False
IPO8	retained	False
CAPRIN2	retained	False
TSPAN11	retained	False
DDX11	retained	False
SINHCAF	retained_tss_unresolved	False
FLJ13224	retained_tss_unresolved	False
DENND5B	retained	False
ETFBKMT	retained	False
AMN1	retained	False
H3-5	retained	False
RESF1	retained	False
BICD1	retained	False
FGD4	retained	False
DNM1L	retained	False
YARS2	retained	False
PKP2	retained	False
SYT10	retained	False
ALG10	retained	False
ALG10B	retained	False
CPNE8	retained	False
KIF21A	retained	False
ABCD2	retained	False
C12orf40	retained	False
SLC2A13	retained	False
LRRK2	retained	False
MUC19	retained	False
CNTN1	retained	False
PDZRN4	retained	False
GXYLT1	retained	False
YAF2	retained	False
ZCRB1	retained	False
PPHLN1	retained	False
PRICKLE1	retained	False
ADAMTS20	retained	False
PUS7L	retained	False
IRAK4	retained	False
TWF1	retained	False
TMEM117	retained	False
NELL2	retained	False
DBX2	retained	False
PLEKHA8P1	retained	False
ANO6	retained	False
ARID2	retained	False
SCAF11	retained	False
SLC38A1	retained	False
SLC38A2	retained	False
SLC38A4	input_only	True
AMIGO2	input_only	True
PCED1B	input_only	True
RPAP3	input_only	True
ENDOU	input_only	True
RAPGEF3	input_only	True
SLC48A1	input_only	True
HDAC7	tss_and_input	True
VDR	input_only	True
TMEM106C	input_only	True
COL2A1	input_only	True
SENP1	input_only	True
PFKM	input_only	True
ASB8	input_only	True
CCDC184	input_only	True
OR10AD1	input_only	True
H1-7	input_only	True
ZNF641	input_only	True
C12orf54	input_only	True
ANP32D	input_only	True
OR8S1	input_only	True
LALBA	input_only	True
KANSL2	input_only	True
CCNT1	input_only	True
TEX49	input_only	True
ADCY6	input_only	True
CACNB3	input_only	True
DDX23	input_only	True
RND1	retained	False
CCDC65	retained	False
FKBP11	retained	False
ARF3	retained	False
WNT10B	retained	False
WNT1	retained	False
DDN	retained	False
PRKAG1	retained	False
KMT2D	retained	False
RHEBL1	retained	False
DHH	retained	False
LMBR1L	retained	False
TUBA1B	retained	False
TUBA1A	retained	False
TUBA1C	retained	False
PRPH	retained	False
TROAP	retained	False
C1QL4	retained	False
DNAJC22	retained	False
SPATS2	retained	False
KCNH3	retained	False
MCRS1	retained	False
FAM186B	retained	False
PRPF40B	retained	False
FMNL3	retained	False
TMBIM6	retained	False
NCKAP5L	retained	False
BCDIN3D	retained	False
FAIM2	retained	False
AQP2	retained	False
AQP5	retained	False
AQP6	retained	False
RACGAP1	retained	False
ASIC1	retained	False
SMARCD1	retained	False
GPD1	retained	False
COX14	retained	False
CERS5	retained	False
LIMA1	retained	False
LARP4	retained	False
DIP2B	retained	False
ATF1	retained	False
TMPRSS12	retained	False
METTL7A	retained	False
SLC11A2	retained	False
LETMD1	retained	False
CSRNP2	retained	False
TFCP2	retained	False
POU6F1	retained	False
DAZAP2	retained	False
SMAGP	retained	False
BIN2	retained	False
CELA1	retained	False
GALNT6	retained	False
SLC4A8	retained	False
SCN8A	retained	False
FIGNL2	retained	False
ANKRD33	retained	False
ACVRL1	retained	False
ACVR1B	retained	False
TAMALIN	retained	False
NR4A1	retained	False
ATG101	retained	False
OR7E47P	retained	False
KRT80	retained	False
LINC00592	retained	False
KRT7	retained	False
KRT86	retained	False
KRT81	retained	False
KRT83	retained	False
KRT85	retained	False
KRT84	retained	False
KRT82	retained	False
KRT75	retained	False
KRT6B	retained	False
KRT6C	retained	False
KRT6A	retained	False
KRT5	retained	False
KRT71	retained	False
KRT74	retained	False
KRT72	retained	False
KRT73	retained	False
KRT2	retained	False
KRT1	retained	False
KRT77	retained	False
KRT76	retained	False
KRT3	retained	False
KRT4	retained	False
KRT79	retained	False
KRT78	retained	False
KRT8	retained	False
KRT18	retained	False
EIF4B	retained	False
TNS2-AS1	retained	False
TNS2	retained	False
SPRYD3	retained	False
IGFBP6	retained	False
SOAT2	retained	False
CSAD	retained	False
ZNF740	retained	False
ITGB7	retained	False
RARG	retained	False
MFSD5	retained	False
ESPL1	retained	False
PFDN5	retained	False
MYG1	retained	False
AAAS	retained	False
SP7	retained	False
SP1	retained	False
AMHR2	retained	False
PRR13	retained	False
PCBP2	retained	False
MAP3K12	retained	False
TARBP2	retained	False
NPFF	retained	False
ATF7	retained	False
ATP5MC2	retained	False
CALCOCO1	retained	False
HOXC13	retained	False
HOXC12	retained	False
HOTAIR	retained	False
HOXC11	retained	False
HOXC10	retained	False
HOXC9	retained	False
HOXC8	retained	False
HOXC6	retained	False
HOXC5	retained	False
HOXC4	retained	False
FLJ12825	retained	False
SMUG1	retained	False
CBX5	retained	False
HNRNPA1	retained	False
NFE2	retained	False
COPZ1	retained	False
GPR84	retained	False
ZNF385A	retained	False
ITGA5	retained	False
GTSF1	retained	False
NCKAP1L	retained	False
PDE1B	retained	False
PPP1R1A	retained	False
GLYCAM1	retained	False
LACRT	retained	False
DCD	retained	False
MUCL1	retained	False
TESPA1	retained	False
NEUROD4	retained	False
OR9K2	retained	False
OR10A7	retained	False
OR6C74	retained	False
OR6C6	retained	False
OR6C1	retained	False
OR6C3	retained	False
OR6C75	retained	False
OR6C65	retained	False
OR6C76	retained	False
OR6C2	retained	False
OR6C70	retained	False
OR6C68	retained	False
OR6C4	retained	False
OR2AP1	retained	False
OR10P1	retained	False
METTL7B	retained	False
ITGA7	retained	False
BLOC1S1	retained	False
RDH5	retained	False
CD63	retained	False
GDF11	retained	False
SARNP	retained	False
ORMDL2	retained	False
DNAJC14	retained	False
TMEM198B	retained	False
MMP19	retained	False
PYM1	retained	False
DGKA	retained	False
PMEL	retained	False
CDK2	retained	False
RAB5B	retained	False
SUOX	retained	False
IKZF4	retained	False
RPS26	retained	False
ERBB3	retained	False
PA2G4	retained	False
RPL41	retained	False
ZC3H10	retained	False
ESYT1	retained	False
MYL6B	retained	False
MYL6	retained	False
SMARCC2	retained	False
RNF41	retained	False
NABP2	retained	False
SLC39A5	retained	False
ANKRD52	retained	False
COQ10A	retained	False
CS	retained	False
CNPY2	retained	False
PAN2	retained	False
IL23A	retained	False
STAT2	retained	False
APOF	retained	False
TIMELESS	retained	False
MIP	retained	False
SPRYD4	retained	False
GLS2	retained	False
RBMS2	retained	False
BAZ2A	retained	False
ATP5F1B	retained	False
SNORD59A	retained	False
PTGES3	retained	False
NACA	retained	False
PRIM1	retained	False
HSD17B6	retained	False
SDR9C7	retained	False
RDH16	retained	False
GPR182	retained	False
ZBTB39	retained	False
TAC3	retained	False
MYO1A	retained	False
NEMP1	retained	False
NAB2	retained	False
STAT6	retained	False
LRP1	retained	False
NXPH4	retained	False
SHMT2	retained	False
NDUFA4L2	retained	False
STAC3	retained	False
R3HDM2	retained	False
INHBC	retained	False
INHBE	retained	False
GLI1	retained	False
ARHGAP9	retained	False
MARS1	retained	False
DDIT3	retained	False
MBD6	retained	False
DCTN2	retained	False
KIF5A	retained	False
PIP4K2C	retained	False
DTX3	retained	False
ARHGEF25	retained	False
B4GALNT1	retained	False
OS9	retained	False
AGAP2	retained	False
TSPAN31	retained	False
CDK4	retained	False
MARCHF9	retained	False
CYP27B1	retained	False
METTL1	retained	False
EEF1AKMT3	retained	False
TSFM	retained	False
AVIL	retained	False
CTDSP2	retained	False
ATP23	retained_tss_unresolved	False
LRIG3	retained	False
SLC16A7	retained	False
TAFA2	retained	False
USP15	retained	False
MON2	retained	False
PPM1H	retained	False
AVPR1A	retained	False
DPY19L2	retained	False
RXYLT1	retained	False
SRGAP1	retained	False
KICS2	retained	False
C12orf56	retained	False
XPOT	retained	False
TBK1	retained	False
RASSF3	retained	False
GNS	retained	False
TBC1D30	retained	False
WIF1	retained	False
LEMD3	retained	False
MSRB3	retained	False
HMGA2	retained	False
LLPH	retained	False
TMBIM4	retained	False
IRAK3	retained	False
HELB	retained	False
GRIP1	retained	False
CAND1	retained	False
DYRK2	retained	False
IFNG	retained	False
IL26	retained	False
IL22	retained	False
MDM1	retained	False
RAP1B	retained	False
NUP107	retained	False
SLC35E3	retained	False
MDM2	retained	False
CPM	retained	False
CPSF6	retained	False
LYZ	retained	False
YEATS4	retained	False
FRS2	retained	False
CCT2	retained	False
LRRC10	retained	False
BEST3	retained	False
RAB3IP	retained	False
MYRFL	retained	False
CNOT2	retained	False
KCNMB4	retained	False
PTPRB	retained	False
PTPRR	retained	False
TSPAN8	retained	False
LGR5	retained	False
ZFC3H1	retained	False
THAP2	retained	False
TMEM19	retained	False
RAB21	retained	False
TBC1D15	retained	False
TPH2	retained	False
TRHDE	retained	False
ATXN7L3B	retained	False
KCNC2	retained	False
CAPS2	retained	False
GLIPR1L1	retained	False
GLIPR1L2	retained	False
GLIPR1	retained	False
KRR1	retained	False
PHLDA1	retained	False
NAP1L1	retained	False
BBS10	retained	False
OSBPL8	retained	False
ZDHHC17	retained	False
CSRP2	retained	False
E2F7	retained	False
NAV3	retained	False
SYT1	retained	False
PAWR	retained	False
PPP1R12A	retained	False
OTOGL	retained	False
PTPRQ	retained	False
MYF6	retained	False
MYF5	retained	False
LIN7A	retained	False
ACSS3	retained	False
PPFIA2	retained	False
CCDC59	retained	False
METTL25	retained	False
TMTC2	retained	False
SLC6A15	retained	False
TSPAN19	retained	False
LRRIQ1	retained	False
ALX1	retained	False
RASSF9	retained	False
NTS	retained	False
MGAT4C	retained	False
C12orf50	retained	False
C12orf29	retained	False
CEP290	retained	False
TMTC3	retained	False
KITLG	retained	False
DUSP6	retained	False
POC1B	retained	False
GALNT4	retained	False
ATP2B1	retained	False
LINC00615	retained	False
CCER1	retained	False
EPYC	retained	False
KERA	retained	False
LUM	retained	False
DCN	retained	False
BTG1	retained	False
EEA1	retained	False
NUDT4	retained	False
UBE2N	retained	False
MRPL42	retained	False
SOCS2-AS1	retained	False
SOCS2	retained	False
CRADD	retained	False
PLXNC1	retained	False
CEP83	retained	False
TMCC3	retained	False
KRT19P2	retained	False
NDUFA12	retained	False
NR2C1	retained	False
FGD6	retained	False
VEZT	retained	False
METAP2	retained	False
USP44	retained	False
NTN4	retained	False
SNRPF	retained	False
CCDC38	retained	False
AMDHD1	retained	False
HAL	retained	False
LTA4H	retained	False
ELK3	retained	False
CDK17	retained	False
CFAP54	retained	False
NEDD1	retained	False
RMST	retained	False
SLC9A7P1	retained	False
LINC02453	retained	False
TMPO	retained	False
SLC25A3	retained	False
IKBIP	retained	False
APAF1	retained	False
ANKS1B	retained	False
GARIN6	retained	False
BLTP3B	retained	False
GOLGA2P5	retained_tss_unresolved	False
ACTR6	retained	False
DEPDC4	retained	False
SCYL2	retained	False
SLC17A8	retained	False
NR1H4	retained	False
GAS2L3	retained	False
ANO4	retained	False
SLC5A8	retained	False
UTP20	retained	False
ARL1	retained	False
SPIC	retained	False
MYBPC1	retained	False
CHPT1	retained	False
SYCP3	retained	False
GNPTAB	retained	False
DRAM1	retained	False
WASHC3	retained	False
NUP37	retained	False
PARPBP	retained	False
PMCH	retained	False
IGF1	retained	False
LINC00485	retained	False
PAH	retained	False
ASCL1	retained	False
C12orf42	retained	False
STAB2	retained	False
NT5DC3	retained	False
HSP90B1	retained	False
C12orf73	retained	False
TDG	retained	False
GLT8D2	retained	False
HCFC2	retained	False
NFYB	retained	False
TXNRD1	retained	False
EID3	retained	False
CHST11	retained	False
SLC41A2	retained	False
NOPCHAP1	retained	False
ALDH1L2	retained	False
WASHC4	retained	False
APPL2	retained	False
C12orf75	retained	False
NUAK1	retained	False
CKAP4	retained	False
TCP11L2	retained	False
POLR3B	retained	False
RFX4	retained	False
RIC8B	retained	False
TMEM263	retained	False
MTERF2	retained	False
CRY1	retained	False
ABTB3	retained	False
PWP1	retained	False
PRDM4	retained	False
ASCL4	retained	False
WSCD2	retained	False
CMKLR1	retained	False
FICD	retained	False
SART3	retained	False
ISCU	retained	False
TMEM119	retained	False
SELPLG	retained	False
CORO1C	retained	False
SSH1	retained	False
DAO	retained	False
SVOP	retained	False
USP30	retained	False
ALKBH2	retained	False
UNG	retained	False
ACACB	retained	False
FOXN4	retained	False
MYO1H	retained	False
KCTD10	retained	False
UBE3B	retained	False
MMAB	retained	False
MVK	retained	False
FAM222A	retained	False
TRPV4	retained	False
GLTP	retained	False
TCHP	retained	False
GIT2	retained	False
ANKRD13A	retained	False
C12orf76	retained	False
IFT81	retained	False
ATP2A2	retained	False
ANAPC7	retained	False
ARPC3	retained	False
GPN3	retained	False
FAM216A	retained	False
VPS29	retained	False
RAD9B	retained	False
PPTC7	retained	False
TCTN1	retained	False
HVCN1	retained	False
PPP1CC	retained	False
CCDC63	retained	False
MYL2	retained	False
CUX2	retained	False
PHETA1	retained	False
SH2B3	retained	False
ATXN2	retained	False
BRAP	retained	False
ACAD10	retained	False
ALDH2	retained	False
MAPKAPK5-AS1	retained	False
MAPKAPK5	retained	False
TMEM116	retained	False
ERP29	retained	False
NAA25	retained	False
TRAFD1	retained	False
HECTD4	retained	False
RPL6	retained	False
PTPN11	retained	False
RPH3A	retained	False
OAS1	retained	False
OAS3	retained	False
OAS2	retained	False
DTX1	retained	False
RASAL1	retained	False
DDX54	retained	False
RITA1	retained	False
IQCD	retained	False
TPCN1	retained	False
SLC8B1	retained	False
PLBD2	retained	False
SDS	retained	False
SDSL	retained	False
LHX5	retained	False
RBM19	retained	False
TBX5	retained	False
TBX5-AS1	retained	False
TBX3	retained	False
MED13L	retained	False
SPRING1	retained	False
RNFT2	retained	False
HRK	retained	False
FBXW8	retained	False
TESC	retained	False
FBXO21	retained	False
NOS1	retained	False
KSR2	retained	False
RFC5	retained	False
WSB2	retained	False
VSIG10	retained	False
PEBP1	retained	False
TAOK3	retained	False
SUDS3	retained	False
SRRM4	retained	False
HSPB8	retained	False
LINC00934	retained_tss_unresolved	False
CCDC60	retained	False
PRKAB1	retained	False
CIT	retained	False
BICDL1	retained	False
RAB35	retained	False
GCN1	retained	False
RPLP0	retained	False
PXN	retained	False
SIRT4	retained	False
PLA2G1B	retained	False
MSI1	retained	False
COX6A1	retained	False
TRIAP1	retained	False
GATC	retained	False
SRSF9	retained	False
DYNLL1	retained	False
COQ5	retained	False
RNF10	retained	False
POP5	retained	False
CABP1	retained	False
MLEC	retained	False
UNC119B	retained	False
ACADS	retained	False
SPPL3	retained	False
HNF1A-AS1	retained	False
HNF1A	retained	False
C12orf43	retained	False
OASL	retained	False
P2RX7	retained	False
P2RX4	retained	False
CAMKK2	retained	False
ANAPC5	retained	False
RNF34	retained	False
KDM2B	retained	False
ORAI1	retained	False
MORN3	retained	False
TMEM120B	retained	False
RHOF	retained	False
LINC01089	retained	False
SETD1B	retained	False
HPD	retained	False
PSMD9	retained	False
CFAP251	retained	False
BCL7A	retained	False
MLXIP	retained	False
LRRC43	retained	False
IL31	retained	False
B3GNT4	retained	False
DIABLO	retained	False
VPS33A	retained	False
CLIP1	retained	False
ZCCHC8	retained	False
RSRC2	retained	False
KNTC1	retained	False
HCAR2	retained	False
HCAR3	retained	False
HCAR1	retained	False
DENR	retained	False
CCDC62	retained	False
HIP1R	retained	False
VPS37B	retained	False
ABCB9	retained	False
OGFOD2	retained	False
ARL6IP4	retained	False
PITPNM2	retained	False
MPHOSPH9	retained	False
MTRFR	retained	False
CDK2AP1	retained	False
SBNO1	retained	False
KMT5A	retained	False
RILPL2	retained	False
SNRNP35	retained	False
RILPL1	retained	False
TMED2	retained	False
DDX55	retained	False
EIF2B1	retained	False
GTF2H3	retained	False
TCTN2	retained	False
ATP6V0A2	retained	False
DNAH10	retained	False
CCDC92	retained	False
ZNF664	retained	False
RFLNA	retained	False
NCOR2	retained	False
SCARB1	retained	False
UBC	retained	False
DHX37	retained	False
BRI3BP	retained	False
AACS	retained	False
TMEM132B	retained	False
LINC02393	retained	False
TMEM132C	retained	False
SLC15A4	retained	False
GLT1D1	retained	False
TMEM132D	retained	False
TMEM132D-AS1	retained	False
FZD10	retained	False
PIWIL1	retained	False
RIMBP2	retained	False
STX2	retained	False
RAN	retained	False
ADGRD1	retained	False
SFSWAP	retained	False
MMP17	retained	False
ULK1	retained	False
PUS1	retained	False
EP400	retained	False
DDX51	retained	False
NOC4L	retained	False
GALNT9	retained	False
FBRSL1	retained	False
P2RX2	retained	False
POLE	retained	False
PXMP2	retained	False
PGAM5	retained	False
ANKLE2	retained	False
GOLGA3	retained	False
CHFR	retained	False
ZNF605	retained	False
ZNF26	retained	False
ZNF84	retained	False
ZNF140	retained	False
ZNF10	retained	False
ZNF268	retained	False
ANHX	retained	False
LINC00442	retained	False
TUBA3C	retained	False
TPTE2	retained	False
MPHOSPH8	retained	False
PSPC1	retained	False
ZMYM5	retained	False
ZMYM2	retained	False
GJA3	retained	False
GJB2	retained	False
GJB6	retained	False
CRYL1	retained	False
IFT88	retained	False
IL17D	retained	False
EEF1AKMT1	retained	False
XPO4	retained	False
LATS2	retained	False
SAP18	retained	False
SKA3	retained	False
MRPL57	retained	False
ZDHHC20	retained	False
MICU2	retained	False
FGF9	retained	False
SGCG	retained	False
SACS	retained	False
TNFRSF19	retained	False
MIPEP	retained	False
C1QTNF9B	retained	False
SPATA13	retained	False
C1QTNF9	retained	False
PARP4	retained	False
ATP12A	retained	False
RNF17	retained	False
CENPJ	retained	False
PABPC3	retained	False
AMER2	retained	False
MTMR6	retained	False
NUP58	retained	False
ATP8A2	retained	False
SHISA2	retained	False
RNF6	retained	False
CDK8	retained	False
WASF3	retained	False
GPR12	retained	False
USP12	retained	False
RPL21	retained	False
RASL11A	retained	False
GTF3A	retained	False
MTIF3	retained	False
LNX2	retained	False
POLR1D	retained	False
GSX1	retained	False
PDX1	retained	False
CDX2	retained	False
URAD	retained	False
FLT3	retained	False
PAN3	retained	False
FLT1	retained	False
POMP	retained	False
SLC46A3	retained	False
MTUS2	retained	False
SLC7A1	retained	False
UBL3	retained	False
KATNAL1	retained	False
HMGB1	retained	False
USPL1	retained	False
ALOX5AP	retained	False
LINC00545	retained	False
MEDAG	retained	False
TEX26	retained	False
HSPH1	retained	False
B3GLCT	retained	False
RXFP2	retained	False
FRY	retained	False
ZAR1L	retained	False
BRCA2	retained	False
N4BP2L1	retained	False
N4BP2L2	retained	False
PDS5B	retained	False
KL	retained	False
STARD13	retained	False
RFC3	retained	False
NBEA	retained	False
MAB21L1	retained	False
DCLK1	retained	False
SOHLH2	retained	False
SPART	retained	False
CCNA1	retained	False
SERTM1	retained	False
RFXAP	retained	False
SMAD9	retained	False
ALG5	retained	False
EXOSC8	retained	False
SUPT20H	retained	False
CSNK1A1L	retained	False
LINC00547	retained_tss_unresolved	False
POSTN	retained	False
TRPC4	retained	False
UFM1	retained	False
FREM2	retained	False
STOML3	retained	False
PROSER1	retained	False
NHLRC3	retained	False
LHFPL6	retained	False
COG6	retained	False
LINC00598	retained	False
FOXO1	retained	False
MRPS31	retained	False
SLC25A15	retained	False
SUGT1P3	retained	False
ELF1	retained	False
WBP4	retained	False
KBTBD6	retained	False
KBTBD7	retained	False
MTRF1	retained	False
NAA16	retained	False
RGCC	retained	False
VWA8	retained	False
DGKH	retained	False
AKAP11	retained	False
TNFSF11	retained	False
FAM216B	retained	False
EPSTI1	retained	False
DNAJC15	retained	False
ENOX1	retained	False
CCDC122	retained	False
LACC1	retained	False
NRAD1	retained	False
SERP2	retained	False
TSC22D1	retained	False
NUFIP1	retained	False
GPALPP1	retained	False
GTF2F2	retained	False
KCTD4	retained	False
TPT1	retained	False
SLC25A30	retained	False
COG3	retained	False
ERICH6B	retained	False
CBY2	retained	False
SIAH3	retained	False
ZC3H13	retained	False
CPB2	retained	False
LCP1	retained	False
LRRC63	retained	False
RUBCNL	retained	False
LRCH1	retained	False
ESD	retained	False
HTR2A	retained	False
SUCLA2	retained	False
NUDT15	retained	False
MED4	retained	False
ITM2B	retained	False
RB1	retained	False
LPAR6	retained	False
RCBTB2	retained	False
CYSLTR2	retained	False
FNDC3A	retained	False
MLNR	retained	False
CDADC1	retained	False
CAB39L	retained	False
SETDB2	retained	False
PHF11	retained	False
RCBTB1	retained	False
ARL11	retained	False
EBPL	retained	False
KPNA3	retained	False
SPRYD7	retained	False
DLEU2	retained	False
TRIM13	retained	False
KCNRG	retained	False
DLEU1	retained	False
DLEU7	retained	False
RNASEH2B	retained	False
GUCY1B2	retained	False
C13orf42	retained	False
FAM124A	retained	False
SERPINE3	retained	False
INTS6	retained	False
WDFY2	retained	False
DHRS12	retained	False
TMEM272	retained_tss_unresolved	False
CCDC70	retained	False
ATP7B	retained	False
ALG11	retained	False
UTP14C	retained	False
NEK5	retained	False
NEK3	retained	False
THSD1	retained	False
VPS36	retained	False
CKAP2	retained	False
HNRNPA1L2	retained	False
SUGT1	retained	False
CNMD	retained	False
PCDH8	retained	False
OLFM4	retained	False
PRR20A	retained	False
PCDH17	retained	False
DIAPH3	retained	False
TDRD3	retained	False
PCDH20	retained	False
LINC00355	retained	False
PCDH9	retained	False
KLHL1	retained	False
DACH1	retained	False
MZT1	retained	False
BORA	retained	False
DIS3	retained	False
PIBF1	retained	False
KLF5	retained	False
KLF12	retained	False
TBC1D4	retained	False
COMMD6	retained	False
UCHL3	retained	False
LMO7	retained	False
LMO7DN	retained	False
KCTD12	retained	False
CLN5	retained	False
FBXL3	retained	False
MYCBP2	retained	False
SCEL	retained	False
SLAIN1	retained	False
EDNRB	retained	False
POU4F1	retained	False
OBI1	retained	False
RBM26	retained	False
NDFIP2	retained	False
SPRY2	retained	False
SLITRK1	retained	False
SLITRK6	retained	False
MIR4500HG	retained	False
SLITRK5	retained	False
MIR17HG	retained	False
GPC5	retained	False
GPC6	retained	False
DCT	retained	False
TGDS	retained	False
GPR180	retained	False
SOX21	retained	False
ABCC4	retained	False
CLDN10	retained	False
DZIP1	retained	False
DNAJC3	retained	False
UGGT2	retained	False
HS6ST3	retained	False
OXGR1	retained	False
MBNL2	retained	False
RAP2A	retained	False
IPO5	retained	False
FARP1	retained	False
RNF113B	retained	False
STK24	retained	False
SLC15A1	retained	False
DOCK9	retained	False
UBAC2	retained	False
GPR18	retained	False
GPR183	retained	False
TM9SF2	retained	False
CLYBL	retained	False
ZIC5	retained	False
ZIC2	retained	False
PCCA	retained	False
GGACT	retained	False
TMTC4	retained	False
NALCN	retained	False
ITGBL1	retained	False
FGF14	retained	False
FGF14-AS2	retained	False
TPP2	retained	False
METTL21C	retained	False
TEX30	retained	False
POGLUT2	retained	False
BIVM	retained	False
ERCC5	retained	False
METTL21EP	retained	False
SLC10A2	retained	False
DAOA	retained	False
LINC00460	retained	False
EFNB2	retained	False
ARGLU1	retained	False
NALF1	retained	False
LIG4	retained	False
ABHD13	retained	False
TNFSF13B	retained	False
MYO16	retained	False
IRS2	retained	False
COL4A1	retained	False
COL4A2	retained	False
RAB20	retained	False
NAXD	retained	False
CARS2	retained	False
ING1	retained	False
PRECSIT	retained	False
ANKRD10	retained	False
ARHGEF7	retained	False
TEX29	retained	False
SOX1	retained	False
SPACA7	retained	False
TUBGCP3	retained	False
ATP11AUN	retained	False
ATP11A	retained	False
MCF2L	retained	False
F7	retained	False
F10	retained	False
PROZ	retained	False
PCID2	retained	False
CUL4A	retained	False
LAMP1	retained	False
GRTP1	retained	False
ADPRHL1	retained	False
DCUN1D2	retained	False
TMCO3	retained	False
TFDP1	retained	False
ATP4B	retained	False
GRK1	retained	False
TMEM255B	retained	False
GAS6	retained	False
RASA3	retained	False
CDC16	retained	False
UPF3A	retained	False
CHAMP1	retained	False
POTEM	retained	False
POTEH	retained_tss_unresolved	False
DUXAP9	retained	False
DUXAP10	retained	False
POTEG	retained	False
OR4Q3	retained	False
OR4M1	retained	False
OR4N2	retained	False
OR4K2	retained	False
OR4K1	retained	False
OR4K5	retained	False
OR4K15	retained	False
OR4K14	retained	False
OR4K13	retained	False
OR4L1	retained	False
OR4K17	retained	False
OR4N5	retained	False
OR11G2	retained	False
OR11H6	retained	False
OR11H4	retained	False
TTC5	retained	False
CCNB1IP1	retained	False
PARP2	retained	False
TEP1	retained	False
OSGEP	retained	False
APEX1	retained	False
PIP4P1	retained	False
PNP	retained	False
RNASE10	retained	False
RNASE9	retained	False
RNASE11	retained	False
OR6S1	retained	False
ANG	retained	False
RNASE4	retained	False
EDDM3A	retained	False
EDDM3B	retained	False
RNASE6	retained	False
RNASE1	retained	False
RNASE3	retained	False
RNASE2	retained	False
METTL17	retained	False
SLC39A2	retained	False
NDRG2	retained	False
TPPP2	retained	False
RNASE13	retained	False
RNASE7	retained	False
RNASE8	retained	False
ARHGEF40	retained	False
ZNF219	retained	False
TMEM253	retained	False
OR5AU1	retained	False
LINC00641	retained	False
HNRNPC	retained	False
RPGRIP1	retained	False
SUPT16H	retained	False
CHD8	retained	False
SNORD8	retained	False
RAB2B	retained	False
TOX4	retained	False
METTL3	retained	False
SALL2	retained	False
OR10G3	retained	False
OR10G2	retained	False
OR4E2	retained	False
DAD1	retained	False
ABHD4	retained	False
OXA1L	retained	False
SLC7A7	retained	False
MRPL52	retained	False
MMP14	retained	False
LRP10	retained	False
REM2	retained	False
RBM23	retained	False
PRMT5	retained	False
HAUS4	retained	False
AJUBA	retained	False
C14orf93	retained	False
PSMB5	retained	False
PSMB11	retained	False
CDH24	retained	False
ACIN1	retained	False
C14orf119	retained	False
CEBPE	retained	False
SLC7A8	retained	False
HOMEZ	retained	False
PPP1R3E	retained	False
BCL2L2	retained	False
PABPN1	retained	False
SLC22A17	retained	False
EFS	retained	False
IL25	retained	False
CMTM5	retained	False
MYH6	retained	False
MYH7	retained	False
NGDN	retained	False
THTPA	retained	False
ZFHX2	retained	False
AP1G2	retained	False
JPH4	retained	False
DHRS2	retained	False
DHRS4-AS1	retained_tss_unresolved	False
DHRS4	retained	False
DHRS4L2	retained	False
CARMIL3	retained_tss_unresolved	False
CPNE6	retained	False
NRL	retained	False
PCK2	retained	False
DCAF11	retained	False
FITM1	retained	False
PSME1	retained	False
EMC9	retained	False
PSME2	retained	False
RNF31	retained	False
IRF9	retained	False
REC8	retained	False
IPO4	retained	False
TM9SF1	retained_tss_unresolved	False
TSSK4	retained	False
CHMP4A	retained	False
MDP1	retained	False
NEDD8	retained	False
GMPR2	retained	False
TINF2	retained	False
TGM1	retained	False
RABGGTA	retained	False
DHRS1	retained	False
NOP9	retained	False
CIDEB	retained	False
LTB4R2	retained_tss_unresolved	False
LTB4R	retained	False
ADCY4	retained	False
RIPK3	retained	False
NFATC4	retained	False
NYNRIN	retained	False
KHNYN	retained	False
CBLN3	retained	False
SDR39U1	retained	False
CMA1	retained	False
CTSG	retained	False
GZMH	retained	False
GZMB	retained	False
STXBP6	retained	False
NOVA1	retained	False
FOXG1	retained	False
LINC01551	retained	False
PRKD1	retained	False
G2E3	retained	False
SCFD1	retained	False
COCH	retained	False
STRN3	retained	False
AP4S1	retained	False
HECTD1	retained	False
HEATR5A	retained	False
DTD2	retained	False
NUBPL	retained	False
ARHGAP5	retained	False
AKAP6	retained	False
NPAS3	retained	False
EGLN3	retained	False
SPTSSA	retained	False
EAPP	retained	False
SNX6	retained	False
CFL2	retained	False
BAZ1A	retained	False
SRP54	retained	False
FAM177A1	retained	False
PPP2R3C	retained	False
PRORP	retained	False
PSMA6	retained	False
NFKBIA	retained	False
INSM2	retained	False
RALGAPA1	retained	False
BRMS1L	retained	False
MBIP	retained	False
SFTA3	retained	False
NKX2-1	retained	False
NKX2-8	retained	False
PAX9	retained	False
SLC25A21	retained	False
MIPOL1	retained	False
FOXA1	retained	False
TTC6	retained	False
SSTR1	retained	False
CLEC14A	retained	False
LINC00639	retained	False
SEC23A	retained	False
GEMIN2	retained	False
TRAPPC6B	retained	False
PNN	retained	False
MIA2	retained	False
FBXO33	retained	False
LRFN5	retained	False
FSCB	retained	False
C14orf28	retained	False
KLHL28	retained	False
TOGARAM1	retained	False
PRPF39	retained	False
FKBP3	retained	False
FANCM	retained	False
MIS18BP1	retained	False
RPL10L	retained	False
MDGA2	retained	False
RPS29	retained	False
LRR1	retained	False
RPL36AL	retained	False
MGAT2	retained	False
DNAAF2	retained	False
POLE2	retained	False
KLHDC1	retained	False
KLHDC2	retained	False
NEMF	retained	False
ARF6	retained	False
LINC01588	retained	False
VCPKMT	retained	False
SOS2	retained	False
L2HGDH	retained	False
DMAC2L	retained	False
CDKL1	retained	False
MAP4K5	retained	False
ATL1	retained	False
SAV1	retained	False
NIN	retained	False
ABHD12B	retained	False
PYGL	retained	False
TRIM9	retained	False
TMX1	retained	False
FRMD6	retained	False
FRMD6-AS2	retained	False
GNG2	retained	False
RTRAF	retained	False
NID2	retained	False
PTGDR	retained	False
PTGER2	retained	False
TXNDC16	retained	False
GPR137C	retained	False
ERO1A	retained	False
PSMC6	retained	False
STYX	retained	False
GNPNAT1	retained	False
FERMT2	retained	False
DDHD1	retained	False
BMP4	retained	False
CDKN3	retained	False
CNIH1	retained	False
GMFB	retained	False
CGRRF1	retained	False
SAMD4A	retained	False
GCH1	retained	False
WDHD1	retained	False
SOCS4	retained	False
MAPK1IP1L	retained	False
LGALS3	retained	False
DLGAP5	retained	False
FBXO34	retained	False
ATG14	retained	False
TBPL2	retained	False
KTN1	retained	False
RPL13AP3	retained	False
PELI2	retained	False
TMEM260	retained	False
OTX2	retained	False
EXOC5	retained	False
AP5M1	retained	False
NAA30	retained	False
CCDC198	retained	False
SLC35F4	retained	False
ARMH4	retained	False
ACTR10	retained	False
PSMA3	retained	False
ARID4A	retained	False
TOMM20L	retained	False
TIMM9	retained	False
KIAA0586	retained	False
DACT1	retained	False
DAAM1	retained	False
GPR135	retained	False
L3HYPDH	retained	False
JKAMP	retained	False
CCDC175	retained	False
RTN1	retained	False
PCNX4	retained	False
DHRS7	retained	False
PPM1A	retained	False
C14orf39	retained	False
SIX6	retained	False
SIX1	retained	False
SIX4	retained	False
MNAT1	retained	False
TRMT5	retained	False
SLC38A6	retained	False
TMEM30B	retained	False
PRKCH	retained	False
HIF1A	retained	False
SNAPC1	retained	False
SYT16	retained	False
KCNH5	retained	False
RHOJ	retained	False
GPHB5	retained	False
PPP2R5E	retained	False
WDR89	retained	False
SGPP1	retained	False
SYNE2	retained	False
ESR2	retained	False
MTHFD1	retained	False
ZBTB25	retained	False
AKAP5	retained	False
ZBTB1	retained	False
HSPA2	retained	False
PPP1R36	retained	False
PLEKHG3	retained	False
SPTB	retained	False
CHURC1	retained	False
GPX2	retained	False
RAB15	retained	False
FNTB	retained	False
MAX	retained	False
FUT8	retained	False
CCDC196	retained	False
GPHN	retained	False
GARIN2	retained	False
PALS1	retained	False
ATP6V1D	retained	False
EIF2S1	retained	False
PLEK2	retained	False
TMEM229B	retained	False
PLEKHH1	retained	False
PIGH	retained	False
ARG2	retained	False
VTI1B	retained	False
RDH11	retained	False
RDH12	retained	False
ZFYVE26	retained	False
RAD51B	retained	False
ZFP36L1	retained	False
ACTN1	retained	False
DCAF5	retained	False
EXD2	retained	False
GALNT16	retained	False
ERH	retained	False
SLC39A9	retained	False
CCDC177	retained	False
SUSD6	retained	False
SRSF5	retained	False
SLC10A1	retained	False
SMOC1	retained	False
SLC8A3	retained	False
ADAM21P1	retained	False
COX16	retained	False
SYNJ2BP	retained	False
ADAM21	retained	False
ADAM20	retained	False
MED6	retained	False
TTC9	retained	False
MAP3K9	retained	False
PCNX1	retained	False
SIPA1L1	retained	False
RGS6	retained	False
DPF3	retained	False
DCAF4	retained	False
ZFYVE1	retained	False
RBM25	retained	False
PSEN1	retained	False
PAPLN	retained	False
NUMB	retained	False
HEATR4	retained	False
RIOX1	retained	False
ACOT1	retained	False
ACOT2	retained	False
ACOT4	retained	False
ACOT6	retained	False
DNAL1	retained	False
PNMA1	retained	False
MIDEAS	retained	False
PTGR2	retained	False
ZNF410	retained	False
FAM161B	retained	False
COQ6	retained	False
ENTPD5	retained	False
BBOF1	retained	False
ALDH6A1	retained	False
LIN52	retained	False
VSX2	retained	False
ABCD4	retained	False
VRTN	retained	False
SYNDIG1L	retained	False
NPC2	retained	False
ISCA2	retained	False
LTBP2	retained	False
AREL1	retained	False
FCF1	retained	False
YLPM1	retained	False
PROX2	retained	False
DLST	retained	False
RPS6KL1	retained	False
PGF	retained	False
EIF2B2	retained	False
MLH3	retained	False
ACYP1	retained	False
ZC2HC1C	retained	False
NEK9	retained	False
TMED10	retained	False
FOS	retained	False
JDP2	retained	False
BATF	retained	False
FLVCR2	retained	False
ERG28	retained	False
TTLL5	retained	False
TGFB3	retained	False
IFT43	retained	False
GPATCH2L	retained	False
ESRRB	retained	False
VASH1	retained	False
ANGEL1	retained	False
LRRC74A	retained	False
IRF2BPL	retained	False
LINC02288	retained	False
CIPC	retained	False
ZDHHC22	retained	False
TMEM63C	retained	False
NGB	retained	False
POMT2	retained	False
GSTZ1	retained	False
TMED8	retained	False
SAMD15	retained	False
NOXRED1	retained	False
VIPAS39	retained	False
AHSA1	retained	False
ISM2	retained	False
SPTLC2	retained	False
ALKBH1	retained	False
SLIRP	retained	False
SNW1	retained	False
C14orf178	retained	False
ADCK1	retained	False
NRXN3	retained	False
DIO2	retained	False
CEP128	retained	False
TSHR	retained	False
GTF2A1	retained	False
STON2	retained	False
SEL1L	retained	False
FLRT2	retained	False
GALC	retained	False
GPR65	retained	False
HISLA	retained	False
KCNK10	retained	False
SPATA7	retained	False
PTPN21	retained	False
ZC3H14	retained	False
EML5	retained	False
TTC8	retained	False
FOXN3	retained	False
FOXN3-AS1	retained	False
FOXN3-AS2	retained	False
EFCAB11	retained	False
TDP1	retained	False
KCNK13	retained	False
PSMC1	retained	False
NRDE2	retained	False
CALM1	retained	False
LINC00642	retained	False
TTC7B	retained	False
RPS6KA5	retained	False
DGLUCY	retained	False
GPR68	retained	False
CCDC88C	retained	False
PPP4R3A	retained	False
CATSPERB	retained	False
TC2N	retained	False
FBLN5	retained	False
TRIP11	retained	False
ATXN3	retained	False
NDUFB1	retained	False
CPSF2	retained	False
SLC24A4	retained	False
RIN3	retained	False
LGMN	retained	False
GOLGA5	retained	False
CHGA	retained	False
ITPK1	retained	False
MOAP1	retained	False
TMEM251	retained	False
GON7	retained_tss_unresolved	False
UBR7	retained	False
BTBD7	retained	False
UNC79	retained	False
COX8C	retained	False
PRIMA1	input_only	True
FAM181A-AS1	input_only	True
FAM181A	input_only	True
ASB2	input_only	True
CCDC197	input_only	True
OTUB2	input_only	True
DDX24	input_only	True
IFI27L1	input_only	True
IFI27	input_only	True
IFI27L2	input_only	True
PPP4R4	input_only	True
SERPINA10	input_only	True
SERPINA6	input_only	True
SERPINA2	input_only	True
SERPINA1	tss_and_input	True
SERPINA11	input_only	True
SERPINA9	input_only	True
SERPINA12	input_only	True
SERPINA4	input_only	True
SERPINA5	input_only	True
SERPINA3	input_only	True
SERPINA13P	input_only	True
GSC	input_only	True
DICER1	input_only	True
DICER1-AS1	input_only	True
CLMN	input_only	True
SYNE3	retained	False
GLRX5	retained	False
TCL1B	retained	False
TCL1A	retained	False
C14orf132	retained	False
BDKRB2	retained	False
BDKRB1	retained	False
ATG2B	retained	False
GSKIP	retained	False
AK7	retained	False
PAPOLA	retained	False
VRK1	retained	False
LINC02914	retained	False
BCL11B	retained	False
SETD3	retained	False
CCNK	retained	False
CCDC85C	retained	False
HHIPL1	retained	False
CYP46A1	retained	False
EML1	retained	False
EVL	retained	False
DEGS2	retained	False
YY1	retained	False
SLC25A29	retained	False
SLC25A47	retained	False
WARS1	retained	False
WDR25	retained	False
BEGAIN	retained	False
DLK1	retained	False
MEG3	retained	False
RTL1	retained	False
DIO3OS	retained	False
DIO3	retained	False
LINC00239	retained	False
PPP2R5C	retained	False
DYNC1H1	retained	False
HSP90AA1	retained	False
WDR20	retained	False
MOK	retained	False
ZNF839	retained	False
CINP	retained	False
TECPR2	retained	False
ANKRD9	retained	False
RCOR1	retained	False
TRAF3	retained	False
AMN	retained	False
CDC42BPB	retained	False
EXOC3L4	retained	False
TNFAIP2	retained	False
EIF5	retained	False
MARK3	retained	False
CKB	retained	False
TRMT61A	retained	False
BAG5	retained	False
COA8	retained	False
KLC1	retained	False
XRCC3	retained	False
ZFYVE21	retained	False
PPP1R13B	retained	False
ATP5MJ	retained	False
TDRD9	retained	False
RD3L	retained	False
KIF26A	retained	False
C14orf180	retained	False
TMEM179	retained	False
INF2	retained	False
ADSS1	retained	False
SIVA1	retained	False
AKT1	retained	False
CEP170B	retained	False
PLD4	retained	False
AHNAK2	retained	False
CLBA1	retained	False
CDCA4	retained	False
GPR132	retained	False
JAG2	retained	False
NUDT14	retained	False
BRF1	retained	False
BTBD6	retained	False
PACS2	retained	False
MTA1	retained	False
CRIP2	retained	False
CRIP1	retained	False
TEDC1	retained	False
TMEM121	retained	False
FAM30A	retained_tss_unresolved	False
ADAM6	retained	False
POTEB	retained	False
OR4M2	retained	False
OR4N4	retained	False
GOLGA8EP	retained	False
TUBGCP5	retained	False
CYFIP1	retained	False
NIPA2	retained	False
NIPA1	retained	False
HERC2P7	retained	False
GOLGA6L1	retained	False
GOLGA6L2	retained	False
MKRN3	retained	False
MAGEL2	retained	False
NDN	retained	False
NPAP1	retained	False
SNRPN	retained	False
SNURF	retained	False
UBE3A	retained	False
ATP10A	retained	False
LINC00929	retained	False
GABRB3	retained	False
GABRA5	retained	False
GABRG3	retained	False
OCA2	retained	False
HERC2	retained	False
GOLGA8G	retained	False
HERC2P9	retained	False
GOLGA8M	retained	False
APBA2	retained	False
ENTREP2	retained_tss_unresolved	False
NSMCE3	retained_tss_unresolved	False
TJP1	retained	False
LINC02249	retained	False
CHRFAM7A	retained	False
FAN1	retained	False
MTMR10	retained	False
TRPM1	retained	False
LINC03034	retained	False
KLF13	retained	False
OTUD7A	retained	False
CHRNA7	retained	False
ULK4P2	retained	False
ARHGAP11A	retained	False
SCG5	retained	False
GREM1	retained	False
FMN1	retained	False
RYR3	retained	False
AVEN	retained	False
CHRM5	retained	False
EMC7	retained	False
PGBD4	retained	False
KATNBL1	retained	False
EMC4	retained	False
SLC12A6	retained	False
NOP10	retained	False
NUTM1	retained	False
LPCAT4	retained	False
GOLGA8A	retained	False
GOLGA8B	retained	False
GJD2	retained	False
ACTC1	retained	False
AQR	retained	False
ZNF770	retained	False
NANOGP8	retained	False
DPH6	retained	False
CDIN1	retained	False
MEIS2	retained	False
TMCO5A	retained	False
SPRED1	retained	False
FAM98B	retained	False
RASGRP1	retained	False
LINC02694	retained	False
LINC02915	retained	False
THBS1	retained	False
FSIP1	retained	False
GPR176	retained	False
EIF2AK4	retained	False
SRP14	retained	False
BMF	retained	False
BUB1B	retained	False
PAK6	retained	False
PAK6-AS1	retained	False
PLCB2	retained	False
CCDC9B	retained	False
PHGR1	retained	False
DISP2	retained	False
KNSTRN	retained	False
IVD	retained	False
BAHD1	retained	False
CHST14	retained	False
CCDC32	retained	False
RPUSD2	retained	False
KNL1	retained	False
RAD51	retained	False
RMDN3	retained	False
GCHFR	retained	False
DNAJC17	retained	False
C15orf62	retained	False
ZFYVE19	retained	False
PPP1R14D	retained	False
SPINT1	retained	False
RHOV	retained	False
VPS18	retained	False
DLL4	retained	False
CHAC1	retained	False
INO80	retained	False
EXD1	retained	False
CHP1	retained	False
OIP5-AS1	retained	False
OIP5	retained	False
NUSAP1	retained	False
NDUFAF1	retained	False
RTF1	retained	False
ITPKA	retained	False
LTK	retained	False
RPAP1	retained	False
TYRO3	retained	False
MGA	retained	False
MAPKBP1	retained	False
PLA2G4B	retained	False
SPTBN5	retained	False
EHD4	retained	False
PLA2G4E	retained	False
PLA2G4D	retained	False
PLA2G4F	retained	False
VPS39	retained	False
TMEM87A	retained	False
GANC	retained	False
CAPN3	retained	False
ZNF106	retained	False
SNAP23	retained	False
LRRC57	retained	False
HAUS2	retained	False
STARD9	retained	False
CDAN1	retained	False
TTBK2	retained	False
UBR1	retained	False
TMEM62	retained	False
CCNDBP1	retained	False
EPB42	retained	False
TGM5	retained	False
TGM7	retained	False
LCMT2	retained	False
ADAL	retained	False
ZSCAN29	retained	False
TUBGCP4	retained	False
TP53BP1	retained	False
MAP1A	retained	False
PPIP5K1	retained	False
CKMT1B	retained	False
STRC	retained	False
CATSPER2	retained	False
CATSPER2P1	retained	False
PDIA3	retained	False
ELL3	retained	False
SERF2	retained	False
HYPK	retained	False
MFAP1	retained	False
WDR76	retained	False
FRMD5	retained	False
GOLM2	retained	False
CTDSPL2	retained	False
EIF3J-DT	retained	False
EIF3J	retained	False
SPG11	retained	False
B2M	retained	False
TRIM69	retained	False
TERB2	retained	False
SORD	retained	False
DUOX2	retained	False
DUOXA2	retained	False
DUOXA1	retained	False
DUOX1	retained	False
SHF	retained	False
SLC28A2	retained	False
GATM	retained	False
SPATA5L1	retained	False
C15orf48	retained	False
SLC30A4	retained	False
BLOC1S6	retained	False
SQOR	retained	False
SEMA6D	retained	False
SLC24A5	retained	False
MYEF2	retained	False
SLC12A1	retained	False
DUT	retained	False
FBN1	retained	False
CEP152	retained	False
SHC4	retained	False
EID1	retained	False
SECISBP2L	retained	False
COPS2	retained	False
GALK2	retained	False
FAM227B	retained	False
FGF7	retained	False
DTWD1	retained	False
ATP8B4	retained	False
SLC27A2	retained	False
HDC	retained	False
GABPB1	retained	False
USP8	retained	False
USP50	retained	False
TRPM7	retained	False
SPPL2A	retained	False
AP4E1	retained	False
TNFAIP8L3	retained	False
CYP19A1	retained	False
GLDN	retained	False
DMXL2	retained	False
SCG3	retained	False
LYSMD2	retained	False
TMOD2	retained	False
TMOD3	retained	False
LEO1	retained	False
MAPK6	retained	False
BCL2L10	retained	False
GNB5	retained	False
MYO5C	retained	False
MYO5A	retained	False
ARPP19	retained	False
ATOSA	retained	False
ONECUT1	retained	False
WDR72	retained	False
UNC13C	retained	False
RSL24D1	retained	False
RAB27A	retained	False
PIGB	retained	False
CCPG1	retained	False
DNAAF4	retained	False
PYGO1	retained	False
PRTG	retained	False
NEDD4	retained	False
RFX7	retained	False
TEX9	retained	False
MNS1	retained	False
ZNF280D	retained	False
TCF12	retained	False
LINC00926	retained	False
CGNL1	retained	False
GCOM1	retained	False
POLR2M	retained	False
ALDH1A2	retained	False
AQP9	retained	False
LIPC	retained	False
ADAM10	retained	False
MINDY2	retained	False
SLTM	retained	False
RNF111	retained	False
CCNB2	retained	False
MYO1E	retained	False
LDHAL6B	retained	False
FAM81A	retained	False
GCNT3	retained	False
GTF2A2	retained	False
BNIP2	retained	False
FOXB1	retained	False
ANXA2	retained	False
ICE2	retained	False
RORA	retained	False
VPS13C	retained	False
C2CD4A	retained	False
C2CD4B	retained	False
TLN2	retained	False
MGC15885	retained	False
TPM1	retained	False
LACTB	retained	False
RPS27L	retained	False
RAB8B	retained	False
APH1B	retained	False
CA12	retained	False
USP3	retained	False
FBXL22	retained	False
HERC1	retained	False
DAPK2	retained	False
CIAO2A	retained	False
SNX1	retained	False
SNX22	retained	False
PPIB	retained	False
CSNK1G1	retained	False
PCLAF	retained	False
TRIP4	retained	False
ZNF609	retained	False
OAZ2	retained	False
RBPMS2	retained	False
PIF1	retained	False
PLEKHO2	retained	False
ANKDD1A	retained	False
SPG21	retained	False
MTFMT	retained	False
SLC51B	retained	False
RASL12	retained	False
KBTBD13	retained	False
UBAP1L	retained	False
PDCD7	retained	False
CLPX	retained	False
CILP	retained	False
PARP16	retained	False
IGDCC3	retained	False
IGDCC4	retained	False
DPP8	retained	False
HACD3	retained	False
INTS14	retained	False
SLC24A1	retained	False
DENND4A	retained	False
RAB11A	retained	False
MEGF11	retained	False
DIS3L	retained	False
TIPIN	retained	False
MAP2K1	retained	False
SNAPC5	retained	False
RPL4	retained	False
ZWILCH	retained	False
LCTL	retained	False
SMAD6	retained	False
SMAD3	retained	False
AAGAB	retained	False
IQCH	retained	False
C15orf61	retained	False
MAP2K5	retained	False
PIAS1	retained	False
CALML4	retained	False
CLN6	retained	False
FEM1B	retained	False
ITGA11	retained	False
CORO2B	retained	False
ANP32A	retained	False
SPESP1	retained	False
NOX5	retained	False
EWSAT1	retained	False
GLCE	retained	False
PAQR5	retained	False
KIF23-AS1	retained	False
KIF23	retained	False
RPLP1	retained	False
DRAIC	retained	False
TLE3	retained	False
UACA	retained	False
LARP6	retained	False
LRRC49	retained	False
THAP10	retained	False
CT62	retained	False
THSD4	retained	False
NR2E3	retained	False
MYO9A	retained	False
SENP8	retained	False
GRAMD2A	retained	False
PKM	retained	False
PARP6	retained	False
CELF6	retained	False
HEXA	retained	False
HEXA-AS1	retained	False
TMEM202	retained	False
ARIH1	retained	False
GOLGA6B	retained	False
HIGD2B	retained	False
BBS4	retained	False
ADPGK	retained	False
NEO1	retained	False
HCN4	retained	False
NPTN	retained	False
CD276	retained	False
TBC1D21	retained	False
LOXL1	retained	False
STOML1	retained	False
PML	retained	False
GOLGA6A	retained	False
ISLR2	retained	False
ISLR	retained	False
STRA6	retained	False
CCDC33	retained	False
CYP11A1	retained	False
SEMA7A	retained	False
UBL7	retained	False
ARID3B	retained	False
CLK3	retained	False
EDC3	retained	False
CYP1A1	retained	False
CYP1A2	retained	False
CSK	retained	False
LMAN1L	retained	False
CPLX3	retained	False
ULK3	retained	False
SCAMP2	retained	False
MPI	retained	False
FAM219B	retained	False
COX5A	retained	False
RPP25	retained	False
SCAMP5	retained	False
PPCDC	retained	False
C15orf39	retained	False
COMMD4	retained	False
NEIL1	retained	False
MAN2C1	retained	False
SIN3A	retained	False
PTPN9	retained	False
SNUPN	retained	False
IMP3	retained	False
SNX33	retained	False
CSPG4	retained	False
ODF3L1	retained	False
UBE2Q2	retained	False
FBXO22	retained	False
NRG4	retained	False
TMEM266	retained	False
ETFA	retained	False
ISL2	retained	False
SCAPER	retained	False
RCN2	retained	False
PSTPIP1	retained	False
TSPAN3	retained	False
PEAK1	retained	False
HMG20A	retained	False
LINGO1	retained	False
LINGO1-AS1	retained	False
TBC1D2B	retained	False
SH2D7	retained	False
CIB2	retained	False
IDH3A	retained	False
ACSBG1	retained	False
DNAJA4	retained	False
SKIC8	retained	False
CRABP1	retained	False
IREB2	retained	False
HYKK	retained	False
PSMA4	retained	False
CHRNA5	retained	False
CHRNA3	retained	False
CHRNB4	retained	False
ADAMTS7	retained	False
MORF4L1	retained	False
CTSH	retained	False
RASGRF1	retained	False
ANKRD34C	retained	False
TMED3	retained	False
MINAR1	retained	False
MTHFS	retained	False
BCL2A1	retained	False
ZFAND6	retained	False
FAH	retained	False
ARNT2	retained	False
ABHD17C	retained	False
CEMIP	retained	False
MESD	retained	False
TLNRD1	retained	False
CFAP161	retained	False
IL16	retained	False
STARD5	retained	False
TMC3	retained	False
MEX3B	retained	False
EFL1	retained	False
SAXO2	retained	False
RPS17	retained	False
GOLGA6L9	retained_tss_unresolved	False
CPEB1	retained	False
CPEB1-AS1	retained	False
AP3B2	retained	False
ACTG1P17	retained	False
SCARNA15	retained_tss_unresolved	False
FSD2	retained	False
WHAMM	retained	False
HOMER2	retained	False
RAMAC	retained	False
C15orf40	retained	False
BTBD1	retained	False
TM6SF1	retained	False
HDGFL3	retained	False
BNC1	retained	False
SH3GL3	retained	False
ADAMTSL3	retained	False
UBE2Q2P1	retained	False
ZSCAN2	retained	False
WDR73	retained	False
NMB	retained	False
SEC11A	retained	False
ZNF592	retained	False
ALPK3	retained	False
SLC28A1	retained	False
PDE8A	retained	False
AKAP13	retained	False
KLHL25	retained	False
AGBL1	retained	False
LINC00052	retained	False
NTRK3	retained	False
MRPL46	retained	False
MRPS11	retained	False
DET1	retained	False
AEN	retained	False
ISG20	retained	False
ACAN	retained	False
HAPLN3	retained	False
MFGE8	retained	False
ABHD2	retained	False
RLBP1	retained	False
FANCI	retained	False
POLG	retained	False
MIR9-3HG	retained	False
RHCG	retained	False
LINC00928	retained	False
TICRR	retained	False
KIF7	retained	False
PLIN1	retained	False
PEX11A	retained	False
WDR93	retained	False
MESP1	retained	False
MESP2	retained	False
ANPEP	retained	False
AP3S2	retained	False
ARPIN	retained	False
ZNF710	retained	False
IDH2	retained	False
SEMA4B	retained	False
CIB1	retained	False
NGRN	retained	False
GABARAPL3	retained	False
ZNF774	retained	False
IQGAP1	retained	False
CRTC3	retained	False
BLM	retained	False
FURIN	retained	False
FES	retained	False
MAN2A2	retained	False
UNC45A	retained	False
HDDC3	retained	False
RCCD1	retained	False
PRC1	retained	False
VPS33B	retained	False
SV2B	retained	False
SLCO3A1	retained	False
ST8SIA2	retained	False
C15orf32	retained	False
FAM174B	retained	False
CHD2	retained	False
RGMA	retained	False
MCTP2	retained	False
LETR1	retained	False
NR2F2	retained	False
SPATA8	retained	False
ARRDC4	retained	False
FAM169BP	retained_tss_unresolved	False
IGF1R	retained	False
PGPEP1L	retained	False
SYNM	retained	False
TTC23	retained	False
LRRC28	retained	False
MEF2A	retained	False
LYSMD4	retained	False
ADAMTS17	retained	False
CERS3	retained	False
LINS1	retained	False
ASB7	retained	False
ALDH1A3	retained	False
LRRK1	retained	False
CHSY1	retained	False
SELENOS	retained	False
SNRPA1	retained	False
PCSK6	retained	False
TM2D3	retained	False
TARS3	retained	False
OR4F6	retained	False
OR4F15	retained	False
POLR3K	retained	False
SNRNP25	retained	False
RHBDF1	retained	False
MPG	retained	False
NPRL3	retained	False
HBZ	retained	False
HBM	retained	False
HBA2	retained	False
HBA1	retained	False
HBQ1	retained	False
LUC7L	retained	False
FAM234A	retained	False
RGS11	retained	False
ARHGDIG	retained	False
PDIA2	retained	False
AXIN1	retained	False
MRPL28	retained	False
PGAP6	retained	False
NME4	retained	False
DECR2	retained	False
RAB11FIP3	retained	False
CAPN15	retained	False
PRR35	retained	False
NHLRC4	retained	False
PIGQ	retained	False
RAB40C	retained	False
WFIKKN1	retained	False
METTL26	retained	False
MCRIP2	retained	False
WDR90	retained	False
RHOT2	retained	False
RHBDL1	retained	False
STUB1	retained	False
JMJD8	retained	False
WDR24	retained	False
FBXL16	retained	False
METRN	retained	False
ANTKMT	retained	False
CCDC78	retained	False
HAGHL	retained	False
CIAO3	retained	False
MSLN	retained	False
RPUSD1	retained	False
CHTF18	retained	False
GNG13	retained	False
LMF1	retained	False
SOX8	retained	False
SSTR5-AS1	retained	False
SSTR5	retained	False
C1QTNF8	retained	False
CACNA1H	retained	False
TPSG1	retained	False
TPSB2	retained	False
TPSAB1	retained	False
TPSD1	retained	False
UBE2I	retained	False
BAIAP3	retained	False
TSR3	retained	False
GNPTG	retained	False
UNKL	retained	False
C16orf91	retained	False
CLCN7	retained	False
PTX4	retained	False
TELO2	retained	False
IFT140	retained	False
TMEM204	retained	False
CRAMP1	retained	False
JPT2	retained	False
MAPK8IP3	retained	False
NME3	retained	False
MRPS34	retained	False
EME2	retained	False
SPSB3	retained	False
NUBP2	retained	False
IGFALS	retained	False
HAGH	retained	False
FAHD1	retained	False
MEIOB	retained	False
HS3ST6	retained	False
MSRB1	retained	False
RPL3L	retained	False
NDUFB10	retained	False
RPS2	retained	False
SNORA64	retained	False
RNF151	retained	False
TBL3	retained	False
NOXO1	retained	False
GFER	retained	False
SYNGR3	retained	False
ZNF598	retained	False
SLC9A3R2	retained	False
NTHL1	retained	False
TSC2	retained	False
PKD1	retained	False
RAB26	retained	False
TRAF7	retained	False
CASKIN1	retained	False
MLST8	retained	False
BRICD5	retained	False
PGP	retained	False
E4F1	retained	False
DNASE1L2	retained	False
ECI1	retained	False
RNPS1	retained	False
ABCA3	retained	False
ABCA17P	retained	False
CCNF	retained	False
TEDC2	retained	False
TEDC2-AS1	retained	False
NTN3	retained	False
TBC1D24	retained	False
ATP6V0C	retained	False
AMDHD2	retained	False
PDPK1	retained	False
KCTD5	retained	False
PRSS27	retained	False
SRRM2	retained	False
ELOB	retained	False
PRSS33	retained	False
PRSS21	retained	False
ZG16B	retained	False
PRSS30P	retained	False
PRSS22	retained	False
FLYWCH2	retained	False
FLYWCH1	retained	False
KREMEN2	retained	False
PAQR4	retained	False
PKMYT1	retained	False
CLDN9	retained	False
CLDN6	retained	False
TNFRSF12A	retained	False
HCFC1R1	retained	False
THOC6	retained	False
BICDL2	retained	False
MMP25	retained	False
IL32	retained	False
ZSCAN10	retained	False
ZNF205	retained	False
ZNF213	retained	False
CASP16P	retained	False
OR1F1	retained	False
OR1F2P	retained	False
ZNF200	retained	False
MEFV	retained	False
ZNF263	retained	False
TIGD7	retained	False
ZNF75A	retained	False
OR2C1	retained	False
ZSCAN32	retained	False
ZNF174	retained	False
ZNF597	retained	False
NAA60	retained	False
CLUAP1	retained	False
NLRC3	retained	False
SLX4	retained	False
DNASE1	retained	False
TRAP1	retained	False
CREBBP	retained	False
ADCY9	retained	False
SRL	retained	False
TFAP4	retained	False
GLIS2	retained	False
PAM16	retained	False
CORO7	retained	False
VASN	retained	False
DNAJA3	retained	False
NMRAL1	retained	False
HMOX2	retained	False
CDIP1	retained	False
UBALD1	retained	False
MGRN1	retained	False
NUDT16L1	retained	False
ANKS3	retained	False
DNAAF8	retained	False
ZNF500	retained	False
SEPTIN12	retained	False
ROGDI	retained	False
GLYR1	retained	False
UBN1	retained	False
PPL	retained	False
SEC14L5	retained	False
NAGPA	retained	False
C16orf89	retained	False
ALG1	retained	False
EEF2KMT	retained	False
RBFOX1	retained	False
TMEM114	retained	False
METTL22	retained	False
ABAT	retained	False
TMEM186	retained	False
PMM2	retained	False
CARHSP1	retained	False
USP7	retained	False
HAPSTR1	retained	False
GRIN2A	retained	False
ATF7IP2	retained	False
EMP2	retained	False
TEKT5	retained	False
NUBP1	retained	False
CIITA	retained	False
DEXI	retained	False
CLEC16A	retained	False
SOCS1	retained	False
TNP2	retained	False
PRM3	retained	False
PRM2	retained	False
PRM1	retained	False
RMI2	retained	False
LITAF	retained	False
SNN	retained	False
TXNDC11	retained	False
ZC3H7A	retained	False
RSL1D1	retained	False
GSPT1	retained	False
TNFRSF17	retained	False
SNX29	retained	False
CPPED1	retained	False
SHISA9	retained	False
ERCC4	retained	False
MRTFB	retained	False
PARN	retained	False
BFAR	retained	False
PLA2G10	retained	False
NOMO1	retained	False
NPIPA1	retained	False
PDXDC1	retained	False
NTAN1	retained	False
RRN3	retained	False
MPV17L	retained	False
BMERB1	retained_tss_unresolved	False
MARF1	retained_tss_unresolved	False
NDE1	retained	False
MYH11	retained	False
CEP20	retained_tss_unresolved	False
ABCC1	retained	False
ABCC6	retained	False
NOMO3	retained	False
XYLT1	retained	False
NOMO2	retained	False
ABCC6P1	retained	False
RPS15A	retained	False
ARL6IP1	retained	False
SMG1	retained	False
TMC7	retained	False
COQ7	retained	False
ITPRIPL2	retained	False
SYT17	retained	False
TMC5	retained	False
GDE1	retained	False
CCP110	retained	False
VPS35L	retained	False
KNOP1	retained	False
IQCK	retained	False
GPRC5B	retained	False
GPR139	retained	False
GP2	retained	False
UMOD	retained	False
PDILT	retained	False
ACSM5	retained	False
ACSM2A	retained	False
ACSM2B	retained	False
ACSM1	retained	False
THUMPD1	retained	False
ACSM3	retained	False
ERI2	retained	False
REXO5	retained	False
DCUN1D3	retained	False
LYRM1	retained	False
DNAH3	retained	False
LDAF1	retained_tss_unresolved	False
ZP2	retained	False
ANKS4B	retained	False
CRYM	retained	False
NPIPB3	retained	False
METTL9	retained	False
IGSF6	retained	False
OTOA	retained	False
UQCRC2	retained	False
PDZD9	retained	False
MOSMO	retained_tss_unresolved	False
VWA3A	retained	False
EEF2K	retained	False
POLR3E	retained	False
CDR2	retained	False
HS3ST2	retained	False
USP31	retained	False
SCNN1G	retained	False
SCNN1B	retained	False
COG7	retained	False
GGA2	retained	False
EARS2	retained	False
UBFD1	retained	False
NDUFAB1	retained	False
PALB2	retained	False
DCTN5	retained	False
PLK1	retained	False
ERN2	retained	False
CHP2	retained	False
PRKCB	retained	False
CACNG3	retained	False
RBBP6	retained	False
TNRC6A	retained	False
SLC5A11	retained	False
ARHGAP17	retained	False
LINC02175	retained	False
LCMT1	retained	False
AQP8	retained	False
ZKSCAN2	retained	False
HS3ST4	retained	False
C16orf82	retained	False
KDM8	retained	False
NSMCE1	retained	False
NSMCE1-DT	retained	False
IL4R	retained	False
IL21R	retained	False
IL21R-AS1	retained	False
GTF3C1	retained	False
KATNIP	retained	False
GSG1L	retained	False
XPO6	retained	False
SBK1	retained	False
CLN3	retained	False
APOBR	retained	False
IL27	retained	False
NUPR1	retained	False
SGF29	retained	False
SULT1A2	retained	False
SULT1A1	retained	False
EIF3C	retained	False
NPIPB9	retained	False
ATXN2L	retained	False
TUFM	retained	False
SH2B1	retained	False
ATP2A1	retained	False
RABEP2	retained	False
CD19	retained	False
NFATC2IP	retained	False
SPNS1	retained	False
LAT	retained	False
BOLA2B	retained	False
SLX1A	retained	False
SULT1A4	retained	False
SPN	retained	False
QPRT	retained	False
C16orf54	retained	False
ZG16	retained	False
KIF22	retained	False
MAZ	retained	False
PRRT2	retained	False
PAGR1	retained_tss_unresolved	False
MVP	retained	False
CDIPT	retained	False
CDIPTOSP	retained	False
SEZ6L2	retained	False
ASPHD1	retained	False
KCTD13	retained	False
TMEM219	retained	False
TAOK2	retained	False
HIRIP3	retained	False
INO80E	retained	False
DOC2A	retained	False
C16orf92	retained	False
TLCD3B	retained	False
ALDOA	retained	False
PPP4C	retained	False
TBX6	retained	False
YPEL3	retained	False
GDPD3	retained	False
MAPK3	retained	False
CORO1A	retained	False
SULT1A3	retained	False
CD2BP2	retained	False
TBC1D10B	retained	False
MYL11	retained	False
SEPTIN1	retained	False
ZNF48	retained	False
ZNF771	retained	False
DCTPP1	retained	False
SEPHS2	retained	False
ITGAL	retained	False
ZNF768	retained	False
ZNF747	retained	False
ZNF764	retained	False
ZNF688	retained	False
ZNF785	retained	False
ZNF689	retained	False
PRR14	retained	False
FBRS	retained	False
SRCAP	retained	False
PHKG2	retained	False
CFAP119	retained	False
RNF40	retained	False
ZNF629	retained	False
BCL7C	retained	False
CTF1	retained	False
FBXL19-AS1	retained	False
FBXL19	retained	False
ORAI3	retained	False
SETD1A	retained	False
HSD3B7	retained	False
STX1B	retained	False
STX4	retained	False
ZNF668	retained	False
ZNF646	retained	False
VKORC1	retained	False
BCKDK	retained	False
KAT8	retained	False
PRSS8	retained	False
PRSS36	retained	False
FUS	retained	False
PYCARD	retained	False
TRIM72	retained	False
PYDC1	retained	False
ITGAM	retained	False
ITGAX	retained	False
ITGAD	retained	False
COX6A2	retained	False
ZNF843	retained	False
ARMC5	retained	False
TGFB1I1	retained	False
SLC5A2	retained	False
RUSF1	retained	False
AHSP	retained	False
KRBOX5	retained	False
ZNF267	retained	False
TP53TG3	retained	False
SLC6A10P	retained	False
SHCBP1	retained	False
VPS35	retained	False
ORC6	retained	False
MYLK3	retained	False
C16orf87	retained	False
GPT2	retained	False
DNAJA2	retained	False
NETO2	retained	False
ITFG1	retained	False
PHKB	retained	False
ABCC12	retained	False
ABCC11	retained	False
LONP2	retained	False
SIAH1	retained	False
N4BP1	retained	False
CBLN1	retained	False
C16orf78	retained	False
ZNF423	retained	False
CNEP1R1	retained	False
HEATR3	retained	False
TENT4B	retained	False
ADCY7	retained	False
BRD7	retained	False
NKD1	retained	False
SNX20	retained	False
NOD2	retained	False
CYLD	retained	False
SALL1	retained	False
CASC22	retained	False
TOX3	retained	False
CASC16	retained	False
CHD9	input_only	True
RBL2	input_only	True
AKTIP	input_only	True
RPGRIP1L	input_only	True
FTO	tss_and_input	True
IRX3	input_only	True
IRX5	input_only	True
IRX6	retained	False
MMP2	retained	False
LPCAT2	retained	False
CAPNS2	retained	False
SLC6A2	retained	False
CES1P1	retained	False
CES1	retained	False
CES5A	retained	False
GNAO1	retained	False
GNAO1-AS1	retained	False
AMFR	retained	False
NUDT21	retained	False
OGFOD1	retained	False
BBS2	retained	False
MT4	retained	False
MT3	retained	False
MT2A	retained	False
MT1E	retained	False
MT1M	retained	False
MT1JP	retained	False
MT1A	retained	False
MT1B	retained	False
MT1F	retained	False
MT1G	retained	False
MT1H	retained	False
MT1X	retained	False
NUP93	retained	False
SLC12A3	retained	False
HERPUD1	retained	False
CETP	retained	False
NLRC5	retained	False
CPNE2	retained	False
PSME3IP1	retained	False
RSPRY1	retained	False
ARL2BP	retained	False
PLLP	retained	False
CCL22	retained	False
CX3CL1	retained	False
CCL17	retained	False
CIAPIN1	retained	False
COQ9	retained	False
POLR2C	retained	False
DOK4	retained	False
CCDC102A	retained	False
ADGRG5	retained	False
ADGRG1	retained	False
ADGRG3	retained	False
DRC7	retained	False
KATNB1	retained	False
KIFC3	retained	False
CNGB1	retained	False
TEPP	retained	False
ZNF319	retained	False
USB1	retained	False
MMP15	retained	False
CFAP20	retained	False
CSNK2A2	retained	False
CCDC113	retained	False
PRSS54	retained	False
GINS3	retained	False
NDRG4	retained	False
SETD6	retained	False
CNOT1	retained	False
SLC38A7	retained	False
GOT2	retained	False
CDH8	retained	False
CDH11	retained	False
LINC00922	retained	False
CDH5	retained	False
BEAN1	retained	False
TK2	retained	False
CKLF	retained	False
CMTM1	retained	False
CMTM2	retained	False
CMTM4	retained	False
CMTM3	retained	False
DYNC1LI2	retained	False
TERB1	retained	False
NAE1	retained	False
CA7	retained	False
PDP2	retained	False
CDH16	retained	False
RRAD	retained	False
CIAO2B	retained	False
CES2	retained	False
CES3	retained	False
CES4A	retained	False
CBFB	retained	False
PHAF1	retained	False
B3GNT9	retained	False
TRADD	retained	False
FBXL8	retained	False
HSF4	retained	False
NOL3	retained	False
MATCAP1	retained	False
EXOC3L1	retained	False
E2F4	retained	False
ELMO3	retained	False
FBXL9P	retained	False
TMEM208	retained	False
FHOD1	retained	False
SLC9A5	retained	False
PLEKHG4	retained	False
KCTD19	retained	False
LRRC36	retained	False
TPPP3	retained	False
ZDHHC1	retained	False
HSD11B2	retained	False
ATP6V0D1	retained	False
AGRP	retained	False
RIPOR1	retained	False
CTCF	retained	False
CARMIL2	retained	False
ACD	retained	False
PARD6A	retained	False
ENKD1	retained	False
C16orf86	retained	False
GFOD2	retained	False
RANBP10	retained	False
TSNAXIP1	retained	False
CENPT	retained	False
THAP11	retained	False
NUTF2	retained	False
EDC4	retained	False
NRN1L	retained	False
PSKH1	retained	False
CTRL	retained	False
PSMB10	retained	False
LCAT	retained	False
SLC12A4	retained	False
DPEP3	retained	False
DPEP2	retained	False
DDX28	retained	False
DUS2	retained	False
NFATC3	retained	False
ESRP2	retained	False
PLA2G15	retained	False
SLC7A6	retained	False
SLC7A6OS	retained	False
PRMT7	retained	False
SMPD3	retained	False
ZFP90	retained	False
CDH3	retained	False
CDH1	retained	False
TANGO6	retained	False
HAS3	retained	False
CHTF8	retained	False
UTP4	retained_tss_unresolved	False
SNTB2	retained	False
VPS4A	retained	False
COG8	retained	False
PDF	retained	False
NIP7	retained	False
TMED6	retained	False
TERF2	retained	False
CYB5B	retained	False
NFAT5	retained	False
NQO1	retained	False
NOB1	retained	False
WWP2	retained	False
CLEC18A	retained	False
PDXDC2P-NPIPB14P	retained	False
PDPR	retained	False
CLEC18C	retained	False
EXOSC6	retained	False
AARS1	retained	False
DDX19B	retained	False
DDX19A	retained	False
ST3GAL2	retained	False
FCSK	retained	False
COG4	retained	False
SF3B3	retained	False
IL34	retained	False
MTSS2	retained	False
VAC14	retained	False
HYDIN	input_only	True
CMTR2	input_only	True
CALB2	input_only	True
ZNF23	input_only	True
ZNF19	input_only	True
CHST4	input_only	True
TAT	input_only	True
MARVELD3	input_only	True
PHLPP2	input_only	True
AP1G1	input_only	True
ATXN1L	input_only	True
ZNF821	input_only	True
IST1	input_only	True
PKD1L3	input_only	True
DHODH	input_only	True
TXNL4B	input_only	True
HP	tss_and_input	True
HPR	tss_and_input	True
DHX38	input_only	True
PMFBP1	input_only	True
ZFHX3	input_only	True
PSMD7	retained	False
GLG1	retained	False
RFWD3	retained	False
MLKL	retained	False
FA2H	retained	False
WDR59	retained	False
ZNRF1	retained	False
LDHD	retained	False
ZFP1	retained	False
CTRB2	retained	False
CTRB1	retained	False
BCAR1	retained	False
CFDP1	retained	False
TMEM170A	retained	False
CHST6	retained	False
CHST5	retained	False
GABARAPL2	retained	False
ADAT1	retained	False
KARS1	retained	False
TERF2IP	retained	False
CNTNAP4	retained	False
MON1B	retained	False
ADAMTS18	retained	False
NUDT7	retained	False
VAT1L	retained	False
CLEC3A	retained	False
WWOX	retained	False
MAF	retained	False
DYNLRB2	retained	False
CDYL2	retained	False
CMC2	retained	False
CENPN	retained	False
ATMIN	retained	False
C16orf46	retained	False
GCSH	retained	False
PKD1L2	retained	False
BCO1	retained	False
GAN	retained	False
CMIP	retained	False
PLCG2	retained	False
SDR42E1	retained	False
HSD17B2	retained	False
MPHOSPH6	retained	False
CDH13	retained	False
HSBP1	retained	False
MLYCD	retained	False
OSGIN1	retained	False
NECAB2	retained	False
SLC38A8	retained	False
MBTPS1	retained	False
HSDL1	retained	False
DNAAF1	retained	False
TAF1C	retained	False
ADAD2	retained	False
KCNG4	retained	False
WFDC1	retained	False
ATP2C2	retained	False
MEAK7	retained	False
COTL1	retained	False
KLHL36	retained	False
USP10	retained	False
CRISPLD2	retained	False
ZDHHC7	retained	False
KIAA0513	retained	False
CIBAR2	retained	False
LINC02139	retained_tss_unresolved	False
GSE1	retained	False
GINS2	retained	False
C16orf74	retained	False
EMC8	retained	False
COX4I1	retained	False
IRF8	retained	False
LINC00917	retained	False
FOXF1	retained	False
MTHFSD	retained	False
FLJ30679	retained_tss_unresolved	False
FOXC2	retained	False
FOXL1	retained	False
FBXO31	retained	False
MAP1LC3B	retained	False
ZCCHC14	retained	False
JPH3	retained	False
KLHDC4	retained	False
SLC7A5	retained	False
CA5A	retained	False
BANP	retained	False
ZNF469	retained	False
ZFPM1	retained	False
ZC3H18	retained	False
IL17C	retained	False
CYBA	retained	False
MVD	retained	False
SNAI3	retained	False
RNF166	retained	False
CTU2	retained	False
PIEZO1	retained	False
CDT1	retained	False
APRT	retained	False
GALNS	retained	False
TRAPPC2L	retained	False
CBFA2T3	retained	False
ACSF3	retained	False
LINC00304	retained	False
CDH15	retained	False
ZNF778	retained	False
ANKRD11	retained	False
SPG7	retained	False
RPL13	retained	False
CPNE7	retained	False
DPEP1	retained	False
CHMP1A	retained	False
SPATA33	retained	False
CDK10	retained	False
SPATA2L	retained	False
VPS9D1	retained	False
ZNF276	retained	False
FANCA	retained	False
SPIRE2	retained	False
TCF25	retained	False
MC1R	retained	False
TUBB3	retained	False
DEF8	retained	False
CENPBD1P	retained	False
AFG3L1P	retained	False
DBNDD1	retained	False
GAS8	retained	False
GAS8-AS1	retained	False
PRDM7	retained	False
DOC2B	retained	False
RPH3AL	retained	False
C17orf97	retained	False
RFLNB	retained_tss_unresolved	False
VPS53	retained	False
TLCD3A	retained	False
GEMIN4	retained	False
GLOD4	retained	False
MRM3	retained	False
NXN	retained	False
TIMM22	retained	False
ABR	retained	False
TRARG1	retained_tss_unresolved	False
YWHAE	retained	False
CRK	retained	False
MYO1C	retained	False
INPP5K	retained	False
PITPNA	retained	False
SLC43A2	retained	False
SCARF1	retained	False
RILP	retained	False
PRPF8	retained	False
MIR22HG	retained	False
WDR81	retained	False
SERPINF2	retained	False
SERPINF1	retained	False
SMYD4	retained	False
RPA1	retained	False
RTN4RL1	retained	False
DPH1	retained	False
OVCA2	retained	False
HIC1	retained	False
SMG6	retained	False
SRR	retained	False
TSR1	retained	False
SGSM2	retained	False
MNT	retained	False
METTL16	retained	False
PAFAH1B1	retained	False
CLUH	retained	False
RAP1GAP2	retained	False
OR1D5	retained	False
OR1D2	retained	False
OR1G1	retained	False
OR1A2	retained	False
OR1A1	retained	False
OR3A2	retained	False
OR3A1	retained	False
OR1E1	retained	False
OR3A3	retained	False
OR1E2	retained	False
SPATA22	retained	False
ASPA	retained	False
TRPV3	retained	False
TRPV1	retained	False
SHPK	retained	False
CTNS	retained	False
TAX1BP3	retained	False
EMC6	retained	False
P2RX5	retained	False
ITGAE	retained	False
HASPIN	retained	False
NCBP3	retained	False
CAMKK1	retained	False
P2RX1	retained	False
ATP2A3	retained	False
ZZEF1	retained	False
CYB5D2	retained	False
ANKFY1	retained	False
UBE2G1	retained	False
SPNS3	retained	False
MYBBP1A	retained	False
GGT6	retained	False
SMTNL2	retained	False
ALOX15	retained	False
PELP1	retained	False
ARRB2	retained	False
MED11	retained	False
CXCL16	retained	False
ZMYND15	retained	False
TM4SF5	retained	False
VMO1	retained	False
GLTPD2	retained	False
PSMB6	retained	False
PLD2	retained	False
MINK1	retained	False
CHRNE	retained	False
GP1BA	retained	False
SLC25A11	retained	False
RNF167	retained	False
PFN1	retained	False
ENO3	retained	False
SPAG7	retained	False
CAMTA2	retained	False
KIF1C	retained	False
SLC52A1	retained	False
ZFP3	retained	False
ZNF232	retained	False
USP6	retained	False
ZNF594	retained	False
SCIMP	retained	False
RABEP1	retained	False
NUP88	retained	False
RPAIN	retained	False
C1QBP	retained	False
DHX33	retained	False
DERL2	retained	False
MIS12	retained	False
NLRP1	retained	False
WSCD1	retained	False
AIPL1	retained	False
PIMREG	retained	False
PITPNM3	retained	False
KIAA0753	retained	False
TXNDC17	retained	False
MED31	retained	False
C17orf100	retained	False
SLC13A5	retained	False
XAF1	retained	False
FBXO39	retained	False
TEKT1	retained	False
ALOX12P2	retained	False
ALOX12	retained	False
RNASEK	retained	False
C17orf49	retained	False
BCL6B	retained	False
SLC16A13	retained	False
SLC16A11	retained	False
CLEC10A	retained	False
ASGR2	retained	False
ASGR1	tss_only	True
DLG4	retained	False
ACADVL	retained	False
DVL2	retained	False
PHF23	retained	False
GABARAP	retained	False
CTDNEP1	retained	False
ELP5	retained	False
CLDN7	retained	False
SLC2A4	retained	False
YBX2	retained	False
EIF5A	retained	False
GPS2	retained	False
NEURL4	retained	False
ACAP1	retained	False
KCTD11	retained	False
TMEM95	retained	False
TNK1	retained	False
PLSCR3	retained_tss_unresolved	False
TMEM256	retained	False
NLGN2	retained	False
SPEM1	retained	False
SPEM2	retained_tss_unresolved	False
TMEM102	retained	False
FGF11	retained	False
CHRNB1	retained	False
ZBTB4	retained	False
SLC35G6	retained	False
POLR2A	retained	False
TNFSF12	retained	False
TNFSF12-TNFSF13	retained	False
TNFSF13	retained	False
SENP3	retained	False
EIF4A1	retained	False
SNORA67	retained_tss_unresolved	False
CD68	retained	False
MPDU1	retained	False
SOX15	retained	False
FXR2	retained	False
SHBG	retained	False
SAT2	retained	False
ATP1B2	retained	False
TP53	retained	False
WRAP53	retained	False
EFNB3	retained	False
DNAH2	retained	False
RPL29P2	retained	False
KDM6B	retained	False
TMEM88	retained	False
NAA38	retained	False
CYB5D1	retained	False
CHD3	retained	False
RNF227	retained	False
KCNAB3	retained	False
TRAPPC1	retained	False
CNTROB	retained	False
GUCY2D	retained	False
ALOX15B	retained	False
ALOX12B	retained	False
ALOXE3	retained	False
HES7	retained	False
PER1	retained	False
VAMP2	retained	False
TMEM107	retained	False
BORCS6	retained	False
AURKB	retained	False
LINC00324	retained	False
CTC1	retained	False
PFAS	retained	False
RANGRF	retained	False
SLC25A35	retained	False
ARHGEF15	retained	False
ODF4	retained	False
KRBA2	retained	False
RPL26	retained	False
RNF222	retained	False
NDEL1	retained	False
MYH10	retained	False
CCDC42	retained	False
SPDYE4	retained	False
MFSD6L	retained	False
PIK3R6	retained	False
PIK3R5	retained	False
NTN1	retained	False
STX8	retained	False
CFAP52	retained	False
USP43	retained	False
DHRS7C	retained	False
GLP2R	retained	False
RCVRN	retained	False
GAS7	retained	False
MYH13	retained	False
MYH8	retained	False
MYH4	retained	False
MYH1	retained	False
MYH2	retained	False
MYH3	retained	False
SCO1	retained	False
ADPRM	retained	False
TMEM220	retained	False
PIRT	retained	False
SHISA6	retained	False
DNAH9	retained	False
ZNF18	retained	False
MAP2K4	retained	False
LINC00670	retained	False
MYOCD	retained	False
ARHGAP44	retained	False
ELAC2	retained	False
HS3ST3A1	retained	False
COX10	retained	False
CDRT15	retained	False
HS3ST3B1	retained	False
PMP22	retained	False
TEKT3	retained	False
CDRT4	retained	False
TVP23C	retained	False
FBXW10B	retained	False
TRIM16	retained	False
ZNF286A	retained	False
TBC1D26	retained	False
ADORA2B	retained	False
ZSWIM7	retained	False
TTC19	retained	False
NCOR1	retained	False
PIGL	retained	False
CENPV	retained	False
UBB	retained	False
TRPV2	retained	False
SNHG29	retained	False
SNORD49A	retained_tss_unresolved	False
LRRC75A	retained	False
ZNF287	retained	False
ZNF624	retained	False
CCDC144A	retained	False
TNFRSF13B	input_only	True
MPRIP	input_only	True
PLD6	input_only	True
FLCN	input_only	True
COPS3	input_only	True
NT5M	input_only	True
MED9	input_only	True
RASD1	input_only	True
PEMT	input_only	True
SMCR2	input_only	True
RAI1	input_only	True
SMCR5	input_only	True
SREBF1	tss_and_input	True
TOM1L2	input_only	True
DRC3	input_only	True
ATPAF2	input_only	True
GID4	input_only	True
DRG2	input_only	True
MYO15A	input_only	True
ALKBH5	input_only	True
LLGL1	input_only	True
FLII	input_only	True
MIEF2	input_only	True
TOP3A	input_only	True
SMCR8	input_only	True
SHMT1	input_only	True
LGALS9C	input_only	True
FAM106A	input_only	True
CCDC144BP	input_only	True
TBC1D28	input_only	True
FBXW10	input_only	True
TVP23B	input_only	True
PRPSAP2	retained	False
SLC5A10	retained	False
FAM83G	retained	False
GRAP	retained	False
GRAPL	retained	False
EPN2	retained	False
B9D1	retained	False
MAPK7	retained	False
MFAP4	retained	False
RNF112	retained	False
SLC47A1	retained	False
ALDH3A2	retained	False
SLC47A2	retained	False
ALDH3A1	retained	False
ULK2	retained	False
AKAP10	retained	False
SPECC1	retained	False
LGALS9B	retained	False
CCDC144NL	retained	False
CCDC144NL-AS1	retained	False
USP22	retained	False
DHRS7B	retained	False
TMEM11	retained	False
NATD1	retained_tss_unresolved	False
MAP2K3	retained	False
KCNJ12	retained	False
LINC02693	retained	False
WSB1	retained	False
KSR1	retained	False
LGALS9	retained	False
NOS2	retained	False
LYRM9	retained	False
NLK	retained	False
PYY2	retained	False
PPY2P	retained_tss_unresolved	False
KRT18P55	retained	False
TMEM97	retained	False
IFT20	retained	False
TNFAIP1	retained	False
POLDIP2	retained	False
TMEM199	retained	False
VTN	retained	False
SARM1	retained	False
SLC46A1	retained	False
SLC13A2	retained	False
FOXN1	retained	False
UNC119	retained	False
PIGS	retained	False
ALDOC	retained	False
SPAG5	retained	False
RSKR	retained	False
BLTP2	retained	False
SDF2	retained	False
SUPT6H	retained	False
PROCA1	retained	False
RAB34	retained	False
RPL23A	retained	False
SNORD42A	retained	False
TLCD1	retained	False
NEK8	retained	False
TRAF4	retained	False
FAM222B	retained	False
ERAL1	retained	False
FLOT2	retained	False
DHRS13	retained	False
PHF12	retained	False
SEZ6	retained	False
PIPOX	retained	False
MYO18A	retained	False
CRYBA1	retained	False
NUFIP2	retained	False
TAOK1	retained	False
ABHD15	retained	False
TP53I13	retained	False
GIT1	retained	False
ANKRD13B	retained	False
CORO6	retained	False
SSH2	retained	False
EFCAB5	retained	False
NSRP1	retained	False
SLC6A4	retained	False
BLMH	retained	False
TMIGD1	retained	False
CPD	retained	False
GOSR1	retained	False
CRLF3	retained	False
ATAD5	retained	False
TEFM	retained	False
ADAP2	retained	False
RNF135	retained	False
NF1	retained	False
OMG	retained	False
EVI2B	retained	False
EVI2A	retained	False
RAB11FIP4	retained	False
COPRS	retained	False
UTP6	retained	False
SUZ12	retained	False
LRRC37B	retained	False
RHOT1	retained	False
RHBDL3	retained	False
C17orf75	retained	False
ZNF207	retained	False
PSMD11	retained	False
CDK5R1	retained	False
MYO1D	retained	False
TMEM98	retained	False
SPACA3	retained	False
ASIC2	retained	False
CCL2	retained	False
CCL7	retained	False
CCL11	retained	False
CCL8	retained	False
CCL13	retained	False
CCL1	retained	False
TMEM132E	retained	False
CCT6B	retained	False
ZNF830	retained	False
LIG3	retained	False
RFFL	retained	False
RAD51D	retained	False
FNDC8	retained	False
NLE1	retained	False
UNC45B	retained	False
SLC35G3	retained	False
SLFN5	retained	False
SLFN11	retained	False
SLFN12	retained	False
SLFN13	retained	False
SLFN14	retained	False
PEX12	retained	False
AP2B1	retained	False
RASL10B	retained	False
GAS2L2	retained	False
MMP28	retained	False
C17orf50	retained	False
TAF15	retained	False
HEATR9	retained_tss_unresolved	False
CCL5	retained	False
RDM1	retained	False
LYZL6	retained	False
CCL16	retained	False
CCL14	retained	False
CCL15	retained	False
CCL23	retained	False
CCL18	retained	False
CCL3	retained	False
CCL4	retained	False
TBC1D3B	retained	False
CCL4L2	retained	False
TBC1D3C	retained	False
CCL3L3	retained	False
ZNHIT3	retained	False
MYO19	retained	False
PIGW	retained	False
GGNBP2	retained	False
DHRS11	retained	False
MRM1	retained	False
LHX1	retained	False
AATF	retained	False
ACACA	retained	False
C17orf78	retained	False
TADA2A	retained	False
DUSP14	retained	False
SYNRG	retained	False
DDX52	retained	False
HNF1B	retained	False
YWHAEP7	retained_tss_unresolved	False
TBC1D3F	retained	False
MRPL45	retained	False
GPR179	retained	False
SOCS7	retained	False
ARHGAP23	retained	False
SRCIN1	retained	False
MLLT6	retained	False
PCGF2	retained	False
PSMB3	retained	False
PIP4K2B	retained	False
CWC25	retained	False
C17orf98	retained	False
RPL23	retained	False
LASP1	retained	False
PLXDC1	retained	False
ARL5C	retained	False
CACNB1	retained	False
RPL19	retained	False
STAC2	retained	False
FBXL20	retained	False
MED1	retained	False
CDK12	retained	False
NEUROD2	retained	False
PPP1R1B	retained	False
STARD3	retained	False
TCAP	retained	False
PNMT	retained	False
PGAP3	retained	False
ERBB2	retained	False
MIEN1	retained	False
GRB7	retained	False
IKZF3	retained	False
ZPBP2	retained	False
GSDMB	retained	False
ORMDL3	retained	False
GSDMA	retained	False
PSMD3	retained	False
CSF3	retained	False
MED24	retained	False
THRA	retained	False
NR1D1	retained	False
MSL1	retained	False
CASC3	retained	False
RAPGEFL1	retained	False
WIPF2	retained	False
CDC6	retained	False
RARA	retained	False
GJD3	retained	False
TOP2A	retained	False
IGFBP4	retained	False
TNS4	retained	False
CCR7	retained	False
SMARCE1	retained	False
KRT222	retained	False
KRT24	retained	False
KRT25	retained	False
KRT26	retained	False
KRT27	retained	False
KRT28	retained	False
KRT10	retained	False
KRT10-AS1	retained	False
KRT12	retained	False
KRT20	retained	False
KRT23	retained	False
KRT39	retained	False
KRT40	retained	False
KRTAP3-3	retained	False
KRTAP3-2	retained	False
KRTAP3-1	retained	False
KRTAP1-5	retained	False
KRTAP1-3	retained	False
KRTAP1-1	retained	False
KRTAP2-1	retained	False
KRTAP2-2	retained	False
KRTAP2-4	retained	False
KRTAP4-7	retained	False
KRTAP4-8	retained	False
KRTAP4-9	retained	False
KRTAP4-11	retained	False
KRTAP4-12	retained	False
KRTAP4-6	retained	False
KRTAP4-5	retained	False
KRTAP4-4	retained	False
KRTAP4-3	retained	False
KRTAP4-2	retained	False
KRTAP4-1	retained	False
KRTAP9-2	retained	False
KRTAP9-3	retained	False
KRTAP9-8	retained	False
KRTAP9-4	retained	False
KRTAP9-9	retained	False
KRTAP17-1	retained	False
KRT33A	retained	False
KRT33B	retained	False
KRT34	retained	False
KRT31	retained	False
KRT37	retained	False
KRT38	retained	False
KRT32	retained	False
KRT35	retained	False
KRT36	retained	False
KRT13	retained	False
KRT15	retained	False
KRT19	retained	False
LINC00974	retained	False
KRT9	retained	False
KRT14	retained	False
KRT16	retained	False
KRT17	retained	False
EIF1	retained	False
GAST	retained	False
HAP1	retained	False
JUP	retained	False
P3H4	retained	False
FKBP10	retained	False
NT5C3B	retained	False
KLHL10	retained	False
KLHL11	retained	False
ACLY	retained	False
ODAD4	retained	False
CNP	retained	False
DNAJC7	retained	False
NKIRAS2	retained	False
ZNF385C	retained	False
DHX58	retained	False
KAT2A	retained	False
HSPB9	retained	False
RAB5C	retained	False
KCNH4	retained	False
HCRT	retained	False
GHDC	retained	False
STAT5B	retained	False
STAT5A	retained	False
STAT3	retained	False
CAVIN1	retained	False
ATP6V0A1	retained	False
NAGLU	retained	False
HSD17B1	retained	False
COASY	retained	False
MLX	retained	False
PSMC3IP	retained	False
RETREG3	retained	False
TUBG1	retained	False
TUBG2	retained	False
PLEKHH3	retained	False
CCR10	retained	False
CNTNAP1	retained	False
EZH1	retained	False
RAMP2	retained	False
VPS25	retained	False
WNK4	retained	False
COA3	retained	False
CNTD1	retained	False
BECN1	retained	False
PSME3	retained	False
AOC2	retained	False
AOC3	retained	False
AOC4P	retained	False
G6PC1	retained	False
AARSD1	retained	False
RUNDC1	retained	False
RPL27	retained	False
IFI35	retained	False
VAT1	retained	False
RND2	retained	False
BRCA1	retained	False
NBR2	retained	False
NBR1	retained	False
TMEM106A	retained	False
ARL4D	retained	False
DHX8	retained	False
ETV4	retained	False
MEOX1	retained	False
SOST	retained	False
DUSP3	retained	False
CFAP97D1	retained	False
MPP3	retained	False
CD300LG	retained	False
MPP2	retained	False
PPY	retained	False
PYY	retained	False
NAGS	retained	False
TMEM101	retained	False
LSM12	retained	False
G6PC3	retained	False
HDAC5	retained	False
HROB	retained	False
ASB16	retained	False
ASB16-AS1	retained	False
TMUB2	retained	False
ATXN7L3	retained	False
UBTF	retained	False
SLC4A1	retained	False
RUNDC3A	retained	False
SLC25A39	retained	False
GRN	retained	False
FAM171A2	retained	False
ITGA2B	retained	False
GPATCH8	retained	False
FZD2	retained	False
CCDC43	retained	False
DBF4B	retained	False
ADAM11	retained	False
GJC1	retained	False
HIGD1B	retained	False
EFTUD2	retained	False
CCDC103	retained	False
GFAP	retained	False
KIF18B	retained	False
C1QL1	retained	False
DCAKD	retained	False
NMT1	retained	False
PLCD3	retained	False
ACBD4	retained	False
HEXIM1	retained	False
HEXIM2	retained	False
FMNL1	retained	False
SPATA32	retained	False
MAP3K14	retained	False
ARHGAP27	retained	False
PLEKHM1	retained	False
LINC02210	retained_tss_unresolved	False
CRHR1	retained	False
SPPL2C	retained	False
MAPT	retained	False
STH	retained	False
KANSL1	retained	False
KANSL1-AS1	retained	False
LRRC37A	retained	False
ARL17B	retained	False
LRRC37A2	retained	False
NSF	retained	False
WNT3	retained	False
WNT9B	retained	False
GOSR2	retained	False
RPRML	retained	False
CDC27	retained	False
MYL4	retained	False
ITGB3	retained	False
EFCAB13	retained	False
NPEPPS	retained	False
KPNB1	retained	False
TBKBP1	retained	False
TBX21	retained	False
OSBPL7	retained	False
MRPL10	retained	False
LRRC46	retained	False
SCRN2	retained	False
SP6	retained	False
SP2	retained	False
PNPO	retained	False
PRR15L	retained	False
CDK5RAP3	retained	False
COPZ2	retained	False
NFE2L1	retained	False
CBX1	retained	False
SNX11	retained	False
SKAP1	retained	False
HOXB1	retained	False
HOXB2	retained	False
HOXB3	retained	False
HOXB4	retained	False
HOXB-AS3	retained	False
HOXB5	retained	False
HOXB6	retained	False
HOXB7	retained	False
HOXB8	retained	False
HOXB9	retained	False
PRAC1	retained	False
HOXB13	retained	False
TTLL6	retained	False
CALCOCO2	retained	False
ATP5MC1	retained	False
UBE2Z	retained	False
SNF8	retained	False
GIP	retained	False
IGF2BP1	retained	False
B4GALNT2	retained	False
GNGT2	retained	False
ABI3	retained	False
PHOSPHO1	retained	False
FLJ40194	retained	False
ZNF652	retained	False
PHB1	retained	False
NGFR	retained	False
NXPH3	retained	False
SPOP	retained	False
SLC35B1	retained	False
FAM117A	retained	False
KAT7	retained	False
TAC4	retained	False
DLX4	retained	False
DLX3	retained	False
PICART1	retained	False
ITGA3	retained	False
PDK2	retained	False
SAMD14	retained	False
PPP1R9B	retained	False
SGCA	retained	False
COL1A1	retained	False
TMEM92	retained	False
XYLT2	retained	False
MRPL27	retained	False
EME1	retained	False
LRRC59	retained	False
ACSF2	retained	False
CHAD	retained	False
RSAD1	retained	False
MYCBPAP	retained	False
EPN3	retained	False
SPATA20	retained	False
CACNA1G-AS1	retained	False
CACNA1G	retained	False
ABCC3	retained	False
ANKRD40	retained	False
LUC7L3	retained	False
ANKRD40CL	retained	False
WFIKKN2	retained	False
TOB1	retained	False
TOB1-AS1	retained	False
SPAG9	retained	False
NME1	retained	False
NME2	retained	False
MBTD1	retained	False
UTP18	retained	False
CA10	retained	False
KIF2B	retained	False
TOM1L1	retained	False
COX11	retained	False
STXBP4	retained	False
HLF	retained	False
MMD	retained	False
TMEM100	retained	False
PCTP	retained	False
ANKFN1	retained	False
NOG	retained	False
C17orf67	retained	False
DGKE	retained	False
TRIM25	retained	False
COIL	retained	False
SCPEP1	retained	False
RNF126P1	retained	False
AKAP1	retained	False
MSI2	retained	False
MRPS23	retained	False
CUEDC1	retained	False
VEZF1	retained	False
SRSF1	retained	False
DYNLL2	retained	False
OR4D1	retained	False
OR4D2	retained	False
EPX	retained	False
MKS1	retained	False
LPO	retained	False
MPO	retained	False
TSPOAP1	retained	False
SUPT4H1	retained	False
RNF43	retained	False
HSF5	retained	False
MTMR4	retained	False
SEPTIN4	retained	False
TEX14	retained	False
RAD51C	retained	False
PPM1E	retained	False
TRIM37	retained	False
SKA2	retained	False
PRR11	retained	False
SMG8	retained	False
GDPD1	retained	False
YPEL2	retained	False
DHX40	retained	False
CLTC	retained	False
PTRH2	retained	False
VMP1	retained	False
TUBD1	retained	False
RPS6KB1	retained	False
RNFT1	retained	False
HEATR6	retained	False
CA4	retained	False
USP32	retained	False
CHCT1	retained	False
APPBP2	retained	False
PPM1D	retained	False
BCAS3	retained	False
TBX2	retained	False
LINC02875	retained	False
TBX4	retained	False
NACA2	retained	False
BRIP1	retained	False
INTS2	retained	False
MED13	retained	False
EFCAB3	retained	False
METTL2A	retained	False
TLK2	retained	False
MRC2	retained	False
MARCHF10	retained	False
TANC2	retained	False
CYB561	retained	False
ACE	retained	False
KCNH6	retained	False
DCAF7	retained	False
TACO1	retained	False
MAP3K3	retained	False
LIMD2	retained	False
STRADA	retained	False
CCDC47	retained	False
DDX42	retained	False
FTSJ3	retained	False
PSMC5	retained	False
SMARCD2	retained	False
TCAM1P	retained	False
CSH2	retained	False
GH2	retained	False
CSH1	retained	False
CSHL1	retained	False
GH1	retained	False
CD79B	retained	False
SCN4A	retained	False
PRR29-AS1	retained	False
PRR29	retained	False
ICAM2	retained	False
ERN1	retained	False
TEX2	retained	False
PECAM1	retained_tss_unresolved	False
MILR1	retained	False
POLG2	retained	False
DDX5	retained	False
CEP95	retained	False
SMURF2	retained	False
LRRC37A3	retained	False
AMZ2P1	retained	False
GNA13	retained	False
RGS9	retained	False
AXIN2	retained	False
CEP112	retained	False
APOH	retained	False
PRKCA	retained	False
CACNG5	retained	False
CACNG4	retained	False
CACNG1	retained	False
HELZ	retained	False
PSMD12	retained	False
PITPNC1	retained	False
NOL11	retained	False
BPTF	retained	False
C17orf58	retained	False
KPNA2	retained	False
AMZ2	retained	False
ARSG	retained	False
SLC16A6	retained	False
PRKAR1A	retained	False
WIPI1	retained	False
FAM20A	retained	False
ABCA8	retained	False
ABCA9	retained	False
ABCA6	retained	False
ABCA10	retained	False
ABCA5	retained	False
MAP2K6	retained	False
KCNJ16	retained	False
KCNJ2-AS1	retained	False
KCNJ2	retained	False
SOX9	retained	False
SLC39A11	retained	False
SSTR2	retained	False
COG1	retained	False
FAM104A	retained	False
C17orf80	retained	False
CDC42EP4	retained	False
SDK2	retained	False
LINC02092	retained	False
RPL38	retained	False
MGC16275	retained	False
TTYH2	retained	False
DNAI2	retained	False
KIF19	retained	False
GPR142	retained	False
GPRC5C	retained	False
CD300A	retained	False
CD300LB	retained	False
CD300C	retained	False
CD300LD-AS1	retained	False
CD300E	retained	False
RAB37	retained	False
CD300LF	retained	False
SLC9A3R1	retained	False
NAT9	retained	False
TMEM104	retained	False
GRIN2C	retained	False
FDXR	retained	False
FADS6	retained	False
USH1G	retained	False
OTOP2	retained	False
OTOP3	retained	False
HID1	retained	False
CDR2L	retained	False
MRPL58	retained	False
KCTD2	retained	False
ATP5PD	retained	False
SLC16A5	retained	False
ARMC7	retained	False
NT5C	retained	False
JPT1	retained	False
SUMO2	retained	False
NUP85	retained	False
GGA3	retained	False
MRPS7	retained	False
MIF4GD	retained	False
SLC25A19	retained	False
GRB2	retained	False
TMEM94	retained	False
CASKIN2	retained	False
TSEN54	retained	False
LLGL2	retained	False
MYO15B	retained	False
RECQL5	retained	False
SMIM5	retained	False
SMIM6	retained	False
SAP30BP	retained	False
ITGB4	retained	False
GALK1	retained	False
H3-3B	retained	False
UNK	retained	False
UNC13D	retained	False
WBP2	retained	False
TRIM47	retained	False
TRIM65	retained	False
MRPL38	retained	False
FBF1	retained	False
ACOX1	retained	False
CDK3	retained	False
EVPL	retained	False
SRP68	retained	False
GALR2	retained	False
ZACN	retained	False
EXOC7	retained	False
FOXJ1	retained	False
RNF157	retained	False
UBALD2	retained	False
QRICH2	retained	False
PRPSAP1	retained	False
SPHK1	retained	False
UBE2O	retained	False
AANAT	retained	False
RHBDF2	retained	False
CYGB	retained	False
ST6GALNAC2	retained	False
ST6GALNAC1	retained	False
MXRA7	retained	False
JMJD6	retained	False
METTL23	retained	False
SRSF2	retained	False
MFSD11	retained	False
MGAT5B	retained	False
SEC14L1	retained	False
SEPTIN9	retained_tss_unresolved	False
LINC01973	retained	False
TNRC6C	retained	False
TMC6	retained	False
TMC8	retained	False
C17orf99	retained	False
SYNGR2	retained	False
TK1	retained	False
AFMID	retained	False
BIRC5	retained	False
TMEM235	retained	False
SOCS3	retained	False
PGS1	retained	False
DNAH17	retained	False
CYTH1	retained	False
USP36	retained	False
TIMP2	retained	False
LGALS3BP	retained	False
CANT1	retained	False
C1QTNF1	retained	False
ENGASE	retained	False
RBFOX3	retained	False
ENPP7	retained	False
CBX2	retained	False
CBX8	retained	False
CBX4	retained	False
TBC1D16	retained	False
CCDC40	retained	False
GAA	retained	False
EIF4A3	retained	False
CARD14	retained	False
SGSH	retained	False
SLC26A11	retained	False
RNF213	retained	False
ENDOV	retained	False
NPTX1	retained	False
RPTOR	retained	False
CHMP6	retained	False
BAIAP2	retained	False
AATK	retained	False
CEP131	retained	False
TEPSIN	retained	False
SLC38A10	retained	False
TMEM105	retained	False
BAHCC1	retained_tss_unresolved	False
ACTG1	retained	False
FSCN2	retained	False
FAAP100	retained	False
NPLOC4	retained	False
TSPAN10	retained	False
PDE6G	retained	False
OXLD1	retained	False
CCDC137	retained	False
ARL16	retained	False
HGS	retained	False
MRPL12	retained	False
SLC25A10	retained	False
GCGR	retained	False
MCRIP1	retained_tss_unresolved	False
PPP1R27	retained	False
P4HB	retained	False
ARHGDIA	retained	False
ALYREF	retained	False
ANAPC11	retained	False
NPB	retained	False
PCYT2	retained	False
SIRT7	retained	False
MAFG	retained	False
PYCR1	retained	False
MYADML2	retained	False
NOTUM	retained	False
ASPSCR1	retained	False
CENPX	retained	False
LRRC45	retained	False
RAC3	retained	False
DCXR	retained	False
RFNG	retained	False
GPS1	retained	False
DUS1L	retained	False
FASN	retained	False
CCDC57	retained	False
SLC16A3	retained	False
CSNK1D	retained	False
CD7	retained	False
SECTM1	retained	False
TEX19	retained	False
UTS2R	retained	False
OGFOD3	retained	False
HEXD	retained	False
CYBC1	retained	False
NARF	retained	False
FOXK2	retained	False
WDR45B	retained	False
RAB40B	retained	False
FN3KRP	retained	False
FN3K	retained	False
TBCD	retained	False
ZNF750	retained	False
B3GNTL1	retained	False
METRNL	retained	False
USP14	retained	False
THOC1	retained	False
COLEC12	retained	False
CETN1	retained	False
CLUL1	retained	False
TYMS	retained	False
ENOSF1	retained	False
YES1	retained	False
ADCYAP1	retained	False
LINC01904	retained	False
METTL4	retained	False
NDC80	retained	False
CBX3P2	retained	False
SMCHD1	retained	False
EMILIN2	retained	False
LPIN2	retained	False
MYOM1	retained	False
MYL12A	retained	False
MYL12B	retained	False
TGIF1	retained	False
DLGAP1	retained	False
ZBTB14	retained	False
EPB41L3	retained	False
MIR3976HG	retained	False
TMEM200C	retained	False
L3MBTL4	retained	False
ARHGAP28	retained	False
LAMA1	retained	False
PTPRM	retained	False
RAB12	retained	False
MTCL1	retained	False
NDUFV2	retained	False
ANKRD12	retained	False
TWSG1	retained	False
RALBP1	retained	False
PPP4R1	retained	False
RAB31	retained	False
TXNDC2	retained	False
VAPA	retained	False
APCDD1	retained	False
NAPG	retained	False
PIEZO2	retained	False
GNAL	retained	False
CHMP1B	retained	False
MPPE1	retained	False
IMPA2	retained	False
ANKRD62	retained	False
CIDEA	retained	False
TUBB6	retained	False
AFG3L2	retained	False
PRELID3A	retained	False
SPIRE1	retained	False
PSMG2	retained	False
CEP76	retained	False
PTPN2	retained	False
SEH1L	retained	False
CEP192	retained	False
LDLRAD4	retained	False
FAM210A	retained	False
RNMT	retained	False
MC5R	retained	False
MC2R	retained	False
ZNF519	retained	False
ANKRD20A5P	retained	False
POTEC	retained	False
ANKRD30B	retained	False
ROCK1	retained	False
GREB1L	retained	False
ESCO1	retained	False
SNRPD1	retained	False
ABHD3	retained	False
MIB1	retained	False
GATA6	retained	False
CTAGE1	retained	False
RBBP8	retained	False
CABLES1	retained	False
TMEM241	retained	False
RIOK3	retained	False
RMC1	retained	False
NPC1	retained	False
ANKRD29	retained	False
LAMA3	retained	False
TTC39C	retained	False
CABYR	retained	False
OSBPL1A	retained	False
IMPACT	retained	False
HRH4	retained	False
ZNF521	retained	False
SS18	retained	False
PSMA8	retained	False
TAF4B	retained	False
KCTD1	retained	False
AQP4	retained	False
CHST9	retained	False
CDH2	retained	False
DSC3	retained	False
DSC2	retained	False
DSC1	retained	False
DSG1	retained	False
DSG4	retained	False
DSG3	retained	False
DSG2	retained	False
TTR	retained	False
B4GALT6	retained	False
SLC25A52	retained	False
TRAPPC8	retained	False
RNF125	retained	False
RNF138	retained	False
MEP1B	retained	False
GAREM1	retained	False
WBP11P1	retained	False
KLHL14	retained	False
CCDC178	retained	False
ASXL3	retained	False
NOL4	retained	False
DTNA	retained	False
MAPRE2	retained	False
ZNF397	retained	False
ZNF271P	retained	False
ZNF24	retained	False
ZNF396	retained	False
INO80C	retained	False
GALNT1	retained	False
C18orf21	retained	False
RPRD1A	retained	False
SLC39A6	retained	False
ELP2	retained	False
MOCOS	retained	False
FHOD3	retained	False
TPGS2	retained	False
KIAA1328	retained	False
CELF4	retained	False
MIR924HG	retained	False
KC6	retained	False
PIK3C3	retained	False
LINC00907	retained	False
RIT2	retained	False
SYT4	retained	False
SETBP1	retained	False
SLC14A2	retained	False
SLC14A1	retained	False
EPG5	retained	False
SIGLEC15	retained	False
PSTPIP2	retained	False
ATP5F1A	retained	False
HAUS1	retained	False
C18orf25	retained	False
RNF165	retained	False
LOXHD1	retained	False
ST8SIA5	retained	False
PIAS2	retained	False
KATNAL2	retained	False
ELOA2	retained	False
HDHD2	retained	False
IER3IP1	retained	False
SMAD2	retained	False
ZBTB7C	retained	False
ZBTB7C-AS2	retained_tss_unresolved	False
CTIF	retained	False
SMAD7	retained	False
DYM	retained	False
RPL17	retained	False
SNORD58A	retained	False
LIPG	retained	False
ACAA2	retained	False
MYO5B	retained	False
CFAP53	retained	False
MBD1	retained	False
CXXC1	retained	False
SKA1	retained	False
MAPK4	retained	False
MRO	retained	False
ME2	retained	False
ELAC1	retained	False
SMAD4	retained	False
MEX3C	retained	False
DCC	retained	False
MBD2	retained	False
POLI	retained	False
STARD6	retained	False
C18orf54	input_only	True
DYNAP	input_only	True
RAB27B	input_only	True
CCDC68	input_only	True
TCF4	tss_and_input	True
TXNL1	input_only	True
WDR7	input_only	True
BOD1L2	retained	False
ST8SIA3	retained	False
ONECUT2	retained	False
FECH	retained	False
NARS1	retained	False
ATP8B1	retained	False
NEDD4L	retained	False
MIR122	retained	False
ALPK2	retained	False
MALT1	retained	False
ZNF532	retained	False
SEC11C	retained	False
GRP	retained	False
RAX	retained	False
CPLX4	retained	False
LMAN1	retained	False
CCBE1	retained	False
PMAIP1	retained	False
MC4R	retained	False
CDH20	retained	False
RNF152	retained	False
PIGN	retained	False
RELCH	retained	False
TNFRSF11A	retained	False
ZCCHC2	retained	False
PHLPP1	retained	False
BCL2	retained	False
KDSR	retained	False
VPS4B	retained	False
SERPINB5	retained	False
SERPINB12	retained	False
SERPINB13	retained	False
SERPINB4	retained	False
SERPINB3	retained	False
SERPINB11	retained	False
SERPINB7	retained	False
SERPINB2	retained	False
SERPINB10	retained	False
SERPINB8	retained	False
LINC00305	retained	False
LINC01924	retained	False
CDH7	retained	False
CDH19	retained	False
DSEL	retained	False
TMX3	retained	False
CCDC102B	input_only	True
DOK6	input_only	True
CD226	tss_and_input	True
RTTN	input_only	True
SOCS6	input_only	True
GTSCR1	input_only	True
CBLN2	retained	False
NETO1	retained	False
LINC02864	retained	False
FBXO15	retained	False
TIMM21	retained	False
CYB5A	retained	False
DIPK1C	retained	False
CNDP2	retained	False
CNDP1	retained	False
ZNF407	retained	False
PTGR3	retained	False
TSHZ1	retained	False
SMIM21	retained	False
ZNF516	retained	False
LINC00683	retained	False
ZNF236	retained	False
MBP	retained	False
GALR1	retained	False
SALL3	retained	False
ATP9B	retained	False
NFATC1	retained	False
CTDP1-DT	retained_tss_unresolved	False
CTDP1	retained	False
KCNG2	retained	False
SLC66A2	retained	False
HSBP1L1	retained	False
TXNL4A	retained	False
RBFA	retained	False
ADNP2	retained	False
PARD6G	retained	False
KIR2DL2	retained_tss_unresolved	False
WASH5P	retained	False
KIR2DL5A	retained_tss_unresolved	False
KIR2DS5	retained_tss_unresolved	False
OR4F17	retained	False
KIR2DS1	retained_tss_unresolved	False
KIR2DS2	retained_tss_unresolved	False
PLPP2	retained	False
MIER2	retained	False
THEG	retained	False
C2CD4C	retained	False
SHC2	retained	False
ODF3L2	retained	False
MADCAM1	retained	False
TPGS1	retained	False
CDC34	retained	False
GZMM	retained	False
BSG	retained	False
HCN2	retained	False
POLRMT	retained	False
FGF22	retained	False
RNF126	retained	False
FSTL3	retained	False
PRSS57	retained	False
PALM	retained	False
MISP	retained	False
PTBP1	retained	False
PLPPR3	retained_tss_unresolved	False
AZU1	retained	False
PRTN3	retained	False
ELANE	retained	False
CFD	retained	False
MED16	retained	False
R3HDM4	retained	False
KISS1R	retained	False
ARID3A	retained	False
WDR18	retained	False
GRIN3B	retained	False
TMEM259	retained	False
CNN2	retained	False
ABCA7	retained	False
ARHGAP45	retained	False
POLR2E	retained	False
GPX4	retained	False
SBNO2	retained	False
STK11	retained	False
CBARP	retained	False
ATP5F1D	retained	False
MIDN	retained	False
CIRBP-AS1	retained	False
CIRBP	retained	False
FAM174C	retained	False
EFNA2	retained	False
PWWP3A	retained	False
NDUFS7	retained	False
GAMT	retained	False
DAZAP1	retained	False
RPS15	retained	False
APC2	retained	False
C19orf25	retained	False
PCSK4	retained	False
REEP6	retained	False
ADAMTSL5	retained	False
PLK5	retained	False
MEX3D	retained	False
MBD3	retained	False
UQCR11	retained	False
TCF3	retained	False
ONECUT3	retained	False
ATP8B3	retained	False
REXO1	retained	False
KLF16	retained	False
ABHD17A	retained	False
ADAT3	retained	False
SCAMP4	retained	False
CSNK1G2	retained	False
CSNK1G2-AS1	retained	False
BTBD2	retained	False
MKNK2	retained	False
MOB3A	retained	False
IZUMO4	retained	False
AP3D1	retained	False
DOT1L	retained	False
PLEKHJ1	retained	False
SF3A2	retained	False
AMH	retained	False
JSRP1	retained	False
OAZ1	retained	False
PEAK3	retained	False
LSM7	retained	False
SPPL2B	retained	False
TMPRSS9	retained	False
TIMM13	retained	False
LMNB2	retained	False
GADD45B	retained	False
GNG7	retained	False
DIRAS1	retained	False
SLC39A3	retained	False
SGTA	retained	False
THOP1	retained	False
ZNF554	retained	False
ZNF555	retained	False
ZNF556	retained	False
ZNF57	retained	False
ZNF77	retained	False
TLE6	retained	False
TLE2	retained	False
TLE5	retained	False
GNA11	retained	False
GNA15	retained	False
S1PR4	retained	False
NCLN	retained	False
CELF5	retained	False
NFIC	retained	False
SMIM24	retained	False
DOHH	retained	False
FZR1	retained	False
MFSD12	retained	False
HMG20B	retained	False
GIPC3	retained	False
TBXA2R	retained	False
CACTIN	retained	False
PIP5K1C	retained	False
TJP3	retained	False
APBA3	retained	False
MRPL54	retained	False
RAX2	retained	False
MATK	retained	False
ZFR2	retained	False
ATCAY	retained	False
NMRK2	retained	False
DAPK3	retained	False
EEF2	retained	False
PIAS4	retained	False
ZBTB7A	retained	False
MAP2K2	retained	False
CREB3L3	retained	False
SIRT6	retained	False
ANKRD24	retained	False
EBI3	retained	False
YJU2	retained	False
SHD	retained	False
TMIGD2	retained	False
FSD1	retained	False
STAP2	retained	False
MPND	retained	False
SH3GL1	retained	False
CHAF1A	retained	False
UBXN6	retained	False
HDGFL2	retained	False
PLIN4	retained	False
PLIN5	retained	False
LRG1	retained	False
SEMA6B	retained	False
TNFAIP8L1	retained	False
MYDGF	retained	False
DPP9	retained	False
MIR7-3HG	retained	False
FEM1A	retained	False
TICAM1	retained	False
PLIN3	retained	False
UHRF1	retained	False
KDM4B	retained	False
PTPRS	retained	False
ZNRF4	retained	False
TINCR	retained	False
SAFB2	retained	False
SAFB	retained	False
MICOS13	input_only	True
HSD11B1L	input_only	True
RPL36	input_only	True
LONP1	input_only	True
CATSPERD	input_only	True
PRR22	input_only	True
DUS3L	input_only	True
NRTN	input_only	True
FUT6	input_only	True
FUT3	input_only	True
FUT5	input_only	True
NDUFA11	input_only	True
VMAC	input_only	True
CAPS	input_only	True
RANBP3	input_only	True
RFX2	input_only	True
ACSBG2	input_only	True
MLLT1	input_only	True
ACER1	input_only	True
CLPP	input_only	True
ALKBH7	input_only	True
PSPN	input_only	True
GTF2F1	input_only	True
KHSRP	input_only	True
SLC25A41	input_only	True
SLC25A23	input_only	True
CRB3	input_only	True
DENND1C	input_only	True
TUBB4A	input_only	True
TNFSF9	input_only	True
CD70	input_only	True
TNFSF14	input_only	True
C3	tss_and_input	True
GPR108	input_only	True
TRIP10	input_only	True
SH2D3A	input_only	True
VAV1	input_only	True
ADGRE1	input_only	True
MBD3L2	input_only	True
ZNF557	input_only	True
INSR	tss_and_input	True
ARHGEF18	input_only	True
PEX11G	input_only	True
TEX45	input_only	True
ZNF358	input_only	True
MCOLN1	input_only	True
PNPLA6	input_only	True
CAMSAP3	input_only	True
XAB2	input_only	True
PCP2	input_only	True
STXBP2	input_only	True
RETN	input_only	True
MCEMP1	input_only	True
TRAPPC5	input_only	True
FCER2	input_only	True
CLEC4G	input_only	True
CD209	input_only	True
CLEC4M	input_only	True
EVI5L	input_only	True
PRR36	input_only	True
LRRC8E	input_only	True
MAP2K7	input_only	True
SNAPC2	input_only	True
CTXN1	input_only	True
TIMM44	input_only	True
ELAVL1	input_only	True
CCL25	input_only	True
FBN3	input_only	True
CERS4	retained	False
CD320	retained	False
NDUFA7	retained	False
RPS28	retained	False
KANK3	retained	False
ANGPTL4	retained	False
RAB11B	retained	False
MARCHF2	retained	False
HNRNPM	retained	False
PRAM1	retained	False
ZNF414	retained	False
MYO1F	retained	False
ADAMTS10	retained	False
ACTL9	retained	False
OR2Z1	retained	False
ZNF558	retained	False
MBD3L1	retained	False
MUC16	retained	False
OR1M1	retained	False
OR7G2	retained	False
OR7G1	retained	False
OR7G3	retained	False
ZNF317	retained	False
OR7D2	retained	False
OR7D4	retained	False
OR7E24	retained	False
ZNF699	retained	False
ZNF559	retained	False
ZNF177	retained	False
ZNF266	retained	False
ZNF560	retained	False
ZNF426	retained	False
ZNF121	retained	False
ZNF561	retained	False
ZNF562	retained	False
ZNF846	retained	False
FBXL12	retained	False
UBL5	retained	False
PIN1	retained	False
OLFM2	retained	False
COL5A3	retained	False
RDH8	retained	False
C3P1	retained	False
SHFL	retained	False
ANGPTL6	retained	False
PPAN	retained	False
P2RY11	retained	False
EIF3G	retained	False
DNMT1	retained	False
S1PR2	retained	False
MRPL4	retained	False
ICAM1	retained	False
ICAM4	retained	False
ICAM5	retained	False
FDX2	retained	False
RAVER1	retained	False
ICAM3	retained	False
TYK2	retained	False
CDC37	retained	False
PDE4A	retained	False
KEAP1	retained	False
S1PR5	retained	False
ATG4D	retained	False
KRI1	retained	False
CDKN2D	retained	False
AP1M2	retained	False
SLC44A2	retained	False
ILF3	retained	False
QTRT1	retained	False
DNM2	retained	False
TMED1	retained	False
C19orf38	retained	False
CARM1	retained	False
YIPF2	retained	False
TIMM29	retained	False
SMARCA4	retained	False
LDLR	retained	False
SPC24	retained	False
KANK2	retained	False
DOCK6	retained	False
ANGPTL8	retained	False
TSPAN16	retained	False
RAB3D	retained	False
TMEM205	retained	False
CCDC159	retained	False
PLPPR2	retained	False
SWSAP1	retained	False
EPOR	retained	False
RGL3	retained	False
ODAD3	retained	False
PRKCSH	retained	False
ELAVL3	retained	False
ZNF653	retained	False
ECSIT	retained	False
CNN1	retained	False
ELOF1	retained	False
ACP5	retained	False
ZNF627	retained	False
ZNF823	retained	False
ZNF441	retained	False
ZNF491	retained	False
ZNF440	retained	False
ZNF439	retained	False
ZNF69	retained	False
ZNF700	retained	False
ZNF433	retained	False
ZNF844	retained	False
ZNF20	retained	False
ZNF625	retained	False
ZNF136	retained	False
ZNF44	retained	False
ZNF563	retained	False
ZNF442	retained	False
ZNF799	retained	False
ZNF443	retained	False
ZNF709	retained	False
ZNF564	retained	False
ZNF490	retained	False
ZNF791	retained	False
MAN2B1	retained	False
WDR83	retained	False
WDR83OS	retained	False
DHPS	retained	False
FBXW9	retained	False
TNPO2	retained	False
SNORD41	retained	False
TRIR	retained	False
GET3	retained	False
BEST2	retained	False
HOOK2	retained	False
JUNB	retained	False
PRDX2	retained	False
RNASEH2A	retained	False
RTBDN	retained	False
MAST1	retained	False
DNASE2	retained	False
KLF1	retained	False
GCDH	retained	False
SYCE2	retained	False
FARSA	retained	False
CALR	retained	False
RAD23A	retained	False
GADD45GIP1	retained	False
DAND5	retained	False
NFIX	retained	False
LYL1	retained	False
TRMT1	retained	False
NACC1	retained	False
STX10	retained	False
IER2	retained	False
CACNA1A	retained	False
YJU2B	retained	False
MRI1	retained	False
C19orf53	retained	False
ZSWIM4	retained	False
NANOS3	retained	False
BRME1	retained_tss_unresolved	False
CC2D1A	retained	False
PODNL1	retained	False
DCAF15	retained	False
RFX1	retained	False
RLN3	retained	False
IL27RA	retained	False
PALM3	retained	False
MIR1199	retained_tss_unresolved	False
MISP3	retained_tss_unresolved	False
C19orf67	retained	False
SAMD1	retained	False
PRKACA	retained	False
ASF1B	retained	False
ADGRL1	retained_tss_unresolved	False
ADGRE5	retained	False
DDX39A	retained	False
PKN1	retained	False
PTGER1	retained	False
GIPC1	retained	False
DNAJB1	retained	False
TECR	retained	False
NDUFB7	retained	False
CLEC17A	retained	False
ADGRE3	retained	False
ZNF333	retained	False
ADGRE2	retained	False
OR7C1	retained	False
OR7A5	retained	False
OR7A10	retained	False
OR7A17	retained	False
OR7C2	retained	False
SLC1A6	retained	False
CCDC105	retained	False
CASP14	retained	False
OR1I1	retained	False
SYDE1	retained	False
ILVBL	retained	False
NOTCH3	retained	False
EPHX3	retained	False
BRD4	retained	False
AKAP8	retained	False
AKAP8L	retained	False
WIZ	retained	False
RASAL3	retained	False
PGLYRP2	retained	False
CYP4F22	retained	False
CYP4F8	retained	False
CYP4F3	retained	False
CYP4F12	retained	False
OR10H2	retained	False
OR10H3	retained	False
OR10H5	retained	False
OR10H1	retained	False
CYP4F2	retained	False
CYP4F11	retained	False
OR10H4	retained	False
LINC00905	retained	False
TPM4	retained	False
RAB8A	retained	False
HSH2D	retained	False
CIB3	retained	False
FAM32A	retained	False
AP1M1	retained	False
KLF2	retained	False
EPS15L1	retained	False
CALR3	retained	False
C19orf44	retained	False
CHERP	retained	False
SLC35E1	retained	False
MED26	retained	False
SMIM7	retained	False
TMEM38A	retained	False
NWD1	retained	False
SIN3B	retained	False
F2RL3	retained	False
CPAMD8	retained	False
HAUS8	input_only	True
MYO9B	input_only	True
USE1	input_only	True
OCEL1	input_only	True
NR2F6	input_only	True
USHBP1	input_only	True
BABAM1	input_only	True
ANKLE1	input_only	True
ABHD8	input_only	True
MRPL34	input_only	True
DDA1	input_only	True
ANO8	input_only	True
GTPBP3	input_only	True
PLVAP	input_only	True
BST2	input_only	True
MVB12A	input_only	True
NXNL1	input_only	True
SLC27A1	input_only	True
PGLS	input_only	True
NIBAN3	input_only	True
COLGALT1	input_only	True
UNC13A	input_only	True
MAP1S	input_only	True
FCHO1	input_only	True
B3GNT3	input_only	True
INSL3	input_only	True
JAK3	input_only	True
RPL18A	input_only	True
SNORA68	input_only	True
SLC5A5	input_only	True
CCDC124	input_only	True
KCNN1	input_only	True
ARRDC2	input_only	True
IL12RB1	tss_and_input	True
MAST3	tss_and_input	True
PIK3R2	input_only	True
IFI30	input_only	True
MPV17L2	input_only	True
RAB3A	input_only	True
PDE4C	input_only	True
IQCN	input_only	True
JUND	input_only	True
LSM4	input_only	True
PGPEP1	input_only	True
GDF15	input_only	True
LRRC25	input_only	True
SSBP4	input_only	True
ISYNA1	input_only	True
ELL	input_only	True
FKBP8	input_only	True
KXD1	input_only	True
UBA52	input_only	True
REX1BD	input_only	True
CRLF1	input_only	True
TMEM59L	input_only	True
KLHL26	input_only	True
CRTC1	input_only	True
COMP	input_only	True
UPF1	input_only	True
GDF1	input_only	True
CERS1	input_only	True
COPE	input_only	True
DDX49	input_only	True
HOMER3	input_only	True
SUGP2	input_only	True
ARMC6	input_only	True
SLC25A42	input_only	True
TMEM161A	input_only	True
RFXANK	input_only	True
NR2C2AP	input_only	True
NCAN	input_only	True
HAPLN4	input_only	True
TM6SF2	tss_and_input	True
SUGP1	tss_and_input	True
MAU2	tss_and_input	True
GATAD2A	input_only	True
TSSK6	input_only	True
NDUFA13	input_only	True
YJEFN3	input_only	True
CILP2	input_only	True
PBX4	input_only	True
LPAR2	input_only	True
GMIP	input_only	True
ATP13A1	input_only	True
ZNF101	input_only	True
ZNF14	input_only	True
ZNF506	input_only	True
ZNF253	input_only	True
ZNF93	input_only	True
ZNF682	input_only	True
ZNF90	input_only	True
ZNF486	input_only	True
ZNF626	retained	False
ZNF66	retained	False
ZNF85	retained	False
ZNF430	retained	False
ZNF714	retained	False
ZNF431	retained	False
ZNF708	retained	False
ZNF738	retained	False
ZNF493	retained	False
ZNF429	retained	False
ZNF100	retained	False
CCNYL6	retained_tss_unresolved	False
ZNF43	retained	False
ZNF208	retained	False
ZNF257	retained	False
ZNF676	retained	False
ZNF492	retained	False
ZNF91	retained	False
ZNF675	retained	False
ZNF681	retained	False
ZNF254	retained	False
LINC00662	retained	False
UQCRFS1	retained	False
VSTM2B-DT	retained	False
POP4	retained	False
PLEKHF1	retained	False
C19orf12	retained	False
CCNE1	retained	False
URI1	retained	False
ZNF536	retained	False
TSHZ3	retained	False
ZNF507	retained	False
DPY19L3-DT	retained	False
DPY19L3	retained	False
PDCD5	retained	False
ANKRD27	retained	False
RGS9BP	retained	False
NUDT19	retained	False
TDRD12	retained	False
SLC7A9	retained	False
CEP89	retained	False
FAAP24	retained	False
RHPN2	retained	False
GPATCH1	retained	False
WDR88	retained	False
LRP3	retained	False
SLC7A10	retained	False
CEBPA	retained	False
CEBPG	retained	False
PEPD	retained	False
CHST8	retained	False
KCTD15	retained	False
LSM14A	retained	False
GARRE1	retained_tss_unresolved	False
GPI	retained	False
PDCD2L	retained	False
UBA2	retained	False
WTIP	retained	False
SCGB2B2	retained	False
ZNF302	retained	False
ZNF181	retained	False
ZNF599	retained	False
ZNF30	retained	False
ZNF792	retained	False
GRAMD1A	retained	False
SCN1B	retained	False
HPN	retained	False
FXYD3	retained	False
LGI4	retained	False
FXYD1	retained	False
FXYD7	retained	False
FXYD5	retained	False
FAM187B	retained	False
LSR	retained	False
USF2	retained	False
HAMP	retained	False
MAG	retained	False
CD22	retained	False
FFAR1	retained	False
FFAR3	retained	False
GPR42	retained	False
FFAR2	retained	False
KRTDAP	retained	False
DMKN	retained	False
SBSN	retained	False
GAPDHS	retained	False
TMEM147	retained	False
ATP4A	retained	False
HAUS5	retained	False
RBM42	retained	False
ETV2	retained	False
COX6B1	retained	False
UPK1A	retained	False
ZBTB32	retained	False
KMT2B	retained	False
IGFLR1	retained	False
U2AF1L4	retained	False
PSENEN	retained	False
LIN37	retained	False
HSPB6	retained	False
PROSER3	retained	False
ARHGAP33	retained	False
PRODH2	retained	False
NPHS1	retained	False
KIRREL2	retained	False
APLP1	retained	False
NFKBID	retained	False
HCST	retained	False
TYROBP	retained	False
LRFN3	retained	False
SDHAF1	retained	False
SYNE4	retained	False
ALKBH6	retained	False
CLIP3	retained	False
THAP8	retained	False
WDR62	retained	False
OVOL3	retained	False
POLR2I	retained	False
TBCB	retained	False
CAPNS1	retained	False
COX7A1	retained	False
ZNF565	retained	False
ZNF146	retained	False
ZFP14	retained	False
ZFP82	retained	False
ZNF566	retained	False
ZNF260	retained	False
ZNF529	retained	False
ZNF382	retained	False
ZNF461	retained	False
ZNF567	retained	False
ZNF850	retained	False
ZNF790	retained	False
ZNF345	retained	False
ZNF829	retained	False
ZNF568	retained	False
ZNF420	retained	False
ZNF585A	retained	False
ZNF585B	retained	False
ZNF383	retained	False
ZNF875	retained	False
ZNF527	retained	False
ZNF569	retained	False
ZNF570	retained	False
ZNF793	retained	False
ZNF540	retained	False
ZNF571	retained	False
ZFP30	retained	False
ZNF781	retained	False
ZNF607	retained	False
ZNF573	retained	False
WDR87	retained	False
SIPA1L3	retained	False
DPF1	retained	False
PPP1R14A	retained	False
SPINT2	retained	False
YIF1B	retained	False
C19orf33	retained	False
KCNK6	retained	False
CATSPERG	retained	False
PSMD8	retained	False
GGN	retained	False
SPRED3	retained	False
FAM98C	retained	False
RASGRP4	retained	False
RYR1	retained	False
MAP4K1	retained	False
EIF3K	retained	False
ACTN4	retained	False
CAPN12	retained	False
LGALS7B	retained	False
LGALS4	retained	False
ECH1	retained	False
HNRNPL	retained	False
RINL	retained	False
SIRT2	retained	False
NFKBIB	retained	False
CCER2	retained_tss_unresolved	False
SARS2	retained	False
MRPS12	retained	False
FBXO17	retained	False
FBXO27	retained	False
ACP7	retained	False
PAK4	retained	False
SYCN	retained	False
IFNL3	retained	False
IFNL2	retained	False
IFNL1	retained	False
LRFN1	retained	False
GMFG	retained	False
SAMD4B	retained	False
PAF1	retained	False
MED29	retained	False
ZFP36	retained	False
PLEKHG2	retained	False
RPS16	retained	False
SUPT5H	retained	False
TIMM50	retained	False
DLL3	retained	False
SELENOV	retained	False
EID2B	retained	False
EID2	retained	False
LGALS13	retained	False
LGALS16	retained	False
LGALS14	retained	False
CLC	retained	False
DYRK1B	retained	False
FBL	retained	False
FCGBP	retained	False
PSMC4	retained	False
ZNF546	retained	False
ZNF780B	retained	False
ZNF780A	retained	False
MAP3K10	retained	False
TTC9B	retained	False
CCNP	retained	False
AKT2	retained	False
C19orf47	retained	False
PLD3	retained	False
HIPK4	retained	False
PRX	retained	False
SERTAD1	retained	False
SERTAD3	retained	False
BLVRB	retained	False
SPTBN4	retained	False
SHKBP1	retained	False
LTBP4	retained	False
NUMBL	retained	False
COQ8B	retained	False
ITPKC	retained	False
C19orf54	retained	False
SNRPA	retained	False
MIA	retained	False
RAB4B	retained	False
EGLN2	retained	False
CYP2A6	retained	False
CYP2A7	retained	False
CYP2B7P	retained_tss_unresolved	False
CYP2B6	retained	False
CYP2A13	retained	False
CYP2F1	retained	False
CYP2S1	retained	False
AXL	retained	False
HNRNPUL1	retained	False
CCDC97	retained	False
TGFB1	retained	False
B9D2	retained	False
EXOSC5	retained	False
BCKDHA	retained	False
B3GNT8	retained	False
DMAC2	retained	False
CEACAM21	retained	False
CEACAM4	retained	False
CEACAM7	retained	False
CEACAM5	retained	False
CEACAM6	retained	False
CEACAM3	retained	False
LYPD4	retained	False
DMRTC2	retained	False
RPS19	retained	False
CD79A	retained	False
ARHGEF1	retained	False
RABAC1	retained	False
ATP1A3	retained	False
GRIK5	retained	False
ZNF574	retained	False
POU2F2	retained	False
DEDD2	retained	False
ZNF526	retained	False
GSK3A	retained	False
ERF	retained	False
CIC	retained	False
PAFAH1B3	retained	False
PRR19	retained	False
TMEM145	retained	False
MEGF8	retained	False
CNFN	retained	False
LIPE	retained	False
CXCL17	retained	False
CEACAM1	retained	False
CEACAM8	retained	False
PSG3	retained	False
PSG8	retained	False
PSG1	retained	False
PSG6	retained	False
PSG7	retained	False
PSG11	retained	False
PSG2	retained	False
PSG5	retained	False
PSG4	retained	False
PSG9	retained	False
CD177	retained	False
TEX101	retained	False
LYPD3	retained	False
PHLDB3	retained	False
ETHE1	retained	False
ZNF575	retained	False
XRCC1	retained	False
IRGQ	retained	False
ZNF576	retained	False
ZNF428	retained	False
CADM4	retained	False
PLAUR	retained	False
IRGC	retained	False
SMG9	retained	False
KCNN4	retained	False
LYPD5	retained	False
ZNF283	retained	False
ZNF404	retained	False
ZNF45	retained	False
ZNF221	retained	False
ZNF155	retained	False
ZNF230	retained	False
ZNF222	retained	False
ZNF223	retained	False
ZNF284	retained	False
ZNF224	retained	False
ZNF225	retained	False
ZNF234	retained	False
ZNF226	retained	False
ZNF227	retained	False
ZNF233	retained	False
ZNF235	retained	False
ZNF112	retained	False
ZNF285	retained	False
ZNF229	retained	False
ZNF180	retained	False
CEACAM20	retained	False
IGSF23	retained	False
PVR	retained	False
CEACAM19	retained	False
CEACAM16	retained	False
BCL3	retained	False
CBLC	retained	False
BCAM	retained	False
NECTIN2	retained	False
TOMM40	retained	False
APOE	tss_only	True
APOC1	retained	False
APOC4	retained	False
APOC2	retained	False
CLPTM1	retained	False
RELB	retained	False
CLASRP	retained	False
ZNF296	retained	False
GEMIN7	retained	False
NKPD1	retained	False
TRAPPC6A	retained	False
BLOC1S3	retained	False
EXOC3L2	retained	False
MARK4	retained	False
CKM	retained	False
KLC3	retained	False
ERCC2	retained	False
PPP1R13L	retained	False
POLR1G	retained	False
ERCC1	retained	False
FOSB	retained	False
RTN2	retained	False
PPM1N	retained	False
VASP	retained	False
OPA3	retained	False
GPR4	retained	False
EML2	retained	False
GIPR	retained	False
SNRPD2	retained	False
QPCTL	retained	False
FBXO46	retained	False
MEIOSIN	retained	False
SIX5	retained	False
DMPK	retained	False
DMWD	retained	False
RSPH6A	retained	False
SYMPK	retained	False
FOXA3	retained	False
IRF2BP1	retained	False
MYPOP	retained	False
NANOS2	retained	False
NOVA2	retained	False
PGLYRP1	retained	False
IGFL4	retained	False
IGFL2	retained	False
IGFL3	retained	False
IGFL2-AS1	retained	False
IGFL1	retained	False
HIF3A	retained	False
PPP5C	retained	False
CCDC8	retained	False
PNMA8A	retained	False
CALM3	retained	False
PTGIR	retained	False
GNG8	retained	False
DACT3	retained	False
PRKD2	tss_only	True
STRN4	retained	False
FKRP	retained	False
SLC1A5	retained	False
AP2S1	retained	False
ARHGAP35	retained	False
NPAS1	retained	False
TMEM160	retained	False
ZC3H4	retained	False
SAE1	retained	False
BBC3	retained	False
CCDC9	retained	False
INAFM1	retained	False
C5AR1	retained	False
C5AR2	retained	False
DHX34	retained	False
MEIS3	retained	False
SLC8A2	retained	False
KPTN	retained	False
NAPA	retained	False
ZNF541	retained	False
BICRA	retained	False
EHD2	retained	False
NOP53	retained	False
SELENOW	retained	False
TPRX1	retained	False
CRX	retained	False
SULT2A1	retained	False
ELSPBP1	retained	False
CABP5	retained	False
PLA2G4C	retained	False
LIG1	retained	False
ZSWIM9	retained	False
CARD8	retained	False
ZNF114	retained	False
ODAD1	retained	False
EMP3	retained	False
TMEM143	retained	False
SYNGR4	retained	False
KDELR1	retained	False
GRIN2D	retained	False
GRWD1	retained	False
KCNJ14	retained	False
CYTH2	retained	False
LMTK3	retained	False
SULT2B1	retained	False
FAM83E	retained	False
SPACA4	retained	False
RPL18	retained	False
SPHK2	retained	False
DBP	retained	False
CA11	retained	False
NTN5	retained	False
FUT2	retained	False
MAMSTR	retained	False
RASIP1	retained	False
IZUMO1	retained	False
FUT1	retained	False
FGF21	retained	False
BCAT2	retained	False
HSD17B14	retained	False
PLEKHA4	retained	False
PPP1R15A	retained	False
TULP2	retained	False
NUCB1	retained	False
DHDH	retained	False
BAX	retained	False
FTL	retained	False
GYS1	retained	False
RUVBL2	retained	False
LHB	retained	False
CGB3	retained	False
CGB2	retained	False
CGB1	retained	False
CGB5	retained	False
CGB8	retained	False
CGB7	retained	False
NTF4	retained	False
KCNA7	retained	False
SNRNP70	retained	False
LIN7B	retained	False
C19orf73	retained	False
PPFIA3	retained	False
HRC	retained	False
TRPM4	retained	False
SLC6A16	retained	False
CD37	retained	False
TEAD2	retained	False
DKKL1	retained	False
KASH5	retained	False
PTH2	retained	False
SLC17A7	retained	False
PIH1D1	retained	False
ALDH16A1	retained	False
FLT3LG	retained	False
RPL13A	retained	False
RPS11	retained	False
FCGRT	retained	False
RCN3	retained	False
NOSIP	retained	False
PRRG2	retained	False
PRR12	retained	False
RRAS	retained	False
SCAF1	retained	False
IRF3	retained	False
BCL2L12	retained	False
PRMT1	retained	False
ADM5	retained	False
CPT1C	retained	False
TSKS	retained	False
AP2A1	retained	False
FUZ	retained	False
MED25	retained	False
PTOV1	retained	False
PNKP	retained	False
AKT1S1	retained	False
TBC1D17	retained	False
IL4I1	retained	False
NUP62	retained	False
ATF5	retained	False
SIGLEC11	retained	False
SIGLEC16	retained	False
VRK3	retained	False
ZNF473	retained	False
IZUMO2	retained	False
MYH14	retained	False
KCNC3	retained	False
NAPSB	retained	False
NAPSA	retained	False
NR1H2	retained	False
POLD1	retained	False
SPIB	retained	False
MYBPC2	retained	False
GARIN5A	retained	False
EMC10	retained	False
JOSD2	retained	False
ASPDH	retained	False
LRRC4B	retained	False
SYT3	retained	False
C19orf81	retained	False
SHANK1	retained	False
CLEC11A	retained	False
GPR32	retained	False
ACP4	retained	False
C19orf48	retained	False
TMEM277P	retained	False
KLK1	retained	False
KLK15	retained	False
KLK3	retained	False
KLK2	retained	False
KLK4	retained	False
KLK5	retained	False
KLK6	retained	False
KLK7	retained	False
KLK8	retained	False
KLK9	retained	False
KLK10	retained	False
KLK11	retained	False
KLK12	retained	False
KLK13	retained	False
KLK14	retained	False
CTU1	retained	False
SIGLEC9	retained	False
SIGLEC7	retained	False
SIGLEC17P	retained	False
CD33	retained	False
SIGLECL1	retained	False
IGLON5	retained	False
VSIG10L	retained	False
ETFB	retained	False
CLDND2	retained	False
NKG7	retained	False
LIM2	retained	False
SIGLEC10	retained	False
SIGLEC8	retained	False
SIGLEC12	retained	False
SIGLEC6	retained	False
ZNF175	retained	False
SIGLEC5	retained	False
SIGLEC14	retained	False
SPACA6	retained	False
HAS1	retained	False
FPR1	retained	False
FPR2	retained	False
FPR3	retained	False
ZNF577	retained	False
ZNF649	retained	False
ZNF613	retained	False
ZNF350	retained	False
ZNF615	retained	False
ZNF614	retained	False
ZNF432	retained	False
ZNF841	retained	False
ZNF616	retained	False
ZNF836	retained	False
PPP2R1A	retained	False
ZNF766	retained	False
ZNF480	retained	False
ZNF610	retained	False
ZNF880	retained	False
ZNF528	retained	False
ZNF534	retained	False
ZNF578	retained	False
ZNF701	retained	False
ZNF83	retained	False
ZNF611	retained	False
ZNF600	retained	False
ZNF28	retained	False
ZNF468	retained	False
ZNF320	retained	False
ZNF321P	retained	False
ZNF816	retained	False
ZNF702P	retained	False
ERVV-1	retained	False
ZNF160	retained	False
ZNF415	retained	False
ZNF347	retained	False
ZNF665	retained	False
ZNF677	input_only	True
VN1R2	input_only	True
VN1R4	input_only	True
BIRC8	input_only	True
ZNF845	input_only	True
ZNF525	input_only	True
ZNF765	input_only	True
TPM3P9	input_only	True
ZNF761	input_only	True
ZNF813	input_only	True
ZNF331	input_only	True
DPRX	input_only	True
NLRP12	input_only	True
MYADM	input_only	True
PRKCG	input_only	True
CACNG7	input_only	True
CACNG8	input_only	True
CACNG6	input_only	True
VSTM1	input_only	True
OSCAR	input_only	True
NDUFA3	input_only	True
TFPT	input_only	True
PRPF31	input_only	True
CNOT3	input_only	True
LENG1	input_only	True
TMC4	input_only	True
MBOAT7	tss_and_input	True
TSEN34	input_only	True
RPS9	input_only	True
LILRB3	input_only	True
LILRA6	input_only	True
LILRB5	input_only	True
LILRB2	input_only	True
LILRA3	input_only	True
LILRA5	input_only	True
LILRA4	input_only	True
LAIR1	input_only	True
TTYH1	input_only	True
LENG8	input_only	True
LENG9	input_only	True
CDC42EP5	input_only	True
LAIR2	input_only	True
LILRA2	input_only	True
LILRA1	input_only	True
LILRB1	input_only	True
LILRB4	input_only	True
LILRP2	input_only	True
KIR3DL3	input_only	True
KIR2DL3	input_only	True
KIR2DL1	input_only	True
KIR2DL4	input_only	True
KIR3DL1	input_only	True
KIR2DS4	input_only	True
KIR3DL2	input_only	True
FCAR	input_only	True
NCR1	input_only	True
NLRP7	input_only	True
NLRP2	input_only	True
GP6	input_only	True
RDH13	input_only	True
EPS8L1	input_only	True
PPP1R12C	input_only	True
TNNT1	input_only	True
TNNI3	input_only	True
DNAAF3	input_only	True
SYT5	retained	False
PTPRH	retained	False
TMEM86B	retained	False
PPP6R1	retained	False
HSPBP1	retained	False
BRSK1	retained	False
TMEM150B	retained	False
KMT5C	retained	False
COX6B2	retained	False
GARIN5B	retained	False
IL11	retained	False
TMEM190	retained	False
TMEM238	retained	False
RPL28	retained	False
UBE2S	retained	False
ISOC2	retained	False
ZNF628	retained	False
NAT14	retained	False
SSC5D	retained	False
ZNF579	retained	False
FIZ1	retained	False
ZNF524	retained	False
ZNF784	retained	False
ZNF581	retained	False
ZNF580	retained	False
CCDC106	retained	False
U2AF2	retained	False
EPN1	retained	False
NLRP9	retained	False
RFPL4A	retained	False
NLRP11	retained	False
NLRP4	retained	False
NLRP13	retained	False
NLRP8	retained	False
NLRP5	retained	False
ZNF787	retained	False
ZNF444	retained	False
GALP	retained	False
ZSCAN5A	retained	False
ZNF542P	retained_tss_unresolved	False
ZNF582	retained	False
ZNF583	retained	False
ZNF667	retained	False
ZNF667-AS1	retained	False
ZNF471	retained	False
ZFP28	retained	False
ZNF470	retained	False
ZNF71	retained	False
ZNF835	retained	False
ZIM2	retained	False
PEG3	retained	False
USP29	retained	False
ZIM3	retained	False
ZNF264	retained	False
AURKC	retained	False
ZNF460	retained	False
ZNF543	retained	False
ZNF304	retained	False
ZNF547	retained	False
TRAPPC2B	retained	False
ZNF548	retained	False
ZNF17	retained	False
ZNF749	retained	False
VN1R1	retained	False
ZNF772	retained	False
ZNF419	retained	False
ZNF773	retained	False
ZNF549	retained	False
ZNF550	retained	False
ZNF416	retained	False
ZIK1	retained	False
ZNF530	retained	False
ZNF134	retained	False
ZNF211	retained	False
ZSCAN4	retained	False
ZNF551	retained	False
ZNF154	retained	False
ZNF671	retained	False
ZNF776	retained	False
ZNF586	retained	False
ZNF552	retained	False
ZNF587	retained	False
ZNF417	retained	False
ZNF418	retained	False
ZNF256	retained	False
C19orf18	retained	False
ZNF606	retained	False
ZSCAN1	retained	False
ZNF135	retained	False
ZSCAN18	retained	False
ZNF329	retained	False
ZNF274	retained	False
ZNF544	retained	False
ZNF8	retained_tss_unresolved	False
ZSCAN22	retained	False
A1BG	retained	False
A1BG-AS1	retained	False
ZNF497	retained	False
RPS5	retained	False
ZNF584	retained	False
ZNF132	retained	False
ZNF324B	retained	False
ZNF324	retained	False
ZNF446	retained	False
SLC27A5	retained	False
ZBTB45	retained	False
TRIM28	retained	False
CHMP2A	retained	False
UBE2M	retained	False
MZF1	retained	False
CENPBD2P	retained	False
DEFB125	retained	False
DEFB126	retained	False
DEFB127	retained	False
DEFB129	retained	False
DEFB132	retained	False
C20orf96	retained	False
ZCCHC3	retained	False
SOX12	retained	False
NRSN2	retained	False
TRIB3	retained	False
RBCK1	retained	False
TBC1D20	retained	False
CSNK2A1	retained	False
TCF15	retained	False
SRXN1	retained	False
SCRT2	retained	False
SLC52A3	retained	False
FAM110A	retained	False
ANGPT4	retained	False
RSPO4	retained	False
PSMF1	retained	False
TMEM74B	retained	False
C20orf202	retained	False
RAD21L1	retained	False
SNPH	retained	False
SDCBP2	retained	False
FKBP1A	retained	False
NSFL1C	retained	False
SIRPB2	retained	False
SIRPD	retained	False
SIRPB1	retained	False
SIRPG	retained	False
SIRPA	retained	False
PDYN-AS1	retained	False
PDYN	retained	False
STK35	retained	False
TGM3	retained	False
TGM6	retained	False
SNRPB	retained	False
ZNF343	retained	False
TMC2	retained	False
NOP56	retained	False
SNORD56	retained	False
SNORD57	retained	False
IDH3B	retained	False
EBF4	retained	False
CPXM1	retained	False
C20orf141	retained	False
PCED1A	retained	False
VPS16	retained	False
PTPRA	retained	False
GNRH2	retained	False
MRPS26	retained	False
OXT	retained	False
AVP	retained	False
UBOX5	retained	False
FASTKD5	retained	False
LZTS3	retained	False
DDRGK1	retained	False
ITPA	retained	False
SLC4A11	retained	False
DNAAF9	retained	False
ATRN	retained	False
GFRA4	retained	False
ADAM33	retained	False
SIGLEC1	retained	False
HSPA12B	retained	False
C20orf27	retained	False
SPEF1	retained	False
CENPB	retained	False
CDC25B	retained	False
AP5S1	retained	False
MAVS	retained	False
PANK2	retained	False
RNF24	retained	False
SMOX	retained	False
ADRA1D	retained	False
PRNP	retained	False
PRND	retained	False
PRNT	retained	False
RASSF2	retained	False
SLC23A2	retained	False
TMEM230	retained	False
PCNA	retained	False
CDS2	retained	False
PROKR2	retained	False
LINC00654	retained	False
GPCPD1	retained	False
SHLD1	retained	False
CHGB	retained	False
TRMT6	retained	False
MCM8	retained	False
CRLS1	retained	False
LRRN4	retained	False
FERMT1	retained	False
BMP2	retained	False
HAO1	retained	False
TMX4	retained	False
PLCB1	retained	False
PLCB4	retained	False
LAMP5	retained	False
PAK5	retained	False
ANKEF1	retained	False
SNAP25	retained	False
MKKS	retained	False
SLX4IP	retained	False
JAG1	retained	False
BTBD3	retained	False
SPTLC3	retained	False
TASP1	retained	False
ISM1	retained	False
ESF1	retained	False
NDUFAF5	retained	False
SEL1L2	retained	False
MACROD2	retained	False
FLRT3	retained	False
KIF16B	retained	False
SNRPB2	retained	False
OTOR	retained	False
PCSK2	retained	False
BFSP1	retained	False
DSTN	retained	False
RRBP1	retained	False
BANF2	retained	False
SNX5	retained	False
MGME1	retained	False
OVOL2	retained	False
KAT14	retained	False
ZNF133	retained	False
DZANK1	retained	False
POLR3F	retained	False
RBBP9	retained	False
SEC23B	retained	False
SMIM26	retained	False
DTD1	retained	False
SCP2D1	retained	False
SLC24A3	retained	False
SLC24A3-AS1	retained	False
RIN2	retained	False
NAA20	retained	False
CRNKL1	retained	False
CFAP61	retained	False
INSM1	retained	False
RALGAPA2	retained	False
KIZ	retained	False
XRN2	retained	False
NKX2-2	retained	False
PAX1	retained	False
FOXA2	retained	False
SSTR4	retained	False
THBD	retained	False
CD93	retained	False
LINC00656	retained	False
NXT1	retained	False
GZF1	retained	False
NAPB	retained	False
CSTL1	retained	False
CST11	retained	False
CST8	retained	False
CST13P	retained	False
CST9L	retained	False
CST9	retained	False
CST3	retained	False
CST4	retained	False
CST1	retained	False
CST2	retained	False
CST5	retained	False
GGTLC1	retained	False
SYNDIG1	retained	False
CST7	retained	False
APMAP	retained	False
ACSS1	retained	False
VSX1	retained	False
ENTPD6	retained	False
PYGB	retained	False
ABHD12	retained	False
GINS1	retained	False
NINL	retained	False
NANP	retained	False
ZNF337	retained	False
FAM182A	retained	False
NCOR1P1	retained	False
MIR663AHG	retained	False
DEFB118	retained	False
DEFB119	retained	False
DEFB122	retained	False
DEFB123	retained	False
DEFB124	retained	False
REM1	retained	False
HM13	retained	False
ID1	retained	False
COX4I2	retained	False
BCL2L1	retained	False
TPX2	retained	False
MYLK2	retained	False
FOXS1	retained	False
DUSP15	retained	False
TTLL9	retained	False
PDRG1	retained	False
XKR7	retained	False
CCM2L	retained	False
HCK	retained	False
TM9SF4	retained	False
PLAGL2	retained	False
POFUT1	retained	False
KIF3B	retained	False
ASXL1	retained	False
NOL4L	retained	False
NOL4L-DT	retained	False
COMMD7	retained	False
DNMT3B	retained	False
MAPRE1	retained	False
SUN5	retained	False
BPIFB2	retained	False
BPIFB6	retained	False
BPIFB3	retained	False
BPIFB4	retained	False
BPIFA2	retained	False
BPIFA4P	retained	False
BPIFA3	retained	False
BPIFA1	retained	False
BPIFB1	retained	False
CDK5RAP1	retained	False
SNTA1	retained	False
CBFA2T2	retained	False
NECAB3	retained	False
C20orf144	retained	False
ACTL10	retained	False
E2F1	retained	False
PXMP4	retained	False
ZNF341	retained	False
CHMP4B	retained	False
RALY	retained	False
EIF2S2	retained	False
ASIP	retained	False
AHCY	retained	False
ITCH	retained	False
DYNLRB1	retained	False
MAP1LC3A	retained	False
PIGU	retained	False
TP53INP2	retained	False
NCOA6	retained	False
GGT7	retained	False
ACSS2	retained	False
GSS	retained	False
MYH7B	retained	False
TRPC4AP	retained	False
EDEM2	retained	False
PROCR	retained	False
MMP24	retained	False
EIF6	retained	False
FAM83C	retained	False
UQCC1	retained	False
GDF5	retained	False
CEP250	retained	False
C20orf173	retained	False
ERGIC3	retained	False
SPAG4	retained	False
CPNE1	retained	False
RBM12	retained	False
NFS1	retained	False
ROMO1	retained	False
RBM39	retained	False
PHF20	retained	False
SCAND1	retained	False
CNBD2	retained	False
NORAD	retained	False
EPB41L1	retained	False
AAR2	retained	False
DLGAP4	retained	False
MYL9	retained	False
TGIF2	retained	False
RAB5IF	retained	False
SLA2	retained	False
NDRG3	retained	False
DSN1	retained	False
SOGA1	retained	False
TLDC2	retained	False
SAMHD1	retained	False
RBL1	retained	False
MROH8	retained	False
RPN2	retained	False
GHRH	retained	False
MANBAL	retained	False
SRC	retained	False
BLCAP	retained	False
NNAT	retained	False
CTNNBL1	retained	False
VSTM2L	retained	False
TTI1	retained	False
RPRD1B	retained	False
TGM2	retained	False
KIAA1755	retained	False
BPI	retained	False
LBP	retained	False
SNHG17	retained	False
SNHG11	retained	False
RALGAPB	retained	False
ADIG	retained	False
SLC32A1	retained	False
ACTR5	retained	False
PPP1R16B	retained	False
FAM83D	retained	False
DHX35	retained	False
MAFB	retained	False
TOP1	retained	False
PLCG1	retained	False
ZHX3	retained	False
LPIN3	retained	False
EMILIN3	retained	False
CHD6	retained	False
PTPRT	retained	False
SRSF6	retained	False
L3MBTL1	retained	False
SGK2	retained	False
IFT52	retained	False
MYBL2	retained	False
GTSF1L	retained	False
TOX2	retained	False
JPH2	retained	False
OSER1	retained	False
GDAP1L1	retained	False
FITM2	retained	False
R3HDML	retained	False
HNF4A	retained	False
TTPAL	retained	False
SERINC3	retained	False
PKIG	retained	False
ADA	retained	False
CCN5	retained	False
KCNK15	retained	False
RIMS4	retained	False
YWHAB	retained	False
PABPC1L	retained	False
TOMM34	retained	False
STK4	retained	False
KCNS1	retained	False
WFDC5	retained	False
WFDC12	retained	False
PI3	retained	False
SEMG1	retained	False
SEMG2	retained	False
SLPI	retained	False
MATN4	retained	False
RBPJL	retained	False
SDC4	retained	False
SYS1	retained	False
TP53TG5	retained	False
DBNDD2	retained	False
PIGT	retained	False
WFDC2	retained	False
SPINT3	retained	False
WFDC6	retained	False
EPPIN	retained	False
WFDC8	retained	False
WFDC9	retained	False
WFDC10A	retained	False
WFDC11	retained	False
WFDC10B	retained	False
WFDC13	retained	False
WFDC3	retained	False
SPINT4	retained	False
DNTTIP1	retained	False
UBE2C	retained	False
TNNC2	retained	False
SNX21	retained	False
ACOT8	retained	False
ZSWIM3	retained	False
ZSWIM1	retained	False
SPATA25	retained	False
NEURL2	retained	False
CTSA	retained	False
PLTP	retained	False
PCIF1	retained	False
ZNF335	retained	False
MMP9	retained	False
SLC12A5	retained	False
NCOA5	retained	False
CD40	retained	False
CDH22	retained	False
SLC35C2	retained	False
ELMO2	retained	False
ZNF334	retained	False
OCSTAMP	retained	False
SLC13A3	retained	False
TP53RK	retained	False
SLC2A10	retained	False
EYA2	retained	False
ZMYND8	retained	False
NCOA3	retained	False
SULF2	retained	False
PREX1	retained	False
ARFGEF2	retained	False
CSE1L	retained	False
STAU1	retained	False
DDX27	retained	False
ZNFX1	retained	False
ZFAS1	retained	False
KCNB1	retained	False
PTGIS	retained	False
B4GALT5	retained	False
SLC9A8	retained	False
SPATA2	retained	False
RNF114	retained	False
SNAI1	retained	False
UBE2V1	retained	False
PEDS1-UBE2V1	retained	False
PEDS1	retained	False
CEBPB	retained	False
PTPN1	retained	False
RIPOR3	retained	False
PARD6B	retained	False
BCAS4	retained	False
ADNP	retained	False
DPM1	retained	False
MOCS3	retained	False
KCNG1	retained	False
NFATC2	retained	False
ATP9A	retained	False
SALL4	retained	False
ZFP64	retained	False
TSHZ2	retained	False
ZNF217	retained	False
BCAS1	retained	False
CYP24A1	retained	False
PFDN4	retained	False
DOK5	retained	False
CBLN4	retained	False
MC3R	retained	False
FAM210B	retained	False
AURKA	retained	False
CSTF1	retained	False
CASS4	retained	False
RTF2	retained	False
GCNT7	retained	False
FAM209A	retained	False
FAM209B	retained	False
TFAP2C	retained	False
BMP7	retained	False
SPO11	retained	False
RAE1	retained	False
RBM38	retained	False
CTCFL	retained	False
PCK1	retained	False
ZBP1	retained	False
PMEPA1	retained	False
C20orf85	retained	False
ANKRD60	retained	False
RAB22A	retained	False
VAPB	retained	False
APCDD1L	retained	False
APCDD1L-DT	retained	False
LINC01711	retained	False
STX16	retained	False
NPEPL1	retained	False
GNAS-AS1	retained	False
GNAS	retained	False
NELFCD	retained	False
CTSZ	retained	False
TUBB1	retained	False
ATP5F1E	retained	False
PRELID3B	retained	False
ZNF831	retained	False
EDN3	retained	False
PHACTR3	retained	False
SYCP2	retained	False
FAM217B	retained	False
PPP1R3D	retained	False
CDH26	retained	False
LINC02910	retained	False
CDH4	retained	False
TAF4	retained	False
LSM14B	retained	False
PSMA7	retained	False
SS18L1	retained	False
MTG2	retained	False
HRH3	retained	False
OSBPL2	retained	False
ADRM1	retained	False
LAMA5	retained	False
RPS21	retained	False
CABLES2	retained	False
RBBP8NL	retained	False
GATA5	retained	False
MIR1-1HG	retained	False
SLCO4A1	retained	False
NTSR1	retained	False
MRGBP	retained	False
OGFR	retained	False
COL9A3	retained	False
TCFL5	retained	False
DIDO1	retained	False
GID8	retained	False
SLC17A9	retained	False
BHLHE23	retained	False
LINC01749	retained	False
YTHDF1	retained	False
BIRC7	retained	False
NKAIN4	retained	False
ARFGAP1	retained	False
COL20A1	retained	False
CHRNA4	retained	False
KCNQ2	retained	False
EEF1A2	retained	False
PPDPF	retained	False
PTK6	retained	False
SRMS	retained	False
FNDC11	retained	False
HELZ2	retained	False
GMEB2	retained	False
STMN3	retained	False
RTEL1	retained	False
TNFRSF6B	retained	False
ARFRP1	retained	False
ZGPAT	retained	False
LIME1	retained	False
SLC2A4RG	retained	False
ZBTB46	retained	False
ABHD16B	retained	False
TPD52L2	retained	False
DNAJC5	retained	False
UCKL1	retained	False
ZNF512B	retained	False
SAMD10	retained	False
PRPF6	retained	False
C20orf204	retained	False
TCEA2	retained	False
SOX18	retained	False
RGS19	retained	False
OPRL1	retained	False
LKAAEAR1	retained	False
NPBWR2	retained	False
MYT1	retained	False
PCMTD2	retained	False
POTED	retained	False
LIPI	retained	False
RBM11	retained	False
ABCC13	retained	False
HSPA13	retained	False
SAMSN1	retained	False
NRIP1	retained	False
USP25	retained	False
MIR99AHG	retained	False
CXADR	retained	False
BTG3	retained	False
C21orf91-OT1	retained	False
C21orf91	retained	False
CHODL	retained	False
TMPRSS15	retained	False
LINC00320	retained	False
NCAM2	retained	False
LINC00317	retained	False
LINC00308	retained	False
D21S2088E	retained	False
LINC01692	retained	False
LINC00158	retained	False
MRPL39	retained	False
JAM2	retained	False
ATP5PF	retained	False
GABPA	retained	False
APP	retained	False
CYYR1	retained	False
ADAMTS1	retained	False
ADAMTS5	retained	False
LINC00113	retained	False
LINC00314	retained	False
LINC00161	retained	False
N6AMT1	retained	False
LTN1	retained	False
RWDD2B	retained	False
USP16	retained	False
CCT8	retained	False
MAP3K7CL	retained	False
LINC00189	retained	False
BACH1	retained	False
BACH1-IT3	retained	False
GRIK1	retained	False
CLDN17	retained	False
LINC00307	retained	False
CLDN8	retained	False
KRTAP26-1	retained	False
KRTAP23-1	retained	False
KRTAP13-2	retained	False
KRTAP13-1	retained	False
KRTAP13-3	retained	False
KRTAP13-4	retained	False
KRTAP15-1	retained	False
KRTAP19-1	retained	False
KRTAP19-2	retained	False
KRTAP19-3	retained	False
KRTAP19-4	retained	False
KRTAP19-5	retained	False
KRTAP19-6	retained	False
KRTAP19-7	retained	False
KRTAP6-3	retained	False
KRTAP6-2	retained	False
KRTAP22-1	retained	False
KRTAP6-1	retained	False
KRTAP20-1	retained	False
KRTAP20-2	retained	False
KRTAP21-2	retained	False
KRTAP21-1	retained	False
KRTAP8-1	retained	False
KRTAP7-1	retained	False
KRTAP11-1	retained	False
TIAM1	retained	False
SOD1	retained	False
SCAF4	retained	False
HUNK	retained	False
MIS18A	retained	False
MRAP	retained	False
URB1	retained	False
URB1-AS1	retained	False
EVA1C	retained	False
TCP10L	retained	False
CFAP298	retained	False
SYNJ1	retained	False
PAXBP1	retained	False
C21orf62	retained	False
OLIG2	retained	False
OLIG1	retained	False
IFNAR2	retained	False
IL10RB	retained	False
IFNAR1	retained	False
IFNGR2	retained	False
TMEM50B	retained	False
DNAJC28	retained	False
GART	retained	False
SON	retained	False
DONSON	retained	False
CRYZL1	retained	False
ITSN1	retained	False
ATP5PO	retained	False
SLC5A3	retained	False
MRPS6	retained	False
LINC00310	retained	False
KCNE2	retained	False
SMIM11	retained	False
KCNE1	retained	False
RCAN1	retained	False
CLIC6	retained	False
LINC00160	retained	False
RUNX1	retained	False
SETD4	retained	False
CBR1	retained	False
CBR3	retained	False
DOP1B	retained	False
MORC3	retained	False
CHAF1B	retained	False
CLDN14	retained	False
SIM2	retained	False
HLCS	retained	False
RIPPLY3	retained	False
PIGP	retained	False
TTC3	retained	False
DSCR9	retained	False
VPS26C	retained	False
DYRK1A	retained	False
KCNJ6	retained	False
DSCR4	retained	False
DSCR8	retained	False
DSCR10	retained	False
KCNJ15	retained	False
ERG	retained	False
LINC00114	retained	False
ETS2	retained	False
PSMG1	retained	False
BRWD1	retained	False
HMGN1	retained	False
GET1	retained	False
LCA5L	retained	False
SH3BGR	retained	False
B3GALT5	retained	False
IGSF5	retained	False
PCP4	retained	False
DSCAM	retained	False
LINC00323	retained	False
BACE2	retained	False
PLAC4	retained	False
FAM3B	retained	False
MX2	retained	False
MX1	retained	False
TMPRSS2	retained	False
LINC00479	retained	False
RIPK4	retained	False
PRDM15	retained	False
C2CD2	retained	False
ZBTB21	retained	False
ZNF295-AS1	retained	False
UMODL1	retained	False
UMODL1-AS1	retained	False
ABCG1	retained	False
TFF3	retained	False
TFF2	retained	False
TFF1	retained	False
TMPRSS3	retained	False
UBASH3A	retained	False
RSPH1	retained	False
SLC37A1	retained	False
PDE9A	retained	False
WDR4	retained	False
NDUFV3	retained	False
PKNOX1	retained	False
CBS	retained	False
U2AF1	retained	False
CRYAA	retained	False
SIK1	retained	False
HSF2BP	retained	False
H2BC12L	retained	False
RRP1B	retained	False
PDXK	retained	False
CSTB	retained	False
RRP1	retained	False
AGPAT3	retained	False
TRAPPC10	retained	False
PWP2	retained	False
GATD3	retained	False
ICOSLG	retained	False
DNMT3L	retained	False
AIRE	retained	False
PFKL	retained	False
CFAP410	retained	False
TRPM2	retained	False
LRRC3	retained	False
TSPEAR	retained	False
KRTAP10-1	retained	False
KRTAP10-2	retained	False
KRTAP10-3	retained	False
KRTAP10-4	retained	False
KRTAP10-5	retained	False
KRTAP10-6	retained	False
KRTAP10-7	retained	False
KRTAP10-8	retained	False
KRTAP10-9	retained	False
KRTAP10-10	retained	False
KRTAP10-11	retained	False
KRTAP12-4	retained	False
KRTAP12-3	retained	False
KRTAP12-2	retained	False
KRTAP12-1	retained	False
KRTAP10-12	retained	False
UBE2G2	retained	False
SUMO3	retained	False
PTTG1IP	retained	False
ITGB2	retained	False
LINC01547	retained	False
SLX9	retained	False
LINC00163	retained	False
PICSAR	retained_tss_unresolved	False
SSR4P1	retained	False
ADARB1	retained	False
LINC00334	retained	False
POFUT2	retained	False
COL18A1	retained	False
COL18A1-AS1	retained	False
SLC19A1	retained	False
PCBP3	retained	False
COL6A1	retained	False
COL6A2	retained	False
FTCD	retained	False
SPATC1L	retained	False
LSS	retained	False
MCM3AP	retained	False
YBEY	retained	False
C21orf58	retained	False
PCNT	retained	False
DIP2A	retained	False
S100B	retained	False
PRMT2	retained	False
OR11H1	retained	False
CCT8L2	retained	False
TPTEP1	retained	False
XKR3	retained	False
HSFY1P1	retained	False
GAB4	retained	False
IL17RA	retained	False
TMEM121B	retained	False
HDHD5	retained	False
HDHD5-AS1	retained	False
ADA2	retained	False
CECR3	retained	False
CECR2	retained	False
SLC25A18	retained	False
ATP6V1E1	retained	False
BCL2L13	retained	False
BID	retained	False
MICAL3	retained	False
PEX26	retained	False
TUBA8	retained	False
USP18	retained	False
DGCR6	retained	False
PRODH	retained	False
DGCR5	retained	False
DGCR2	retained	False
DGCR11	retained	False
ESS2	retained	False
TSSK2	retained	False
GSC2	retained	False
SLC25A1	retained	False
CLTCL1	retained	False
HIRA	retained	False
MRPL40	retained	False
C22orf39	retained	False
UFD1	retained	False
CDC45	retained	False
CLDN5	retained	False
SEPTIN5	retained	False
GP1BB	retained	False
TBX1	retained	False
GNB1L	retained	False
RTL10	retained	False
TXNRD2	retained	False
COMT	retained	False
ARVCF	retained	False
TANGO2	retained	False
DGCR8	retained	False
TRMT2A	retained	False
RANBP1	retained	False
ZDHHC8	retained	False
CCDC188	retained	False
RTN4R	retained	False
DGCR6L	retained	False
GGTLC3	retained	False
TMEM191B	retained_tss_unresolved	False
RIMBP3	retained	False
ZNF74	retained	False
SCARF2	retained	False
KLHL22	retained	False
MED15	input_only	True
TMEM191A	input_only	True
PI4KA	input_only	True
SERPIND1	input_only	True
SNAP29	input_only	True
CRKL	input_only	True
AIFM3	input_only	True
LZTR1	input_only	True
THAP7	input_only	True
P2RX6	input_only	True
SLC7A4	input_only	True
FAM230B	input_only	True
HIC2	input_only	True
UBE2L3	tss_and_input	True
YDJC	input_only	True
CCDC116	input_only	True
SDF2L1	input_only	True
PPIL2	input_only	True
YPEL1	input_only	True
MAPK1	input_only	True
PPM1F	input_only	True
TOP3B	input_only	True
PRAMENP	input_only	True
VPREB1	input_only	True
ZNF280B	input_only	True
ZNF280A	input_only	True
PRAME	input_only	True
LL22NC03-63E9.3	input_only	True
GGTLC2	retained	False
RSPH14	retained	False
GNAZ	retained	False
RAB36	retained	False
BCR	retained	False
FBXW4P1	retained	False
IGLL1	retained	False
DRICH1	retained	False
GUSBP11	retained	False
RGL4	retained	False
ZNF70	retained	False
VPREB3	retained	False
C22orf15	retained	False
CHCHD10	retained	False
MMP11	retained	False
SMARCB1	retained	False
DERL3	retained	False
SLC2A11	retained	False
MIF	retained	False
DDT	retained	False
GSTT2	retained	False
GSTT4	retained_tss_unresolved	False
GSTT1	retained	False
CABIN1	retained	False
SUSD2	retained	False
GGT5	retained	False
POM121L9P	retained	False
SPECC1L	retained	False
ADORA2A	retained	False
ADORA2A-AS1	retained	False
UPB1	retained	False
GUCD1	retained	False
SNRPD3	retained	False
GGT1	retained	False
LRRC75B	retained	False
PIWIL3	retained	False
SGSM1	retained	False
LHFPL7	retained	False
KIAA1671	retained	False
CRYBB3	retained	False
CRYBB2	retained	False
GRK3	retained	False
MYO18B	retained	False
SEZ6L	retained	False
ASPHD2	retained	False
HPS4	retained	False
SRRD	retained	False
TFIP11	retained	False
TPST2	retained	False
CRYBB1	retained	False
CRYBA4	retained	False
MIAT	retained	False
MN1	retained	False
PITPNB	retained	False
TTC28-AS1	retained	False
TTC28	retained	False
CHEK2	retained	False
HSCB	retained	False
CCDC117	retained	False
XBP1	retained	False
ZNRF3	retained	False
C22orf31	retained	False
KREMEN1	retained	False
EMID1	retained	False
RHBDD3	retained	False
EWSR1	retained	False
GAS2L1	retained	False
RASL10A	retained	False
AP1B1	retained	False
RFPL1	retained	False
NEFH	retained	False
THOC5	retained	False
NIPSNAP1	retained	False
NF2	retained	False
CABP7	retained	False
ZMAT5	retained	False
UQCR10	retained	False
ASCC2	retained	False
MTMR3	retained	False
HORMAD2	retained	False
LIF	retained	False
LIF-AS2	retained	False
OSM	retained	False
TBC1D10A	retained	False
SF3A1	retained	False
RNF215	retained	False
SEC14L2	retained	False
MTFP1	retained	False
SEC14L3	retained	False
SEC14L4	retained	False
SEC14L6	retained	False
GAL3ST1	retained	False
PES1	retained	False
TCN2	retained	False
SLC35E4	retained	False
DUSP18	retained	False
OSBP2	retained	False
MORC2-AS1	retained	False
MORC2	retained	False
TUG1	retained	False
SMTN	retained	False
SELENOM	retained	False
INPP5J	retained	False
PLA2G3	retained	False
RNF185	retained	False
LIMK2	retained	False
PIK3IP1	retained	False
PATZ1	retained	False
DRG1	retained	False
EIF4ENIF1	retained	False
SFI1	retained	False
PISD	retained	False
PRR14L	retained	False
DEPDC5	retained	False
YWHAH-AS1	retained	False
YWHAH	retained	False
SLC5A1	retained	False
C22orf42	retained	False
RFPL2	retained	False
SLC5A4	retained	False
RFPL3	retained	False
RFPL3S	retained	False
RTCB	retained	False
BPIFC	retained	False
FBXO7	retained	False
SYN3	retained	False
TIMP3	retained	False
LARGE1	retained	False
ISX	retained	False
HMGXB4	retained	False
TOM1	retained	False
HMOX1	retained	False
MCM5	retained	False
RASD2	retained	False
MB	retained	False
APOL6	retained	False
APOL5	retained	False
RBFOX2	retained	False
APOL3	retained	False
APOL4	retained	False
APOL2	retained	False
APOL1	retained	False
MYH9	retained	False
TXN2	retained	False
FOXRED2	retained	False
EIF3D	retained	False
CACNG2	retained	False
IFT27	retained	False
PVALB	retained	False
NCF4	retained	False
CSF2RB	retained	False
TEX33	retained	False
TST	retained	False
MPST	retained	False
KCTD17	retained	False
TMPRSS6	retained	False
IL2RB	retained	False
C1QTNF6	retained	False
SSTR3	retained	False
RAC2	retained	False
CYTH4	retained	False
ELFN2	retained	False
MFNG	retained	False
CARD10	retained	False
CDC42EP1	retained	False
LGALS2	retained	False
GGA1	retained	False
SH3BP1	retained	False
PDXP	retained	False
LGALS1	retained	False
NOL12	retained	False
TRIOBP	retained	False
H1-0	retained	False
GCAT	retained	False
GALR3	retained	False
ANKRD54	retained	False
EIF3L	retained	False
MICALL1	retained	False
C22orf23	retained	False
POLR2F	retained	False
SOX10	retained	False
PICK1	retained	False
SLC16A8	retained	False
BAIAP2L2	retained	False
PLA2G6	retained	False
MAFF	retained	False
TMEM184B	retained	False
CSNK1E	retained	False
KCNJ4	retained	False
KDELR3	retained	False
DDX17	retained	False
DMC1	retained	False
CBY1	retained	False
TOMM22	retained	False
JOSD1	retained	False
GTPBP1	retained	False
SUN2	retained	False
DNAL4	retained	False
NPTXR	retained	False
CBX6	retained	False
APOBEC3A	retained	False
APOBEC3B	retained	False
APOBEC3C	retained	False
APOBEC3F	retained	False
APOBEC3D	retained	False
APOBEC3G	retained	False
APOBEC3H	retained	False
CBX7	retained	False
PDGFB	retained	False
RPL3	retained	False
SNORD43	retained	False
SYNGR1	retained	False
TAB1	retained	False
MGAT3	retained	False
MIEF1	retained	False
ATF4	retained	False
RPS19BP1	retained	False
CACNA1I	retained	False
ENTHD1	retained	False
GRAP2	retained	False
FAM83F	retained	False
TNRC6B	retained	False
ADSL	retained	False
SGSM3	retained	False
MRTFA	retained	False
MCHR1	retained	False
SLC25A17	retained	False
ST13	retained	False
XPNPEP3	retained	False
DNAJB7	retained	False
RBX1	retained	False
EP300	retained	False
L3MBTL2	retained	False
CHADL	retained	False
RANGAP1	retained	False
ZC3H7B	retained	False
TEF	retained	False
TOB2	retained	False
PHF5A	retained	False
ACO2	retained	False
POLR3H	retained	False
CSDC2	retained	False
PMM1	retained	False
DESI1	retained	False
XRCC6	retained	False
SNU13	retained	False
C22orf46	retained	False
MEI1	retained	False
CCDC134	retained	False
SREBF2	retained	False
SHISA8	retained	False
TNFRSF13C	retained	False
CENPM	retained	False
SEPTIN3	retained	False
WBP2NL	retained	False
NAGA	retained	False
PHETA2	retained	False
SMDT1	retained	False
NDUFA6	retained	False
CYP2D6	retained	False
TCF20	retained	False
NFAM1	retained	False
SERHL	retained	False
RRP7A	retained	False
SERHL2	retained	False
POLDIP3	retained	False
RNU12	retained	False
CYB5R3	retained	False
ATP5MGL	retained	False
A4GALT	retained	False
ARFGAP3	retained	False
PACSIN2	input_only	True
TTLL1	input_only	True
BIK	input_only	True
MCAT	input_only	True
TSPO	input_only	True
TTLL12	input_only	True
SCUBE1	input_only	True
MPPED1	input_only	True
EFCAB6	input_only	True
SULT4A1	input_only	True
PNPLA5	input_only	True
PNPLA3	tss_and_input	True
SAMM50	tss_and_input	True
PARVB	input_only	True
PARVG	input_only	True
SHISAL1	input_only	True
RTL6	input_only	True
PRR5	input_only	True
PRR5-ARHGAP8	input_only	True
ARHGAP8	input_only	True
PHF21B	input_only	True
NUP50	retained	False
KIAA0930	retained	False
UPK3A	retained	False
FAM118A	retained	False
SMC1B	retained	False
RIBC2	retained	False
FBLN1	retained	False
ATXN10	retained	False
WNT7B	retained	False
MIRLET7BHG	retained	False
PPARA	retained	False
CDPF1	retained	False
PKDREJ	retained	False
TTC38	retained	False
GTSE1-DT	retained_tss_unresolved	False
GTSE1	retained	False
TRMU	retained	False
CELSR1	retained	False
GRAMD4	retained	False
CERK	retained	False
TBC1D22A	retained	False
TBC1D22A-AS1	retained_tss_unresolved	False
LINC00898	retained	False
EPIC1	retained	False
TAFA5	retained	False
BRD1	retained	False
ZBED4	retained	False
ALG12	retained	False
CRELD2	retained	False
PIM3	retained	False
IL17REL	retained	False
TTLL8	retained	False
MLC1	retained	False
MOV10L1	retained	False
PANX2	retained	False
TRABD	retained	False
SELENOO	retained	False
TUBGCP6	retained	False
HDAC10	retained	False
MAPK12	retained	False
MAPK11	retained	False
PLXNB2	retained	False
DENND6B	retained	False
PPP6R2	retained	False
SBF1	retained	False
ADM2	retained	False
MIOX	retained	False
LMF2	retained	False
NCAPH2	retained	False
SCO2	retained	False
TYMP	retained	False
KLHDC7B	retained	False
SYCE3	retained	False
CPT1B	retained	False
CHKB	retained	False
MAPK8IP2	retained	False
ARSA	retained	False
SHANK3	retained	False
ACR	retained	False
RABL2B	retained	False
