gene_symbol	event_a	event_b	trait_a	trait_b	n_fixed_variants	n_a	n_b	n_intersection	n_union	actual_map_Jaccard	actual_coordinate_Jaccard	n_verified_a	n_verified_b	n_verified_intersection	verified_Jaccard	identical_actual_sets	identical_verified_sets	shared_minimum_coordinate	shared_verified_minimum_variant	identical_minimum_sets	all_minimum_identities_verified	minimum_relation	same_minimum_block
ABCG2	ABCG2__CIRR	ABCG2__ALT	CIRR	ALT	6998	5836	6961	5830	6967	0.83680206688675185	0.83680206688675185	5827	6947	5820	0.83692838654012081	False	False	False	False	False	True	different_minimum_coordinates	True
ABCG2	ABCG2__CIRR	ABCG2__AST	CIRR	AST	6998	5836	6789	5776	6849	0.84333479340049644	0.84333479340049644	5827	6774	5769	0.84440866510538637	False	False	False	False	False	True	different_minimum_coordinates	True
ABCG2	ABCG2__CIRR	ABCG2__BILI	CIRR	BILI	6998	5836	6823	5785	6874	0.84157695664823973	0.84157695664823973	5827	6810	5776	0.84185978720303167	False	False	False	False	False	True	different_minimum_coordinates	True
ABCG2	ABCG2__ALT	ABCG2__AST	ALT	AST	6998	6961	6789	6789	6961	0.97529090647895422	0.97529090647895422	6947	6774	6772	0.97452870916678658	False	False	True	True	True	True	verified_shared_minimum_variant	True
ABCG2	ABCG2__ALT	ABCG2__BILI	ALT	BILI	6998	6961	6823	6821	6963	0.9796064914548327	0.9796064914548327	6947	6810	6805	0.97885500575373996	False	False	False	False	False	True	different_minimum_coordinates	True
ABCG2	ABCG2__AST	ABCG2__BILI	AST	BILI	6998	6789	6823	6769	6843	0.98918602951921675	0.98918602951921675	6774	6810	6752	0.98829039812646369	False	False	False	False	False	True	different_minimum_coordinates	True
ABHD1	ABHD1__LIVER_FAT	ABHD1__NAFLD	LIVER_FAT	NAFLD	3765	3509	2777	2777	3509	0.79139355941863776	0.79139355941863776	3507	2777	2777	0.79184488166524092	False	False	False	False	False	True	different_minimum_coordinates	True
ABHD1	ABHD1__LIVER_FAT	ABHD1__GGT	LIVER_FAT	GGT	3765	3509	3745	3509	3745	0.93698264352469962	0.93698264352469962	3507	3742	3507	0.93719935863174775	False	False	False	False	False	True	different_minimum_coordinates	True
ABHD1	ABHD1__LIVER_FAT	ABHD1__ALP	LIVER_FAT	ALP	3765	3509	3745	3509	3745	0.93698264352469962	0.93698264352469962	3507	3742	3507	0.93719935863174775	False	False	False	False	False	True	different_minimum_coordinates	True
ABHD1	ABHD1__NAFLD	ABHD1__GGT	NAFLD	GGT	3765	2777	3745	2777	3745	0.74152202937249667	0.74152202937249667	2777	3742	2777	0.742116515232496	False	False	False	False	False	True	different_minimum_coordinates	True
ABHD1	ABHD1__NAFLD	ABHD1__ALP	NAFLD	ALP	3765	2777	3745	2777	3745	0.74152202937249667	0.74152202937249667	2777	3742	2777	0.742116515232496	False	False	False	False	False	True	different_minimum_coordinates	True
ABHD1	ABHD1__GGT	ABHD1__ALP	GGT	ALP	3765	3745	3745	3745	3745	1	1	3742	3742	3742	1	True	True	True	True	True	True	verified_shared_minimum_variant	True
ABT1	ABT1__CIRR	ABT1__AST	CIRR	AST	6387	5392	6137	5336	6193	0.86161795575649924	0.86161795575649924	5355	6125	5305	0.85910931174089067	False	False	False	False	False	True	different_minimum_coordinates	False
ABT1	ABT1__CIRR	ABT1__BILI	CIRR	BILI	6387	5392	6218	5354	6256	0.85581841432225059	0.85581841432225059	5355	6207	5322	0.85288461538461535	False	False	False	False	False	True	different_minimum_coordinates	True
ABT1	ABT1__CIRR	ABT1__PSC	CIRR	PSC	6387	5392	5237	4833	5796	0.83385093167701863	0.83385093167701863	5355	5228	4820	0.83636994620857197	False	False	False	False	False	True	different_minimum_coordinates	False
ABT1	ABT1__CIRR	ABT1__AIH	CIRR	AIH	6387	5392	6264	5385	6271	0.85871471854568648	0.85871471854568648	5355	6227	5343	0.85638724154511936	False	False	False	False	False	True	different_minimum_coordinates	True
ABT1	ABT1__AST	ABT1__BILI	AST	BILI	6387	6137	6218	6115	6240	0.97996794871794868	0.97996794871794868	6125	6207	6103	0.97977203403435542	False	False	False	False	False	True	different_minimum_coordinates	False
ABT1	ABT1__AST	ABT1__PSC	AST	PSC	6387	6137	5237	5191	6183	0.83956008410156879	0.83956008410156879	6125	5228	5182	0.83973424080375947	False	False	False	False	False	True	different_minimum_coordinates	True
ABT1	ABT1__AST	ABT1__AIH	AST	AIH	6387	6137	6264	6137	6264	0.97972541507024269	0.97972541507024269	6125	6227	6103	0.97663626180188834	False	False	False	False	False	True	different_minimum_coordinates	False
ABT1	ABT1__BILI	ABT1__PSC	BILI	PSC	6387	6218	5237	5197	6258	0.8304570150207734	0.8304570150207734	6207	5228	5188	0.83047862974227626	False	False	False	False	False	True	different_minimum_coordinates	False
ABT1	ABT1__BILI	ABT1__AIH	BILI	AIH	6387	6218	6264	6218	6264	0.99265644955300125	0.99265644955300125	6207	6227	6183	0.98912174052151658	False	False	False	False	False	True	different_minimum_coordinates	True
ABT1	ABT1__PSC	ABT1__AIH	PSC	AIH	6387	5237	6264	5228	6273	0.83341304001275307	0.83341304001275307	5228	6227	5205	0.83279999999999998	False	False	False	False	False	True	different_minimum_coordinates	False
ACOT13	ACOT13__CIRR	ACOT13__NAFLD	CIRR	NAFLD	8750	7394	6569	6459	7504	0.86074093816631125	0.86074093816631125	7378	6569	6459	0.86258012820512819	False	False	False	False	False	True	different_minimum_coordinates	False
ACOT13	ACOT13__CIRR	ACOT13__ALP	CIRR	ALP	8750	7394	5755	4865	8284	0.58727667793336558	0.58727667793336558	7378	5741	4857	0.58787218591140156	False	False	False	False	False	False	different_minimum_coordinates	False
ACOT13	ACOT13__CIRR	ACOT13__BILI	CIRR	BILI	8750	7394	8588	7355	8627	0.85255592905992816	0.85255592905992816	7378	8571	7342	0.85302660625072613	False	False	False	False	False	True	different_minimum_coordinates	True
ACOT13	ACOT13__CIRR	ACOT13__PSC	CIRR	PSC	8750	7394	7393	6680	8107	0.82397927716787966	0.82397927716787966	7378	7372	6667	0.82481751824817517	False	False	False	False	False	True	different_minimum_coordinates	False
ACOT13	ACOT13__NAFLD	ACOT13__ALP	NAFLD	ALP	8750	6569	5755	4266	8058	0.52941176470588236	0.52941176470588236	6569	5741	4266	0.53033316757831928	False	False	False	False	False	False	different_minimum_coordinates	True
ACOT13	ACOT13__NAFLD	ACOT13__BILI	NAFLD	BILI	8750	6569	8588	6550	8607	0.76100848146857214	0.76100848146857214	6569	8571	6550	0.76251455180442373	False	False	False	False	False	True	different_minimum_coordinates	False
ACOT13	ACOT13__NAFLD	ACOT13__PSC	NAFLD	PSC	8750	6569	7393	6153	7809	0.78793699577410681	0.78793699577410681	6569	7372	6153	0.79006163328197232	False	False	False	False	False	True	different_minimum_coordinates	False
ACOT13	ACOT13__ALP	ACOT13__BILI	ALP	BILI	8750	5755	8588	5680	8663	0.65566201085074449	0.65566201085074449	5741	8571	5665	0.65514051115993988	False	False	False	False	False	False	different_minimum_coordinates	False
ACOT13	ACOT13__ALP	ACOT13__PSC	ALP	PSC	8750	5755	7393	4806	8342	0.57612083433229444	0.57612083433229444	5741	7372	4791	0.57570295602018751	False	False	False	False	False	False	different_minimum_coordinates	False
ACOT13	ACOT13__BILI	ACOT13__PSC	BILI	PSC	8750	8588	7393	7366	8615	0.85502031340684848	0.85502031340684848	8571	7372	7347	0.85469986040018608	False	False	False	False	False	True	different_minimum_coordinates	False
AFF1	AFF1__CIRR	AFF1__ALT	CIRR	ALT	7153	5989	7113	5984	7118	0.84068558583871877	0.84068558583871877	5978	7099	5973	0.84079391891891897	False	False	False	False	False	True	different_minimum_coordinates	True
AFF1	AFF1__CIRR	AFF1__AST	CIRR	AST	7153	5989	6957	5943	7003	0.84863629872911606	0.84863629872911606	5978	6941	5935	0.84979954180985107	False	False	False	False	False	True	different_minimum_coordinates	True
AFF1	AFF1__CIRR	AFF1__BILI	CIRR	BILI	7153	5989	6950	5914	7025	0.84185053380782915	0.84185053380782915	5978	6934	5904	0.84246575342465757	False	False	False	False	False	True	different_minimum_coordinates	True
AFF1	AFF1__ALT	AFF1__AST	ALT	AST	7153	7113	6957	6957	7113	0.9780683256010122	0.9780683256010122	7099	6941	6941	0.97774334413297648	False	False	True	True	True	True	verified_shared_minimum_variant	True
AFF1	AFF1__ALT	AFF1__BILI	ALT	BILI	7153	7113	6950	6949	7114	0.97680629744166436	0.97680629744166436	7099	6934	6933	0.97647887323943661	False	False	False	False	False	True	different_minimum_coordinates	True
AFF1	AFF1__AST	AFF1__BILI	AST	BILI	7153	6957	6950	6901	7006	0.985012846131887	0.985012846131887	6941	6934	6884	0.98469460735231007	False	False	False	False	False	True	different_minimum_coordinates	True
AGBL5	AGBL5__LIVER_FAT	AGBL5__NAFLD	LIVER_FAT	NAFLD	3757	3498	2764	2764	3498	0.79016580903373357	0.79016580903373357	3496	2764	2764	0.79061784897025167	False	False	False	False	False	True	different_minimum_coordinates	True
AGBL5	AGBL5__LIVER_FAT	AGBL5__GGT	LIVER_FAT	GGT	3757	3498	3737	3498	3737	0.93604495584693603	0.93604495584693603	3496	3734	3496	0.93626138189608998	False	False	False	False	False	True	different_minimum_coordinates	True
AGBL5	AGBL5__LIVER_FAT	AGBL5__ALP	LIVER_FAT	ALP	3757	3498	3737	3498	3737	0.93604495584693603	0.93604495584693603	3496	3734	3496	0.93626138189608998	False	False	False	False	False	True	different_minimum_coordinates	True
AGBL5	AGBL5__NAFLD	AGBL5__GGT	NAFLD	GGT	3757	2764	3737	2764	3737	0.73963071982873962	0.73963071982873962	2764	3734	2764	0.74022495982860204	False	False	False	False	False	True	different_minimum_coordinates	True
AGBL5	AGBL5__NAFLD	AGBL5__ALP	NAFLD	ALP	3757	2764	3737	2764	3737	0.73963071982873962	0.73963071982873962	2764	3734	2764	0.74022495982860204	False	False	False	False	False	True	different_minimum_coordinates	True
AGBL5	AGBL5__GGT	AGBL5__ALP	GGT	ALP	3757	3737	3737	3737	3737	1	1	3734	3734	3734	1	True	True	True	True	True	True	verified_shared_minimum_variant	True
ARHGAP8	ARHGAP8__CIRR	ARHGAP8__LIVER_FAT	CIRR	LIVER_FAT	6997	5872	6622	5861	6633	0.88361224182119702	0.88361224182119702	5863	6610	5855	0.88470837110909639	False	False	False	False	False	True	different_minimum_coordinates	True
ARHGAP8	ARHGAP8__CIRR	ARHGAP8__NAFLD	CIRR	NAFLD	6997	5872	5363	5193	6042	0.8594836146971202	0.8594836146971202	5863	5363	5193	0.86076578816509197	False	False	False	False	False	True	different_minimum_coordinates	True
ARHGAP8	ARHGAP8__CIRR	ARHGAP8__ALT	CIRR	ALT	6997	5872	6953	5866	6959	0.84293720362120994	0.84293720362120994	5863	6939	5858	0.84360599078341014	False	False	True	True	False	True	verified_shared_minimum_variant	True
ARHGAP8	ARHGAP8__CIRR	ARHGAP8__AST	CIRR	AST	6997	5872	6840	5838	6874	0.84928716904276991	0.84928716904276991	5863	6826	5831	0.85024788568095655	False	False	False	False	False	True	different_minimum_coordinates	True
ARHGAP8	ARHGAP8__LIVER_FAT	ARHGAP8__NAFLD	LIVER_FAT	NAFLD	6997	6622	5363	5363	6622	0.80987617034128667	0.80987617034128667	6610	5363	5363	0.81134644478063545	False	False	False	False	False	True	different_minimum_coordinates	True
ARHGAP8	ARHGAP8__LIVER_FAT	ARHGAP8__ALT	LIVER_FAT	ALT	6997	6622	6953	6622	6953	0.95239464979145694	0.95239464979145694	6610	6939	6609	0.95230547550432276	False	False	True	True	False	True	verified_shared_minimum_variant	True
ARHGAP8	ARHGAP8__LIVER_FAT	ARHGAP8__AST	LIVER_FAT	AST	6997	6622	6840	6527	6935	0.94116798846431149	0.94116798846431149	6610	6826	6514	0.94105749783299619	False	False	True	True	True	True	verified_shared_minimum_variant	True
ARHGAP8	ARHGAP8__NAFLD	ARHGAP8__ALT	NAFLD	ALT	6997	5363	6953	5363	6953	0.77132173162663598	0.77132173162663598	5363	6939	5363	0.77287793630206081	False	False	True	True	False	True	verified_shared_minimum_variant	True
ARHGAP8	ARHGAP8__NAFLD	ARHGAP8__AST	NAFLD	AST	6997	5363	6840	5350	6853	0.78067999416314027	0.78067999416314027	5363	6826	5350	0.78227811083491738	False	False	False	False	False	True	different_minimum_coordinates	True
ARHGAP8	ARHGAP8__ALT	ARHGAP8__AST	ALT	AST	6997	6953	6840	6840	6953	0.98374802243635839	0.98374802243635839	6939	6826	6826	0.98371523274247008	False	False	True	True	False	True	verified_shared_minimum_variant	True
ARMC6	ARMC6__CIRR	ARMC6__LIVER_FAT	CIRR	LIVER_FAT	3736	3125	3522	3124	3523	0.88674425205790519	0.88674425205790519	3124	3515	3122	0.88768837077054308	False	False	False	False	False	True	different_minimum_coordinates	True
ARMC6	ARMC6__CIRR	ARMC6__NAFLD	CIRR	NAFLD	3736	3125	2745	2692	3178	0.84707363121460033	0.84707363121460033	3124	2745	2692	0.84734025810513058	False	False	False	False	False	True	different_minimum_coordinates	True
ARMC6	ARMC6__CIRR	ARMC6__ALT	CIRR	ALT	3736	3125	3722	3125	3722	0.83960236432025792	0.83960236432025792	3124	3714	3124	0.84114162627894451	False	False	False	False	False	True	different_minimum_coordinates	True
ARMC6	ARMC6__CIRR	ARMC6__AST	CIRR	AST	3736	3125	3697	3118	3704	0.84179265658747304	0.84179265658747304	3124	3689	3117	0.8433441558441559	False	False	False	False	False	True	different_minimum_coordinates	True
ARMC6	ARMC6__CIRR	ARMC6__ALP	CIRR	ALP	3736	3125	3722	3125	3722	0.83960236432025792	0.83960236432025792	3124	3713	3124	0.84136816590358199	False	False	False	False	False	True	different_minimum_coordinates	True
ARMC6	ARMC6__CIRR	ARMC6__BILI	CIRR	BILI	3736	3125	3698	3117	3706	0.84106853750674582	0.84106853750674582	3124	3689	3116	0.84284555044630782	False	False	False	False	False	True	different_minimum_coordinates	True
ARMC6	ARMC6__LIVER_FAT	ARMC6__NAFLD	LIVER_FAT	NAFLD	3736	3522	2745	2745	3522	0.77938671209540034	0.77938671209540034	3515	2745	2745	0.78093883357041249	False	False	False	False	False	True	different_minimum_coordinates	True
ARMC6	ARMC6__LIVER_FAT	ARMC6__ALT	LIVER_FAT	ALT	3736	3522	3722	3522	3722	0.94626544868350349	0.94626544868350349	3515	3714	3514	0.94589502018842531	False	False	True	True	True	True	verified_shared_minimum_variant	True
ARMC6	ARMC6__LIVER_FAT	ARMC6__AST	LIVER_FAT	AST	3736	3522	3697	3503	3716	0.9426803013993541	0.9426803013993541	3515	3689	3496	0.94282632146709822	False	False	False	False	False	True	different_minimum_coordinates	True
ARMC6	ARMC6__LIVER_FAT	ARMC6__ALP	LIVER_FAT	ALP	3736	3522	3722	3522	3722	0.94626544868350349	0.94626544868350349	3515	3713	3514	0.94614970382337105	False	False	False	False	False	True	different_minimum_coordinates	True
ARMC6	ARMC6__LIVER_FAT	ARMC6__BILI	LIVER_FAT	BILI	3736	3522	3698	3503	3717	0.94242668818940001	0.94242668818940001	3515	3689	3495	0.94230250741439736	False	False	True	True	True	True	verified_shared_minimum_variant	True
ARMC6	ARMC6__NAFLD	ARMC6__ALT	NAFLD	ALT	3736	2745	3722	2745	3722	0.73750671681891455	0.73750671681891455	2745	3714	2745	0.73909531502423265	False	False	False	False	False	True	different_minimum_coordinates	True
ARMC6	ARMC6__NAFLD	ARMC6__AST	NAFLD	AST	3736	2745	3697	2745	3697	0.74249391398431164	0.74249391398431164	2745	3689	2745	0.74410409325020332	False	False	False	False	False	True	different_minimum_coordinates	True
ARMC6	ARMC6__NAFLD	ARMC6__ALP	NAFLD	ALP	3736	2745	3722	2745	3722	0.73750671681891455	0.73750671681891455	2745	3713	2745	0.73929437112846752	False	False	False	False	False	True	different_minimum_coordinates	True
ARMC6	ARMC6__NAFLD	ARMC6__BILI	NAFLD	BILI	3736	2745	3698	2744	3699	0.74182211408488785	0.74182211408488785	2745	3689	2744	0.74363143631436313	False	False	False	False	False	True	different_minimum_coordinates	True
ARMC6	ARMC6__ALT	ARMC6__AST	ALT	AST	3736	3722	3697	3697	3722	0.99328318108543789	0.99328318108543789	3714	3689	3688	0.99273216689098254	False	False	False	False	False	True	different_minimum_coordinates	True
ARMC6	ARMC6__ALT	ARMC6__ALP	ALT	ALP	3736	3722	3722	3722	3722	1	1	3714	3713	3713	0.99973074851911681	True	False	False	False	False	True	different_minimum_coordinates	True
ARMC6	ARMC6__ALT	ARMC6__BILI	ALT	BILI	3736	3722	3698	3698	3722	0.99355185384202038	0.99355185384202038	3714	3689	3689	0.99326871297792141	False	False	True	True	True	True	verified_shared_minimum_variant	True
ARMC6	ARMC6__AST	ARMC6__ALP	AST	ALP	3736	3697	3722	3697	3722	0.99328318108543789	0.99328318108543789	3689	3713	3688	0.99299946149703822	False	False	False	False	False	True	different_minimum_coordinates	True
ARMC6	ARMC6__AST	ARMC6__BILI	AST	BILI	3736	3697	3698	3696	3699	0.99918896999188966	0.99918896999188966	3689	3689	3687	0.99891628285017608	False	False	False	False	False	True	different_minimum_coordinates	True
ARMC6	ARMC6__ALP	ARMC6__BILI	ALP	BILI	3736	3722	3698	3698	3722	0.99355185384202038	0.99355185384202038	3713	3689	3689	0.99353622407756537	False	False	False	False	False	True	different_minimum_coordinates	True
ASB2	ASB2__CIRR	ASB2__NAFLD	CIRR	NAFLD	7303	6286	5763	5660	6389	0.88589763656284237	0.88589763656284237	6283	5763	5660	0.88631381146257437	False	False	False	False	False	True	different_minimum_coordinates	True
ASB2	ASB2__CIRR	ASB2__ALT	CIRR	ALT	7303	6286	7272	6279	7279	0.8626184915510372	0.8626184915510372	6283	7259	6274	0.86323610346725377	False	False	True	True	True	True	verified_shared_minimum_variant	True
ASB2	ASB2__CIRR	ASB2__AST	CIRR	AST	7303	6286	7169	6252	7203	0.86797167846730527	0.86797167846730527	6283	7159	6248	0.86850152905198774	False	False	True	True	True	True	verified_shared_minimum_variant	True
ASB2	ASB2__CIRR	ASB2__ALP	CIRR	ALP	7303	6286	7275	6282	7279	0.86303063607638408	0.86303063607638408	6283	7265	6277	0.86329253197634437	False	False	True	True	True	True	verified_shared_minimum_variant	True
ASB2	ASB2__NAFLD	ASB2__ALT	NAFLD	ALT	7303	5763	7272	5761	7274	0.79199890019246633	0.79199890019246633	5763	7259	5761	0.79341688472662164	False	False	False	False	False	True	different_minimum_coordinates	True
ASB2	ASB2__NAFLD	ASB2__AST	NAFLD	AST	7303	5763	7169	5748	7184	0.80011135857461024	0.80011135857461024	5763	7159	5748	0.80122665179815999	False	False	False	False	False	True	different_minimum_coordinates	True
ASB2	ASB2__NAFLD	ASB2__ALP	NAFLD	ALP	7303	5763	7275	5763	7275	0.7921649484536083	0.7921649484536083	5763	7265	5763	0.79325533379215418	False	False	False	False	False	True	different_minimum_coordinates	True
ASB2	ASB2__ALT	ASB2__AST	ALT	AST	7303	7272	7169	7167	7274	0.98529007423700854	0.98529007423700854	7259	7159	7154	0.98485682819383258	False	False	True	True	True	True	verified_shared_minimum_variant	True
ASB2	ASB2__ALT	ASB2__ALP	ALT	ALP	7303	7272	7275	7272	7275	0.99958762886597941	0.99958762886597941	7259	7265	7259	0.99917412250516169	False	False	True	True	True	True	verified_shared_minimum_variant	True
ASB2	ASB2__AST	ASB2__ALP	AST	ALP	7303	7169	7275	7169	7275	0.9854295532646048	0.9854295532646048	7159	7265	7157	0.98486307967524422	False	False	True	True	True	True	verified_shared_minimum_variant	True
ATP13A1	ATP13A1__CIRR	ATP13A1__LIVER_FAT	CIRR	LIVER_FAT	4100	3448	3897	3446	3899	0.88381636317004364	0.88381636317004364	3445	3888	3442	0.88460549987149828	False	False	False	False	False	True	different_minimum_coordinates	True
ATP13A1	ATP13A1__CIRR	ATP13A1__NAFLD	CIRR	NAFLD	4100	3448	2855	2792	3511	0.79521503845058383	0.79521503845058383	3445	2855	2792	0.79589509692132265	False	False	False	False	False	True	different_minimum_coordinates	True
ATP13A1	ATP13A1__CIRR	ATP13A1__ALT	CIRR	ALT	4100	3448	4081	3447	4082	0.8444390004899559	0.8444390004899559	3445	4070	3444	0.84598378776713334	False	False	False	False	False	True	different_minimum_coordinates	True
ATP13A1	ATP13A1__CIRR	ATP13A1__AST	CIRR	AST	4100	3448	4057	3438	4067	0.845340545856897	0.845340545856897	3445	4047	3436	0.84714003944773175	False	False	False	False	False	True	different_minimum_coordinates	True
ATP13A1	ATP13A1__CIRR	ATP13A1__ALP	CIRR	ALP	4100	3448	4081	3447	4082	0.8444390004899559	0.8444390004899559	3445	4070	3444	0.84598378776713334	False	False	False	False	False	True	different_minimum_coordinates	True
ATP13A1	ATP13A1__CIRR	ATP13A1__BILI	CIRR	BILI	4100	3448	4060	3439	4069	0.84517080363725727	0.84517080363725727	3445	4050	3436	0.84651391968465139	False	False	False	False	False	True	different_minimum_coordinates	True
ATP13A1	ATP13A1__LIVER_FAT	ATP13A1__NAFLD	LIVER_FAT	NAFLD	4100	3897	2855	2855	3897	0.73261483192199128	0.73261483192199128	3888	2855	2855	0.73431069958847739	False	False	False	False	False	True	different_minimum_coordinates	True
ATP13A1	ATP13A1__LIVER_FAT	ATP13A1__ALT	LIVER_FAT	ALT	4100	3897	4081	3897	4081	0.95491301151678509	0.95491301151678509	3888	4070	3886	0.95432220039292726	False	False	True	True	True	True	verified_shared_minimum_variant	True
ATP13A1	ATP13A1__LIVER_FAT	ATP13A1__AST	LIVER_FAT	AST	4100	3897	4057	3880	4074	0.95238095238095233	0.95238095238095233	3888	4047	3871	0.95250984251968507	False	False	False	False	False	True	different_minimum_coordinates	True
ATP13A1	ATP13A1__LIVER_FAT	ATP13A1__ALP	LIVER_FAT	ALP	4100	3897	4081	3897	4081	0.95491301151678509	0.95491301151678509	3888	4070	3887	0.95480225988700562	False	False	False	False	False	True	different_minimum_coordinates	True
ATP13A1	ATP13A1__LIVER_FAT	ATP13A1__BILI	LIVER_FAT	BILI	4100	3897	4060	3882	4075	0.95263803680981596	0.95263803680981596	3888	4050	3872	0.95228726020659127	False	False	True	True	True	True	verified_shared_minimum_variant	True
ATP13A1	ATP13A1__NAFLD	ATP13A1__ALT	NAFLD	ALT	4100	2855	4081	2855	4081	0.69958343543249202	0.69958343543249202	2855	4070	2855	0.70147420147420148	False	False	False	False	False	True	different_minimum_coordinates	True
ATP13A1	ATP13A1__NAFLD	ATP13A1__AST	NAFLD	AST	4100	2855	4057	2854	4058	0.70330211927057662	0.70330211927057662	2855	4047	2854	0.70503952569169959	False	False	False	False	False	True	different_minimum_coordinates	True
ATP13A1	ATP13A1__NAFLD	ATP13A1__ALP	NAFLD	ALP	4100	2855	4081	2855	4081	0.69958343543249202	0.69958343543249202	2855	4070	2855	0.70147420147420148	False	False	False	False	False	True	different_minimum_coordinates	True
ATP13A1	ATP13A1__NAFLD	ATP13A1__BILI	NAFLD	BILI	4100	2855	4060	2854	4061	0.70278256587047527	0.70278256587047527	2855	4050	2854	0.70451740311034317	False	False	False	False	False	True	different_minimum_coordinates	True
ATP13A1	ATP13A1__ALT	ATP13A1__AST	ALT	AST	4100	4081	4057	4057	4081	0.99411908845871111	0.99411908845871111	4070	4047	4045	0.99336935166994111	False	False	False	False	False	True	different_minimum_coordinates	True
ATP13A1	ATP13A1__ALT	ATP13A1__ALP	ALT	ALP	4100	4081	4081	4081	4081	1	1	4070	4070	4069	0.9995087202161631	True	False	False	False	False	True	different_minimum_coordinates	True
ATP13A1	ATP13A1__ALT	ATP13A1__BILI	ALT	BILI	4100	4081	4060	4060	4081	0.99485420240137223	0.99485420240137223	4070	4050	4048	0.9941060903732809	False	False	True	True	True	True	verified_shared_minimum_variant	True
ATP13A1	ATP13A1__AST	ATP13A1__ALP	AST	ALP	4100	4057	4081	4057	4081	0.99411908845871111	0.99411908845871111	4047	4070	4046	0.99385900270203886	False	False	False	False	False	True	different_minimum_coordinates	True
ATP13A1	ATP13A1__AST	ATP13A1__BILI	AST	BILI	4100	4057	4060	4056	4061	0.99876877616350657	0.99876877616350657	4047	4050	4045	0.99827245804540965	False	False	False	False	False	True	different_minimum_coordinates	True
ATP13A1	ATP13A1__ALP	ATP13A1__BILI	ALP	BILI	4100	4081	4060	4060	4081	0.99485420240137223	0.99485420240137223	4070	4050	4049	0.99459592237779415	False	False	False	False	False	True	different_minimum_coordinates	True
ATRAID	ATRAID__LIVER_FAT	ATRAID__NAFLD	LIVER_FAT	NAFLD	3861	3607	2853	2853	3607	0.79096201829775437	0.79096201829775437	3605	2853	2853	0.79140083217753121	False	False	False	False	False	True	different_minimum_coordinates	True
ATRAID	ATRAID__LIVER_FAT	ATRAID__GGT	LIVER_FAT	GGT	3861	3607	3842	3607	3842	0.93883394065590842	0.93883394065590842	3605	3839	3605	0.93904662672570982	False	False	False	False	False	True	different_minimum_coordinates	True
ATRAID	ATRAID__LIVER_FAT	ATRAID__ALP	LIVER_FAT	ALP	3861	3607	3842	3607	3842	0.93883394065590842	0.93883394065590842	3605	3839	3605	0.93904662672570982	False	False	False	False	False	True	different_minimum_coordinates	True
ATRAID	ATRAID__NAFLD	ATRAID__GGT	NAFLD	GGT	3861	2853	3842	2853	3842	0.74258198854763147	0.74258198854763147	2853	3839	2853	0.74316228184423028	False	False	False	False	False	True	different_minimum_coordinates	True
ATRAID	ATRAID__NAFLD	ATRAID__ALP	NAFLD	ALP	3861	2853	3842	2853	3842	0.74258198854763147	0.74258198854763147	2853	3839	2853	0.74316228184423028	False	False	False	False	False	True	different_minimum_coordinates	True
ATRAID	ATRAID__GGT	ATRAID__ALP	GGT	ALP	3861	3842	3842	3842	3842	1	1	3839	3839	3839	1	True	True	True	True	True	True	verified_shared_minimum_variant	True
BABAM2	BABAM2__LIVER_FAT	BABAM2__NAFLD	LIVER_FAT	NAFLD	5542	5194	4167	4167	5194	0.8022718521370813	0.8022718521370813	5188	4167	4167	0.80319969159599069	False	False	False	False	False	True	different_minimum_coordinates	True
BABAM2	BABAM2__LIVER_FAT	BABAM2__GGT	LIVER_FAT	GGT	5542	5194	5513	5194	5513	0.94213676764012333	0.94213676764012333	5188	5507	5188	0.94207372435082626	False	False	False	False	False	True	different_minimum_coordinates	True
BABAM2	BABAM2__LIVER_FAT	BABAM2__ALP	LIVER_FAT	ALP	5542	5194	5513	5194	5513	0.94213676764012333	0.94213676764012333	5188	5507	5188	0.94207372435082626	False	False	False	False	False	True	different_minimum_coordinates	True
BABAM2	BABAM2__NAFLD	BABAM2__GGT	NAFLD	GGT	5542	4167	5513	4167	5513	0.75584980954108472	0.75584980954108472	4167	5507	4167	0.75667332485926997	False	False	False	False	False	True	different_minimum_coordinates	True
BABAM2	BABAM2__NAFLD	BABAM2__ALP	NAFLD	ALP	5542	4167	5513	4167	5513	0.75584980954108472	0.75584980954108472	4167	5507	4167	0.75667332485926997	False	False	False	False	False	True	different_minimum_coordinates	True
BABAM2	BABAM2__GGT	BABAM2__ALP	GGT	ALP	5542	5513	5513	5513	5513	1	1	5507	5507	5507	1	True	True	True	True	True	True	verified_shared_minimum_variant	True
BIK	BIK__CIRR	BIK__LIVER_FAT	CIRR	LIVER_FAT	6461	5440	6115	5431	6124	0.88683866753755713	0.88683866753755713	5435	6106	5425	0.88701765860039239	False	False	False	False	False	True	different_minimum_coordinates	True
BIK	BIK__CIRR	BIK__NAFLD	CIRR	NAFLD	6461	5440	4866	4751	5555	0.85526552655265531	0.85526552655265531	5435	4866	4751	0.85603603603603606	False	False	False	False	False	True	different_minimum_coordinates	True
BIK	BIK__CIRR	BIK__ALT	CIRR	ALT	6461	5440	6425	5436	6429	0.84554363042463832	0.84554363042463832	5435	6415	5431	0.84608194422807292	False	False	True	True	False	True	verified_shared_minimum_variant	True
BIK	BIK__CIRR	BIK__AST	CIRR	AST	6461	5440	6300	5371	6369	0.84330350133458942	0.84330350133458942	5435	6289	5366	0.84397609311104116	False	False	False	False	False	True	different_minimum_coordinates	True
BIK	BIK__LIVER_FAT	BIK__NAFLD	LIVER_FAT	NAFLD	6461	6115	4866	4863	6118	0.79486760379208887	0.79486760379208887	6106	4866	4863	0.79603863152725485	False	False	False	False	False	True	different_minimum_coordinates	True
BIK	BIK__LIVER_FAT	BIK__ALT	LIVER_FAT	ALT	6461	6115	6425	6115	6425	0.95175097276264586	0.95175097276264586	6106	6415	6105	0.95152743142144636	False	False	True	True	False	True	verified_shared_minimum_variant	True
BIK	BIK__LIVER_FAT	BIK__AST	LIVER_FAT	AST	6461	6115	6300	6000	6415	0.93530787217459077	0.93530787217459077	6106	6289	5990	0.93520686963309918	False	False	True	True	True	True	verified_shared_minimum_variant	True
BIK	BIK__NAFLD	BIK__ALT	NAFLD	ALT	6461	4866	6425	4866	6425	0.75735408560311279	0.75735408560311279	4866	6415	4866	0.75853468433359317	False	False	True	True	False	True	verified_shared_minimum_variant	True
BIK	BIK__NAFLD	BIK__AST	NAFLD	AST	6461	4866	6300	4835	6331	0.76370241667982941	0.76370241667982941	4866	6289	4835	0.76503164556962022	False	False	False	False	False	True	different_minimum_coordinates	True
BIK	BIK__ALT	BIK__AST	ALT	AST	6461	6425	6300	6300	6425	0.98054474708171202	0.98054474708171202	6415	6289	6287	0.97974131213962912	False	False	True	True	False	True	verified_shared_minimum_variant	True
BPNT1	BPNT1__CIRR	BPNT1__LIVER_FAT	CIRR	LIVER_FAT	5898	5046	5581	5039	5588	0.90175375805297064	0.90175375805297064	5040	5573	5033	0.90197132616487452	False	False	True	True	True	True	verified_shared_minimum_variant	True
BPNT1	BPNT1__CIRR	BPNT1__NAFLD	CIRR	NAFLD	5898	5046	4538	4482	5102	0.87847902783222265	0.87847902783222265	5040	4538	4482	0.8795133437990581	False	False	False	False	False	True	different_minimum_coordinates	True
BPNT1	BPNT1__CIRR	BPNT1__ALT	CIRR	ALT	5898	5046	5864	5043	5867	0.85955343446395094	0.85955343446395094	5040	5853	5037	0.86014344262295084	False	False	True	True	True	True	verified_shared_minimum_variant	True
BPNT1	BPNT1__LIVER_FAT	BPNT1__NAFLD	LIVER_FAT	NAFLD	5898	5581	4538	4538	5581	0.81311592904497398	0.81311592904497398	5573	4538	4538	0.81428315090615466	False	False	False	False	False	True	different_minimum_coordinates	True
BPNT1	BPNT1__LIVER_FAT	BPNT1__ALT	LIVER_FAT	ALT	5898	5581	5864	5581	5864	0.95173942701227832	0.95173942701227832	5573	5853	5571	0.95149444918872761	False	False	True	True	True	True	verified_shared_minimum_variant	True
BPNT1	BPNT1__NAFLD	BPNT1__ALT	NAFLD	ALT	5898	4538	5864	4538	5864	0.77387448840381989	0.77387448840381989	4538	5853	4538	0.77532889116692294	False	False	False	False	False	True	different_minimum_coordinates	True
BTN1A1	BTN1A1__CIRR	BTN1A1__AST	CIRR	AST	6546	5535	6297	5479	6353	0.86242719974815052	0.86242719974815052	5498	6285	5448	0.85998421468034725	False	False	False	False	False	True	different_minimum_coordinates	False
BTN1A1	BTN1A1__CIRR	BTN1A1__BILI	CIRR	BILI	6546	5535	6378	5497	6416	0.85676433915211969	0.85676433915211969	5498	6367	5465	0.85390624999999998	False	False	False	False	False	True	different_minimum_coordinates	True
BTN1A1	BTN1A1__CIRR	BTN1A1__PSC	CIRR	PSC	6546	5535	5395	4972	5958	0.83450822423632087	0.83450822423632087	5498	5386	4959	0.83696202531645569	False	False	False	False	False	True	different_minimum_coordinates	False
BTN1A1	BTN1A1__CIRR	BTN1A1__AIH	CIRR	AIH	6546	5535	6423	5528	6430	0.85972006220839814	0.85972006220839814	5498	6387	5487	0.85761175367302278	False	False	False	False	False	True	different_minimum_coordinates	True
BTN1A1	BTN1A1__AST	BTN1A1__BILI	AST	BILI	6546	6297	6378	6275	6400	0.98046875	0.98046875	6285	6367	6263	0.9802786038503678	False	False	False	False	False	True	different_minimum_coordinates	False
BTN1A1	BTN1A1__AST	BTN1A1__PSC	AST	PSC	6546	6297	5395	5350	6342	0.84358246609902243	0.84358246609902243	6285	5386	5341	0.84375987361769356	False	False	True	True	True	True	verified_shared_minimum_variant	True
BTN1A1	BTN1A1__AST	BTN1A1__AIH	AST	AIH	6546	6297	6423	6297	6423	0.98038299859878564	0.98038299859878564	6285	6387	6264	0.97752808988764039	False	False	False	False	False	True	different_minimum_coordinates	False
BTN1A1	BTN1A1__BILI	BTN1A1__PSC	BILI	PSC	6546	6378	5395	5356	6417	0.83465793984728065	0.83465793984728065	6367	5386	5347	0.83468623165782074	False	False	False	False	False	True	different_minimum_coordinates	False
BTN1A1	BTN1A1__BILI	BTN1A1__AIH	BILI	AIH	6546	6378	6423	6378	6423	0.99299392807099485	0.99299392807099485	6367	6387	6344	0.98970358814352577	False	False	False	False	False	True	different_minimum_coordinates	True
BTN1A1	BTN1A1__PSC	BTN1A1__AIH	PSC	AIH	6546	5395	6423	5387	6431	0.83766132794277715	0.83766132794277715	5386	6387	5365	0.83723470661672905	False	False	False	False	False	True	different_minimum_coordinates	False
BTN2A1	BTN2A1__CIRR	BTN2A1__AST	CIRR	AST	6562	5557	6319	5501	6375	0.86290196078431369	0.86290196078431369	5520	6307	5470	0.86046877457920401	False	False	False	False	False	True	different_minimum_coordinates	False
BTN2A1	BTN2A1__CIRR	BTN2A1__BILI	CIRR	BILI	6562	5557	6400	5519	6438	0.85725380552966757	0.85725380552966757	5520	6389	5487	0.85440672687636254	False	False	False	False	False	True	different_minimum_coordinates	True
BTN2A1	BTN2A1__CIRR	BTN2A1__PSC	CIRR	PSC	6562	5557	5416	4993	5980	0.83494983277591972	0.83494983277591972	5520	5407	4980	0.83739700689423235	False	False	False	False	False	True	different_minimum_coordinates	False
BTN2A1	BTN2A1__CIRR	BTN2A1__AIH	CIRR	AIH	6562	5557	6444	5550	6451	0.86033173151449382	0.86033173151449382	5520	6408	5509	0.85823336968375141	False	False	False	False	False	True	different_minimum_coordinates	True
BTN2A1	BTN2A1__AST	BTN2A1__BILI	AST	BILI	6562	6319	6400	6297	6422	0.9805356586733105	0.9805356586733105	6307	6389	6285	0.98034627983153955	False	False	False	False	False	True	different_minimum_coordinates	False
BTN2A1	BTN2A1__AST	BTN2A1__PSC	AST	PSC	6562	6319	5416	5372	6363	0.84425585415684423	0.84425585415684423	6307	5407	5363	0.84443394740985667	False	False	True	True	True	True	verified_shared_minimum_variant	True
BTN2A1	BTN2A1__AST	BTN2A1__AIH	AST	AIH	6562	6319	6444	6319	6444	0.9806021104903786	0.9806021104903786	6307	6408	6286	0.97775703841966088	False	False	False	False	False	True	different_minimum_coordinates	False
BTN2A1	BTN2A1__BILI	BTN2A1__PSC	BILI	PSC	6562	6400	5416	5378	6438	0.83535259397328365	0.83535259397328365	6389	5407	5369	0.83538198226233085	False	False	False	False	False	True	different_minimum_coordinates	False
BTN2A1	BTN2A1__BILI	BTN2A1__AIH	BILI	AIH	6562	6400	6444	6400	6444	0.99317194289261324	0.99317194289261324	6389	6408	6366	0.9898927071995024	False	False	False	False	False	True	different_minimum_coordinates	True
BTN2A1	BTN2A1__PSC	BTN2A1__AIH	PSC	AIH	6562	5416	6444	5409	6451	0.83847465509223373	0.83847465509223373	5407	6408	5387	0.83805227131300564	False	False	False	False	False	True	different_minimum_coordinates	False
BTN2A2	BTN2A2__CIRR	BTN2A2__AST	CIRR	AST	6729	5709	6484	5651	6542	0.86380311831244272	0.86380311831244272	5672	6471	5620	0.86156676375900654	False	False	False	False	False	True	different_minimum_coordinates	False
BTN2A2	BTN2A2__CIRR	BTN2A2__BILI	CIRR	BILI	6729	5709	6567	5670	6606	0.85831062670299729	0.85831062670299729	5672	6554	5638	0.85579842137219186	False	False	False	False	False	True	different_minimum_coordinates	True
BTN2A2	BTN2A2__CIRR	BTN2A2__PSC	CIRR	PSC	6729	5709	5559	5126	6142	0.83458156952132856	0.83458156952132856	5672	5549	5112	0.83679816663938456	False	False	False	False	False	True	different_minimum_coordinates	False
BTN2A2	BTN2A2__CIRR	BTN2A2__AIH	CIRR	AIH	6729	5709	6609	5700	6618	0.86128739800543974	0.86128739800543974	5672	6571	5658	0.85922551252847379	False	False	False	False	False	True	different_minimum_coordinates	True
BTN2A2	BTN2A2__AST	BTN2A2__BILI	AST	BILI	6729	6484	6567	6464	6587	0.98132685592834368	0.98132685592834368	6471	6554	6450	0.98098859315589348	False	False	False	False	False	True	different_minimum_coordinates	False
BTN2A2	BTN2A2__AST	BTN2A2__PSC	AST	PSC	6729	6484	5559	5515	6528	0.84482230392156865	0.84482230392156865	6471	5549	5505	0.8449731389102072	False	False	True	True	True	True	verified_shared_minimum_variant	True
BTN2A2	BTN2A2__AST	BTN2A2__AIH	AST	AIH	6729	6484	6609	6484	6609	0.98108639733696479	0.98108639733696479	6471	6571	6449	0.97815865311694217	False	False	False	False	False	True	different_minimum_coordinates	False
BTN2A2	BTN2A2__BILI	BTN2A2__PSC	BILI	PSC	6729	6567	5559	5523	6603	0.83643798273512038	0.83643798273512038	6554	5549	5513	0.83657056145675268	False	False	False	False	False	True	different_minimum_coordinates	False
BTN2A2	BTN2A2__BILI	BTN2A2__AIH	BILI	AIH	6729	6567	6609	6567	6609	0.99364502950522016	0.99364502950522016	6554	6571	6530	0.99014404852160731	False	False	False	False	False	True	different_minimum_coordinates	True
BTN2A2	BTN2A2__PSC	BTN2A2__AIH	PSC	AIH	6729	5559	6609	5552	6616	0.83917775090689239	0.83917775090689239	5549	6571	5528	0.83859223300970875	False	False	False	False	False	True	different_minimum_coordinates	False
BTN2A3P	BTN2A3P__CIRR	BTN2A3P__AST	CIRR	AST	6550	5547	6305	5491	6361	0.86322905203584344	0.86322905203584344	5510	6293	5460	0.86079142361658523	False	False	False	False	False	True	different_minimum_coordinates	False
BTN2A3P	BTN2A3P__CIRR	BTN2A3P__BILI	CIRR	BILI	6550	5547	6387	5509	6425	0.85743190661478597	0.85743190661478597	5510	6375	5477	0.85471285892634208	False	False	False	False	False	True	different_minimum_coordinates	True
BTN2A3P	BTN2A3P__CIRR	BTN2A3P__PSC	CIRR	PSC	6550	5547	5402	4981	5968	0.83461796246648789	0.83461796246648789	5510	5393	4967	0.83675876010781669	False	False	False	False	False	True	different_minimum_coordinates	False
BTN2A3P	BTN2A3P__CIRR	BTN2A3P__AIH	CIRR	AIH	6550	5547	6430	5540	6437	0.86064937082491844	0.86064937082491844	5510	6394	5499	0.8585480093676815	False	False	False	False	False	True	different_minimum_coordinates	True
BTN2A3P	BTN2A3P__AST	BTN2A3P__BILI	AST	BILI	6550	6305	6387	6284	6408	0.98064918851435701	0.98064918851435701	6293	6375	6271	0.98030326715647964	False	False	False	False	False	True	different_minimum_coordinates	False
BTN2A3P	BTN2A3P__AST	BTN2A3P__PSC	AST	PSC	6550	6305	5402	5358	6349	0.84391242715388248	0.84391242715388248	6293	5393	5349	0.84409026353163963	False	False	True	True	True	True	verified_shared_minimum_variant	True
BTN2A3P	BTN2A3P__AST	BTN2A3P__AIH	AST	AIH	6550	6305	6430	6305	6430	0.98055987558320368	0.98055987558320368	6293	6394	6272	0.9777084957131722	False	False	False	False	False	True	different_minimum_coordinates	False
BTN2A3P	BTN2A3P__BILI	BTN2A3P__PSC	BILI	PSC	6550	6387	5402	5365	6424	0.83514943960149435	0.83514943960149435	6375	5393	5356	0.83530879600748598	False	False	False	False	False	True	different_minimum_coordinates	False
BTN2A3P	BTN2A3P__BILI	BTN2A3P__AIH	BILI	AIH	6550	6387	6430	6387	6430	0.99331259720062204	0.99331259720062204	6375	6394	6352	0.9898706560698145	False	False	False	False	False	True	different_minimum_coordinates	True
BTN2A3P	BTN2A3P__PSC	BTN2A3P__AIH	PSC	AIH	6550	5402	6430	5395	6437	0.83812334938636013	0.83812334938636013	5393	6394	5373	0.83769878391019648	False	False	False	False	False	True	different_minimum_coordinates	False
BTN3A1	BTN3A1__CIRR	BTN3A1__AST	CIRR	AST	6644	5630	6401	5574	6457	0.86324918692891439	0.86324918692891439	5593	6388	5543	0.86098167132649894	False	False	False	False	False	True	different_minimum_coordinates	False
BTN3A1	BTN3A1__CIRR	BTN3A1__BILI	CIRR	BILI	6644	5630	6484	5593	6521	0.85769053826100294	0.85769053826100294	5593	6471	5561	0.85514377979394129	False	False	False	False	False	True	different_minimum_coordinates	True
BTN3A1	BTN3A1__CIRR	BTN3A1__PSC	CIRR	PSC	6644	5630	5479	5052	6057	0.83407627538385343	0.83407627538385343	5593	5469	5038	0.83632138114209831	False	False	False	False	False	True	different_minimum_coordinates	False
BTN3A1	BTN3A1__CIRR	BTN3A1__AIH	CIRR	AIH	6644	5630	6526	5623	6533	0.86070717893770088	0.86070717893770088	5593	6489	5582	0.85876923076923073	False	False	False	False	False	True	different_minimum_coordinates	True
BTN3A1	BTN3A1__AST	BTN3A1__BILI	AST	BILI	6644	6401	6484	6381	6504	0.98108856088560881	0.98108856088560881	6388	6471	6367	0.98074553296364753	False	False	False	False	False	True	different_minimum_coordinates	False
BTN3A1	BTN3A1__AST	BTN3A1__PSC	AST	PSC	6644	6401	5479	5435	6445	0.84328937160589601	0.84328937160589601	6388	5469	5425	0.84343905472636815	False	False	True	True	True	True	verified_shared_minimum_variant	True
BTN3A1	BTN3A1__AST	BTN3A1__AIH	AST	AIH	6644	6401	6526	6401	6526	0.98084584737971192	0.98084584737971192	6388	6489	6367	0.97803379416282643	False	False	False	False	False	True	different_minimum_coordinates	False
BTN3A1	BTN3A1__BILI	BTN3A1__PSC	BILI	PSC	6644	6484	5479	5443	6520	0.83481595092024541	0.83481595092024541	6471	5469	5433	0.83494698017519597	False	False	False	False	False	True	different_minimum_coordinates	False
BTN3A1	BTN3A1__BILI	BTN3A1__AIH	BILI	AIH	6644	6484	6526	6484	6526	0.99356420471958318	0.99356420471958318	6471	6489	6448	0.9901719901719902	False	False	False	False	False	True	different_minimum_coordinates	True
BTN3A1	BTN3A1__PSC	BTN3A1__AIH	PSC	AIH	6644	5479	6526	5472	6533	0.83759375478340736	0.83759375478340736	5469	6489	5449	0.83714856352742362	False	False	False	False	False	True	different_minimum_coordinates	False
BTN3A2	BTN3A2__CIRR	BTN3A2__AST	CIRR	AST	6986	5934	6739	5876	6797	0.86449904369574815	0.86449904369574815	5897	6726	5845	0.86234877544998523	False	False	False	False	False	True	different_minimum_coordinates	False
BTN3A2	BTN3A2__CIRR	BTN3A2__BILI	CIRR	BILI	6986	5934	6821	5894	6861	0.85905844629062822	0.85905844629062822	5897	6808	5862	0.8566418237615081	False	False	False	False	False	True	different_minimum_coordinates	True
BTN3A2	BTN3A2__CIRR	BTN3A2__PSC	CIRR	PSC	6986	5934	5794	5345	6383	0.83738054206485979	0.83738054206485979	5897	5784	5331	0.83952755905511811	False	False	False	False	False	True	different_minimum_coordinates	False
BTN3A2	BTN3A2__CIRR	BTN3A2__AIH	CIRR	AIH	6986	5934	6864	5925	6873	0.86206896551724133	0.86206896551724133	5897	6826	5883	0.86008771929824557	False	False	False	False	False	True	different_minimum_coordinates	True
BTN3A2	BTN3A2__AST	BTN3A2__BILI	AST	BILI	6986	6739	6821	6718	6842	0.98187664425606547	0.98187664425606547	6726	6808	6704	0.98155197657393856	False	False	False	False	False	True	different_minimum_coordinates	False
BTN3A2	BTN3A2__AST	BTN3A2__PSC	AST	PSC	6986	6739	5794	5750	6783	0.84770750405425332	0.84770750405425332	6726	5784	5740	0.84785819793205319	False	False	True	True	True	True	verified_shared_minimum_variant	True
BTN3A2	BTN3A2__AST	BTN3A2__AIH	AST	AIH	6986	6739	6864	6739	6864	0.98178904428904434	0.98178904428904434	6726	6826	6704	0.9789719626168224	False	False	False	False	False	True	different_minimum_coordinates	False
BTN3A2	BTN3A2__BILI	BTN3A2__PSC	BILI	PSC	6986	6821	5794	5757	6858	0.83945756780402447	0.83945756780402447	6808	5784	5747	0.83959094229364495	False	False	False	False	False	True	different_minimum_coordinates	False
BTN3A2	BTN3A2__BILI	BTN3A2__AIH	BILI	AIH	6986	6821	6864	6821	6864	0.99373543123543129	0.99373543123543129	6808	6826	6784	0.99036496350364966	False	False	False	False	False	True	different_minimum_coordinates	True
BTN3A2	BTN3A2__PSC	BTN3A2__AIH	PSC	AIH	6986	5794	6864	5787	6871	0.84223548246252367	0.84223548246252367	5784	6826	5763	0.84168248868117423	False	False	False	False	False	True	different_minimum_coordinates	False
BTN3A3	BTN3A3__CIRR	BTN3A3__AST	CIRR	AST	6541	5538	6296	5482	6352	0.86303526448362722	0.86303526448362722	5501	6284	5451	0.86059362172402909	False	False	False	False	False	True	different_minimum_coordinates	False
BTN3A3	BTN3A3__CIRR	BTN3A3__BILI	CIRR	BILI	6541	5538	6378	5500	6416	0.85723192019950123	0.85723192019950123	5501	6367	5468	0.854375	False	False	False	False	False	True	different_minimum_coordinates	True
BTN3A3	BTN3A3__CIRR	BTN3A3__PSC	CIRR	PSC	6541	5538	5394	4975	5957	0.8351519221084438	0.8351519221084438	5501	5385	4961	0.83729957805907174	False	False	False	False	False	True	different_minimum_coordinates	False
BTN3A3	BTN3A3__CIRR	BTN3A3__AIH	CIRR	AIH	6541	5538	6421	5531	6428	0.86045426260112012	0.86045426260112012	5501	6385	5490	0.85834896810506567	False	False	False	False	False	True	different_minimum_coordinates	True
BTN3A3	BTN3A3__AST	BTN3A3__BILI	AST	BILI	6541	6296	6378	6275	6399	0.98062197218315361	0.98062197218315361	6284	6367	6263	0.98043206011271133	False	False	False	False	False	True	different_minimum_coordinates	False
BTN3A3	BTN3A3__AST	BTN3A3__PSC	AST	PSC	6541	6296	5394	5350	6340	0.84384858044164035	0.84384858044164035	6284	5385	5341	0.84402654867256632	False	False	True	True	True	True	verified_shared_minimum_variant	True
BTN3A3	BTN3A3__AST	BTN3A3__AIH	AST	AIH	6541	6296	6421	6296	6421	0.98053262731661739	0.98053262731661739	6284	6385	6263	0.97767717764595696	False	False	False	False	False	True	different_minimum_coordinates	False
BTN3A3	BTN3A3__BILI	BTN3A3__PSC	BILI	PSC	6541	6378	5394	5357	6415	0.83507404520654716	0.83507404520654716	6367	5385	5348	0.83510306058713302	False	False	False	False	False	True	different_minimum_coordinates	False
BTN3A3	BTN3A3__BILI	BTN3A3__AIH	BILI	AIH	6541	6378	6421	6378	6421	0.99330322379691638	0.99330322379691638	6367	6385	6344	0.99001248439450684	False	False	False	False	False	True	different_minimum_coordinates	True
BTN3A3	BTN3A3__PSC	BTN3A3__AIH	PSC	AIH	6541	5394	6421	5387	6428	0.83805227131300564	0.83805227131300564	5385	6385	5365	0.83762685402029669	False	False	False	False	False	True	different_minimum_coordinates	False
C1orf115	C1orf115__CIRR	C1orf115__LIVER_FAT	CIRR	LIVER_FAT	6188	5294	5853	5285	5862	0.90156943022859093	0.90156943022859093	5289	5849	5280	0.90133151246159093	False	False	True	True	True	True	verified_shared_minimum_variant	True
C1orf115	C1orf115__CIRR	C1orf115__NAFLD	CIRR	NAFLD	6188	5294	4796	4721	5369	0.87930713354442169	0.87930713354442169	5289	4796	4721	0.88012677106636839	False	False	False	False	False	True	different_minimum_coordinates	True
C1orf115	C1orf115__CIRR	C1orf115__ALT	CIRR	ALT	6188	5294	6154	5290	6158	0.85904514452744396	0.85904514452744396	5289	6146	5285	0.85934959349593498	False	False	True	True	True	True	verified_shared_minimum_variant	True
C1orf115	C1orf115__LIVER_FAT	C1orf115__NAFLD	LIVER_FAT	NAFLD	6188	5853	4796	4796	5853	0.81940885016230991	0.81940885016230991	5849	4796	4796	0.81996922550863394	False	False	False	False	False	True	different_minimum_coordinates	True
C1orf115	C1orf115__LIVER_FAT	C1orf115__ALT	LIVER_FAT	ALT	6188	5853	6154	5853	6154	0.95108872278193046	0.95108872278193046	5849	6146	5846	0.9507236949097414	False	False	True	True	True	True	verified_shared_minimum_variant	True
C1orf115	C1orf115__NAFLD	C1orf115__ALT	NAFLD	ALT	6188	4796	6154	4796	6154	0.77933051673708154	0.77933051673708154	4796	6146	4796	0.78034493979824271	False	False	False	False	False	True	different_minimum_coordinates	True
C2orf16	C2orf16__LIVER_FAT	C2orf16__NAFLD	LIVER_FAT	NAFLD	4046	3782	3002	3002	3782	0.79375991538868329	0.79375991538868329	3780	3002	3002	0.79417989417989421	False	False	False	False	False	True	different_minimum_coordinates	True
C2orf16	C2orf16__LIVER_FAT	C2orf16__GGT	LIVER_FAT	GGT	4046	3782	4027	3782	4027	0.93916066550782218	0.93916066550782218	3780	4023	3780	0.93959731543624159	False	False	False	False	False	True	different_minimum_coordinates	True
C2orf16	C2orf16__LIVER_FAT	C2orf16__ALP	LIVER_FAT	ALP	4046	3782	4027	3782	4027	0.93916066550782218	0.93916066550782218	3780	4023	3780	0.93959731543624159	False	False	False	False	False	True	different_minimum_coordinates	True
C2orf16	C2orf16__NAFLD	C2orf16__GGT	NAFLD	GGT	4046	3002	4027	3002	4027	0.74546809038986839	0.74546809038986839	3002	4023	3002	0.74620929654486701	False	False	False	False	False	True	different_minimum_coordinates	True
C2orf16	C2orf16__NAFLD	C2orf16__ALP	NAFLD	ALP	4046	3002	4027	3002	4027	0.74546809038986839	0.74546809038986839	3002	4023	3002	0.74620929654486701	False	False	False	False	False	True	different_minimum_coordinates	True
C2orf16	C2orf16__GGT	C2orf16__ALP	GGT	ALP	4046	4027	4027	4027	4027	1	1	4023	4023	4023	1	True	True	True	True	True	True	verified_shared_minimum_variant	True
C4orf36	C4orf36__CIRR	C4orf36__ALT	CIRR	ALT	6495	5453	6455	5449	6459	0.84362904474376843	0.84362904474376843	5442	6443	5438	0.84349309756475876	False	False	False	False	False	True	different_minimum_coordinates	True
C4orf36	C4orf36__CIRR	C4orf36__AST	CIRR	AST	6495	5453	6341	5423	6371	0.85120075341390677	0.85120075341390677	5442	6328	5415	0.85208497246262782	False	False	False	False	False	True	different_minimum_coordinates	True
C4orf36	C4orf36__CIRR	C4orf36__BILI	CIRR	BILI	6495	5453	6307	5383	6377	0.84412733260153672	0.84412733260153672	5442	6294	5373	0.84441301272984437	False	False	False	False	False	True	different_minimum_coordinates	True
C4orf36	C4orf36__ALT	C4orf36__AST	ALT	AST	6495	6455	6341	6341	6455	0.98233927188226178	0.98233927188226178	6443	6328	6328	0.98215117181437217	False	False	True	True	True	True	verified_shared_minimum_variant	True
C4orf36	C4orf36__ALT	C4orf36__BILI	ALT	BILI	6495	6455	6307	6306	6456	0.97676579925650553	0.97676579925650553	6443	6294	6293	0.97656734947237744	False	False	False	False	False	True	different_minimum_coordinates	True
C4orf36	C4orf36__AST	C4orf36__BILI	AST	BILI	6495	6341	6307	6286	6362	0.98805407104684062	0.98805407104684062	6328	6294	6272	0.98771653543307092	False	False	False	False	False	True	different_minimum_coordinates	True
C6orf62	C6orf62__CIRR	C6orf62__NAFLD	CIRR	NAFLD	8634	7288	6496	6384	7400	0.86270270270270266	0.86270270270270266	7273	6496	6384	0.86445497630331758	False	False	False	False	False	True	different_minimum_coordinates	False
C6orf62	C6orf62__CIRR	C6orf62__ALP	CIRR	ALP	8634	7288	5571	4706	8153	0.57721084263461298	0.57721084263461298	7273	5557	4699	0.57791169597835446	False	False	False	False	False	False	different_minimum_coordinates	False
C6orf62	C6orf62__CIRR	C6orf62__BILI	CIRR	BILI	8634	7288	8474	7250	8512	0.85173872180451127	0.85173872180451127	7273	8457	7237	0.85211350523960905	False	False	False	False	False	True	different_minimum_coordinates	False
C6orf62	C6orf62__CIRR	C6orf62__PSC	CIRR	PSC	8634	7288	7310	6604	7994	0.82611958969226917	0.82611958969226917	7273	7289	6591	0.82687241249529542	False	False	False	False	False	True	different_minimum_coordinates	False
C6orf62	C6orf62__NAFLD	C6orf62__ALP	NAFLD	ALP	8634	6496	5571	4147	7920	0.52361111111111114	0.52361111111111114	6496	5557	4147	0.52453832532253986	False	False	False	False	False	False	different_minimum_coordinates	True
C6orf62	C6orf62__NAFLD	C6orf62__BILI	NAFLD	BILI	8634	6496	8474	6477	8493	0.76262804662663375	0.76262804662663375	6496	8457	6477	0.76415762151958466	False	False	False	False	False	True	different_minimum_coordinates	False
C6orf62	C6orf62__NAFLD	C6orf62__PSC	NAFLD	PSC	8634	6496	7310	6089	7717	0.78903719061811584	0.78903719061811584	6496	7289	6089	0.7911902286902287	False	False	False	False	False	True	different_minimum_coordinates	False
C6orf62	C6orf62__ALP	C6orf62__BILI	ALP	BILI	8634	5571	8474	5497	8548	0.64307440336920918	0.64307440336920918	5557	8457	5482	0.64252226910454757	False	False	False	False	False	False	different_minimum_coordinates	False
C6orf62	C6orf62__ALP	C6orf62__PSC	ALP	PSC	8634	5571	7310	4666	8215	0.56798539257455871	0.56798539257455871	5557	7289	4651	0.56754118364856621	False	False	False	False	False	False	different_minimum_coordinates	False
C6orf62	C6orf62__BILI	C6orf62__PSC	BILI	PSC	8634	8474	7310	7283	8501	0.85672273850135283	0.85672273850135283	8457	7289	7264	0.85640179203018152	False	False	False	False	False	True	different_minimum_coordinates	True
CAD	CAD__LIVER_FAT	CAD__NAFLD	LIVER_FAT	NAFLD	3907	3649	2889	2889	3649	0.79172375993422861	0.79172375993422861	3647	2889	2889	0.79215793803125856	False	False	False	False	False	True	different_minimum_coordinates	True
CAD	CAD__LIVER_FAT	CAD__GGT	LIVER_FAT	GGT	3907	3649	3887	3649	3887	0.938770259840494	0.938770259840494	3647	3884	3647	0.93898043254376928	False	False	False	False	False	True	different_minimum_coordinates	True
CAD	CAD__LIVER_FAT	CAD__ALP	LIVER_FAT	ALP	3907	3649	3887	3649	3887	0.938770259840494	0.938770259840494	3647	3884	3647	0.93898043254376928	False	False	False	False	False	True	different_minimum_coordinates	True
CAD	CAD__NAFLD	CAD__GGT	NAFLD	GGT	3907	2889	3887	2889	3887	0.74324671983534862	0.74324671983534862	2889	3884	2889	0.74382080329557154	False	False	False	False	False	True	different_minimum_coordinates	True
CAD	CAD__NAFLD	CAD__ALP	NAFLD	ALP	3907	2889	3887	2889	3887	0.74324671983534862	0.74324671983534862	2889	3884	2889	0.74382080329557154	False	False	False	False	False	True	different_minimum_coordinates	True
CAD	CAD__GGT	CAD__ALP	GGT	ALP	3907	3887	3887	3887	3887	1	1	3884	3884	3884	1	True	True	True	True	True	True	verified_shared_minimum_variant	True
CARMIL1	CARMIL1__CIRR	CARMIL1__ALP	CIRR	ALP	9154	7787	3033	2526	8294	0.30455751145406318	0.30455751145406318	7772	3026	2521	0.30457895372719584	False	False	False	False	False	False	different_minimum_coordinates	False
CARMIL1	CARMIL1__CIRR	CARMIL1__BILI	CIRR	BILI	9154	7787	8973	7742	9018	0.85850521179862493	0.85850521179862493	7772	8958	7729	0.85868236862570824	False	False	False	False	False	True	different_minimum_coordinates	True
CARMIL1	CARMIL1__CIRR	CARMIL1__PSC	CIRR	PSC	9154	7787	7986	7263	8510	0.85346650998824913	0.85346650998824913	7772	7967	7249	0.85382803297997645	False	False	False	False	False	True	different_minimum_coordinates	True
CARMIL1	CARMIL1__CIRR	CARMIL1__AIH	CIRR	AIH	9154	7787	9024	7778	9033	0.86106498394774711	0.86106498394774711	7772	8994	7761	0.8618545252637424	False	False	False	False	False	True	different_minimum_coordinates	True
CARMIL1	CARMIL1__ALP	CARMIL1__BILI	ALP	BILI	9154	3033	8973	2981	9025	0.33030470914127424	0.33030470914127424	3026	8958	2973	0.3299300854511153	False	False	False	False	False	False	different_minimum_coordinates	False
CARMIL1	CARMIL1__ALP	CARMIL1__PSC	ALP	PSC	9154	3033	7986	2577	8442	0.30525941719971572	0.30525941719971572	3026	7967	2569	0.30496201329534661	False	False	False	False	False	False	different_minimum_coordinates	False
CARMIL1	CARMIL1__ALP	CARMIL1__AIH	ALP	AIH	9154	3033	9024	3002	9055	0.33152954168967419	0.33152954168967419	3026	8994	2990	0.33111849390919157	False	False	False	False	False	False	different_minimum_coordinates	False
CARMIL1	CARMIL1__BILI	CARMIL1__PSC	BILI	PSC	9154	8973	7986	7942	9017	0.88078074747698787	0.88078074747698787	8958	7967	7926	0.88076452939215466	False	False	False	False	False	True	different_minimum_coordinates	True
CARMIL1	CARMIL1__BILI	CARMIL1__AIH	BILI	AIH	9154	8973	9024	8973	9024	0.99434840425531912	0.99434840425531912	8958	8994	8944	0.99289520426287747	False	False	False	False	False	True	different_minimum_coordinates	True
CARMIL1	CARMIL1__PSC	CARMIL1__AIH	PSC	AIH	9154	7986	9024	7976	9034	0.88288687181757808	0.88288687181757808	7967	8994	7952	0.88267288267288269	False	False	False	False	False	True	different_minimum_coordinates	True
CCDC121	CCDC121__LIVER_FAT	CCDC121__NAFLD	LIVER_FAT	NAFLD	4088	3824	3037	3037	3824	0.79419456066945604	0.79419456066945604	3821	3037	3037	0.79481811044229256	False	False	False	False	False	True	different_minimum_coordinates	True
CCDC121	CCDC121__LIVER_FAT	CCDC121__GGT	LIVER_FAT	GGT	4088	3824	4069	3824	4069	0.9397886458589334	0.9397886458589334	3821	4064	3821	0.94020669291338588	False	False	False	False	False	True	different_minimum_coordinates	True
CCDC121	CCDC121__LIVER_FAT	CCDC121__ALP	LIVER_FAT	ALP	4088	3824	4069	3824	4069	0.9397886458589334	0.9397886458589334	3821	4064	3821	0.94020669291338588	False	False	False	False	False	True	different_minimum_coordinates	True
CCDC121	CCDC121__NAFLD	CCDC121__GGT	NAFLD	GGT	4088	3037	4069	3037	4069	0.7463750307200786	0.7463750307200786	3037	4064	3037	0.74729330708661412	False	False	False	False	False	True	different_minimum_coordinates	True
CCDC121	CCDC121__NAFLD	CCDC121__ALP	NAFLD	ALP	4088	3037	4069	3037	4069	0.7463750307200786	0.7463750307200786	3037	4064	3037	0.74729330708661412	False	False	False	False	False	True	different_minimum_coordinates	True
CCDC121	CCDC121__GGT	CCDC121__ALP	GGT	ALP	4088	4069	4069	4069	4069	1	1	4064	4064	4064	1	True	True	True	True	True	True	verified_shared_minimum_variant	True
CCDC197	CCDC197__CIRR	CCDC197__NAFLD	CIRR	NAFLD	7233	6209	5687	5582	6314	0.88406715235983524	0.88406715235983524	6206	5687	5582	0.88448740294723494	False	False	False	False	False	True	different_minimum_coordinates	True
CCDC197	CCDC197__CIRR	CCDC197__ALT	CIRR	ALT	7233	6209	7203	6202	7210	0.86019417475728155	0.86019417475728155	6206	7190	6197	0.86081400194471458	False	False	True	True	True	True	verified_shared_minimum_variant	True
CCDC197	CCDC197__CIRR	CCDC197__AST	CIRR	AST	7233	6209	7095	6174	7130	0.8659186535764376	0.8659186535764376	6206	7085	6170	0.86645134110377753	False	False	True	True	True	True	verified_shared_minimum_variant	True
CCDC197	CCDC197__CIRR	CCDC197__ALP	CIRR	ALP	7233	6209	7206	6205	7210	0.86061026352288483	0.86061026352288483	6206	7196	6200	0.86087198000555398	False	False	True	True	True	True	verified_shared_minimum_variant	True
CCDC197	CCDC197__NAFLD	CCDC197__ALT	NAFLD	ALT	7233	5687	7203	5685	7205	0.78903539208882723	0.78903539208882723	5687	7190	5685	0.79046162402669629	False	False	False	False	False	True	different_minimum_coordinates	True
CCDC197	CCDC197__NAFLD	CCDC197__AST	NAFLD	AST	7233	5687	7095	5671	7111	0.79749683588806075	0.79749683588806075	5687	7085	5671	0.79861991268835375	False	False	False	False	False	True	different_minimum_coordinates	True
CCDC197	CCDC197__NAFLD	CCDC197__ALP	NAFLD	ALP	7233	5687	7206	5687	7206	0.78920344157646405	0.78920344157646405	5687	7196	5687	0.7903001667593107	False	False	False	False	False	True	different_minimum_coordinates	True
CCDC197	CCDC197__ALT	CCDC197__AST	ALT	AST	7233	7203	7095	7093	7205	0.98445523941707147	0.98445523941707147	7190	7085	7080	0.98401667824878392	False	False	True	True	True	True	verified_shared_minimum_variant	True
CCDC197	CCDC197__ALT	CCDC197__ALP	ALT	ALP	7233	7203	7206	7203	7206	0.99958368026644462	0.99958368026644462	7190	7196	7190	0.99916620344635909	False	False	True	True	True	True	verified_shared_minimum_variant	True
CCDC197	CCDC197__AST	CCDC197__ALP	AST	ALP	7233	7095	7206	7095	7206	0.98459616985845133	0.98459616985845133	7085	7196	7083	0.98402333981661572	False	False	True	True	True	True	verified_shared_minimum_variant	True
CENPA	CENPA__LIVER_FAT	CENPA__NAFLD	LIVER_FAT	NAFLD	4025	3740	2896	2896	3740	0.774331550802139	0.774331550802139	3736	2896	2896	0.77516059957173444	False	False	False	False	False	True	different_minimum_coordinates	True
CENPA	CENPA__LIVER_FAT	CENPA__GGT	LIVER_FAT	GGT	4025	3740	4001	3740	4001	0.93476630842289432	0.93476630842289432	3736	3996	3735	0.93445083812859642	False	False	False	False	False	True	different_minimum_coordinates	True
CENPA	CENPA__LIVER_FAT	CENPA__ALP	LIVER_FAT	ALP	4025	3740	4001	3740	4001	0.93476630842289432	0.93476630842289432	3736	3996	3735	0.93445083812859642	False	False	False	False	False	True	different_minimum_coordinates	True
CENPA	CENPA__NAFLD	CENPA__GGT	NAFLD	GGT	4025	2896	4001	2896	4001	0.72381904523869034	0.72381904523869034	2896	3996	2896	0.72472472472472471	False	False	False	False	False	True	different_minimum_coordinates	True
CENPA	CENPA__NAFLD	CENPA__ALP	NAFLD	ALP	4025	2896	4001	2896	4001	0.72381904523869034	0.72381904523869034	2896	3996	2896	0.72472472472472471	False	False	False	False	False	True	different_minimum_coordinates	True
CENPA	CENPA__GGT	CENPA__ALP	GGT	ALP	4025	4001	4001	4001	4001	1	1	3996	3996	3996	1	True	True	True	True	True	True	verified_shared_minimum_variant	True
CERS1	CERS1__CIRR	CERS1__LIVER_FAT	CIRR	LIVER_FAT	3214	2672	3023	2671	3024	0.88326719576719581	0.88326719576719581	2671	3017	2669	0.8840675720437231	False	False	False	False	False	True	different_minimum_coordinates	True
CERS1	CERS1__CIRR	CERS1__NAFLD	CIRR	NAFLD	3214	2672	2345	2295	2722	0.84313005143276998	0.84313005143276998	2671	2345	2295	0.8434399117971334	False	False	False	False	False	True	different_minimum_coordinates	True
CERS1	CERS1__CIRR	CERS1__ALT	CIRR	ALT	3214	2672	3197	2672	3197	0.83578354707538316	0.83578354707538316	2671	3190	2671	0.83730407523510975	False	False	False	False	False	True	different_minimum_coordinates	True
CERS1	CERS1__CIRR	CERS1__AST	CIRR	AST	3214	2672	3171	2665	3178	0.83857772183763368	0.83857772183763368	2671	3164	2664	0.8401135288552507	False	False	False	False	False	True	different_minimum_coordinates	True
CERS1	CERS1__CIRR	CERS1__ALP	CIRR	ALP	3214	2672	3197	2672	3197	0.83578354707538316	0.83578354707538316	2671	3189	2671	0.83756663530887421	False	False	False	False	False	True	different_minimum_coordinates	True
CERS1	CERS1__CIRR	CERS1__BILI	CIRR	BILI	3214	2672	3173	2664	3181	0.83747249292675263	0.83747249292675263	2671	3165	2663	0.83926883075953351	False	False	False	False	False	True	different_minimum_coordinates	True
CERS1	CERS1__LIVER_FAT	CERS1__NAFLD	LIVER_FAT	NAFLD	3214	3023	2345	2345	3023	0.77571948395633472	0.77571948395633472	3017	2345	2345	0.77726218097447797	False	False	False	False	False	True	different_minimum_coordinates	True
CERS1	CERS1__LIVER_FAT	CERS1__ALT	LIVER_FAT	ALT	3214	3023	3197	3023	3197	0.94557397560212697	0.94557397560212697	3017	3190	3016	0.94515825759949856	False	False	True	True	True	True	verified_shared_minimum_variant	True
CERS1	CERS1__LIVER_FAT	CERS1__AST	LIVER_FAT	AST	3214	3023	3171	3004	3190	0.94169278996865202	0.94169278996865202	3017	3164	2998	0.94187873075714734	False	False	False	False	False	True	different_minimum_coordinates	True
CERS1	CERS1__LIVER_FAT	CERS1__ALP	LIVER_FAT	ALP	3214	3023	3197	3023	3197	0.94557397560212697	0.94557397560212697	3017	3189	3016	0.94545454545454544	False	False	False	False	False	True	different_minimum_coordinates	True
CERS1	CERS1__LIVER_FAT	CERS1__BILI	LIVER_FAT	BILI	3214	3023	3173	3004	3192	0.94110275689223055	0.94110275689223055	3017	3165	2997	0.94097331240188387	False	False	True	True	True	True	verified_shared_minimum_variant	True
CERS1	CERS1__NAFLD	CERS1__ALT	NAFLD	ALT	3214	2345	3197	2345	3197	0.73350015639662181	0.73350015639662181	2345	3190	2345	0.73510971786833856	False	False	False	False	False	True	different_minimum_coordinates	True
CERS1	CERS1__NAFLD	CERS1__AST	NAFLD	AST	3214	2345	3171	2345	3171	0.73951434878587197	0.73951434878587197	2345	3164	2345	0.74115044247787609	False	False	False	False	False	True	different_minimum_coordinates	True
CERS1	CERS1__NAFLD	CERS1__ALP	NAFLD	ALP	3214	2345	3197	2345	3197	0.73350015639662181	0.73350015639662181	2345	3189	2345	0.73534023204766386	False	False	False	False	False	True	different_minimum_coordinates	True
CERS1	CERS1__NAFLD	CERS1__BILI	NAFLD	BILI	3214	2345	3173	2344	3174	0.73850031505986136	0.73850031505986136	2345	3165	2344	0.74036639292482631	False	False	False	False	False	True	different_minimum_coordinates	True
CERS1	CERS1__ALT	CERS1__AST	ALT	AST	3214	3197	3171	3171	3197	0.99186737566468564	0.99186737566468564	3190	3164	3163	0.99122532121591977	False	False	False	False	False	True	different_minimum_coordinates	True
CERS1	CERS1__ALT	CERS1__ALP	ALT	ALP	3214	3197	3197	3197	3197	1	1	3190	3189	3189	0.99968652037617556	True	False	False	False	False	True	different_minimum_coordinates	True
CERS1	CERS1__ALT	CERS1__BILI	ALT	BILI	3214	3197	3173	3172	3198	0.99186991869918695	0.99186991869918695	3190	3165	3164	0.99153870260106547	False	False	True	True	True	True	verified_shared_minimum_variant	True
CERS1	CERS1__AST	CERS1__ALP	AST	ALP	3214	3171	3197	3171	3197	0.99186737566468564	0.99186737566468564	3164	3189	3163	0.99153605015673985	False	False	False	False	False	True	different_minimum_coordinates	True
CERS1	CERS1__AST	CERS1__BILI	AST	BILI	3214	3171	3173	3170	3174	0.99873976055450531	0.99873976055450531	3164	3165	3162	0.99842121881907164	False	False	False	False	False	True	different_minimum_coordinates	True
CERS1	CERS1__ALP	CERS1__BILI	ALP	BILI	3214	3197	3173	3172	3198	0.99186991869918695	0.99186991869918695	3189	3165	3164	0.99184952978056429	False	False	False	False	False	True	different_minimum_coordinates	True
CGREF1	CGREF1__LIVER_FAT	CGREF1__NAFLD	LIVER_FAT	NAFLD	3778	3518	2781	2781	3518	0.79050596930073902	0.79050596930073902	3516	2781	2781	0.79095563139931746	False	False	False	False	False	True	different_minimum_coordinates	True
CGREF1	CGREF1__LIVER_FAT	CGREF1__GGT	LIVER_FAT	GGT	3778	3518	3758	3518	3758	0.9361362426822778	0.9361362426822778	3516	3755	3516	0.93635153129161119	False	False	False	False	False	True	different_minimum_coordinates	True
CGREF1	CGREF1__LIVER_FAT	CGREF1__ALP	LIVER_FAT	ALP	3778	3518	3758	3518	3758	0.9361362426822778	0.9361362426822778	3516	3755	3516	0.93635153129161119	False	False	False	False	False	True	different_minimum_coordinates	True
CGREF1	CGREF1__NAFLD	CGREF1__GGT	NAFLD	GGT	3778	2781	3758	2781	3758	0.74002128791910593	0.74002128791910593	2781	3755	2781	0.74061251664447403	False	False	False	False	False	True	different_minimum_coordinates	True
CGREF1	CGREF1__NAFLD	CGREF1__ALP	NAFLD	ALP	3778	2781	3758	2781	3758	0.74002128791910593	0.74002128791910593	2781	3755	2781	0.74061251664447403	False	False	False	False	False	True	different_minimum_coordinates	True
CGREF1	CGREF1__GGT	CGREF1__ALP	GGT	ALP	3778	3758	3758	3758	3758	1	1	3755	3755	3755	1	True	True	True	True	True	True	verified_shared_minimum_variant	True
CIB4	CIB4__LIVER_FAT	CIB4__NAFLD	LIVER_FAT	NAFLD	4354	4047	3097	3097	4047	0.76525821596244137	0.76525821596244137	4043	3097	3097	0.76601533514716791	False	False	False	False	False	True	different_minimum_coordinates	True
CIB4	CIB4__LIVER_FAT	CIB4__GGT	LIVER_FAT	GGT	4354	4047	4328	4047	4328	0.93507393715341958	0.93507393715341958	4043	4322	4041	0.93455134135060125	False	False	False	False	False	True	different_minimum_coordinates	True
CIB4	CIB4__LIVER_FAT	CIB4__ALP	LIVER_FAT	ALP	4354	4047	4328	4047	4328	0.93507393715341958	0.93507393715341958	4043	4323	4042	0.93478260869565222	False	False	False	False	False	True	different_minimum_coordinates	True
CIB4	CIB4__NAFLD	CIB4__GGT	NAFLD	GGT	4354	3097	4328	3097	4328	0.71557301293900188	0.71557301293900188	3097	4322	3097	0.71656640444238784	False	False	False	False	False	True	different_minimum_coordinates	True
CIB4	CIB4__NAFLD	CIB4__ALP	NAFLD	ALP	4354	3097	4328	3097	4328	0.71557301293900188	0.71557301293900188	3097	4323	3097	0.71640064769835765	False	False	False	False	False	True	different_minimum_coordinates	True
CIB4	CIB4__GGT	CIB4__ALP	GGT	ALP	4354	4328	4328	4328	4328	1	1	4322	4323	4322	0.99976867915799217	True	False	True	True	True	True	verified_shared_minimum_variant	True
CILP2	CILP2__CIRR	CILP2__LIVER_FAT	CIRR	LIVER_FAT	3972	3301	3765	3299	3767	0.87576320679585873	0.87576320679585873	3299	3756	3296	0.87682894386804999	False	False	False	False	False	True	different_minimum_coordinates	True
CILP2	CILP2__CIRR	CILP2__NAFLD	CIRR	NAFLD	3972	3301	2903	2828	3376	0.83767772511848337	0.83767772511848337	3299	2903	2828	0.83817427385892118	False	False	False	False	False	True	different_minimum_coordinates	True
CILP2	CILP2__CIRR	CILP2__ALT	CIRR	ALT	3972	3301	3953	3300	3954	0.83459787556904397	0.83459787556904397	3299	3942	3298	0.83641897032716206	False	False	False	False	False	True	different_minimum_coordinates	True
CILP2	CILP2__CIRR	CILP2__AST	CIRR	AST	3972	3301	3926	3292	3935	0.83659466327827192	0.83659466327827192	3299	3916	3290	0.83821656050955418	False	False	False	False	False	True	different_minimum_coordinates	True
CILP2	CILP2__CIRR	CILP2__ALP	CIRR	ALP	3972	3301	3953	3300	3954	0.83459787556904397	0.83459787556904397	3299	3942	3298	0.83641897032716206	False	False	False	False	False	True	different_minimum_coordinates	True
CILP2	CILP2__CIRR	CILP2__BILI	CIRR	BILI	3972	3301	3928	3292	3937	0.83616967233934469	0.83616967233934469	3299	3918	3290	0.83778966131907306	False	False	False	False	False	True	different_minimum_coordinates	True
CILP2	CILP2__LIVER_FAT	CILP2__NAFLD	LIVER_FAT	NAFLD	3972	3765	2903	2903	3765	0.77104913678618858	0.77104913678618858	3756	2903	2903	0.77289669861554844	False	False	False	False	False	True	different_minimum_coordinates	True
CILP2	CILP2__LIVER_FAT	CILP2__ALT	LIVER_FAT	ALT	3972	3765	3953	3765	3953	0.95244118391095367	0.95244118391095367	3756	3942	3754	0.95182555780933065	False	False	True	True	True	True	verified_shared_minimum_variant	True
CILP2	CILP2__LIVER_FAT	CILP2__AST	LIVER_FAT	AST	3972	3765	3926	3745	3946	0.94906234161175873	0.94906234161175873	3756	3916	3736	0.94918699186991873	False	False	False	False	False	True	different_minimum_coordinates	True
CILP2	CILP2__LIVER_FAT	CILP2__ALP	LIVER_FAT	ALP	3972	3765	3953	3765	3953	0.95244118391095367	0.95244118391095367	3756	3942	3755	0.95232056809535881	False	False	False	False	False	True	different_minimum_coordinates	True
CILP2	CILP2__LIVER_FAT	CILP2__BILI	LIVER_FAT	BILI	3972	3765	3928	3746	3947	0.94907524702305546	0.94907524702305546	3756	3918	3736	0.94870492635855763	False	False	True	True	True	True	verified_shared_minimum_variant	True
CILP2	CILP2__NAFLD	CILP2__ALT	NAFLD	ALT	3972	2903	3953	2903	3953	0.73437895269415632	0.73437895269415632	2903	3942	2903	0.73642820903094874	False	False	False	False	False	True	different_minimum_coordinates	True
CILP2	CILP2__NAFLD	CILP2__AST	NAFLD	AST	3972	2903	3926	2902	3927	0.73898650369238605	0.73898650369238605	2903	3916	2902	0.74087311718151649	False	False	False	False	False	True	different_minimum_coordinates	True
CILP2	CILP2__NAFLD	CILP2__ALP	NAFLD	ALP	3972	2903	3953	2903	3953	0.73437895269415632	0.73437895269415632	2903	3942	2903	0.73642820903094874	False	False	False	False	False	True	different_minimum_coordinates	True
CILP2	CILP2__NAFLD	CILP2__BILI	NAFLD	BILI	3972	2903	3928	2902	3929	0.73861033341817262	0.73861033341817262	2903	3918	2902	0.74049502424087776	False	False	False	False	False	True	different_minimum_coordinates	True
CILP2	CILP2__ALT	CILP2__AST	ALT	AST	3972	3953	3926	3926	3953	0.99316974449784978	0.99316974449784978	3942	3916	3914	0.99239350912778901	False	False	False	False	False	True	different_minimum_coordinates	True
CILP2	CILP2__ALT	CILP2__ALP	ALT	ALP	3972	3953	3953	3953	3953	1	1	3942	3942	3941	0.9994927720010145	True	False	False	False	False	True	different_minimum_coordinates	True
CILP2	CILP2__ALT	CILP2__BILI	ALT	BILI	3972	3953	3928	3928	3953	0.99367568934986084	0.99367568934986084	3942	3918	3916	0.99290060851926976	False	False	True	True	True	True	verified_shared_minimum_variant	True
CILP2	CILP2__AST	CILP2__ALP	AST	ALP	3972	3926	3953	3926	3953	0.99316974449784978	0.99316974449784978	3916	3942	3915	0.99289880801420238	False	False	False	False	False	True	different_minimum_coordinates	True
CILP2	CILP2__AST	CILP2__BILI	AST	BILI	3972	3926	3928	3925	3929	0.99898192924408247	0.99898192924408247	3916	3918	3914	0.99846938775510208	False	False	False	False	False	True	different_minimum_coordinates	True
CILP2	CILP2__ALP	CILP2__BILI	ALP	BILI	3972	3953	3928	3928	3953	0.99367568934986084	0.99367568934986084	3942	3918	3917	0.99340603601318789	False	False	False	False	False	True	different_minimum_coordinates	True
CLMN	CLMN__CIRR	CLMN__ALT	CIRR	ALT	8579	7396	8549	7390	8555	0.86382232612507304	0.86382232612507304	7390	8531	7384	0.86494084573035024	False	False	True	True	True	True	verified_shared_minimum_variant	True
CLMN	CLMN__CIRR	CLMN__AST	CIRR	AST	8579	7396	8417	7344	8469	0.86716259298618492	0.86716259298618492	7390	8399	7337	0.86807856128726923	False	False	True	True	True	True	verified_shared_minimum_variant	True
CLMN	CLMN__CIRR	CLMN__ALP	CIRR	ALP	8579	7396	8552	7393	8555	0.8641729982466394	0.8641729982466394	7390	8537	7387	0.86498829039812641	False	False	True	True	True	True	verified_shared_minimum_variant	True
CLMN	CLMN__ALT	CLMN__AST	ALT	AST	8579	8549	8417	8415	8551	0.98409542743538769	0.98409542743538769	8531	8399	8392	0.98289997657531036	False	False	True	True	True	True	verified_shared_minimum_variant	True
CLMN	CLMN__ALT	CLMN__ALP	ALT	ALP	8579	8549	8552	8549	8552	0.99964920486435926	0.99964920486435926	8531	8537	8531	0.99929717699426024	False	False	True	True	True	True	verified_shared_minimum_variant	True
CLMN	CLMN__AST	CLMN__ALP	AST	ALP	8579	8417	8552	8417	8552	0.98421421889616467	0.98421421889616467	8399	8537	8397	0.98337041808174264	False	False	True	True	True	True	verified_shared_minimum_variant	True
COMP	COMP__CIRR	COMP__LIVER_FAT	CIRR	LIVER_FAT	3069	2575	2897	2574	2898	0.88819875776397517	0.88819875776397517	2574	2891	2572	0.88904251641894227	False	False	False	False	False	True	different_minimum_coordinates	True
COMP	COMP__CIRR	COMP__NAFLD	CIRR	NAFLD	3069	2575	2252	2203	2624	0.83955792682926833	0.83955792682926833	2574	2252	2203	0.83987800228745713	False	False	False	False	False	True	different_minimum_coordinates	True
COMP	COMP__CIRR	COMP__ALT	CIRR	ALT	3069	2575	3053	2575	3053	0.84343268915820502	0.84343268915820502	2574	3046	2574	0.84504267892317797	False	False	False	False	False	True	different_minimum_coordinates	True
COMP	COMP__CIRR	COMP__AST	CIRR	AST	3069	2575	3025	2568	3032	0.84696569920844322	0.84696569920844322	2574	3018	2567	0.848595041322314	False	False	False	False	False	True	different_minimum_coordinates	True
COMP	COMP__CIRR	COMP__ALP	CIRR	ALP	3069	2575	3053	2575	3053	0.84343268915820502	0.84343268915820502	2574	3045	2574	0.84532019704433492	False	False	False	False	False	True	different_minimum_coordinates	True
COMP	COMP__CIRR	COMP__BILI	CIRR	BILI	3069	2575	3027	2567	3035	0.84579901153212522	0.84579901153212522	2574	3019	2566	0.84770399735711921	False	False	False	False	False	True	different_minimum_coordinates	True
COMP	COMP__LIVER_FAT	COMP__NAFLD	LIVER_FAT	NAFLD	3069	2897	2252	2252	2897	0.77735588539868827	0.77735588539868827	2891	2252	2252	0.77896921480456593	False	False	False	False	False	True	different_minimum_coordinates	True
COMP	COMP__LIVER_FAT	COMP__ALT	LIVER_FAT	ALT	3069	2897	3053	2897	3053	0.94890271863740583	0.94890271863740583	2891	3046	2890	0.94847390876271742	False	False	True	True	True	True	verified_shared_minimum_variant	True
COMP	COMP__LIVER_FAT	COMP__AST	LIVER_FAT	AST	3069	2897	3025	2877	3045	0.94482758620689655	0.94482758620689655	2891	3018	2871	0.94502962475312702	False	False	False	False	False	True	different_minimum_coordinates	True
COMP	COMP__LIVER_FAT	COMP__ALP	LIVER_FAT	ALP	3069	2897	3053	2897	3053	0.94890271863740583	0.94890271863740583	2891	3045	2890	0.94878529218647412	False	False	False	False	False	True	different_minimum_coordinates	True
COMP	COMP__LIVER_FAT	COMP__BILI	LIVER_FAT	BILI	3069	2897	3027	2877	3047	0.94420741713160483	0.94420741713160483	2891	3019	2870	0.94407894736842102	False	False	True	True	True	True	verified_shared_minimum_variant	True
COMP	COMP__NAFLD	COMP__ALT	NAFLD	ALT	3069	2252	3053	2252	3053	0.73763511300360296	0.73763511300360296	2252	3046	2252	0.73933026920551548	False	False	False	False	False	True	different_minimum_coordinates	True
COMP	COMP__NAFLD	COMP__AST	NAFLD	AST	3069	2252	3025	2252	3025	0.74446280991735536	0.74446280991735536	2252	3018	2252	0.74618952948972828	False	False	False	False	False	True	different_minimum_coordinates	True
COMP	COMP__NAFLD	COMP__ALP	NAFLD	ALP	3069	2252	3053	2252	3053	0.73763511300360296	0.73763511300360296	2252	3045	2252	0.7395730706075534	False	False	False	False	False	True	different_minimum_coordinates	True
COMP	COMP__NAFLD	COMP__BILI	NAFLD	BILI	3069	2252	3027	2251	3028	0.74339498018494055	0.74339498018494055	2252	3019	2251	0.74536423841059607	False	False	False	False	False	True	different_minimum_coordinates	True
COMP	COMP__ALT	COMP__AST	ALT	AST	3069	3053	3025	3025	3053	0.9908286930887652	0.9908286930887652	3046	3018	3017	0.99015425008204794	False	False	False	False	False	True	different_minimum_coordinates	True
COMP	COMP__ALT	COMP__ALP	ALT	ALP	3069	3053	3053	3053	3053	1	1	3046	3045	3045	0.99967170059093891	True	False	False	False	False	True	different_minimum_coordinates	True
COMP	COMP__ALT	COMP__BILI	ALT	BILI	3069	3053	3027	3026	3054	0.9908316961362148	0.9908316961362148	3046	3019	3018	0.99048244174597966	False	False	True	True	True	True	verified_shared_minimum_variant	True
COMP	COMP__AST	COMP__ALP	AST	ALP	3069	3025	3053	3025	3053	0.9908286930887652	0.9908286930887652	3018	3045	3017	0.99047931713722914	False	False	False	False	False	True	different_minimum_coordinates	True
COMP	COMP__AST	COMP__BILI	AST	BILI	3069	3025	3027	3024	3028	0.99867899603698806	0.99867899603698806	3018	3019	3016	0.99834491890102617	False	False	False	False	False	True	different_minimum_coordinates	True
COMP	COMP__ALP	COMP__BILI	ALP	BILI	3069	3053	3027	3026	3054	0.9908316961362148	0.9908316961362148	3045	3019	3018	0.99080761654629024	False	False	False	False	False	True	different_minimum_coordinates	True
COPE	COPE__CIRR	COPE__LIVER_FAT	CIRR	LIVER_FAT	3273	2719	3076	2718	3077	0.88332791680207989	0.88332791680207989	2718	3070	2716	0.88411458333333337	False	False	False	False	False	True	different_minimum_coordinates	True
COPE	COPE__CIRR	COPE__NAFLD	CIRR	NAFLD	3273	2719	2390	2340	2769	0.84507042253521125	0.84507042253521125	2718	2390	2340	0.84537572254335258	False	False	False	False	False	True	different_minimum_coordinates	True
COPE	COPE__CIRR	COPE__ALT	CIRR	ALT	3273	2719	3256	2719	3256	0.83507371007371012	0.83507371007371012	2718	3249	2718	0.83656509695290859	False	False	False	False	False	True	different_minimum_coordinates	True
COPE	COPE__CIRR	COPE__AST	CIRR	AST	3273	2719	3230	2712	3237	0.83781278962001848	0.83781278962001848	2718	3223	2711	0.83931888544891642	False	False	False	False	False	True	different_minimum_coordinates	True
COPE	COPE__CIRR	COPE__ALP	CIRR	ALP	3273	2719	3256	2719	3256	0.83507371007371012	0.83507371007371012	2718	3248	2718	0.83682266009852213	False	False	False	False	False	True	different_minimum_coordinates	True
COPE	COPE__CIRR	COPE__BILI	CIRR	BILI	3273	2719	3232	2711	3240	0.83672839506172836	0.83672839506172836	2718	3224	2710	0.83849009900990101	False	False	False	False	False	True	different_minimum_coordinates	True
COPE	COPE__LIVER_FAT	COPE__NAFLD	LIVER_FAT	NAFLD	3273	3076	2390	2390	3076	0.7769830949284785	0.7769830949284785	3070	2390	2390	0.77850162866449513	False	False	False	False	False	True	different_minimum_coordinates	True
COPE	COPE__LIVER_FAT	COPE__ALT	LIVER_FAT	ALT	3273	3076	3256	3076	3256	0.94471744471744468	0.94471744471744468	3070	3249	3069	0.94430769230769229	False	False	True	True	True	True	verified_shared_minimum_variant	True
COPE	COPE__LIVER_FAT	COPE__AST	LIVER_FAT	AST	3273	3076	3230	3057	3249	0.94090489381348108	0.94090489381348108	3070	3223	3051	0.9410857495373226	False	False	False	False	False	True	different_minimum_coordinates	True
COPE	COPE__LIVER_FAT	COPE__ALP	LIVER_FAT	ALP	3273	3076	3256	3076	3256	0.94471744471744468	0.94471744471744468	3070	3248	3069	0.94459833795013848	False	False	False	False	False	True	different_minimum_coordinates	True
COPE	COPE__LIVER_FAT	COPE__BILI	LIVER_FAT	BILI	3273	3076	3232	3057	3251	0.94032605352199328	0.94032605352199328	3070	3224	3050	0.94019728729963004	False	False	True	True	True	True	verified_shared_minimum_variant	True
COPE	COPE__NAFLD	COPE__ALT	NAFLD	ALT	3273	2390	3256	2390	3256	0.73402948402948398	0.73402948402948398	2390	3249	2390	0.73561095721760539	False	False	False	False	False	True	different_minimum_coordinates	True
COPE	COPE__NAFLD	COPE__AST	NAFLD	AST	3273	2390	3230	2390	3230	0.73993808049535603	0.73993808049535603	2390	3223	2390	0.74154514427551965	False	False	False	False	False	True	different_minimum_coordinates	True
COPE	COPE__NAFLD	COPE__ALP	NAFLD	ALP	3273	2390	3256	2390	3256	0.73402948402948398	0.73402948402948398	2390	3248	2390	0.73583743842364535	False	False	False	False	False	True	different_minimum_coordinates	True
COPE	COPE__NAFLD	COPE__BILI	NAFLD	BILI	3273	2390	3232	2389	3233	0.73894215898546245	0.73894215898546245	2390	3224	2389	0.74077519379844958	False	False	False	False	False	True	different_minimum_coordinates	True
COPE	COPE__ALT	COPE__AST	ALT	AST	3273	3256	3230	3230	3256	0.99201474201474205	0.99201474201474205	3249	3223	3222	0.99138461538461542	False	False	False	False	False	True	different_minimum_coordinates	True
COPE	COPE__ALT	COPE__ALP	ALT	ALP	3273	3256	3256	3256	3256	1	1	3249	3248	3248	0.99969221298861188	True	False	False	False	False	True	different_minimum_coordinates	True
COPE	COPE__ALT	COPE__BILI	ALT	BILI	3273	3256	3232	3231	3257	0.99201719373656738	0.99201719373656738	3249	3224	3223	0.99169230769230765	False	False	True	True	True	True	verified_shared_minimum_variant	True
COPE	COPE__AST	COPE__ALP	AST	ALP	3273	3230	3256	3230	3256	0.99201474201474205	0.99201474201474205	3223	3248	3222	0.99168975069252074	False	False	False	False	False	True	different_minimum_coordinates	True
COPE	COPE__AST	COPE__BILI	AST	BILI	3273	3230	3232	3229	3233	0.99876275904732448	0.99876275904732448	3223	3224	3221	0.99845009299442034	False	False	False	False	False	True	different_minimum_coordinates	True
COPE	COPE__ALP	COPE__BILI	ALP	BILI	3273	3256	3232	3231	3257	0.99201719373656738	0.99201719373656738	3248	3224	3223	0.99199753770390886	False	False	False	False	False	True	different_minimum_coordinates	True
CRLF1	CRLF1__CIRR	CRLF1__LIVER_FAT	CIRR	LIVER_FAT	2986	2513	2823	2511	2825	0.88884955752212391	0.88884955752212391	2511	2817	2508	0.88936170212765953	False	False	False	False	False	True	different_minimum_coordinates	True
CRLF1	CRLF1__CIRR	CRLF1__NAFLD	CIRR	NAFLD	2986	2513	2192	2152	2553	0.84292988640814726	0.84292988640814726	2511	2192	2152	0.84359074872598983	False	False	False	False	False	True	different_minimum_coordinates	True
CRLF1	CRLF1__CIRR	CRLF1__ALT	CIRR	ALT	2986	2513	2973	2513	2973	0.84527413387151029	0.84527413387151029	2511	2964	2511	0.84716599190283404	False	False	False	False	False	True	different_minimum_coordinates	True
CRLF1	CRLF1__CIRR	CRLF1__AST	CIRR	AST	2986	2513	2941	2505	2949	0.84944048830111907	0.84944048830111907	2511	2933	2503	0.85107106426385581	False	False	False	False	False	True	different_minimum_coordinates	True
CRLF1	CRLF1__CIRR	CRLF1__ALP	CIRR	ALP	2986	2513	2973	2513	2973	0.84527413387151029	0.84527413387151029	2511	2963	2511	0.84745190685116434	False	False	False	False	False	True	different_minimum_coordinates	True
CRLF1	CRLF1__CIRR	CRLF1__BILI	CIRR	BILI	2986	2513	2947	2508	2952	0.84959349593495936	0.84959349593495936	2511	2938	2506	0.85151206252123679	False	False	False	False	False	True	different_minimum_coordinates	True
CRLF1	CRLF1__LIVER_FAT	CRLF1__NAFLD	LIVER_FAT	NAFLD	2986	2823	2192	2192	2823	0.77647892313142053	0.77647892313142053	2817	2192	2192	0.77813276535321263	False	False	False	False	False	True	different_minimum_coordinates	True
CRLF1	CRLF1__LIVER_FAT	CRLF1__ALT	LIVER_FAT	ALT	2986	2823	2973	2823	2973	0.94954591321897075	0.94954591321897075	2817	2964	2816	0.94974704890387862	False	False	True	True	True	True	verified_shared_minimum_variant	True
CRLF1	CRLF1__LIVER_FAT	CRLF1__AST	LIVER_FAT	AST	2986	2823	2941	2802	2962	0.94598244429439571	0.94598244429439571	2817	2933	2796	0.94651320243737302	False	False	False	False	False	True	different_minimum_coordinates	True
CRLF1	CRLF1__LIVER_FAT	CRLF1__ALP	LIVER_FAT	ALP	2986	2823	2973	2823	2973	0.94954591321897075	0.94954591321897075	2817	2963	2816	0.95006747638326583	False	False	False	False	False	True	different_minimum_coordinates	True
CRLF1	CRLF1__LIVER_FAT	CRLF1__BILI	LIVER_FAT	BILI	2986	2823	2947	2806	2964	0.94669365721997301	0.94669365721997301	2817	2938	2799	0.94688768606224627	False	False	True	True	True	True	verified_shared_minimum_variant	True
CRLF1	CRLF1__NAFLD	CRLF1__ALT	NAFLD	ALT	2986	2192	2973	2192	2973	0.73730238816010762	0.73730238816010762	2192	2964	2192	0.73954116059379216	False	False	False	False	False	True	different_minimum_coordinates	True
CRLF1	CRLF1__NAFLD	CRLF1__AST	NAFLD	AST	2986	2192	2941	2192	2941	0.74532471948316903	0.74532471948316903	2192	2933	2192	0.74735765427889533	False	False	False	False	False	True	different_minimum_coordinates	True
CRLF1	CRLF1__NAFLD	CRLF1__ALP	NAFLD	ALP	2986	2192	2973	2192	2973	0.73730238816010762	0.73730238816010762	2192	2963	2192	0.73979075261559235	False	False	False	False	False	True	different_minimum_coordinates	True
CRLF1	CRLF1__NAFLD	CRLF1__BILI	NAFLD	BILI	2986	2192	2947	2192	2947	0.74380726162198851	0.74380726162198851	2192	2938	2192	0.7460857726344452	False	False	False	False	False	True	different_minimum_coordinates	True
CRLF1	CRLF1__ALT	CRLF1__AST	ALT	AST	2986	2973	2941	2941	2973	0.98923646148671374	0.98923646148671374	2964	2933	2931	0.98819959541469993	False	False	False	False	False	True	different_minimum_coordinates	True
CRLF1	CRLF1__ALT	CRLF1__ALP	ALT	ALP	2986	2973	2973	2973	2973	1	1	2964	2963	2963	0.99966261808367074	True	False	False	False	False	True	different_minimum_coordinates	True
CRLF1	CRLF1__ALT	CRLF1__BILI	ALT	BILI	2986	2973	2947	2946	2974	0.99058507061197043	0.99058507061197043	2964	2938	2936	0.98988536749831424	False	False	True	True	True	True	verified_shared_minimum_variant	True
CRLF1	CRLF1__AST	CRLF1__ALP	AST	ALP	2986	2941	2973	2941	2973	0.98923646148671374	0.98923646148671374	2933	2963	2931	0.98853288364249581	False	False	False	False	False	True	different_minimum_coordinates	True
CRLF1	CRLF1__AST	CRLF1__BILI	AST	BILI	2986	2941	2947	2941	2947	0.997964031218188	0.997964031218188	2933	2938	2932	0.99761823749574685	False	False	False	False	False	True	different_minimum_coordinates	True
CRLF1	CRLF1__ALP	CRLF1__BILI	ALP	BILI	2986	2973	2947	2946	2974	0.99058507061197043	0.99058507061197043	2963	2938	2936	0.99021922428330522	False	False	False	False	False	True	different_minimum_coordinates	True
CRTC1	CRTC1__CIRR	CRTC1__LIVER_FAT	CIRR	LIVER_FAT	3301	2773	3120	2771	3122	0.88757206918641895	0.88757206918641895	2771	3112	2768	0.88860353130016057	False	False	False	False	False	True	different_minimum_coordinates	True
CRTC1	CRTC1__CIRR	CRTC1__NAFLD	CIRR	NAFLD	3301	2773	2427	2374	2826	0.84005661712668078	0.84005661712668078	2771	2427	2374	0.84065155807365444	False	False	False	False	False	True	different_minimum_coordinates	True
CRTC1	CRTC1__CIRR	CRTC1__ALT	CIRR	ALT	3301	2773	3283	2773	3283	0.84465427962229667	0.84465427962229667	2771	3274	2771	0.84636530238240681	False	False	False	False	False	True	different_minimum_coordinates	True
CRTC1	CRTC1__CIRR	CRTC1__AST	CIRR	AST	3301	2773	3248	2762	3259	0.84749923289352558	0.84749923289352558	2771	3240	2760	0.84896954783143652	False	False	False	False	False	True	different_minimum_coordinates	True
CRTC1	CRTC1__CIRR	CRTC1__ALP	CIRR	ALP	3301	2773	3283	2773	3283	0.84465427962229667	0.84465427962229667	2771	3273	2771	0.84662389245340663	False	False	False	False	False	True	different_minimum_coordinates	True
CRTC1	CRTC1__CIRR	CRTC1__BILI	CIRR	BILI	3301	2773	3253	2764	3262	0.84733292458614351	0.84733292458614351	2771	3244	2762	0.84906240393482935	False	False	False	False	False	True	different_minimum_coordinates	True
CRTC1	CRTC1__LIVER_FAT	CRTC1__NAFLD	LIVER_FAT	NAFLD	3301	3120	2427	2427	3120	0.7778846153846154	0.7778846153846154	3112	2427	2427	0.77988431876606679	False	False	False	False	False	True	different_minimum_coordinates	True
CRTC1	CRTC1__LIVER_FAT	CRTC1__ALT	LIVER_FAT	ALT	3301	3120	3283	3120	3283	0.95035028936947918	0.95035028936947918	3112	3274	3111	0.94992366412213736	False	False	True	True	True	True	verified_shared_minimum_variant	True
CRTC1	CRTC1__LIVER_FAT	CRTC1__AST	LIVER_FAT	AST	3301	3120	3248	3096	3272	0.94621026894865523	0.94621026894865523	3112	3240	3088	0.94607843137254899	False	False	False	False	False	True	different_minimum_coordinates	True
CRTC1	CRTC1__LIVER_FAT	CRTC1__ALP	LIVER_FAT	ALP	3301	3120	3283	3120	3283	0.95035028936947918	0.95035028936947918	3112	3273	3111	0.95021380574221137	False	False	False	False	False	True	different_minimum_coordinates	True
CRTC1	CRTC1__LIVER_FAT	CRTC1__BILI	LIVER_FAT	BILI	3301	3120	3253	3099	3274	0.9465485644471594	0.9465485644471594	3112	3244	3090	0.94611145131659524	False	False	True	True	True	True	verified_shared_minimum_variant	True
CRTC1	CRTC1__NAFLD	CRTC1__ALT	NAFLD	ALT	3301	2427	3283	2427	3283	0.73926286932683516	0.73926286932683516	2427	3274	2427	0.74129505192425171	False	False	False	False	False	True	different_minimum_coordinates	True
CRTC1	CRTC1__NAFLD	CRTC1__AST	NAFLD	AST	3301	2427	3248	2427	3248	0.74722906403940892	0.74722906403940892	2427	3240	2427	0.74907407407407411	False	False	False	False	False	True	different_minimum_coordinates	True
CRTC1	CRTC1__NAFLD	CRTC1__ALP	NAFLD	ALP	3301	2427	3283	2427	3283	0.73926286932683516	0.73926286932683516	2427	3273	2427	0.74152153987167735	False	False	False	False	False	True	different_minimum_coordinates	True
CRTC1	CRTC1__NAFLD	CRTC1__BILI	NAFLD	BILI	3301	2427	3253	2426	3254	0.74554394591272277	0.74554394591272277	2427	3244	2426	0.74761171032357476	False	False	False	False	False	True	different_minimum_coordinates	True
CRTC1	CRTC1__ALT	CRTC1__AST	ALT	AST	3301	3283	3248	3248	3283	0.98933901918976541	0.98933901918976541	3274	3240	3238	0.98840048840048844	False	False	False	False	False	True	different_minimum_coordinates	True
CRTC1	CRTC1__ALT	CRTC1__ALP	ALT	ALP	3301	3283	3283	3283	3283	1	1	3274	3273	3273	0.99969456322541239	True	False	False	False	False	True	different_minimum_coordinates	True
CRTC1	CRTC1__ALT	CRTC1__BILI	ALT	BILI	3301	3283	3253	3252	3284	0.99025578562728378	0.99025578562728378	3274	3244	3242	0.98962148962148966	False	False	True	True	True	True	verified_shared_minimum_variant	True
CRTC1	CRTC1__AST	CRTC1__ALP	AST	ALP	3301	3248	3283	3248	3283	0.98933901918976541	0.98933901918976541	3240	3273	3238	0.98870229007633592	False	False	False	False	False	True	different_minimum_coordinates	True
CRTC1	CRTC1__AST	CRTC1__BILI	AST	BILI	3301	3248	3253	3247	3254	0.99784880147510757	0.99784880147510757	3240	3244	3238	0.99753542821934693	False	False	False	False	False	True	different_minimum_coordinates	True
CRTC1	CRTC1__ALP	CRTC1__BILI	ALP	BILI	3301	3283	3253	3252	3284	0.99025578562728378	0.99025578562728378	3273	3244	3242	0.98992366412213739	False	False	False	False	False	True	different_minimum_coordinates	True
DDX24	DDX24__CIRR	DDX24__NAFLD	CIRR	NAFLD	7405	6357	5823	5719	6461	0.88515709642470208	0.88515709642470208	6354	5823	5719	0.88556828739547844	False	False	False	False	False	True	different_minimum_coordinates	True
DDX24	DDX24__CIRR	DDX24__ALT	CIRR	ALT	7405	6357	7377	6352	7382	0.86047141696017337	0.86047141696017337	6354	7363	6347	0.86119402985074622	False	False	True	True	True	True	verified_shared_minimum_variant	True
DDX24	DDX24__CIRR	DDX24__AST	CIRR	AST	7405	6357	7266	6323	7300	0.86616438356164382	0.86616438356164382	6354	7255	6319	0.86680384087791496	False	False	True	True	True	True	verified_shared_minimum_variant	True
DDX24	DDX24__CIRR	DDX24__ALP	CIRR	ALP	7405	6357	7379	6354	7382	0.86074234624762935	0.86074234624762935	6354	7368	6349	0.86111487861114877	False	False	True	True	True	True	verified_shared_minimum_variant	True
DDX24	DDX24__NAFLD	DDX24__ALT	NAFLD	ALT	7405	5823	7377	5822	7378	0.78910273786934126	0.78910273786934126	5823	7363	5822	0.79060293318848451	False	False	False	False	False	True	different_minimum_coordinates	True
DDX24	DDX24__NAFLD	DDX24__AST	NAFLD	AST	7405	5823	7266	5807	7282	0.79744575666025819	0.79744575666025819	5823	7255	5807	0.79865217989272452	False	False	False	False	False	True	different_minimum_coordinates	True
DDX24	DDX24__NAFLD	DDX24__ALP	NAFLD	ALP	7405	5823	7379	5823	7379	0.78913131860685726	0.78913131860685726	5823	7368	5823	0.79030944625407162	False	False	False	False	False	True	different_minimum_coordinates	True
DDX24	DDX24__ALT	DDX24__AST	ALT	AST	7405	7377	7266	7265	7378	0.98468419625914883	0.98468419625914883	7363	7255	7251	0.98425410614904307	False	False	True	True	True	True	verified_shared_minimum_variant	True
DDX24	DDX24__ALT	DDX24__ALP	ALT	ALP	7405	7377	7379	7377	7379	0.99972896056376204	0.99972896056376204	7363	7368	7363	0.99932138979370255	False	False	True	True	True	True	verified_shared_minimum_variant	True
DDX24	DDX24__AST	DDX24__ALP	AST	ALP	7405	7266	7379	7266	7379	0.98468627185255453	0.98468627185255453	7255	7368	7253	0.98412483039348708	False	False	True	True	True	True	verified_shared_minimum_variant	True
DDX49	DDX49__CIRR	DDX49__LIVER_FAT	CIRR	LIVER_FAT	3302	2745	3104	2744	3105	0.88373590982286632	0.88373590982286632	2744	3098	2742	0.88451612903225807	False	False	False	False	False	True	different_minimum_coordinates	True
DDX49	DDX49__CIRR	DDX49__NAFLD	CIRR	NAFLD	3302	2745	2404	2354	2795	0.84221824686940971	0.84221824686940971	2744	2404	2354	0.84251968503937003	False	False	False	False	False	True	different_minimum_coordinates	True
DDX49	DDX49__CIRR	DDX49__ALT	CIRR	ALT	3302	2745	3285	2745	3285	0.83561643835616439	0.83561643835616439	2744	3278	2744	0.83709579011592439	False	False	False	False	False	True	different_minimum_coordinates	True
DDX49	DDX49__CIRR	DDX49__AST	CIRR	AST	3302	2745	3259	2738	3266	0.83833435394978562	0.83833435394978562	2744	3252	2737	0.83982816814973915	False	False	False	False	False	True	different_minimum_coordinates	True
DDX49	DDX49__CIRR	DDX49__ALP	CIRR	ALP	3302	2745	3285	2745	3285	0.83561643835616439	0.83561643835616439	2744	3277	2744	0.83735123588648153	False	False	False	False	False	True	different_minimum_coordinates	True
DDX49	DDX49__CIRR	DDX49__BILI	CIRR	BILI	3302	2745	3261	2737	3269	0.83725910064239828	0.83725910064239828	2744	3253	2736	0.83900643974241029	False	False	False	False	False	True	different_minimum_coordinates	True
DDX49	DDX49__LIVER_FAT	DDX49__NAFLD	LIVER_FAT	NAFLD	3302	3104	2404	2404	3104	0.77448453608247425	0.77448453608247425	3098	2404	2404	0.77598450613298897	False	False	False	False	False	True	different_minimum_coordinates	True
DDX49	DDX49__LIVER_FAT	DDX49__ALT	LIVER_FAT	ALT	3302	3104	3285	3104	3285	0.94490106544901065	0.94490106544901065	3098	3278	3097	0.94449527294906988	False	False	True	True	True	True	verified_shared_minimum_variant	True
DDX49	DDX49__LIVER_FAT	DDX49__AST	LIVER_FAT	AST	3302	3104	3259	3085	3278	0.94112263575350819	0.94112263575350819	3098	3252	3079	0.94130235402017737	False	False	False	False	False	True	different_minimum_coordinates	True
DDX49	DDX49__LIVER_FAT	DDX49__ALP	LIVER_FAT	ALP	3302	3104	3285	3104	3285	0.94490106544901065	0.94490106544901065	3098	3277	3097	0.94478340451494813	False	False	False	False	False	True	different_minimum_coordinates	True
DDX49	DDX49__LIVER_FAT	DDX49__BILI	LIVER_FAT	BILI	3302	3104	3261	3085	3280	0.94054878048780488	0.94054878048780488	3098	3253	3078	0.94042163153070579	False	False	True	True	True	True	verified_shared_minimum_variant	True
DDX49	DDX49__NAFLD	DDX49__ALT	NAFLD	ALT	3302	2404	3285	2404	3285	0.73181126331811264	0.73181126331811264	2404	3278	2404	0.7333740085417938	False	False	False	False	False	True	different_minimum_coordinates	True
DDX49	DDX49__NAFLD	DDX49__AST	NAFLD	AST	3302	2404	3259	2404	3259	0.73764958576250383	0.73764958576250383	2404	3252	2404	0.73923739237392372	False	False	False	False	False	True	different_minimum_coordinates	True
DDX49	DDX49__NAFLD	DDX49__ALP	NAFLD	ALP	3302	2404	3285	2404	3285	0.73181126331811264	0.73181126331811264	2404	3277	2404	0.73359780286847731	False	False	False	False	False	True	different_minimum_coordinates	True
DDX49	DDX49__NAFLD	DDX49__BILI	NAFLD	BILI	3302	2404	3261	2403	3262	0.73666462293071733	0.73666462293071733	2404	3253	2403	0.73847572218807622	False	False	False	False	False	True	different_minimum_coordinates	True
DDX49	DDX49__ALT	DDX49__AST	ALT	AST	3302	3285	3259	3259	3285	0.9920852359208524	0.9920852359208524	3278	3252	3251	0.99146081122293384	False	False	False	False	False	True	different_minimum_coordinates	True
DDX49	DDX49__ALT	DDX49__ALP	ALT	ALP	3302	3285	3285	3285	3285	1	1	3278	3277	3277	0.99969493593654668	True	False	False	False	False	True	different_minimum_coordinates	True
DDX49	DDX49__ALT	DDX49__BILI	ALT	BILI	3302	3285	3261	3260	3286	0.99208764455264764	0.99208764455264764	3278	3253	3252	0.99176578225068623	False	False	True	True	True	True	verified_shared_minimum_variant	True
DDX49	DDX49__AST	DDX49__ALP	AST	ALP	3302	3259	3285	3259	3285	0.9920852359208524	0.9920852359208524	3252	3277	3251	0.99176327028676026	False	False	False	False	False	True	different_minimum_coordinates	True
DDX49	DDX49__AST	DDX49__BILI	AST	BILI	3302	3259	3261	3258	3262	0.99877375843041083	0.99877375843041083	3252	3253	3250	0.99846390168970811	False	False	False	False	False	True	different_minimum_coordinates	True
DDX49	DDX49__ALP	DDX49__BILI	ALP	BILI	3302	3285	3261	3260	3286	0.99208764455264764	0.99208764455264764	3277	3253	3252	0.99206833435021358	False	False	False	False	False	True	different_minimum_coordinates	True
DICER1	DICER1__CIRR	DICER1__ALT	CIRR	ALT	8296	7171	8263	7164	8270	0.86626360338573161	0.86626360338573161	7165	8246	7158	0.86732097419120324	False	False	True	True	True	True	verified_shared_minimum_variant	True
DICER1	DICER1__CIRR	DICER1__AST	CIRR	AST	8296	7171	8146	7123	8194	0.86929460580912865	0.86929460580912865	7165	8128	7116	0.87024581142228197	False	False	True	True	True	True	verified_shared_minimum_variant	True
DICER1	DICER1__CIRR	DICER1__ALP	CIRR	ALP	8296	7171	8266	7167	8270	0.86662636033857321	0.86662636033857321	7165	8251	7161	0.86747425802543909	False	False	True	True	True	True	verified_shared_minimum_variant	True
DICER1	DICER1__ALT	DICER1__AST	ALT	AST	8296	8263	8146	8144	8265	0.98535995160314582	0.98535995160314582	8246	8128	8122	0.98424624333494914	False	False	True	True	True	True	verified_shared_minimum_variant	True
DICER1	DICER1__ALT	DICER1__ALP	ALT	ALP	8296	8263	8266	8263	8266	0.99963706750544401	0.99963706750544401	8246	8251	8246	0.99939401284692764	False	False	True	True	True	True	verified_shared_minimum_variant	True
DICER1	DICER1__AST	DICER1__ALP	AST	ALP	8296	8146	8266	8146	8266	0.98548270021775952	0.98548270021775952	8128	8251	8126	0.98461165636738157	False	False	True	True	True	True	verified_shared_minimum_variant	True
DICER1-AS1	DICER1-AS1__CIRR	DICER1-AS1__ALT	CIRR	ALT	8102	7007	8071	7001	8077	0.86678222112170356	0.86678222112170356	7001	8054	6995	0.8678660049627791	False	False	True	True	True	True	verified_shared_minimum_variant	True
DICER1-AS1	DICER1-AS1__CIRR	DICER1-AS1__AST	CIRR	AST	8102	7007	7958	6960	8005	0.86945658963148031	0.86945658963148031	7001	7940	6953	0.87043064596895348	False	False	True	True	True	True	verified_shared_minimum_variant	True
DICER1-AS1	DICER1-AS1__CIRR	DICER1-AS1__ALP	CIRR	ALP	8102	7007	8074	7004	8077	0.86715364615575086	0.86715364615575086	7001	8059	6998	0.86802282312081369	False	False	True	True	True	True	verified_shared_minimum_variant	True
DICER1-AS1	DICER1-AS1__ALT	DICER1-AS1__AST	ALT	AST	8102	8071	7958	7956	8073	0.98550724637681164	0.98550724637681164	8054	7940	7934	0.98436724565756828	False	False	True	True	True	True	verified_shared_minimum_variant	True
DICER1-AS1	DICER1-AS1__ALT	DICER1-AS1__ALP	ALT	ALP	8102	8071	8074	8071	8074	0.99962843695813719	0.99962843695813719	8054	8059	8054	0.99937957562973079	False	False	True	True	True	True	verified_shared_minimum_variant	True
DICER1-AS1	DICER1-AS1__AST	DICER1-AS1__ALP	AST	ALP	8102	7958	8074	7958	8074	0.98563289571463963	0.98563289571463963	7940	8059	7938	0.98474134722739115	False	False	True	True	True	True	verified_shared_minimum_variant	True
DMP1	DMP1__CIRR	DMP1__ALT	CIRR	ALT	6149	5096	6121	5093	6124	0.83164598301763548	0.83164598301763548	5087	6108	5083	0.83164267015706805	False	False	False	False	False	True	different_minimum_coordinates	True
DMP1	DMP1__CIRR	DMP1__AST	CIRR	AST	6149	5096	5967	5058	6005	0.84229808492922564	0.84229808492922564	5087	5954	5051	0.84323873121869786	False	False	False	False	False	True	different_minimum_coordinates	True
DMP1	DMP1__CIRR	DMP1__BILI	CIRR	BILI	6149	5096	5995	5061	6030	0.83930348258706466	0.83930348258706466	5087	5984	5052	0.83934208340255856	False	False	False	False	False	True	different_minimum_coordinates	True
DMP1	DMP1__ALT	DMP1__AST	ALT	AST	6149	6121	5967	5967	6121	0.97484071230191149	0.97484071230191149	6108	5954	5952	0.97414075286415713	False	False	True	True	True	True	verified_shared_minimum_variant	True
DMP1	DMP1__ALT	DMP1__BILI	ALT	BILI	6149	6121	5995	5994	6122	0.97909180006533814	0.97909180006533814	6108	5984	5980	0.9784031413612565	False	False	False	False	False	True	different_minimum_coordinates	True
DMP1	DMP1__AST	DMP1__BILI	AST	BILI	6149	5967	5995	5946	6016	0.98836436170212771	0.98836436170212771	5954	5984	5931	0.98734809389046108	False	False	False	False	False	True	different_minimum_coordinates	True
DNAJC5G	DNAJC5G__LIVER_FAT	DNAJC5G__NAFLD	LIVER_FAT	NAFLD	3906	3648	2891	2891	3648	0.79248903508771928	0.79248903508771928	3646	2891	2891	0.79292375205704879	False	False	False	False	False	True	different_minimum_coordinates	True
DNAJC5G	DNAJC5G__LIVER_FAT	DNAJC5G__GGT	LIVER_FAT	GGT	3906	3648	3887	3648	3887	0.93851299202469773	0.93851299202469773	3646	3884	3646	0.93872296601441818	False	False	False	False	False	True	different_minimum_coordinates	True
DNAJC5G	DNAJC5G__LIVER_FAT	DNAJC5G__ALP	LIVER_FAT	ALP	3906	3648	3887	3648	3887	0.93851299202469773	0.93851299202469773	3646	3884	3646	0.93872296601441818	False	False	False	False	False	True	different_minimum_coordinates	True
DNAJC5G	DNAJC5G__NAFLD	DNAJC5G__GGT	NAFLD	GGT	3906	2891	3887	2891	3887	0.74376125546694105	0.74376125546694105	2891	3884	2891	0.74433573635427397	False	False	False	False	False	True	different_minimum_coordinates	True
DNAJC5G	DNAJC5G__NAFLD	DNAJC5G__ALP	NAFLD	ALP	3906	2891	3887	2891	3887	0.74376125546694105	0.74376125546694105	2891	3884	2891	0.74433573635427397	False	False	False	False	False	True	different_minimum_coordinates	True
DNAJC5G	DNAJC5G__GGT	DNAJC5G__ALP	GGT	ALP	3906	3887	3887	3887	3887	1	1	3884	3884	3884	1	True	True	True	True	True	True	verified_shared_minimum_variant	True
DPYSL5	DPYSL5__LIVER_FAT	DPYSL5__NAFLD	LIVER_FAT	NAFLD	4124	3831	2982	2982	3831	0.77838684416601411	0.77838684416601411	3827	2982	2982	0.77920041808204865	False	False	False	False	False	True	different_minimum_coordinates	True
DPYSL5	DPYSL5__LIVER_FAT	DPYSL5__GGT	LIVER_FAT	GGT	4124	3831	4100	3831	4100	0.93439024390243908	0.93439024390243908	3827	4095	3826	0.93408203125	False	False	False	False	False	True	different_minimum_coordinates	True
DPYSL5	DPYSL5__LIVER_FAT	DPYSL5__ALP	LIVER_FAT	ALP	4124	3831	4100	3831	4100	0.93439024390243908	0.93439024390243908	3827	4095	3826	0.93408203125	False	False	False	False	False	True	different_minimum_coordinates	True
DPYSL5	DPYSL5__NAFLD	DPYSL5__GGT	NAFLD	GGT	4124	2982	4100	2982	4100	0.72731707317073169	0.72731707317073169	2982	4095	2982	0.72820512820512817	False	False	False	False	False	True	different_minimum_coordinates	True
DPYSL5	DPYSL5__NAFLD	DPYSL5__ALP	NAFLD	ALP	4124	2982	4100	2982	4100	0.72731707317073169	0.72731707317073169	2982	4095	2982	0.72820512820512817	False	False	False	False	False	True	different_minimum_coordinates	True
DPYSL5	DPYSL5__GGT	DPYSL5__ALP	GGT	ALP	4124	4100	4100	4100	4100	1	1	4095	4095	4095	1	True	True	True	True	True	True	verified_shared_minimum_variant	True
DSPP	DSPP__CIRR	DSPP__ALT	CIRR	ALT	6156	5104	6128	5101	6131	0.83200130484423418	0.83200130484423418	5095	6115	5091	0.83199869259682957	False	False	False	False	False	True	different_minimum_coordinates	True
DSPP	DSPP__CIRR	DSPP__AST	CIRR	AST	6156	5104	5973	5066	6011	0.84278822159374478	0.84278822159374478	5095	5960	5059	0.84372915276851235	False	False	False	False	False	True	different_minimum_coordinates	True
DSPP	DSPP__CIRR	DSPP__BILI	CIRR	BILI	6156	5104	6001	5069	6036	0.83979456593770707	0.83979456593770707	5095	5990	5060	0.83983402489626557	False	False	False	False	False	True	different_minimum_coordinates	True
DSPP	DSPP__ALT	DSPP__AST	ALT	AST	6156	6128	5973	5973	6128	0.97470626631853785	0.97470626631853785	6115	5960	5958	0.97400686611083864	False	False	True	True	True	True	verified_shared_minimum_variant	True
DSPP	DSPP__ALT	DSPP__BILI	ALT	BILI	6156	6128	6001	6000	6129	0.97895252080274109	0.97895252080274109	6115	5990	5986	0.97826442229122401	False	False	False	False	False	True	different_minimum_coordinates	True
DSPP	DSPP__AST	DSPP__BILI	AST	BILI	6156	5973	6001	5952	6022	0.98837595483228169	0.98837595483228169	5960	5990	5937	0.9873607184433727	False	False	False	False	False	True	different_minimum_coordinates	True
DUSP10	DUSP10__CIRR	DUSP10__LIVER_FAT	CIRR	LIVER_FAT	5242	4454	4982	4448	4988	0.89174017642341619	0.89174017642341619	4451	4978	4446	0.8922335942203492	False	False	True	True	True	True	verified_shared_minimum_variant	True
DUSP10	DUSP10__CIRR	DUSP10__NAFLD	CIRR	NAFLD	5242	4454	4058	3952	4560	0.8666666666666667	0.8666666666666667	4451	4058	3952	0.86723721746763216	False	False	False	False	False	True	different_minimum_coordinates	True
DUSP10	DUSP10__CIRR	DUSP10__ALT	CIRR	ALT	5242	4454	5211	4450	5215	0.85330776605944392	0.85330776605944392	4451	5206	4448	0.85390669994240742	False	False	True	True	True	True	verified_shared_minimum_variant	True
DUSP10	DUSP10__LIVER_FAT	DUSP10__NAFLD	LIVER_FAT	NAFLD	5242	4982	4058	4057	4983	0.81416817178406586	0.81416817178406586	4978	4058	4057	0.81482225346455106	False	False	False	False	False	True	different_minimum_coordinates	True
DUSP10	DUSP10__LIVER_FAT	DUSP10__ALT	LIVER_FAT	ALT	5242	4982	5211	4981	5212	0.95567920184190325	0.95567920184190325	4978	5206	4976	0.95545314900153611	False	False	True	True	True	True	verified_shared_minimum_variant	True
DUSP10	DUSP10__NAFLD	DUSP10__ALT	NAFLD	ALT	5242	4058	5211	4058	5211	0.77873728650930718	0.77873728650930718	4058	5206	4058	0.7794852093737995	False	False	False	False	False	True	different_minimum_coordinates	True
EFCAB6	EFCAB6__CIRR	EFCAB6__LIVER_FAT	CIRR	LIVER_FAT	7748	6541	7346	6530	7357	0.8875900502922387	0.8875900502922387	6535	7335	6524	0.88810236863599235	False	False	False	False	False	True	different_minimum_coordinates	True
EFCAB6	EFCAB6__CIRR	EFCAB6__NAFLD	CIRR	NAFLD	7748	6541	5952	5789	6704	0.86351431980906923	0.86351431980906923	6535	5952	5789	0.8642878471185429	False	False	False	False	False	True	different_minimum_coordinates	True
EFCAB6	EFCAB6__CIRR	EFCAB6__ALT	CIRR	ALT	7748	6541	7704	6536	7709	0.84784018679465556	0.84784018679465556	6535	7692	6530	0.84838248668312333	False	False	True	True	False	True	verified_shared_minimum_variant	True
EFCAB6	EFCAB6__CIRR	EFCAB6__AST	CIRR	AST	7748	6541	7612	6503	7650	0.85006535947712414	0.85006535947712414	6535	7599	6497	0.85072672515385628	False	False	False	False	False	True	different_minimum_coordinates	True
EFCAB6	EFCAB6__LIVER_FAT	EFCAB6__NAFLD	LIVER_FAT	NAFLD	7748	7346	5952	5949	7349	0.80949789086950608	0.80949789086950608	7335	5952	5949	0.81071136549468525	False	False	False	False	False	True	different_minimum_coordinates	True
EFCAB6	EFCAB6__LIVER_FAT	EFCAB6__ALT	LIVER_FAT	ALT	7748	7346	7704	7346	7704	0.95353063343717548	0.95353063343717548	7335	7692	7334	0.95333419992200696	False	False	True	True	False	True	verified_shared_minimum_variant	True
EFCAB6	EFCAB6__LIVER_FAT	EFCAB6__AST	LIVER_FAT	AST	7748	7346	7612	7270	7688	0.94562955254942771	0.94562955254942771	7335	7599	7258	0.9455445544554455	False	False	True	True	True	True	verified_shared_minimum_variant	True
EFCAB6	EFCAB6__NAFLD	EFCAB6__ALT	NAFLD	ALT	7748	5952	7704	5952	7704	0.77258566978193144	0.77258566978193144	5952	7692	5952	0.77379095163806555	False	False	True	True	False	True	verified_shared_minimum_variant	True
EFCAB6	EFCAB6__NAFLD	EFCAB6__AST	NAFLD	AST	7748	5952	7612	5930	7634	0.77678805344511392	0.77678805344511392	5952	7599	5930	0.77811310851594284	False	False	False	False	False	True	different_minimum_coordinates	True
EFCAB6	EFCAB6__ALT	EFCAB6__AST	ALT	AST	7748	7704	7612	7612	7704	0.98805815160955346	0.98805815160955346	7692	7599	7598	0.98765111139997397	False	False	True	True	False	True	verified_shared_minimum_variant	True
EIF2B4	EIF2B4__LIVER_FAT	EIF2B4__NAFLD	LIVER_FAT	NAFLD	3887	3634	2900	2900	3634	0.79801871216290587	0.79801871216290587	3633	2900	2900	0.79823837049270574	False	False	False	False	False	True	different_minimum_coordinates	True
EIF2B4	EIF2B4__LIVER_FAT	EIF2B4__GGT	LIVER_FAT	GGT	3887	3634	3869	3634	3869	0.93926079090204184	0.93926079090204184	3633	3867	3633	0.93948797517455396	False	False	False	False	False	True	different_minimum_coordinates	True
EIF2B4	EIF2B4__LIVER_FAT	EIF2B4__ALP	LIVER_FAT	ALP	3887	3634	3869	3634	3869	0.93926079090204184	0.93926079090204184	3633	3867	3633	0.93948797517455396	False	False	False	False	False	True	different_minimum_coordinates	True
EIF2B4	EIF2B4__NAFLD	EIF2B4__GGT	NAFLD	GGT	3887	2900	3869	2900	3869	0.74954768674075989	0.74954768674075989	2900	3867	2900	0.74993535040082748	False	False	False	False	False	True	different_minimum_coordinates	True
EIF2B4	EIF2B4__NAFLD	EIF2B4__ALP	NAFLD	ALP	3887	2900	3869	2900	3869	0.74954768674075989	0.74954768674075989	2900	3867	2900	0.74993535040082748	False	False	False	False	False	True	different_minimum_coordinates	True
EIF2B4	EIF2B4__GGT	EIF2B4__ALP	GGT	ALP	3887	3869	3869	3869	3869	1	1	3867	3867	3867	1	True	True	True	True	True	True	verified_shared_minimum_variant	True
ELL	ELL__CIRR	ELL__LIVER_FAT	CIRR	LIVER_FAT	2896	2431	2736	2430	2737	0.88783339422725616	0.88783339422725616	2429	2730	2427	0.88836017569546122	False	False	False	False	False	True	different_minimum_coordinates	True
ELL	ELL__CIRR	ELL__NAFLD	CIRR	NAFLD	2896	2431	2119	2079	2471	0.84135977337110479	0.84135977337110479	2429	2119	2079	0.84204131227217494	False	False	False	False	False	True	different_minimum_coordinates	True
ELL	ELL__CIRR	ELL__ALT	CIRR	ALT	2896	2431	2883	2431	2883	0.84321886923343736	0.84321886923343736	2429	2874	2429	0.8451635351426583	False	False	False	False	False	True	different_minimum_coordinates	True
ELL	ELL__CIRR	ELL__AST	CIRR	AST	2896	2431	2853	2424	2860	0.84755244755244752	0.84755244755244752	2429	2845	2422	0.84922861150070128	False	False	False	False	False	True	different_minimum_coordinates	True
ELL	ELL__CIRR	ELL__ALP	CIRR	ALP	2896	2431	2883	2431	2883	0.84321886923343736	0.84321886923343736	2429	2873	2429	0.84545770971110334	False	False	False	False	False	True	different_minimum_coordinates	True
ELL	ELL__CIRR	ELL__BILI	CIRR	BILI	2896	2431	2858	2427	2862	0.84800838574423476	0.84800838574423476	2429	2849	2425	0.84998247458815279	False	False	False	False	False	True	different_minimum_coordinates	True
ELL	ELL__LIVER_FAT	ELL__NAFLD	LIVER_FAT	NAFLD	2896	2736	2119	2119	2736	0.77448830409356728	0.77448830409356728	2730	2119	2119	0.77619047619047621	False	False	False	False	False	True	different_minimum_coordinates	True
ELL	ELL__LIVER_FAT	ELL__ALT	LIVER_FAT	ALT	2896	2736	2883	2736	2883	0.94901144640998958	0.94901144640998958	2730	2874	2729	0.94921739130434779	False	False	True	True	True	True	verified_shared_minimum_variant	True
ELL	ELL__LIVER_FAT	ELL__AST	LIVER_FAT	AST	2896	2736	2853	2716	2873	0.94535328924469197	0.94535328924469197	2730	2845	2710	0.94589877835951131	False	False	False	False	False	True	different_minimum_coordinates	True
ELL	ELL__LIVER_FAT	ELL__ALP	LIVER_FAT	ALP	2896	2736	2883	2736	2883	0.94901144640998958	0.94901144640998958	2730	2873	2729	0.94954766875434937	False	False	False	False	False	True	different_minimum_coordinates	True
ELL	ELL__LIVER_FAT	ELL__BILI	LIVER_FAT	BILI	2896	2736	2858	2719	2875	0.94573913043478264	0.94573913043478264	2730	2849	2712	0.94593651900941755	False	False	True	True	True	True	verified_shared_minimum_variant	True
ELL	ELL__NAFLD	ELL__ALT	NAFLD	ALT	2896	2119	2883	2119	2883	0.73499826569545612	0.73499826569545612	2119	2874	2119	0.73729993041057762	False	False	False	False	False	True	different_minimum_coordinates	True
ELL	ELL__NAFLD	ELL__AST	NAFLD	AST	2896	2119	2853	2119	2853	0.74272695408342093	0.74272695408342093	2119	2845	2119	0.74481546572934976	False	False	False	False	False	True	different_minimum_coordinates	True
ELL	ELL__NAFLD	ELL__ALP	NAFLD	ALP	2896	2119	2883	2119	2883	0.73499826569545612	0.73499826569545612	2119	2873	2119	0.73755656108597289	False	False	False	False	False	True	different_minimum_coordinates	True
ELL	ELL__NAFLD	ELL__BILI	NAFLD	BILI	2896	2119	2858	2119	2858	0.7414275717284815	0.7414275717284815	2119	2849	2119	0.74376974376974381	False	False	False	False	False	True	different_minimum_coordinates	True
ELL	ELL__ALT	ELL__AST	ALT	AST	2896	2883	2853	2853	2883	0.98959417273673256	0.98959417273673256	2874	2845	2843	0.98852573018080669	False	False	False	False	False	True	different_minimum_coordinates	True
ELL	ELL__ALT	ELL__ALP	ALT	ALP	2896	2883	2883	2883	2883	1	1	2874	2873	2873	0.999652052887961	True	False	False	False	False	True	different_minimum_coordinates	True
ELL	ELL__ALT	ELL__BILI	ALT	BILI	2896	2883	2858	2857	2884	0.99063800277392511	0.99063800277392511	2874	2849	2847	0.98991655076495133	False	False	True	True	True	True	verified_shared_minimum_variant	True
ELL	ELL__AST	ELL__ALP	AST	ALP	2896	2853	2883	2853	2883	0.98959417273673256	0.98959417273673256	2845	2873	2843	0.98886956521739133	False	False	False	False	False	True	different_minimum_coordinates	True
ELL	ELL__AST	ELL__BILI	AST	BILI	2896	2853	2858	2853	2858	0.99825052484254728	0.99825052484254728	2845	2849	2844	0.99789473684210528	False	False	False	False	False	True	different_minimum_coordinates	True
ELL	ELL__ALP	ELL__BILI	ALP	BILI	2896	2883	2858	2857	2884	0.99063800277392511	0.99063800277392511	2873	2849	2847	0.99026086956521742	False	False	False	False	False	True	different_minimum_coordinates	True
EMILIN1	EMILIN1__LIVER_FAT	EMILIN1__NAFLD	LIVER_FAT	NAFLD	3735	3481	2750	2750	3481	0.79000287273771908	0.79000287273771908	3479	2750	2750	0.79045702788157512	False	False	False	False	False	True	different_minimum_coordinates	True
EMILIN1	EMILIN1__LIVER_FAT	EMILIN1__GGT	LIVER_FAT	GGT	3735	3481	3716	3481	3716	0.93675995694294945	0.93675995694294945	3479	3713	3479	0.93697818475626182	False	False	False	False	False	True	different_minimum_coordinates	True
EMILIN1	EMILIN1__LIVER_FAT	EMILIN1__ALP	LIVER_FAT	ALP	3735	3481	3716	3481	3716	0.93675995694294945	0.93675995694294945	3479	3713	3479	0.93697818475626182	False	False	False	False	False	True	different_minimum_coordinates	True
EMILIN1	EMILIN1__NAFLD	EMILIN1__GGT	NAFLD	GGT	3735	2750	3716	2750	3716	0.74004305705059203	0.74004305705059203	2750	3713	2750	0.74064099111230808	False	False	False	False	False	True	different_minimum_coordinates	True
EMILIN1	EMILIN1__NAFLD	EMILIN1__ALP	NAFLD	ALP	3735	2750	3716	2750	3716	0.74004305705059203	0.74004305705059203	2750	3713	2750	0.74064099111230808	False	False	False	False	False	True	different_minimum_coordinates	True
EMILIN1	EMILIN1__GGT	EMILIN1__ALP	GGT	ALP	3735	3716	3716	3716	3716	1	1	3713	3713	3713	1	True	True	True	True	True	True	verified_shared_minimum_variant	True
EPRS1	EPRS1__CIRR	EPRS1__LIVER_FAT	CIRR	LIVER_FAT	6262	5359	5922	5352	5929	0.90268173385056505	0.90268173385056505	5352	5914	5345	0.90271913528120251	False	False	True	True	True	True	verified_shared_minimum_variant	True
EPRS1	EPRS1__CIRR	EPRS1__NAFLD	CIRR	NAFLD	6262	5359	4829	4775	5413	0.8821355994827268	0.8821355994827268	5352	4829	4775	0.8832778394376618	False	False	False	False	False	True	different_minimum_coordinates	True
EPRS1	EPRS1__CIRR	EPRS1__ALT	CIRR	ALT	6262	5359	6227	5356	6230	0.85971107544141256	0.85971107544141256	5352	6215	5349	0.86024445159215179	False	False	True	True	True	True	verified_shared_minimum_variant	True
EPRS1	EPRS1__LIVER_FAT	EPRS1__NAFLD	LIVER_FAT	NAFLD	6262	5922	4829	4829	5922	0.81543397500844306	0.81543397500844306	5914	4829	4829	0.81653703077443351	False	False	False	False	False	True	different_minimum_coordinates	True
EPRS1	EPRS1__LIVER_FAT	EPRS1__ALT	LIVER_FAT	ALT	6262	5922	6227	5922	6227	0.9510197526898988	0.9510197526898988	5914	6215	5912	0.95094096831269104	False	False	True	True	True	True	verified_shared_minimum_variant	True
EPRS1	EPRS1__NAFLD	EPRS1__ALT	NAFLD	ALT	6262	4829	6227	4829	6227	0.77549381724747068	0.77549381724747068	4829	6215	4829	0.77699115044247791	False	False	False	False	False	True	different_minimum_coordinates	True
FAM166C	FAM166C__LIVER_FAT	FAM166C__NAFLD	LIVER_FAT	NAFLD	4249	3949	3027	3027	3949	0.76652317042289186	0.76652317042289186	3945	3027	3027	0.76730038022813685	False	False	False	False	False	True	different_minimum_coordinates	True
FAM166C	FAM166C__LIVER_FAT	FAM166C__GGT	LIVER_FAT	GGT	4249	3949	4225	3949	4225	0.93467455621301776	0.93467455621301776	3945	4219	3943	0.93413882966121775	False	False	False	False	False	True	different_minimum_coordinates	True
FAM166C	FAM166C__LIVER_FAT	FAM166C__ALP	LIVER_FAT	ALP	4249	3949	4225	3949	4225	0.93467455621301776	0.93467455621301776	3945	4220	3944	0.93437574034588955	False	False	False	False	False	True	different_minimum_coordinates	True
FAM166C	FAM166C__NAFLD	FAM166C__GGT	NAFLD	GGT	4249	3027	4225	3027	4225	0.71644970414201181	0.71644970414201181	3027	4219	3027	0.71746859445366196	False	False	False	False	False	True	different_minimum_coordinates	True
FAM166C	FAM166C__NAFLD	FAM166C__ALP	NAFLD	ALP	4249	3027	4225	3027	4225	0.71644970414201181	0.71644970414201181	3027	4220	3027	0.71729857819905218	False	False	False	False	False	True	different_minimum_coordinates	True
FAM166C	FAM166C__GGT	FAM166C__ALP	GGT	ALP	4249	4225	4225	4225	4225	1	1	4219	4220	4219	0.99976303317535542	True	False	True	True	True	True	verified_shared_minimum_variant	True
FAM181A	FAM181A__CIRR	FAM181A__NAFLD	CIRR	NAFLD	7203	6200	5693	5589	6304	0.88657994923857864	0.88657994923857864	6197	5693	5589	0.88700206316457708	False	False	False	False	False	True	different_minimum_coordinates	True
FAM181A	FAM181A__CIRR	FAM181A__ALT	CIRR	ALT	7203	6200	7171	6193	7178	0.86277514628030094	0.86277514628030094	6197	7158	6188	0.86340170224640711	False	False	True	True	True	True	verified_shared_minimum_variant	True
FAM181A	FAM181A__CIRR	FAM181A__AST	CIRR	AST	7203	6200	7070	6166	7104	0.86796171171171166	0.86796171171171166	6197	7060	6162	0.86849894291754759	False	False	True	True	True	True	verified_shared_minimum_variant	True
FAM181A	FAM181A__CIRR	FAM181A__ALP	CIRR	ALP	7203	6200	7174	6196	7178	0.86319308999721367	0.86319308999721367	6197	7164	6191	0.86345885634588559	False	False	True	True	True	True	verified_shared_minimum_variant	True
FAM181A	FAM181A__NAFLD	FAM181A__ALT	NAFLD	ALT	7203	5693	7171	5691	7173	0.79339188624006696	0.79339188624006696	5693	7158	5691	0.79483240223463691	False	False	False	False	False	True	different_minimum_coordinates	True
FAM181A	FAM181A__NAFLD	FAM181A__AST	NAFLD	AST	7203	5693	7070	5678	7085	0.8014114326040932	0.8014114326040932	5693	7060	5678	0.80254416961130737	False	False	False	False	False	True	different_minimum_coordinates	True
FAM181A	FAM181A__NAFLD	FAM181A__ALP	NAFLD	ALP	7203	5693	7174	5693	7174	0.79356007805965989	0.79356007805965989	5693	7164	5693	0.79466778336125066	False	False	False	False	False	True	different_minimum_coordinates	True
FAM181A	FAM181A__ALT	FAM181A__AST	ALT	AST	7203	7171	7070	7068	7173	0.98536177331660391	0.98536177331660391	7158	7060	7055	0.98492251849783607	False	False	True	True	True	True	verified_shared_minimum_variant	True
FAM181A	FAM181A__ALT	FAM181A__ALP	ALT	ALP	7203	7171	7174	7171	7174	0.99958182325062728	0.99958182325062728	7158	7164	7158	0.99916247906197653	False	False	True	True	True	True	verified_shared_minimum_variant	True
FAM181A	FAM181A__AST	FAM181A__ALP	AST	ALP	7203	7070	7174	7070	7174	0.98550320602174524	0.98550320602174524	7060	7164	7058	0.98492883058889202	False	False	True	True	True	True	verified_shared_minimum_variant	True
FAM181A-AS1	FAM181A-AS1__CIRR	FAM181A-AS1__NAFLD	CIRR	NAFLD	7225	6215	5709	5605	6319	0.88700743788574143	0.88700743788574143	6212	5709	5605	0.8874287523749208	False	False	False	False	False	True	different_minimum_coordinates	True
FAM181A-AS1	FAM181A-AS1__CIRR	FAM181A-AS1__ALT	CIRR	ALT	7225	6215	7193	6208	7200	0.86222222222222222	0.86222222222222222	6212	7180	6203	0.86284601474474887	False	False	True	True	True	True	verified_shared_minimum_variant	True
FAM181A-AS1	FAM181A-AS1__CIRR	FAM181A-AS1__AST	CIRR	AST	7225	6215	7095	6183	7127	0.86754595201346996	0.86754595201346996	6212	7085	6179	0.86808092160719308	False	False	True	True	True	True	verified_shared_minimum_variant	True
FAM181A-AS1	FAM181A-AS1__CIRR	FAM181A-AS1__ALP	CIRR	ALP	7225	6215	7196	6211	7200	0.86263888888888884	0.86263888888888884	6212	7186	6206	0.86290322580645162	False	False	True	True	True	True	verified_shared_minimum_variant	True
FAM181A-AS1	FAM181A-AS1__NAFLD	FAM181A-AS1__ALT	NAFLD	ALT	7225	5709	7193	5707	7195	0.79318971507991665	0.79318971507991665	5709	7180	5707	0.79462545252018935	False	False	False	False	False	True	different_minimum_coordinates	True
FAM181A-AS1	FAM181A-AS1__NAFLD	FAM181A-AS1__AST	NAFLD	AST	7225	5709	7095	5694	7110	0.8008438818565401	0.8008438818565401	5709	7085	5694	0.80197183098591551	False	False	False	False	False	True	different_minimum_coordinates	True
FAM181A-AS1	FAM181A-AS1__NAFLD	FAM181A-AS1__ALP	NAFLD	ALP	7225	5709	7196	5709	7196	0.79335742078932736	0.79335742078932736	5709	7186	5709	0.79446145282493741	False	False	False	False	False	True	different_minimum_coordinates	True
FAM181A-AS1	FAM181A-AS1__ALT	FAM181A-AS1__AST	ALT	AST	7225	7193	7095	7093	7195	0.98582348853370394	0.98582348853370394	7180	7085	7080	0.98538622129436326	False	False	True	True	True	True	verified_shared_minimum_variant	True
FAM181A-AS1	FAM181A-AS1__ALT	FAM181A-AS1__ALP	ALT	ALP	7225	7193	7196	7193	7196	0.99958310172317955	0.99958310172317955	7180	7186	7180	0.99916504313943777	False	False	True	True	True	True	verified_shared_minimum_variant	True
FAM181A-AS1	FAM181A-AS1__AST	FAM181A-AS1__ALP	AST	ALP	7225	7095	7196	7095	7196	0.98596442468037804	0.98596442468037804	7085	7186	7083	0.98539232053422365	False	False	True	True	True	True	verified_shared_minimum_variant	True
FKBP8	FKBP8__CIRR	FKBP8__LIVER_FAT	CIRR	LIVER_FAT	2936	2468	2774	2466	2776	0.88832853025936598	0.88832853025936598	2466	2768	2463	0.88884879105016235	False	False	False	False	False	True	different_minimum_coordinates	True
FKBP8	FKBP8__CIRR	FKBP8__NAFLD	CIRR	NAFLD	2936	2468	2153	2113	2508	0.84250398724082931	0.84250398724082931	2466	2153	2113	0.84317637669592982	False	False	False	False	False	True	different_minimum_coordinates	True
FKBP8	FKBP8__CIRR	FKBP8__ALT	CIRR	ALT	2936	2468	2923	2468	2923	0.8443380088949709	0.8443380088949709	2466	2914	2466	0.84625943719972552	False	False	False	False	False	True	different_minimum_coordinates	True
FKBP8	FKBP8__CIRR	FKBP8__AST	CIRR	AST	2936	2468	2892	2460	2900	0.84827586206896555	0.84827586206896555	2466	2884	2458	0.84993084370677729	False	False	False	False	False	True	different_minimum_coordinates	True
FKBP8	FKBP8__CIRR	FKBP8__ALP	CIRR	ALP	2936	2468	2923	2468	2923	0.8443380088949709	0.8443380088949709	2466	2913	2466	0.84654994850669418	False	False	False	False	False	True	different_minimum_coordinates	True
FKBP8	FKBP8__CIRR	FKBP8__BILI	CIRR	BILI	2936	2468	2897	2463	2902	0.84872501722949689	0.84872501722949689	2466	2888	2461	0.85067404078810926	False	False	False	False	False	True	different_minimum_coordinates	True
FKBP8	FKBP8__LIVER_FAT	FKBP8__NAFLD	LIVER_FAT	NAFLD	2936	2774	2153	2153	2774	0.77613554434030285	0.77613554434030285	2768	2153	2153	0.77781791907514453	False	False	False	False	False	True	different_minimum_coordinates	True
FKBP8	FKBP8__LIVER_FAT	FKBP8__ALT	LIVER_FAT	ALT	2936	2774	2923	2774	2923	0.94902497434143007	0.94902497434143007	2768	2914	2767	0.94922813036020581	False	False	True	True	True	True	verified_shared_minimum_variant	True
FKBP8	FKBP8__LIVER_FAT	FKBP8__AST	LIVER_FAT	AST	2936	2774	2892	2754	2912	0.94574175824175821	0.94574175824175821	2768	2884	2748	0.94628099173553715	False	False	False	False	False	True	different_minimum_coordinates	True
FKBP8	FKBP8__LIVER_FAT	FKBP8__ALP	LIVER_FAT	ALP	2936	2774	2923	2774	2923	0.94902497434143007	0.94902497434143007	2768	2913	2767	0.94955387783115996	False	False	False	False	False	True	different_minimum_coordinates	True
FKBP8	FKBP8__LIVER_FAT	FKBP8__BILI	LIVER_FAT	BILI	2936	2774	2897	2757	2914	0.94612216884008238	0.94612216884008238	2768	2888	2750	0.94631796283551273	False	False	True	True	True	True	verified_shared_minimum_variant	True
FKBP8	FKBP8__NAFLD	FKBP8__ALT	NAFLD	ALT	2936	2153	2923	2153	2923	0.73657201505302772	0.73657201505302772	2153	2914	2153	0.7388469457789979	False	False	False	False	False	True	different_minimum_coordinates	True
FKBP8	FKBP8__NAFLD	FKBP8__AST	NAFLD	AST	2936	2153	2892	2153	2892	0.74446749654218536	0.74446749654218536	2153	2884	2153	0.74653259361997226	False	False	False	False	False	True	different_minimum_coordinates	True
FKBP8	FKBP8__NAFLD	FKBP8__ALP	NAFLD	ALP	2936	2153	2923	2153	2923	0.73657201505302772	0.73657201505302772	2153	2913	2153	0.73910058359079989	False	False	False	False	False	True	different_minimum_coordinates	True
FKBP8	FKBP8__NAFLD	FKBP8__BILI	NAFLD	BILI	2936	2153	2897	2153	2897	0.74318260269244041	0.74318260269244041	2153	2888	2153	0.74549861495844871	False	False	False	False	False	True	different_minimum_coordinates	True
FKBP8	FKBP8__ALT	FKBP8__AST	ALT	AST	2936	2923	2892	2892	2923	0.98939445774888812	0.98939445774888812	2914	2884	2882	0.98834019204389578	False	False	False	False	False	True	different_minimum_coordinates	True
FKBP8	FKBP8__ALT	FKBP8__ALP	ALT	ALP	2936	2923	2923	2923	2923	1	1	2914	2913	2913	0.99965682910089226	True	False	False	False	False	True	different_minimum_coordinates	True
FKBP8	FKBP8__ALT	FKBP8__BILI	ALT	BILI	2936	2923	2897	2896	2924	0.99042407660738718	0.99042407660738718	2914	2888	2886	0.98971193415637859	False	False	True	True	True	True	verified_shared_minimum_variant	True
FKBP8	FKBP8__AST	FKBP8__ALP	AST	ALP	2936	2892	2923	2892	2923	0.98939445774888812	0.98939445774888812	2884	2913	2882	0.98867924528301887	False	False	False	False	False	True	different_minimum_coordinates	True
FKBP8	FKBP8__AST	FKBP8__BILI	AST	BILI	2936	2892	2897	2892	2897	0.99827407663099754	0.99827407663099754	2884	2888	2883	0.99792315680166144	False	False	False	False	False	True	different_minimum_coordinates	True
FKBP8	FKBP8__ALP	FKBP8__BILI	ALP	BILI	2936	2923	2897	2896	2924	0.99042407660738718	0.99042407660738718	2913	2888	2886	0.99005145797598626	False	False	False	False	False	True	different_minimum_coordinates	True
FNDC4	FNDC4__LIVER_FAT	FNDC4__NAFLD	LIVER_FAT	NAFLD	3996	3738	2991	2991	3738	0.8001605136436597	0.8001605136436597	3736	2991	2991	0.80058886509635974	False	False	False	False	False	True	different_minimum_coordinates	True
FNDC4	FNDC4__LIVER_FAT	FNDC4__GGT	LIVER_FAT	GGT	3996	3738	3979	3738	3979	0.93943201809499877	0.93943201809499877	3736	3976	3736	0.93963782696177067	False	False	False	False	False	True	different_minimum_coordinates	True
FNDC4	FNDC4__LIVER_FAT	FNDC4__ALP	LIVER_FAT	ALP	3996	3738	3979	3738	3979	0.93943201809499877	0.93943201809499877	3736	3976	3736	0.93963782696177067	False	False	False	False	False	True	different_minimum_coordinates	True
FNDC4	FNDC4__NAFLD	FNDC4__GGT	NAFLD	GGT	3996	2991	3979	2991	3979	0.75169640613219402	0.75169640613219402	2991	3976	2991	0.75226358148893357	False	False	False	False	False	True	different_minimum_coordinates	True
FNDC4	FNDC4__NAFLD	FNDC4__ALP	NAFLD	ALP	3996	2991	3979	2991	3979	0.75169640613219402	0.75169640613219402	2991	3976	2991	0.75226358148893357	False	False	False	False	False	True	different_minimum_coordinates	True
FNDC4	FNDC4__GGT	FNDC4__ALP	GGT	ALP	3996	3979	3979	3979	3979	1	1	3976	3976	3976	1	True	True	True	True	True	True	verified_shared_minimum_variant	True
FOSL2	FOSL2__LIVER_FAT	FOSL2__NAFLD	LIVER_FAT	NAFLD	5185	4877	3963	3963	4877	0.81258970678695919	0.81258970678695919	4871	3963	3963	0.81359063847259294	False	False	False	False	False	True	different_minimum_coordinates	True
FOSL2	FOSL2__LIVER_FAT	FOSL2__GGT	LIVER_FAT	GGT	5185	4877	5159	4877	5159	0.94533824384570653	0.94533824384570653	4871	5154	4871	0.94509119130772212	False	False	False	False	False	True	different_minimum_coordinates	True
FOSL2	FOSL2__LIVER_FAT	FOSL2__ALP	LIVER_FAT	ALP	5185	4877	5159	4877	5159	0.94533824384570653	0.94533824384570653	4871	5154	4871	0.94509119130772212	False	False	False	False	False	True	different_minimum_coordinates	True
FOSL2	FOSL2__NAFLD	FOSL2__GGT	NAFLD	GGT	5185	3963	5159	3963	5159	0.76817212638108157	0.76817212638108157	3963	5154	3963	0.76891734575087312	False	False	False	False	False	True	different_minimum_coordinates	True
FOSL2	FOSL2__NAFLD	FOSL2__ALP	NAFLD	ALP	5185	3963	5159	3963	5159	0.76817212638108157	0.76817212638108157	3963	5154	3963	0.76891734575087312	False	False	False	False	False	True	different_minimum_coordinates	True
FOSL2	FOSL2__GGT	FOSL2__ALP	GGT	ALP	5185	5159	5159	5159	5159	1	1	5154	5154	5154	1	True	True	True	True	True	True	verified_shared_minimum_variant	True
FOSL2-AS1	FOSL2-AS1__LIVER_FAT	FOSL2-AS1__NAFLD	LIVER_FAT	NAFLD	5138	4833	3927	3927	4833	0.81253879577901922	0.81253879577901922	4827	3927	3927	0.81354878806712239	False	False	False	False	False	True	different_minimum_coordinates	True
FOSL2-AS1	FOSL2-AS1__LIVER_FAT	FOSL2-AS1__GGT	LIVER_FAT	GGT	5138	4833	5113	4833	5113	0.94523762957168	0.94523762957168	4827	5108	4827	0.94498825371965545	False	False	False	False	False	True	different_minimum_coordinates	True
FOSL2-AS1	FOSL2-AS1__LIVER_FAT	FOSL2-AS1__ALP	LIVER_FAT	ALP	5138	4833	5113	4833	5113	0.94523762957168	0.94523762957168	4827	5108	4827	0.94498825371965545	False	False	False	False	False	True	different_minimum_coordinates	True
FOSL2-AS1	FOSL2-AS1__NAFLD	FOSL2-AS1__GGT	NAFLD	GGT	5138	3927	5113	3927	5113	0.76804224525718756	0.76804224525718756	3927	5108	3927	0.76879404855129208	False	False	False	False	False	True	different_minimum_coordinates	True
FOSL2-AS1	FOSL2-AS1__NAFLD	FOSL2-AS1__ALP	NAFLD	ALP	5138	3927	5113	3927	5113	0.76804224525718756	0.76804224525718756	3927	5108	3927	0.76879404855129208	False	False	False	False	False	True	different_minimum_coordinates	True
FOSL2-AS1	FOSL2-AS1__GGT	FOSL2-AS1__ALP	GGT	ALP	5138	5113	5113	5113	5113	1	1	5108	5108	5108	1	True	True	True	True	True	True	verified_shared_minimum_variant	True
GATAD2A	GATAD2A__CIRR	GATAD2A__LIVER_FAT	CIRR	LIVER_FAT	4074	3392	3863	3390	3865	0.87710219922380339	0.87710219922380339	3390	3854	3387	0.87814363494944259	False	False	False	False	False	True	different_minimum_coordinates	True
GATAD2A	GATAD2A__CIRR	GATAD2A__NAFLD	CIRR	NAFLD	4074	3392	2981	2906	3467	0.83818863570810498	0.83818863570810498	3390	2981	2906	0.83867243867243868	False	False	False	False	False	True	different_minimum_coordinates	True
GATAD2A	GATAD2A__CIRR	GATAD2A__ALT	CIRR	ALT	4074	3392	4055	3391	4056	0.83604536489151871	0.83604536489151871	3390	4044	3389	0.83782447466007415	False	False	False	False	False	True	different_minimum_coordinates	True
GATAD2A	GATAD2A__CIRR	GATAD2A__AST	CIRR	AST	4074	3392	4028	3383	4037	0.83799851374783252	0.83799851374783252	3390	4018	3381	0.83958281599205364	False	False	False	False	False	True	different_minimum_coordinates	True
GATAD2A	GATAD2A__CIRR	GATAD2A__ALP	CIRR	ALP	4074	3392	4055	3391	4056	0.83604536489151871	0.83604536489151871	3390	4044	3389	0.83782447466007415	False	False	False	False	False	True	different_minimum_coordinates	True
GATAD2A	GATAD2A__CIRR	GATAD2A__BILI	CIRR	BILI	4074	3392	4030	3383	4039	0.83758356028719982	0.83758356028719982	3390	4020	3381	0.83916604616530155	False	False	False	False	False	True	different_minimum_coordinates	True
GATAD2A	GATAD2A__LIVER_FAT	GATAD2A__NAFLD	LIVER_FAT	NAFLD	4074	3863	2981	2981	3863	0.77168004141858659	0.77168004141858659	3854	2981	2981	0.77348209652309285	False	False	False	False	False	True	different_minimum_coordinates	True
GATAD2A	GATAD2A__LIVER_FAT	GATAD2A__ALT	LIVER_FAT	ALT	4074	3863	4055	3863	4055	0.95265104808877932	0.95265104808877932	3854	4044	3852	0.95205140879881367	False	False	True	True	True	True	verified_shared_minimum_variant	True
GATAD2A	GATAD2A__LIVER_FAT	GATAD2A__AST	LIVER_FAT	AST	4074	3863	4028	3843	4048	0.94935770750988147	0.94935770750988147	3854	4018	3834	0.94947994056463592	False	False	False	False	False	True	different_minimum_coordinates	True
GATAD2A	GATAD2A__LIVER_FAT	GATAD2A__ALP	LIVER_FAT	ALP	4074	3863	4055	3863	4055	0.95265104808877932	0.95265104808877932	3854	4044	3853	0.9525339925834363	False	False	False	False	False	True	different_minimum_coordinates	True
GATAD2A	GATAD2A__LIVER_FAT	GATAD2A__BILI	LIVER_FAT	BILI	4074	3863	4030	3844	4049	0.94937021486786866	0.94937021486786866	3854	4020	3834	0.94900990099009896	False	False	True	True	True	True	verified_shared_minimum_variant	True
GATAD2A	GATAD2A__NAFLD	GATAD2A__ALT	NAFLD	ALT	4074	2981	4055	2981	4055	0.73514180024660913	0.73514180024660913	2981	4044	2981	0.73714144411473792	False	False	False	False	False	True	different_minimum_coordinates	True
GATAD2A	GATAD2A__NAFLD	GATAD2A__AST	NAFLD	AST	4074	2981	4028	2980	4029	0.73963762720277981	0.73963762720277981	2981	4018	2980	0.74147797959691464	False	False	False	False	False	True	different_minimum_coordinates	True
GATAD2A	GATAD2A__NAFLD	GATAD2A__ALP	NAFLD	ALP	4074	2981	4055	2981	4055	0.73514180024660913	0.73514180024660913	2981	4044	2981	0.73714144411473792	False	False	False	False	False	True	different_minimum_coordinates	True
GATAD2A	GATAD2A__NAFLD	GATAD2A__BILI	NAFLD	BILI	4074	2981	4030	2980	4031	0.73927065244356238	0.73927065244356238	2981	4020	2980	0.7411091768216862	False	False	False	False	False	True	different_minimum_coordinates	True
GATAD2A	GATAD2A__ALT	GATAD2A__AST	ALT	AST	4074	4055	4028	4028	4055	0.99334155363748455	0.99334155363748455	4044	4018	4016	0.99258526940187841	False	False	False	False	False	True	different_minimum_coordinates	True
GATAD2A	GATAD2A__ALT	GATAD2A__ALP	ALT	ALP	4074	4055	4055	4055	4055	1	1	4044	4044	4043	0.99950556242274413	True	False	False	False	False	True	different_minimum_coordinates	True
GATAD2A	GATAD2A__ALT	GATAD2A__BILI	ALT	BILI	4074	4055	4030	4030	4055	0.99383477188655978	0.99383477188655978	4044	4020	4018	0.99307958477508651	False	False	True	True	True	True	verified_shared_minimum_variant	True
GATAD2A	GATAD2A__AST	GATAD2A__ALP	AST	ALP	4074	4028	4055	4028	4055	0.99334155363748455	0.99334155363748455	4018	4044	4017	0.99307787391841784	False	False	False	False	False	True	different_minimum_coordinates	True
GATAD2A	GATAD2A__AST	GATAD2A__BILI	AST	BILI	4074	4028	4030	4027	4031	0.99900769039940462	0.99900769039940462	4018	4020	4016	0.99850820487319747	False	False	False	False	False	True	different_minimum_coordinates	True
GATAD2A	GATAD2A__ALP	GATAD2A__BILI	ALP	BILI	4074	4055	4030	4030	4055	0.99383477188655978	0.99383477188655978	4044	4020	4019	0.99357231149567371	False	False	False	False	False	True	different_minimum_coordinates	True
GDF1	GDF1__CIRR	GDF1__LIVER_FAT	CIRR	LIVER_FAT	3212	2670	3021	2669	3022	0.88318994043679677	0.88318994043679677	2669	3015	2667	0.88399071925754058	False	False	False	False	False	True	different_minimum_coordinates	True
GDF1	GDF1__CIRR	GDF1__NAFLD	CIRR	NAFLD	3212	2670	2343	2293	2720	0.84301470588235294	0.84301470588235294	2669	2343	2293	0.84332475174696575	False	False	False	False	False	True	different_minimum_coordinates	True
GDF1	GDF1__CIRR	GDF1__ALT	CIRR	ALT	3212	2670	3195	2670	3195	0.83568075117370888	0.83568075117370888	2669	3188	2669	0.83720200752823082	False	False	False	False	False	True	different_minimum_coordinates	True
GDF1	GDF1__CIRR	GDF1__AST	CIRR	AST	3212	2670	3169	2663	3176	0.83847607052896722	0.83847607052896722	2669	3162	2662	0.84001262227832119	False	False	False	False	False	True	different_minimum_coordinates	True
GDF1	GDF1__CIRR	GDF1__ALP	CIRR	ALP	3212	2670	3195	2670	3195	0.83568075117370888	0.83568075117370888	2669	3187	2669	0.83746470034515219	False	False	False	False	False	True	different_minimum_coordinates	True
GDF1	GDF1__CIRR	GDF1__BILI	CIRR	BILI	3212	2670	3171	2662	3179	0.83737024221453282	0.83737024221453282	2669	3163	2661	0.83916745506149482	False	False	False	False	False	True	different_minimum_coordinates	True
GDF1	GDF1__LIVER_FAT	GDF1__NAFLD	LIVER_FAT	NAFLD	3212	3021	2343	2343	3021	0.77557100297914594	0.77557100297914594	3015	2343	2343	0.77711442786069651	False	False	False	False	False	True	different_minimum_coordinates	True
GDF1	GDF1__LIVER_FAT	GDF1__ALT	LIVER_FAT	ALT	3212	3021	3195	3021	3195	0.94553990610328642	0.94553990610328642	3015	3188	3014	0.94512386328002507	False	False	True	True	True	True	verified_shared_minimum_variant	True
GDF1	GDF1__LIVER_FAT	GDF1__AST	LIVER_FAT	AST	3212	3021	3169	3002	3188	0.94165621079046424	0.94165621079046424	3015	3162	2996	0.94184218799119779	False	False	False	False	False	True	different_minimum_coordinates	True
GDF1	GDF1__LIVER_FAT	GDF1__ALP	LIVER_FAT	ALP	3212	3021	3195	3021	3195	0.94553990610328642	0.94553990610328642	3015	3187	3014	0.94542032622333749	False	False	False	False	False	True	different_minimum_coordinates	True
GDF1	GDF1__LIVER_FAT	GDF1__BILI	LIVER_FAT	BILI	3212	3021	3171	3002	3190	0.94106583072100314	0.94106583072100314	3015	3163	2995	0.94093622368834429	False	False	True	True	True	True	verified_shared_minimum_variant	True
GDF1	GDF1__NAFLD	GDF1__ALT	NAFLD	ALT	3212	2343	3195	2343	3195	0.73333333333333328	0.73333333333333328	2343	3188	2343	0.73494353826850689	False	False	False	False	False	True	different_minimum_coordinates	True
GDF1	GDF1__NAFLD	GDF1__AST	NAFLD	AST	3212	2343	3169	2343	3169	0.73934995266645631	0.73934995266645631	2343	3162	2343	0.74098671726755216	False	False	False	False	False	True	different_minimum_coordinates	True
GDF1	GDF1__NAFLD	GDF1__ALP	NAFLD	ALP	3212	2343	3195	2343	3195	0.73333333333333328	0.73333333333333328	2343	3187	2343	0.73517414496391587	False	False	False	False	False	True	different_minimum_coordinates	True
GDF1	GDF1__NAFLD	GDF1__BILI	NAFLD	BILI	3212	2343	3171	2342	3172	0.73833543505674648	0.73833543505674648	2343	3163	2342	0.74020227560050567	False	False	False	False	False	True	different_minimum_coordinates	True
GDF1	GDF1__ALT	GDF1__AST	ALT	AST	3212	3195	3169	3169	3195	0.99186228482003125	0.99186228482003125	3188	3162	3161	0.99121981812480398	False	False	False	False	False	True	different_minimum_coordinates	True
GDF1	GDF1__ALT	GDF1__ALP	ALT	ALP	3212	3195	3195	3195	3195	1	1	3188	3187	3187	0.99968632371392718	True	False	False	False	False	True	different_minimum_coordinates	True
GDF1	GDF1__ALT	GDF1__BILI	ALT	BILI	3212	3195	3171	3170	3196	0.99186483103879852	0.99186483103879852	3188	3163	3162	0.9915333960489181	False	False	True	True	True	True	verified_shared_minimum_variant	True
GDF1	GDF1__AST	GDF1__ALP	AST	ALP	3212	3169	3195	3169	3195	0.99186228482003125	0.99186228482003125	3162	3187	3161	0.99153074027603516	False	False	False	False	False	True	different_minimum_coordinates	True
GDF1	GDF1__AST	GDF1__BILI	AST	BILI	3212	3169	3171	3168	3172	0.99873896595208067	0.99873896595208067	3162	3163	3160	0.99842022116903628	False	False	False	False	False	True	different_minimum_coordinates	True
GDF1	GDF1__ALP	GDF1__BILI	ALP	BILI	3212	3195	3171	3170	3196	0.99186483103879852	0.99186483103879852	3187	3163	3162	0.99184441656210787	False	False	False	False	False	True	different_minimum_coordinates	True
GDF15	GDF15__CIRR	GDF15__LIVER_FAT	CIRR	LIVER_FAT	2688	2263	2542	2262	2543	0.88950058985450253	0.88950058985450253	2261	2538	2260	0.89011421819614023	False	False	False	False	False	True	different_minimum_coordinates	True
GDF15	GDF15__CIRR	GDF15__NAFLD	CIRR	NAFLD	2688	2263	1976	1936	2303	0.84064264003473732	0.84064264003473732	2261	1976	1936	0.84137331594958709	False	False	False	False	False	True	different_minimum_coordinates	True
GDF15	GDF15__CIRR	GDF15__ALT	CIRR	ALT	2688	2263	2676	2263	2676	0.84566517189835577	0.84566517189835577	2261	2668	2261	0.84745127436281864	False	False	False	False	False	True	different_minimum_coordinates	True
GDF15	GDF15__CIRR	GDF15__AST	CIRR	AST	2688	2263	2647	2257	2653	0.85073501696192988	0.85073501696192988	2261	2641	2255	0.85190782017378164	False	False	False	False	False	True	different_minimum_coordinates	True
GDF15	GDF15__CIRR	GDF15__ALP	CIRR	ALP	2688	2263	2676	2263	2676	0.84566517189835577	0.84566517189835577	2261	2668	2261	0.84745127436281864	False	False	False	False	False	True	different_minimum_coordinates	True
GDF15	GDF15__CIRR	GDF15__BILI	CIRR	BILI	2688	2263	2652	2260	2655	0.8512241054613936	0.8512241054613936	2261	2645	2258	0.85271903323262843	False	False	False	False	False	True	different_minimum_coordinates	True
GDF15	GDF15__LIVER_FAT	GDF15__NAFLD	LIVER_FAT	NAFLD	2688	2542	1976	1976	2542	0.77734067663257278	0.77734067663257278	2538	1976	1976	0.7785657998423956	False	False	False	False	False	True	different_minimum_coordinates	True
GDF15	GDF15__LIVER_FAT	GDF15__ALT	LIVER_FAT	ALT	2688	2542	2676	2542	2676	0.94992526158445445	0.94992526158445445	2538	2668	2537	0.95054327463469468	False	False	True	True	True	True	verified_shared_minimum_variant	True
GDF15	GDF15__LIVER_FAT	GDF15__AST	LIVER_FAT	AST	2688	2542	2647	2523	2666	0.94636159039759937	0.94636159039759937	2538	2641	2519	0.9469924812030075	False	False	False	False	False	True	different_minimum_coordinates	True
GDF15	GDF15__LIVER_FAT	GDF15__ALP	LIVER_FAT	ALP	2688	2542	2676	2542	2676	0.94992526158445445	0.94992526158445445	2538	2668	2537	0.95054327463469468	False	False	False	False	False	True	different_minimum_coordinates	True
GDF15	GDF15__LIVER_FAT	GDF15__BILI	LIVER_FAT	BILI	2688	2542	2652	2526	2668	0.94677661169415295	0.94677661169415295	2538	2645	2521	0.94703230653643877	False	False	True	True	True	True	verified_shared_minimum_variant	True
GDF15	GDF15__NAFLD	GDF15__ALT	NAFLD	ALT	2688	1976	2676	1976	2676	0.73841554559043343	0.73841554559043343	1976	2668	1976	0.74062968515742134	False	False	False	False	False	True	different_minimum_coordinates	True
GDF15	GDF15__NAFLD	GDF15__AST	NAFLD	AST	2688	1976	2647	1976	2647	0.74650547789950883	0.74650547789950883	1976	2641	1976	0.74820143884892087	False	False	False	False	False	True	different_minimum_coordinates	True
GDF15	GDF15__NAFLD	GDF15__ALP	NAFLD	ALP	2688	1976	2676	1976	2676	0.73841554559043343	0.73841554559043343	1976	2668	1976	0.74062968515742134	False	False	False	False	False	True	different_minimum_coordinates	True
GDF15	GDF15__NAFLD	GDF15__BILI	NAFLD	BILI	2688	1976	2652	1976	2652	0.74509803921568629	0.74509803921568629	1976	2645	1976	0.74706994328922494	False	False	False	False	False	True	different_minimum_coordinates	True
GDF15	GDF15__ALT	GDF15__AST	ALT	AST	2688	2676	2647	2647	2676	0.98916292974588937	0.98916292974588937	2668	2641	2639	0.98838951310861423	False	False	False	False	False	True	different_minimum_coordinates	True
GDF15	GDF15__ALT	GDF15__ALP	ALT	ALP	2688	2676	2676	2676	2676	1	1	2668	2668	2668	1	True	True	False	False	False	True	different_minimum_coordinates	True
GDF15	GDF15__ALT	GDF15__BILI	ALT	BILI	2688	2676	2652	2651	2677	0.99028763541277554	0.99028763541277554	2668	2645	2643	0.98988764044943822	False	False	True	True	True	True	verified_shared_minimum_variant	True
GDF15	GDF15__AST	GDF15__ALP	AST	ALP	2688	2647	2676	2647	2676	0.98916292974588937	0.98916292974588937	2641	2668	2639	0.98838951310861423	False	False	False	False	False	True	different_minimum_coordinates	True
GDF15	GDF15__AST	GDF15__BILI	AST	BILI	2688	2647	2652	2647	2652	0.99811463046757165	0.99811463046757165	2641	2645	2640	0.99773242630385484	False	False	False	False	False	True	different_minimum_coordinates	True
GDF15	GDF15__ALP	GDF15__BILI	ALP	BILI	2688	2676	2652	2651	2677	0.99028763541277554	0.99028763541277554	2668	2645	2643	0.98988764044943822	False	False	False	False	False	True	different_minimum_coordinates	True
GMIP	GMIP__CIRR	GMIP__LIVER_FAT	CIRR	LIVER_FAT	3968	3326	3768	3324	3770	0.88169761273209546	0.88169761273209546	3323	3759	3320	0.88250930356193513	False	False	False	False	False	True	different_minimum_coordinates	True
GMIP	GMIP__CIRR	GMIP__NAFLD	CIRR	NAFLD	3968	3326	2819	2754	3391	0.81214980831613093	0.81214980831613093	3323	2819	2754	0.81286894923258557	False	False	False	False	False	True	different_minimum_coordinates	True
GMIP	GMIP__CIRR	GMIP__ALT	CIRR	ALT	3968	3326	3949	3325	3950	0.84177215189873422	0.84177215189873422	3323	3938	3322	0.84336125920284333	False	False	False	False	False	True	different_minimum_coordinates	True
GMIP	GMIP__CIRR	GMIP__AST	CIRR	AST	3968	3326	3925	3316	3935	0.8426937738246506	0.8426937738246506	3323	3915	3314	0.84454638124362891	False	False	False	False	False	True	different_minimum_coordinates	True
GMIP	GMIP__CIRR	GMIP__ALP	CIRR	ALP	3968	3326	3949	3325	3950	0.84177215189873422	0.84177215189873422	3323	3938	3322	0.84336125920284333	False	False	False	False	False	True	different_minimum_coordinates	True
GMIP	GMIP__CIRR	GMIP__BILI	CIRR	BILI	3968	3326	3928	3317	3937	0.84251968503937003	0.84251968503937003	3323	3918	3314	0.8439011968423733	False	False	False	False	False	True	different_minimum_coordinates	True
GMIP	GMIP__LIVER_FAT	GMIP__NAFLD	LIVER_FAT	NAFLD	3968	3768	2819	2819	3768	0.74814225053078554	0.74814225053078554	3759	2819	2819	0.74993349295025269	False	False	False	False	False	True	different_minimum_coordinates	True
GMIP	GMIP__LIVER_FAT	GMIP__ALT	LIVER_FAT	ALT	3968	3768	3949	3768	3949	0.95416561154722712	0.95416561154722712	3759	3938	3757	0.95355329949238576	False	False	True	True	True	True	verified_shared_minimum_variant	True
GMIP	GMIP__LIVER_FAT	GMIP__AST	LIVER_FAT	AST	3968	3768	3925	3751	3942	0.95154743784880769	0.95154743784880769	3759	3915	3742	0.95167853509664291	False	False	False	False	False	True	different_minimum_coordinates	True
GMIP	GMIP__LIVER_FAT	GMIP__ALP	LIVER_FAT	ALP	3968	3768	3949	3768	3949	0.95416561154722712	0.95416561154722712	3759	3938	3758	0.954049251078954	False	False	False	False	False	True	different_minimum_coordinates	True
GMIP	GMIP__LIVER_FAT	GMIP__BILI	LIVER_FAT	BILI	3968	3768	3928	3753	3943	0.95181334009637331	0.95181334009637331	3759	3918	3743	0.95144890696492124	False	False	True	True	True	True	verified_shared_minimum_variant	True
GMIP	GMIP__NAFLD	GMIP__ALT	NAFLD	ALT	3968	2819	3949	2819	3949	0.71385160800202585	0.71385160800202585	2819	3938	2819	0.71584560690705945	False	False	False	False	False	True	different_minimum_coordinates	True
GMIP	GMIP__NAFLD	GMIP__AST	NAFLD	AST	3968	2819	3925	2818	3926	0.71777890983188997	0.71777890983188997	2819	3915	2818	0.71961184882533202	False	False	False	False	False	True	different_minimum_coordinates	True
GMIP	GMIP__NAFLD	GMIP__ALP	NAFLD	ALP	3968	2819	3949	2819	3949	0.71385160800202585	0.71385160800202585	2819	3938	2819	0.71584560690705945	False	False	False	False	False	True	different_minimum_coordinates	True
GMIP	GMIP__NAFLD	GMIP__BILI	NAFLD	BILI	3968	2819	3928	2818	3929	0.71723084754390432	0.71723084754390432	2819	3918	2818	0.71906098494513904	False	False	False	False	False	True	different_minimum_coordinates	True
GMIP	GMIP__ALT	GMIP__AST	ALT	AST	3968	3949	3925	3925	3949	0.99392251202836157	0.99392251202836157	3938	3915	3913	0.99314720812182744	False	False	False	False	False	True	different_minimum_coordinates	True
GMIP	GMIP__ALT	GMIP__ALP	ALT	ALP	3968	3949	3949	3949	3949	1	1	3938	3938	3937	0.99949225691799948	True	False	False	False	False	True	different_minimum_coordinates	True
GMIP	GMIP__ALT	GMIP__BILI	ALT	BILI	3968	3949	3928	3928	3949	0.99468219802481639	0.99468219802481639	3938	3918	3916	0.99390862944162439	False	False	True	True	True	True	verified_shared_minimum_variant	True
GMIP	GMIP__AST	GMIP__ALP	AST	ALP	3968	3925	3949	3925	3949	0.99392251202836157	0.99392251202836157	3915	3938	3914	0.99365321147499364	False	False	False	False	False	True	different_minimum_coordinates	True
GMIP	GMIP__AST	GMIP__BILI	AST	BILI	3968	3925	3928	3924	3929	0.99872741155510303	0.99872741155510303	3915	3918	3913	0.99821428571428572	False	False	False	False	False	True	different_minimum_coordinates	True
GMIP	GMIP__ALP	GMIP__BILI	ALP	BILI	3968	3949	3928	3928	3949	0.99468219802481639	0.99468219802481639	3938	3918	3917	0.99441482609799436	False	False	False	False	False	True	different_minimum_coordinates	True
GMNN	GMNN__CIRR	GMNN__NAFLD	CIRR	NAFLD	8419	7108	6370	6258	7220	0.86675900277008311	0.86675900277008311	7094	6370	6258	0.86844296419650291	False	False	False	False	False	True	different_minimum_coordinates	False
GMNN	GMNN__CIRR	GMNN__ALP	CIRR	ALP	8419	7108	5078	4278	7908	0.54097116843702575	0.54097116843702575	7094	5065	4272	0.54165081780144542	False	False	False	False	False	False	different_minimum_coordinates	False
GMNN	GMNN__CIRR	GMNN__BILI	CIRR	BILI	8419	7108	8264	7071	8301	0.85182508131550416	0.85182508131550416	7094	8247	7059	0.85233035498671816	False	False	False	False	False	True	different_minimum_coordinates	False
GMNN	GMNN__CIRR	GMNN__PSC	CIRR	PSC	8419	7108	7145	6454	7799	0.82754199256314909	0.82754199256314909	7094	7126	6442	0.8282334790434559	False	False	False	False	False	True	different_minimum_coordinates	False
GMNN	GMNN__NAFLD	GMNN__ALP	NAFLD	ALP	8419	6370	5078	3792	7656	0.4952978056426332	0.4952978056426332	6370	5065	3792	0.49614025906057829	False	False	False	False	False	False	different_minimum_coordinates	True
GMNN	GMNN__NAFLD	GMNN__BILI	NAFLD	BILI	8419	6370	8264	6351	8283	0.76675117710974283	0.76675117710974283	6370	8247	6351	0.76832809097507859	False	False	False	False	False	True	different_minimum_coordinates	False
GMNN	GMNN__NAFLD	GMNN__PSC	NAFLD	PSC	8419	6370	7145	5975	7540	0.79244031830238726	0.79244031830238726	6370	7126	5975	0.79444222842707091	False	False	False	False	False	True	different_minimum_coordinates	False
GMNN	GMNN__ALP	GMNN__BILI	ALP	BILI	8419	5078	8264	5007	8335	0.60071985602879419	0.60071985602879419	5065	8247	4993	0.60019233080899148	False	False	False	False	False	False	different_minimum_coordinates	False
GMNN	GMNN__ALP	GMNN__PSC	ALP	PSC	8419	5078	7145	4239	7984	0.53093687374749499	0.53093687374749499	5065	7126	4226	0.53057124921531706	False	False	False	False	False	False	different_minimum_coordinates	False
GMNN	GMNN__BILI	GMNN__PSC	BILI	PSC	8419	8264	7145	7118	8291	0.85852128814377038	0.85852128814377038	8247	7126	7101	0.8584381044487428	False	False	False	False	False	True	different_minimum_coordinates	True
GPN1	GPN1__LIVER_FAT	GPN1__NAFLD	LIVER_FAT	NAFLD	4181	3915	3114	3114	3915	0.79540229885057467	0.79540229885057467	3911	3114	3114	0.79621580158527228	False	False	False	False	False	True	different_minimum_coordinates	True
GPN1	GPN1__LIVER_FAT	GPN1__GGT	LIVER_FAT	GGT	4181	3915	4162	3915	4162	0.94065353195579049	0.94065353195579049	3911	4156	3911	0.9410490856592878	False	False	False	False	False	True	different_minimum_coordinates	True
GPN1	GPN1__LIVER_FAT	GPN1__ALP	LIVER_FAT	ALP	4181	3915	4162	3915	4162	0.94065353195579049	0.94065353195579049	3911	4156	3911	0.9410490856592878	False	False	False	False	False	True	different_minimum_coordinates	True
GPN1	GPN1__NAFLD	GPN1__GGT	NAFLD	GGT	4181	3114	4162	3114	4162	0.74819798173954832	0.74819798173954832	3114	4156	3114	0.74927815206929738	False	False	False	False	False	True	different_minimum_coordinates	True
GPN1	GPN1__NAFLD	GPN1__ALP	NAFLD	ALP	4181	3114	4162	3114	4162	0.74819798173954832	0.74819798173954832	3114	4156	3114	0.74927815206929738	False	False	False	False	False	True	different_minimum_coordinates	True
GPN1	GPN1__GGT	GPN1__ALP	GGT	ALP	4181	4162	4162	4162	4162	1	1	4156	4156	4156	1	True	True	True	True	True	True	verified_shared_minimum_variant	True
GPX5	GPX5__CIRR	GPX5__AST	CIRR	AST	4024	3439	3887	3389	3937	0.86080772161544328	0.86080772161544328	3435	3880	3385	0.861323155216285	False	False	False	False	False	True	different_minimum_coordinates	False
GPX5	GPX5__CIRR	GPX5__BILI	CIRR	BILI	4024	3439	3761	3262	3938	0.8283392585068563	0.8283392585068563	3435	3753	3258	0.82900763358778629	False	False	False	False	False	True	different_minimum_coordinates	False
GPX5	GPX5__CIRR	GPX5__PBC	CIRR	PBC	4024	3439	3569	3210	3798	0.84518167456556081	0.84518167456556081	3435	3567	3206	0.8445732349841939	False	False	False	False	False	True	different_minimum_coordinates	False
GPX5	GPX5__CIRR	GPX5__PSC	CIRR	PSC	4024	3439	3581	3254	3766	0.86404673393520981	0.86404673393520981	3435	3573	3250	0.86482171367748806	False	False	False	False	False	True	different_minimum_coordinates	False
GPX5	GPX5__CIRR	GPX5__AIH	CIRR	AIH	4024	3439	3950	3431	3958	0.86685194542698329	0.86685194542698329	3435	3937	3424	0.86727456940222902	False	False	False	False	False	True	different_minimum_coordinates	False
GPX5	GPX5__AST	GPX5__BILI	AST	BILI	4024	3887	3761	3725	3923	0.94952842212592403	0.94952842212592403	3880	3753	3717	0.94918283963227779	False	False	False	False	False	True	different_minimum_coordinates	True
GPX5	GPX5__AST	GPX5__PBC	AST	PBC	4024	3887	3569	3519	3937	0.89382778765557536	0.89382778765557536	3880	3567	3515	0.89394710071210581	False	False	False	False	False	True	different_minimum_coordinates	True
GPX5	GPX5__AST	GPX5__PSC	AST	PSC	4024	3887	3581	3536	3932	0.89928789420142419	0.89928789420142419	3880	3573	3527	0.89836984207845139	False	False	False	False	False	True	different_minimum_coordinates	True
GPX5	GPX5__AST	GPX5__AIH	AST	AIH	4024	3887	3950	3887	3950	0.98405063291139239	0.98405063291139239	3880	3937	3877	0.98401015228426392	False	False	False	False	False	True	different_minimum_coordinates	True
GPX5	GPX5__BILI	GPX5__PBC	BILI	PBC	4024	3761	3569	3391	3939	0.86087839553186085	0.86087839553186085	3753	3567	3387	0.86117467581998475	False	False	False	False	False	True	different_minimum_coordinates	True
GPX5	GPX5__BILI	GPX5__PSC	BILI	PSC	4024	3761	3581	3399	3943	0.86203398427593203	0.86203398427593203	3753	3573	3390	0.86128048780487809	False	False	False	False	False	True	different_minimum_coordinates	True
GPX5	GPX5__BILI	GPX5__AIH	BILI	AIH	4024	3761	3950	3761	3950	0.95215189873417716	0.95215189873417716	3753	3937	3750	0.95177664974619292	False	False	False	False	False	True	different_minimum_coordinates	True
GPX5	GPX5__PBC	GPX5__PSC	PBC	PSC	4024	3569	3581	3360	3790	0.88654353562005273	0.88654353562005273	3567	3573	3356	0.88689217758985206	False	False	False	False	False	True	different_minimum_coordinates	True
GPX5	GPX5__PBC	GPX5__AIH	PBC	AIH	4024	3569	3950	3556	3963	0.89730002523340902	0.89730002523340902	3567	3937	3549	0.89734513274336281	False	False	False	False	False	True	different_minimum_coordinates	True
GPX5	GPX5__PSC	GPX5__AIH	PSC	AIH	4024	3581	3950	3576	3955	0.90417193426042985	0.90417193426042985	3573	3937	3564	0.90319310694374044	False	False	False	False	False	True	different_minimum_coordinates	True
GPX6	GPX6__CIRR	GPX6__AST	CIRR	AST	4098	3500	3958	3450	4008	0.8607784431137725	0.8607784431137725	3496	3951	3446	0.86128467883029247	False	False	False	False	False	True	different_minimum_coordinates	False
GPX6	GPX6__CIRR	GPX6__BILI	CIRR	BILI	4098	3500	3832	3323	4009	0.82888500873035664	0.82888500873035664	3496	3824	3319	0.82954261434641341	False	False	False	False	False	True	different_minimum_coordinates	False
GPX6	GPX6__CIRR	GPX6__PBC	CIRR	PBC	4098	3500	3621	3256	3865	0.84243208279430792	0.84243208279430792	3496	3619	3252	0.8418327724566399	False	False	False	False	False	True	different_minimum_coordinates	False
GPX6	GPX6__CIRR	GPX6__PSC	CIRR	PSC	4098	3500	3647	3313	3834	0.86411058946270214	0.86411058946270214	3496	3639	3309	0.86487192890747522	False	False	False	False	False	True	different_minimum_coordinates	False
GPX6	GPX6__CIRR	GPX6__AIH	CIRR	AIH	4098	3500	4021	3492	4029	0.86671630677587486	0.86671630677587486	3496	4008	3485	0.86713112714605622	False	False	False	False	False	True	different_minimum_coordinates	False
GPX6	GPX6__AST	GPX6__BILI	AST	BILI	4098	3958	3832	3796	3994	0.95042563845768657	0.95042563845768657	3951	3824	3788	0.95008778530223226	False	False	False	False	False	True	different_minimum_coordinates	True
GPX6	GPX6__AST	GPX6__PBC	AST	PBC	4098	3958	3621	3570	4009	0.89049638313793966	0.89049638313793966	3951	3619	3566	0.89060939060939059	False	False	False	False	False	True	different_minimum_coordinates	True
GPX6	GPX6__AST	GPX6__PSC	AST	PSC	4098	3958	3647	3601	4004	0.89935064935064934	0.89935064935064934	3951	3639	3592	0.89844922461230614	False	False	False	False	False	True	different_minimum_coordinates	True
GPX6	GPX6__AST	GPX6__AIH	AST	AIH	4098	3958	4021	3958	4021	0.98433225565779658	0.98433225565779658	3951	4008	3948	0.98429319371727753	False	False	False	False	False	True	different_minimum_coordinates	True
GPX6	GPX6__BILI	GPX6__PBC	BILI	PBC	4098	3832	3621	3442	4011	0.85814011468461726	0.85814011468461726	3824	3619	3438	0.85842696629213489	False	False	False	False	False	True	different_minimum_coordinates	True
GPX6	GPX6__BILI	GPX6__PSC	BILI	PSC	4098	3832	3647	3464	4015	0.86276463262764636	0.86276463262764636	3824	3639	3455	0.86202594810379241	False	False	False	False	False	True	different_minimum_coordinates	True
GPX6	GPX6__BILI	GPX6__AIH	BILI	AIH	4098	3832	4021	3832	4021	0.95299676697338975	0.95299676697338975	3824	4008	3821	0.9526302667663924	False	False	False	False	False	True	different_minimum_coordinates	True
GPX6	GPX6__PBC	GPX6__PSC	PBC	PSC	4098	3621	3647	3410	3858	0.88387765681700359	0.88387765681700359	3619	3639	3406	0.88421599169262721	False	False	False	False	False	True	different_minimum_coordinates	True
GPX6	GPX6__PBC	GPX6__AIH	PBC	AIH	4098	3621	4021	3607	4035	0.89392812887236683	0.89392812887236683	3619	4008	3600	0.89396573131363299	False	False	False	False	False	True	different_minimum_coordinates	True
GPX6	GPX6__PSC	GPX6__AIH	PSC	AIH	4098	3647	4021	3641	4027	0.90414700769803824	0.90414700769803824	3639	4008	3629	0.90318566450970628	False	False	False	False	False	True	different_minimum_coordinates	True
GSC	GSC__CIRR	GSC__NAFLD	CIRR	NAFLD	8193	7092	6590	6449	7233	0.89160790819853453	0.89160790819853453	7085	6590	6449	0.8924716302241904	False	False	False	False	False	True	different_minimum_coordinates	True
GSC	GSC__CIRR	GSC__ALT	CIRR	ALT	8193	7092	8159	7085	8166	0.86762184668136177	0.86762184668136177	7085	8144	7078	0.86835971046497362	False	False	True	True	True	True	verified_shared_minimum_variant	True
GSC	GSC__CIRR	GSC__AST	CIRR	AST	8193	7092	8043	7043	8092	0.87036579337617404	0.87036579337617404	7085	8028	7036	0.87111551318558866	False	False	True	True	True	True	verified_shared_minimum_variant	True
GSC	GSC__CIRR	GSC__ALP	CIRR	ALP	8193	7092	8162	7088	8166	0.86798922361009057	0.86798922361009057	7085	8150	7081	0.86840814324258031	False	False	True	True	True	True	verified_shared_minimum_variant	True
GSC	GSC__NAFLD	GSC__ALT	NAFLD	ALT	8193	6590	8159	6588	8161	0.80725401298860433	0.80725401298860433	6590	8144	6588	0.80874048612816107	False	False	False	False	False	True	different_minimum_coordinates	True
GSC	GSC__NAFLD	GSC__AST	NAFLD	AST	8193	6590	8043	6563	8070	0.81325898389095419	0.81325898389095419	6590	8028	6563	0.8147734326505276	False	False	False	False	False	True	different_minimum_coordinates	True
GSC	GSC__NAFLD	GSC__ALP	NAFLD	ALP	8193	6590	8162	6590	8162	0.80740014702278851	0.80740014702278851	6590	8150	6590	0.80858895705521472	False	False	False	False	False	True	different_minimum_coordinates	True
GSC	GSC__ALT	GSC__AST	ALT	AST	8193	8159	8043	8041	8161	0.98529591961769392	0.98529591961769392	8144	8028	8023	0.98453798012026017	False	False	True	True	True	True	verified_shared_minimum_variant	True
GSC	GSC__ALT	GSC__ALP	ALT	ALP	8193	8159	8162	8159	8162	0.99963244302866949	0.99963244302866949	8144	8150	8144	0.99926380368098155	False	False	True	True	True	True	verified_shared_minimum_variant	True
GSC	GSC__AST	GSC__ALP	AST	ALP	8193	8043	8162	8043	8162	0.98542024013722129	0.98542024013722129	8028	8150	8027	0.9847871426818795	False	False	True	True	True	True	verified_shared_minimum_variant	True
GTF3C2	GTF3C2__LIVER_FAT	GTF3C2__NAFLD	LIVER_FAT	NAFLD	3949	3690	2938	2938	3690	0.79620596205962058	0.79620596205962058	3689	2938	2938	0.79642179452426132	False	False	False	False	False	True	different_minimum_coordinates	True
GTF3C2	GTF3C2__LIVER_FAT	GTF3C2__GGT	LIVER_FAT	GGT	3949	3690	3930	3690	3930	0.93893129770992367	0.93893129770992367	3689	3928	3689	0.93915478615071279	False	False	False	False	False	True	different_minimum_coordinates	True
GTF3C2	GTF3C2__LIVER_FAT	GTF3C2__ALP	LIVER_FAT	ALP	3949	3690	3930	3690	3930	0.93893129770992367	0.93893129770992367	3689	3928	3689	0.93915478615071279	False	False	False	False	False	True	different_minimum_coordinates	True
GTF3C2	GTF3C2__NAFLD	GTF3C2__GGT	NAFLD	GGT	3949	2938	3930	2938	3930	0.74758269720101778	0.74758269720101778	2938	3928	2938	0.74796334012219956	False	False	False	False	False	True	different_minimum_coordinates	True
GTF3C2	GTF3C2__NAFLD	GTF3C2__ALP	NAFLD	ALP	3949	2938	3930	2938	3930	0.74758269720101778	0.74758269720101778	2938	3928	2938	0.74796334012219956	False	False	False	False	False	True	different_minimum_coordinates	True
GTF3C2	GTF3C2__GGT	GTF3C2__ALP	GGT	ALP	3949	3930	3930	3930	3930	1	1	3928	3928	3928	1	True	True	True	True	True	True	verified_shared_minimum_variant	True
GUSBP2	GUSBP2__CIRR	GUSBP2__AST	CIRR	AST	6219	5207	5949	5147	6009	0.85654851056748216	0.85654851056748216	5173	5937	5119	0.85444833917542984	False	False	False	False	False	True	different_minimum_coordinates	False
GUSBP2	GUSBP2__CIRR	GUSBP2__BILI	CIRR	BILI	6219	5207	6023	5161	6069	0.85038721370901305	0.85038721370901305	5173	6012	5132	0.84784404427556581	False	False	False	False	False	True	different_minimum_coordinates	True
GUSBP2	GUSBP2__CIRR	GUSBP2__PSC	CIRR	PSC	6219	5207	5023	4637	5593	0.82907205435365638	0.82907205435365638	5173	5013	4626	0.83201438848920861	False	False	False	False	False	True	different_minimum_coordinates	False
GUSBP2	GUSBP2__CIRR	GUSBP2__AIH	CIRR	AIH	6219	5207	6075	5200	6082	0.85498191384413025	0.85498191384413025	5173	6041	5163	0.8532473971244422	False	False	False	False	False	True	different_minimum_coordinates	False
GUSBP2	GUSBP2__AST	GUSBP2__BILI	AST	BILI	6219	5949	6023	5922	6050	0.97884297520661157	0.97884297520661157	5937	6012	5910	0.97863884749130647	False	False	False	False	False	True	different_minimum_coordinates	False
GUSBP2	GUSBP2__AST	GUSBP2__PSC	AST	PSC	6219	5949	5023	4974	5998	0.82927642547515834	0.82927642547515834	5937	5013	4964	0.82926829268292679	False	False	False	False	False	True	different_minimum_coordinates	True
GUSBP2	GUSBP2__AST	GUSBP2__AIH	AST	AIH	6219	5949	6075	5949	6075	0.97925925925925927	0.97925925925925927	5937	6041	5918	0.97656765676567658	False	False	False	False	False	True	different_minimum_coordinates	True
GUSBP2	GUSBP2__BILI	GUSBP2__PSC	BILI	PSC	6219	6023	5023	4975	6071	0.81946960961950255	0.81946960961950255	6012	5013	4965	0.81930693069306926	False	False	False	False	False	True	different_minimum_coordinates	False
GUSBP2	GUSBP2__BILI	GUSBP2__AIH	BILI	AIH	6219	6023	6075	6023	6075	0.99144032921810699	0.99144032921810699	6012	6041	5991	0.98828769383041903	False	False	False	False	False	True	different_minimum_coordinates	False
GUSBP2	GUSBP2__PSC	GUSBP2__AIH	PSC	AIH	6219	5023	6075	5013	6085	0.82382908792111753	0.82382908792111753	5013	6041	4992	0.8234905971626526	False	False	False	False	False	True	different_minimum_coordinates	True
H1-1	H1-1__CIRR	H1-1__BILI	CIRR	BILI	7270	6128	7103	6095	7136	0.85411995515695072	0.85411995515695072	6088	7094	6060	0.85088458298230829	False	False	False	False	False	True	different_minimum_coordinates	True
H1-1	H1-1__CIRR	H1-1__PSC	CIRR	PSC	7270	6128	5988	5492	6624	0.82910628019323673	0.82910628019323673	6088	5977	5476	0.83108210654120507	False	False	False	False	False	True	different_minimum_coordinates	True
H1-1	H1-1__CIRR	H1-1__AIH	CIRR	AIH	7270	6128	7136	6118	7146	0.85614329694934233	0.85614329694934233	6088	7103	6074	0.85344948714345936	False	False	False	False	False	True	different_minimum_coordinates	True
H1-1	H1-1__BILI	H1-1__PSC	BILI	PSC	7270	7103	5988	5959	7132	0.83553000560852497	0.83553000560852497	7094	5977	5950	0.83555680381968822	False	False	False	False	False	True	different_minimum_coordinates	True
H1-1	H1-1__BILI	H1-1__AIH	BILI	AIH	7270	7103	7136	7103	7136	0.9953755605381166	0.9953755605381166	7094	7103	7071	0.99228178501262976	False	False	False	False	False	True	different_minimum_coordinates	True
H1-1	H1-1__PSC	H1-1__AIH	PSC	AIH	7270	5988	7136	5979	7145	0.83680895731280613	0.83680895731280613	5977	7103	5957	0.83630492769900322	False	False	False	False	False	True	different_minimum_coordinates	True
H1-2	H1-2__CIRR	H1-2__BILI	CIRR	BILI	7187	6058	7020	6024	7054	0.85398355542954352	0.85398355542954352	6018	7011	5989	0.85071022727272727	False	False	False	False	False	True	different_minimum_coordinates	True
H1-2	H1-2__CIRR	H1-2__PSC	CIRR	PSC	7187	6058	5918	5430	6546	0.82951420714940427	0.82951420714940427	6018	5907	5414	0.83151589617570265	False	False	False	False	False	True	different_minimum_coordinates	True
H1-2	H1-2__CIRR	H1-2__AIH	CIRR	AIH	7187	6058	7054	6048	7064	0.85617214043035106	0.85617214043035106	6018	7021	6004	0.85344705046197589	False	False	False	False	False	True	different_minimum_coordinates	True
H1-2	H1-2__BILI	H1-2__PSC	BILI	PSC	7187	7020	5918	5888	7050	0.83517730496453901	0.83517730496453901	7011	5907	5879	0.83520386418525361	False	False	False	False	False	True	different_minimum_coordinates	True
H1-2	H1-2__BILI	H1-2__AIH	BILI	AIH	7187	7020	7054	7020	7054	0.99518003969379076	0.99518003969379076	7011	7021	6988	0.99204997160704145	False	False	False	False	False	True	different_minimum_coordinates	True
H1-2	H1-2__PSC	H1-2__AIH	PSC	AIH	7187	5918	7054	5909	7063	0.8366133371088772	0.8366133371088772	5907	7021	5887	0.83610282630308197	False	False	False	False	False	True	different_minimum_coordinates	True
H1-3	H1-3__CIRR	H1-3__AST	CIRR	AST	6938	5859	6688	5802	6745	0.86019273535952556	0.86019273535952556	5821	6677	5770	0.8576099881093936	False	False	False	False	False	True	different_minimum_coordinates	False
H1-3	H1-3__CIRR	H1-3__BILI	CIRR	BILI	6938	5859	6773	5822	6810	0.85491923641703382	0.85491923641703382	5821	6762	5789	0.85207536061230493	False	False	False	False	False	True	different_minimum_coordinates	True
H1-3	H1-3__CIRR	H1-3__PSC	CIRR	PSC	6938	5859	5707	5253	6313	0.83209250752415653	0.83209250752415653	5821	5697	5238	0.83407643312101909	False	False	False	False	False	True	different_minimum_coordinates	False
H1-3	H1-3__CIRR	H1-3__AIH	CIRR	AIH	6938	5859	6812	5850	6821	0.85764550652397009	0.85764550652397009	5821	6776	5807	0.85522827687776137	False	False	False	False	False	True	different_minimum_coordinates	True
H1-3	H1-3__AST	H1-3__BILI	AST	BILI	6938	6688	6773	6672	6789	0.9827662395050818	0.9827662395050818	6677	6762	6660	0.98244578846437525	False	False	False	False	False	True	different_minimum_coordinates	False
H1-3	H1-3__AST	H1-3__PSC	AST	PSC	6938	6688	5707	5666	6729	0.84202704710952592	0.84202704710952592	6677	5697	5656	0.84191723727299794	False	False	False	False	False	True	different_minimum_coordinates	True
H1-3	H1-3__AST	H1-3__AIH	AST	AIH	6938	6688	6812	6688	6812	0.98179682912507338	0.98179682912507338	6677	6776	6655	0.97896440129449835	False	False	False	False	False	True	different_minimum_coordinates	False
H1-3	H1-3__BILI	H1-3__PSC	BILI	PSC	6938	6773	5707	5676	6804	0.83421516754850089	0.83421516754850089	6762	5697	5666	0.83409392021198292	False	False	False	False	False	True	different_minimum_coordinates	False
H1-3	H1-3__BILI	H1-3__AIH	BILI	AIH	6938	6773	6812	6773	6812	0.99427480916030531	0.99427480916030531	6762	6776	6738	0.99088235294117644	False	False	False	False	False	True	different_minimum_coordinates	True
H1-3	H1-3__PSC	H1-3__AIH	PSC	AIH	6938	5707	6812	5700	6819	0.83589969203695558	0.83589969203695558	5697	6776	5676	0.83507429748418416	False	False	False	False	False	True	different_minimum_coordinates	False
H1-4	H1-4__CIRR	H1-4__AST	CIRR	AST	6916	5828	6665	5771	6722	0.85852424873549538	0.85852424873549538	5790	6655	5739	0.85580077542499255	False	False	False	False	False	True	different_minimum_coordinates	False
H1-4	H1-4__CIRR	H1-4__BILI	CIRR	BILI	6916	5828	6749	5791	6786	0.85337459475390509	0.85337459475390509	5790	6739	5758	0.85039137498153894	False	False	False	False	False	True	different_minimum_coordinates	True
H1-4	H1-4__CIRR	H1-4__PSC	CIRR	PSC	6916	5828	5678	5215	6291	0.8289620092195199	0.8289620092195199	5790	5667	5200	0.83106920249320759	False	False	False	False	False	True	different_minimum_coordinates	False
H1-4	H1-4__CIRR	H1-4__AIH	CIRR	AIH	6916	5828	6787	5819	6796	0.85623896409652733	0.85623896409652733	5790	6752	5776	0.85368016553355008	False	False	False	False	False	True	different_minimum_coordinates	True
H1-4	H1-4__AST	H1-4__BILI	AST	BILI	6916	6665	6749	6649	6765	0.98285291943828534	0.98285291943828534	6655	6739	6638	0.9825340438129071	False	False	False	False	False	True	different_minimum_coordinates	False
H1-4	H1-4__AST	H1-4__PSC	AST	PSC	6916	6665	5678	5635	6708	0.8400417412045319	0.8400417412045319	6655	5667	5625	0.83992832611617141	False	False	False	False	False	True	different_minimum_coordinates	True
H1-4	H1-4__AST	H1-4__AIH	AST	AIH	6916	6665	6787	6665	6787	0.98202445852364817	0.98202445852364817	6655	6752	6633	0.979185119574845	False	False	False	False	False	True	different_minimum_coordinates	False
H1-4	H1-4__BILI	H1-4__PSC	BILI	PSC	6916	6749	5678	5645	6782	0.83235033913299916	0.83235033913299916	6739	5667	5635	0.83222566829124212	False	False	False	False	False	True	different_minimum_coordinates	False
H1-4	H1-4__BILI	H1-4__AIH	BILI	AIH	6916	6749	6787	6749	6787	0.99440106085162816	0.99440106085162816	6739	6752	6715	0.99099763872491142	False	False	False	False	False	True	different_minimum_coordinates	True
H1-4	H1-4__PSC	H1-4__AIH	PSC	AIH	6916	5678	6787	5670	6795	0.83443708609271527	0.83443708609271527	5667	6752	5646	0.83360401594566658	False	False	False	False	False	True	different_minimum_coordinates	False
H1-5	H1-5__CIRR	H1-5__AST	CIRR	AST	5738	4885	5540	4819	5606	0.85961469853728145	0.85961469853728145	4880	5529	4814	0.86041108132260946	False	False	False	False	False	True	different_minimum_coordinates	False
H1-5	H1-5__CIRR	H1-5__BILI	CIRR	BILI	5738	4885	5485	4752	5618	0.84585261658953359	0.84585261658953359	4880	5473	4747	0.84677131644666426	False	False	False	False	False	True	different_minimum_coordinates	False
H1-5	H1-5__CIRR	H1-5__PBC	CIRR	PBC	5738	4885	4739	4253	5371	0.79184509402345937	0.79184509402345937	4880	4737	4249	0.79154247391952315	False	False	False	False	False	True	different_minimum_coordinates	False
H1-5	H1-5__CIRR	H1-5__PSC	CIRR	PSC	5738	4885	4843	4419	5309	0.83236014315313622	0.83236014315313622	4880	4835	4416	0.83336478580864315	False	False	False	False	False	True	different_minimum_coordinates	False
H1-5	H1-5__CIRR	H1-5__AIH	CIRR	AIH	5738	4885	5630	4877	5638	0.86502305782192268	0.86502305782192268	4880	5608	4867	0.86586016723003023	False	False	False	False	False	True	different_minimum_coordinates	False
H1-5	H1-5__AST	H1-5__BILI	AST	BILI	5738	5540	5485	5431	5594	0.97086163746871645	0.97086163746871645	5529	5473	5419	0.97062511194698187	False	False	False	False	False	True	different_minimum_coordinates	True
H1-5	H1-5__AST	H1-5__PBC	AST	PBC	5738	5540	4739	4679	5600	0.83553571428571427	0.83553571428571427	5529	4737	4673	0.83550867155372788	False	False	False	False	False	True	different_minimum_coordinates	True
H1-5	H1-5__AST	H1-5__PSC	AST	PSC	5738	5540	4843	4791	5592	0.85675965665236054	0.85675965665236054	5529	4835	4781	0.85634963281389931	False	False	False	False	False	True	different_minimum_coordinates	True
H1-5	H1-5__AST	H1-5__AIH	AST	AIH	5738	5540	5630	5540	5630	0.98401420959147423	0.98401420959147423	5529	5608	5522	0.98343722172751558	False	False	False	False	False	True	different_minimum_coordinates	True
H1-5	H1-5__BILI	H1-5__PBC	BILI	PBC	5738	5485	4739	4606	5618	0.81986472054111781	0.81986472054111781	5473	4737	4600	0.81996434937611407	False	False	False	False	False	True	different_minimum_coordinates	True
H1-5	H1-5__BILI	H1-5__PSC	BILI	PSC	5738	5485	4843	4708	5620	0.83772241992882557	0.83772241992882557	5473	4835	4698	0.83743315508021388	False	False	False	False	False	True	different_minimum_coordinates	True
H1-5	H1-5__BILI	H1-5__AIH	BILI	AIH	5738	5485	5630	5485	5630	0.97424511545293069	0.97424511545293069	5473	5608	5466	0.97346393588601954	False	False	False	False	False	True	different_minimum_coordinates	True
H1-5	H1-5__PBC	H1-5__PSC	PBC	PSC	5738	4739	4843	4421	5161	0.85661693470257705	0.85661693470257705	4737	4835	4416	0.85647788983708306	False	False	False	False	False	True	different_minimum_coordinates	True
H1-5	H1-5__PBC	H1-5__AIH	PBC	AIH	5738	4739	5630	4723	5646	0.83652143110166488	0.83652143110166488	4737	5608	4711	0.8361732339368122	False	False	False	False	False	True	different_minimum_coordinates	True
H1-5	H1-5__PSC	H1-5__AIH	PSC	AIH	5738	4843	5630	4837	5636	0.85823278921220725	0.85823278921220725	4835	5608	4821	0.85752401280683033	False	False	False	False	False	True	different_minimum_coordinates	True
H1-6	H1-6__CIRR	H1-6__BILI	CIRR	BILI	7035	5923	6867	5887	6903	0.85281761552947999	0.85281761552947999	5884	6858	5853	0.84961532878501955	False	False	False	False	False	True	different_minimum_coordinates	True
H1-6	H1-6__CIRR	H1-6__PSC	CIRR	PSC	7035	5923	5776	5299	6400	0.82796875000000003	0.82796875000000003	5884	5765	5284	0.8301649646504321	False	False	False	False	False	True	different_minimum_coordinates	False
H1-6	H1-6__CIRR	H1-6__AIH	CIRR	AIH	7035	5923	6904	5914	6913	0.85548965716765513	0.85548965716765513	5884	6871	5871	0.85284718187100528	False	False	False	False	False	True	different_minimum_coordinates	True
H1-6	H1-6__BILI	H1-6__PSC	BILI	PSC	7035	6867	5776	5743	6900	0.83231884057971017	0.83231884057971017	6858	5765	5734	0.83234141384816374	False	False	False	False	False	True	different_minimum_coordinates	False
H1-6	H1-6__BILI	H1-6__AIH	BILI	AIH	7035	6867	6904	6867	6904	0.99464078794901511	0.99464078794901511	6858	6871	6835	0.99144183347838699	False	False	False	False	False	True	different_minimum_coordinates	True
H1-6	H1-6__PSC	H1-6__AIH	PSC	AIH	7035	5776	6904	5767	6913	0.83422537248661943	0.83422537248661943	5765	6871	5745	0.83369612538093163	False	False	False	False	False	True	different_minimum_coordinates	False
H2AC1	H2AC1__CIRR	H2AC1__ALP	CIRR	ALP	7344	6261	956	808	6409	0.12607271025120922	0.12607271025120922	6245	952	806	0.12611484900641526	False	False	False	False	False	True	different_minimum_coordinates	False
H2AC1	H2AC1__CIRR	H2AC1__BILI	CIRR	BILI	7344	6261	7197	6234	7224	0.8629568106312292	0.8629568106312292	6245	7184	6218	0.8622937179309389	False	False	False	False	False	True	different_minimum_coordinates	True
H2AC1	H2AC1__CIRR	H2AC1__PSC	CIRR	PSC	7344	6261	6352	5824	6789	0.85785830019148623	0.85785830019148623	6245	6337	5811	0.85821887461231727	False	False	False	False	False	True	different_minimum_coordinates	True
H2AC1	H2AC1__CIRR	H2AC1__AIH	CIRR	AIH	7344	6261	7229	6255	7235	0.86454733932273675	0.86454733932273675	6245	7204	6235	0.86429165511505401	False	False	False	False	False	True	different_minimum_coordinates	True
H2AC1	H2AC1__ALP	H2AC1__BILI	ALP	BILI	7344	956	7197	945	7208	0.13110432852386236	0.13110432852386236	952	7184	941	0.13078526754690759	False	False	False	False	False	True	different_minimum_coordinates	False
H2AC1	H2AC1__ALP	H2AC1__PSC	ALP	PSC	7344	956	6352	789	6519	0.12103083294983893	0.12103083294983893	952	6337	785	0.1206949569495695	False	False	False	False	False	True	different_minimum_coordinates	False
H2AC1	H2AC1__ALP	H2AC1__AIH	ALP	AIH	7344	956	7229	947	7238	0.13083724785852446	0.13083724785852446	952	7204	941	0.13042273042273042	False	False	False	False	False	True	different_minimum_coordinates	False
H2AC1	H2AC1__BILI	H2AC1__PSC	BILI	PSC	7344	7197	6352	6327	7222	0.8760731099418444	0.8760731099418444	7184	6337	6314	0.87609268766477033	False	False	False	False	False	True	different_minimum_coordinates	True
H2AC1	H2AC1__BILI	H2AC1__AIH	BILI	AIH	7344	7197	7229	7197	7229	0.99557338497717529	0.99557338497717529	7184	7204	7172	0.99390243902439024	False	False	False	False	False	True	different_minimum_coordinates	True
H2AC1	H2AC1__PSC	H2AC1__AIH	PSC	AIH	7344	6352	7229	6345	7236	0.87686567164179108	0.87686567164179108	6337	7204	6325	0.87652439024390238	False	False	False	False	False	True	different_minimum_coordinates	True
H2AC11	H2AC11__CIRR	H2AC11__AST	CIRR	AST	6007	5018	5726	4940	5804	0.8511371467953136	0.8511371467953136	4984	5714	4911	0.84862623120787972	False	False	False	False	False	True	different_minimum_coordinates	False
H2AC11	H2AC11__CIRR	H2AC11__BILI	CIRR	BILI	6007	5018	5807	4958	5867	0.84506562127151863	0.84506562127151863	4984	5796	4929	0.84242009912835414	False	False	True	True	True	True	verified_shared_minimum_variant	True
H2AC11	H2AC11__CIRR	H2AC11__PSC	CIRR	PSC	6007	5018	4844	4451	5411	0.82258362594714474	0.82258362594714474	4984	4835	4441	0.82577166232800292	False	False	False	False	False	True	different_minimum_coordinates	False
H2AC11	H2AC11__CIRR	H2AC11__AIH	CIRR	AIH	6007	5018	5873	5010	5881	0.85189593606529501	0.85189593606529501	4984	5839	4973	0.85008547008547009	False	False	False	False	False	True	different_minimum_coordinates	False
H2AC11	H2AC11__AST	H2AC11__BILI	AST	BILI	6007	5726	5807	5690	5843	0.97381482115351703	0.97381482115351703	5714	5796	5678	0.97359396433470513	False	False	False	False	False	True	different_minimum_coordinates	False
H2AC11	H2AC11__AST	H2AC11__PSC	AST	PSC	6007	5726	4844	4777	5793	0.8246159157604005	0.8246159157604005	5714	4835	4767	0.82445520581113807	False	False	False	False	False	True	different_minimum_coordinates	False
H2AC11	H2AC11__AST	H2AC11__AIH	AST	AIH	6007	5726	5873	5726	5873	0.97497020262216927	0.97497020262216927	5714	5839	5695	0.97217480368726528	False	False	False	False	False	True	different_minimum_coordinates	False
H2AC11	H2AC11__BILI	H2AC11__PSC	BILI	PSC	6007	5807	4844	4781	5870	0.81448040885860307	0.81448040885860307	5796	4835	4771	0.81416382252559727	False	False	False	False	False	True	different_minimum_coordinates	False
H2AC11	H2AC11__BILI	H2AC11__AIH	BILI	AIH	6007	5807	5873	5807	5873	0.98876213178954542	0.98876213178954542	5796	5839	5775	0.98549488054607504	False	False	False	False	False	True	different_minimum_coordinates	False
H2AC11	H2AC11__PSC	H2AC11__AIH	PSC	AIH	6007	4844	5873	4834	5883	0.82168961414244435	0.82168961414244435	4835	5839	4813	0.82119092305067398	False	False	False	False	False	True	different_minimum_coordinates	True
H2AC12	H2AC12__CIRR	H2AC12__AST	CIRR	AST	5997	5011	5716	4933	5794	0.85139799792889193	0.85139799792889193	4977	5704	4904	0.84888350354855457	False	False	False	False	False	True	different_minimum_coordinates	False
H2AC12	H2AC12__CIRR	H2AC12__BILI	CIRR	BILI	5997	5011	5795	4949	5857	0.84497182858118491	0.84497182858118491	4977	5784	4920	0.84232152028762197	False	False	True	True	True	True	verified_shared_minimum_variant	True
H2AC12	H2AC12__CIRR	H2AC12__PSC	CIRR	PSC	5997	5011	4842	4450	5403	0.82361650934665931	0.82361650934665931	4977	4833	4440	0.82681564245810057	False	False	False	False	False	True	different_minimum_coordinates	False
H2AC12	H2AC12__CIRR	H2AC12__AIH	CIRR	AIH	5997	5011	5863	5003	5871	0.85215465849088745	0.85215465849088745	4977	5829	4966	0.85034246575342465	False	False	False	False	False	True	different_minimum_coordinates	False
H2AC12	H2AC12__AST	H2AC12__BILI	AST	BILI	5997	5716	5795	5679	5832	0.97376543209876543	0.97376543209876543	5704	5784	5667	0.97354406459371245	False	False	False	False	False	True	different_minimum_coordinates	False
H2AC12	H2AC12__AST	H2AC12__PSC	AST	PSC	5997	5716	4842	4774	5784	0.82538035961272471	0.82538035961272471	5704	4833	4764	0.82522085570760439	False	False	False	False	False	True	different_minimum_coordinates	False
H2AC12	H2AC12__AST	H2AC12__AIH	AST	AIH	5997	5716	5863	5716	5863	0.97492751151287738	0.97492751151287738	5704	5829	5685	0.9721272229822161	False	False	False	False	False	True	different_minimum_coordinates	False
H2AC12	H2AC12__BILI	H2AC12__PSC	BILI	PSC	5997	5795	4842	4777	5860	0.81518771331058015	0.81518771331058015	5784	4833	4767	0.81487179487179484	False	False	False	False	False	True	different_minimum_coordinates	False
H2AC12	H2AC12__BILI	H2AC12__AIH	BILI	AIH	5997	5795	5863	5795	5863	0.98840184206037862	0.98840184206037862	5784	5829	5763	0.98512820512820509	False	False	False	False	False	True	different_minimum_coordinates	False
H2AC12	H2AC12__PSC	H2AC12__AIH	PSC	AIH	5997	4842	5863	4832	5873	0.82274816958964758	0.82274816958964758	4833	5829	4811	0.82225260639206976	False	False	False	False	False	True	different_minimum_coordinates	True
H2AC13	H2AC13__CIRR	H2AC13__AST	CIRR	AST	5681	4828	5481	4759	5550	0.85747747747747749	0.85747747747747749	4822	5470	4753	0.85809712944574834	False	False	False	False	False	True	different_minimum_coordinates	False
H2AC13	H2AC13__CIRR	H2AC13__BILI	CIRR	BILI	5681	4828	5435	4699	5564	0.84453630481667863	0.84453630481667863	4822	5423	4693	0.84528097982708938	False	False	False	False	False	True	different_minimum_coordinates	False
H2AC13	H2AC13__CIRR	H2AC13__PBC	CIRR	PBC	5681	4828	4611	4136	5303	0.77993588534791625	0.77993588534791625	4822	4609	4132	0.77976976788073227	False	False	False	False	False	True	different_minimum_coordinates	False
H2AC13	H2AC13__CIRR	H2AC13__PSC	CIRR	PSC	5681	4828	4744	4326	5246	0.82462828821959588	0.82462828821959588	4822	4736	4323	0.82578796561604584	False	False	False	False	False	True	different_minimum_coordinates	False
H2AC13	H2AC13__CIRR	H2AC13__AIH	CIRR	AIH	5681	4828	5575	4820	5583	0.8633351244850439	0.8633351244850439	4822	5553	4809	0.86399568810636007	False	False	False	False	False	True	different_minimum_coordinates	False
H2AC13	H2AC13__AST	H2AC13__BILI	AST	BILI	5681	5481	5435	5378	5538	0.97110870350306966	0.97110870350306966	5470	5423	5366	0.97087027320427	False	False	False	False	False	True	different_minimum_coordinates	True
H2AC13	H2AC13__AST	H2AC13__PBC	AST	PBC	5681	5481	4611	4553	5539	0.82198952879581155	0.82198952879581155	5470	4609	4547	0.82194504699927695	False	False	False	False	False	True	different_minimum_coordinates	True
H2AC13	H2AC13__AST	H2AC13__PSC	AST	PSC	5681	5481	4744	4691	5534	0.84766895554752442	0.84766895554752442	5470	4736	4681	0.84723981900452494	False	False	False	False	False	True	different_minimum_coordinates	True
H2AC13	H2AC13__AST	H2AC13__AIH	AST	AIH	5681	5481	5575	5481	5575	0.98313901345291477	0.98313901345291477	5470	5553	5464	0.98291059543083292	False	False	False	False	False	True	different_minimum_coordinates	True
H2AC13	H2AC13__BILI	H2AC13__PBC	BILI	PBC	5681	5435	4611	4484	5562	0.80618482560230131	0.80618482560230131	5423	4609	4478	0.80626575441123516	False	False	False	False	False	True	different_minimum_coordinates	True
H2AC13	H2AC13__BILI	H2AC13__PSC	BILI	PSC	5681	5435	4744	4614	5565	0.82911051212938003	0.82911051212938003	5423	4736	4604	0.82880288028802884	False	False	False	False	False	True	different_minimum_coordinates	True
H2AC13	H2AC13__BILI	H2AC13__AIH	BILI	AIH	5681	5435	5575	5435	5575	0.97488789237668161	0.97488789237668161	5423	5553	5417	0.97445583738082386	False	False	False	False	False	True	different_minimum_coordinates	True
H2AC13	H2AC13__PBC	H2AC13__PSC	PBC	PSC	5681	4611	4744	4300	5055	0.85064292779426309	0.85064292779426309	4609	4736	4295	0.85049504950495047	False	False	False	False	False	True	different_minimum_coordinates	True
H2AC13	H2AC13__PBC	H2AC13__AIH	PBC	AIH	5681	4611	5575	4596	5590	0.82218246869409661	0.82218246869409661	4609	5553	4585	0.82212659135736055	False	False	False	False	False	True	different_minimum_coordinates	True
H2AC13	H2AC13__PSC	H2AC13__AIH	PSC	AIH	5681	4744	5575	4738	5581	0.84895180075255328	0.84895180075255328	4736	5553	4722	0.84821268187533683	False	False	False	False	False	True	different_minimum_coordinates	True
H2AC14	H2AC14__CIRR	H2AC14__AST	CIRR	AST	5709	4855	5509	4786	5578	0.85801362495518108	0.85801362495518108	4850	5498	4781	0.85881084964972154	False	False	False	False	False	True	different_minimum_coordinates	False
H2AC14	H2AC14__CIRR	H2AC14__BILI	CIRR	BILI	5709	4855	5463	4726	5592	0.84513590844062947	0.84513590844062947	4850	5451	4721	0.84605734767025087	False	False	False	False	False	True	different_minimum_coordinates	False
H2AC14	H2AC14__CIRR	H2AC14__PBC	CIRR	PBC	5709	4855	4639	4163	5331	0.78090414556368415	0.78090414556368415	4850	4637	4159	0.7805930930930931	False	False	False	False	False	True	different_minimum_coordinates	False
H2AC14	H2AC14__CIRR	H2AC14__PSC	CIRR	PSC	5709	4855	4773	4354	5274	0.82555934774364803	0.82555934774364803	4850	4765	4351	0.82655775075987847	False	False	False	False	False	True	different_minimum_coordinates	False
H2AC14	H2AC14__CIRR	H2AC14__AIH	CIRR	AIH	5709	4855	5603	4847	5611	0.86383888789877028	0.86383888789877028	4850	5581	4837	0.86467643904183056	False	False	False	False	False	True	different_minimum_coordinates	False
H2AC14	H2AC14__AST	H2AC14__BILI	AST	BILI	5709	5509	5463	5406	5566	0.97125404240028745	0.97125404240028745	5498	5451	5394	0.97101710171017097	False	False	False	False	False	True	different_minimum_coordinates	True
H2AC14	H2AC14__AST	H2AC14__PBC	AST	PBC	5709	5509	4639	4581	5567	0.82288485719418003	0.82288485719418003	5498	4637	4575	0.82284172661870503	False	False	False	False	False	True	different_minimum_coordinates	True
H2AC14	H2AC14__AST	H2AC14__PSC	AST	PSC	5709	5509	4773	4720	5562	0.84861560589715934	0.84861560589715934	5498	4765	4710	0.84819016747703946	False	False	False	False	False	True	different_minimum_coordinates	True
H2AC14	H2AC14__AST	H2AC14__AIH	AST	AIH	5709	5509	5603	5509	5603	0.98322327324647507	0.98322327324647507	5498	5581	5492	0.98299624127438701	False	False	False	False	False	True	different_minimum_coordinates	True
H2AC14	H2AC14__BILI	H2AC14__PBC	BILI	PBC	5709	5463	4639	4512	5590	0.80715563506261179	0.80715563506261179	5451	4637	4506	0.80723754926549629	False	False	False	False	False	True	different_minimum_coordinates	True
H2AC14	H2AC14__BILI	H2AC14__PSC	BILI	PSC	5709	5463	4773	4643	5593	0.83014482388700161	0.83014482388700161	5451	4765	4633	0.82984058749776102	False	False	False	False	False	True	different_minimum_coordinates	True
H2AC14	H2AC14__BILI	H2AC14__AIH	BILI	AIH	5709	5463	5603	5463	5603	0.97501338568623952	0.97501338568623952	5451	5581	5445	0.97458385537855741	False	False	False	False	False	True	different_minimum_coordinates	True
H2AC14	H2AC14__PBC	H2AC14__PSC	PBC	PSC	5709	4639	4773	4328	5084	0.85129819040125887	0.85129819040125887	4637	4765	4323	0.85115180153573533	False	False	False	False	False	True	different_minimum_coordinates	True
H2AC14	H2AC14__PBC	H2AC14__AIH	PBC	AIH	5709	4639	5603	4624	5618	0.82306870772516905	0.82306870772516905	4637	5581	4613	0.82301516503122207	False	False	False	False	False	True	different_minimum_coordinates	True
H2AC14	H2AC14__PSC	H2AC14__AIH	PSC	AIH	5709	4773	5603	4767	5609	0.8498841148154751	0.8498841148154751	4765	5581	4751	0.84915102770330653	False	False	False	False	False	True	different_minimum_coordinates	True
H2AC15	H2AC15__CIRR	H2AC15__AST	CIRR	AST	5729	4880	5530	4813	5597	0.85992495979989281	0.85992495979989281	4875	5519	4808	0.86072323666308626	False	False	False	False	False	True	different_minimum_coordinates	False
H2AC15	H2AC15__CIRR	H2AC15__BILI	CIRR	BILI	5729	4880	5479	4749	5610	0.84652406417112303	0.84652406417112303	4875	5467	4744	0.84744551625580566	False	False	False	False	False	True	different_minimum_coordinates	False
H2AC15	H2AC15__CIRR	H2AC15__PBC	CIRR	PBC	5729	4880	4688	4206	5362	0.78440880268556512	0.78440880268556512	4875	4686	4202	0.7841015114760217	False	False	False	False	False	True	different_minimum_coordinates	False
H2AC15	H2AC15__CIRR	H2AC15__PSC	CIRR	PSC	5729	4880	4809	4389	5300	0.82811320754716977	0.82811320754716977	4875	4801	4386	0.82911153119092629	False	False	False	False	False	True	different_minimum_coordinates	False
H2AC15	H2AC15__CIRR	H2AC15__AIH	CIRR	AIH	5729	4880	5621	4872	5629	0.86551785397050984	0.86551785397050984	4875	5599	4862	0.86635780470420531	False	False	False	False	False	True	different_minimum_coordinates	False
H2AC15	H2AC15__AST	H2AC15__BILI	AST	BILI	5729	5530	5479	5425	5584	0.97152578796561606	0.97152578796561606	5519	5467	5413	0.97129014893235244	False	False	False	False	False	True	different_minimum_coordinates	True
H2AC15	H2AC15__AST	H2AC15__PBC	AST	PBC	5729	5530	4688	4629	5589	0.82823403113258187	0.82823403113258187	5519	4686	4623	0.8281977785739878	False	False	False	False	False	True	different_minimum_coordinates	True
H2AC15	H2AC15__AST	H2AC15__PSC	AST	PSC	5729	5530	4809	4756	5583	0.85187175353752465	0.85187175353752465	5519	4801	4746	0.85145317545748112	False	False	False	False	False	True	different_minimum_coordinates	True
H2AC15	H2AC15__AST	H2AC15__AIH	AST	AIH	5729	5530	5621	5530	5621	0.98381070983810714	0.98381070983810714	5519	5599	5513	0.98358608385370205	False	False	False	False	False	True	different_minimum_coordinates	True
H2AC15	H2AC15__BILI	H2AC15__PBC	BILI	PBC	5729	5479	4688	4558	5609	0.81262257086824741	0.81262257086824741	5467	4686	4552	0.81271201571148011	False	False	False	False	False	True	different_minimum_coordinates	True
H2AC15	H2AC15__BILI	H2AC15__PSC	BILI	PSC	5729	5479	4809	4677	5611	0.8335412582427375	0.8335412582427375	5467	4801	4667	0.83324406356007852	False	False	False	False	False	True	different_minimum_coordinates	True
H2AC15	H2AC15__BILI	H2AC15__AIH	BILI	AIH	5729	5479	5621	5479	5621	0.97473759117594738	0.97473759117594738	5467	5599	5461	0.97430865298840319	False	False	False	False	False	True	different_minimum_coordinates	True
H2AC15	H2AC15__PBC	H2AC15__PSC	PBC	PSC	5729	4688	4809	4370	5127	0.85235030232104547	0.85235030232104547	4686	4801	4365	0.85220616946505268	False	False	False	False	False	True	different_minimum_coordinates	True
H2AC15	H2AC15__PBC	H2AC15__AIH	PBC	AIH	5729	4688	5621	4672	5637	0.828809650523328	0.828809650523328	4686	5599	4661	0.82876955903271687	False	False	False	False	False	True	different_minimum_coordinates	True
H2AC15	H2AC15__PSC	H2AC15__AIH	PSC	AIH	5729	4809	5621	4803	5627	0.85356317753687583	0.85356317753687583	4801	5599	4787	0.8528416176732585	False	False	False	False	False	True	different_minimum_coordinates	True
H2AC16	H2AC16__CIRR	H2AC16__AST	CIRR	AST	5735	4883	5537	4817	5603	0.85971800820988753	0.85971800820988753	4878	5526	4812	0.86051502145922742	False	False	False	False	False	True	different_minimum_coordinates	False
H2AC16	H2AC16__CIRR	H2AC16__BILI	CIRR	BILI	5735	4883	5482	4750	5615	0.84594835262689227	0.84594835262689227	4878	5470	4745	0.84686774941995357	False	False	False	False	False	True	different_minimum_coordinates	False
H2AC16	H2AC16__CIRR	H2AC16__PBC	CIRR	PBC	5735	4883	4733	4248	5368	0.79135618479880776	0.79135618479880776	4878	4731	4244	0.79105312208760481	False	False	False	False	False	True	different_minimum_coordinates	False
H2AC16	H2AC16__CIRR	H2AC16__PSC	CIRR	PSC	5735	4883	4837	4414	5306	0.83188842819449682	0.83188842819449682	4878	4829	4411	0.83289274924471302	False	False	False	False	False	True	different_minimum_coordinates	False
H2AC16	H2AC16__CIRR	H2AC16__AIH	CIRR	AIH	5735	4883	5627	4875	5635	0.86512866015971601	0.86512866015971601	4878	5606	4866	0.86614453542185832	False	False	False	False	False	True	different_minimum_coordinates	False
H2AC16	H2AC16__AST	H2AC16__BILI	AST	BILI	5735	5537	5482	5428	5591	0.97084600250402431	0.97084600250402431	5526	5470	5416	0.97060931899641578	False	False	False	False	False	True	different_minimum_coordinates	True
H2AC16	H2AC16__AST	H2AC16__PBC	AST	PBC	5735	5537	4733	4673	5597	0.83491155976415932	0.83491155976415932	5526	4731	4667	0.83488372093023255	False	False	False	False	False	True	different_minimum_coordinates	True
H2AC16	H2AC16__AST	H2AC16__PSC	AST	PSC	5735	5537	4837	4785	5589	0.85614600107353733	0.85614600107353733	5526	4829	4775	0.85573476702508966	False	False	False	False	False	True	different_minimum_coordinates	True
H2AC16	H2AC16__AST	H2AC16__AIH	AST	AIH	5735	5537	5627	5537	5627	0.98400568686689183	0.98400568686689183	5526	5606	5520	0.98360655737704916	False	False	False	False	False	True	different_minimum_coordinates	True
H2AC16	H2AC16__BILI	H2AC16__PBC	BILI	PBC	5735	5482	4733	4600	5615	0.81923419412288512	0.81923419412288512	5470	4731	4594	0.81933297663634741	False	False	False	False	False	True	different_minimum_coordinates	True
H2AC16	H2AC16__BILI	H2AC16__PSC	BILI	PSC	5735	5482	4837	4702	5617	0.8371016556880897	0.8371016556880897	5470	4829	4692	0.83681112894596044	False	False	False	False	False	True	different_minimum_coordinates	True
H2AC16	H2AC16__BILI	H2AC16__AIH	BILI	AIH	5735	5482	5627	5482	5627	0.97423138439665902	0.97423138439665902	5470	5606	5464	0.97362794012829645	False	False	False	False	False	True	different_minimum_coordinates	True
H2AC16	H2AC16__PBC	H2AC16__PSC	PBC	PSC	5735	4733	4837	4415	5155	0.85645004849660522	0.85645004849660522	4731	4829	4410	0.85631067961165053	False	False	False	False	False	True	different_minimum_coordinates	True
H2AC16	H2AC16__PBC	H2AC16__AIH	PBC	AIH	5735	4733	5627	4717	5643	0.83590288853446748	0.83590288853446748	4731	5606	4706	0.83573077606109036	False	False	False	False	False	True	different_minimum_coordinates	True
H2AC16	H2AC16__PSC	H2AC16__AIH	PSC	AIH	5735	4837	5627	4831	5633	0.85762471152139175	0.85762471152139175	4829	5606	4816	0.85709200925431572	False	False	False	False	False	True	different_minimum_coordinates	True
H2AC17	H2AC17__CIRR	H2AC17__AST	CIRR	AST	5743	4892	5548	4828	5612	0.86029935851746253	0.86029935851746253	4887	5537	4823	0.86109623281556869	False	False	False	False	False	True	different_minimum_coordinates	False
H2AC17	H2AC17__CIRR	H2AC17__BILI	CIRR	BILI	5743	4892	5474	4744	5622	0.8438278192813945	0.8438278192813945	4887	5462	4739	0.84474153297682708	False	False	False	False	False	True	different_minimum_coordinates	False
H2AC17	H2AC17__CIRR	H2AC17__PBC	CIRR	PBC	5743	4892	4781	4292	5381	0.7976212599888497	0.7976212599888497	4887	4779	4288	0.79732242469319448	False	False	False	False	False	True	different_minimum_coordinates	False
H2AC17	H2AC17__CIRR	H2AC17__PSC	CIRR	PSC	5743	4892	4878	4451	5319	0.83681143072006015	0.83681143072006015	4887	4870	4448	0.83782256545488798	False	False	False	False	False	True	different_minimum_coordinates	False
H2AC17	H2AC17__CIRR	H2AC17__AIH	CIRR	AIH	5743	4892	5635	4884	5643	0.86549707602339176	0.86549707602339176	4887	5613	4874	0.86633487380021335	False	False	False	False	False	True	different_minimum_coordinates	False
H2AC17	H2AC17__AST	H2AC17__BILI	AST	BILI	5743	5548	5474	5422	5600	0.96821428571428569	0.96821428571428569	5537	5462	5410	0.967972803721596	False	False	False	False	False	True	different_minimum_coordinates	True
H2AC17	H2AC17__AST	H2AC17__PBC	AST	PBC	5743	5548	4781	4721	5608	0.8418330955777461	0.8418330955777461	5537	4779	4715	0.84181396179253709	False	False	False	False	False	True	different_minimum_coordinates	True
H2AC17	H2AC17__AST	H2AC17__PSC	AST	PSC	5743	5548	4878	4826	5600	0.86178571428571427	0.86178571428571427	5537	4870	4816	0.86138436773385796	False	False	False	False	False	True	different_minimum_coordinates	True
H2AC17	H2AC17__AST	H2AC17__AIH	AST	AIH	5743	5548	5635	5548	5635	0.98456078083407272	0.98456078083407272	5537	5613	5530	0.98398576512455516	False	False	False	False	False	True	different_minimum_coordinates	True
H2AC17	H2AC17__BILI	H2AC17__PBC	BILI	PBC	5743	5474	4781	4631	5624	0.82343527738264577	0.82343527738264577	5462	4779	4625	0.82353988603988604	False	False	False	False	False	True	different_minimum_coordinates	True
H2AC17	H2AC17__BILI	H2AC17__PSC	BILI	PSC	5743	5474	4878	4726	5626	0.84002843938855309	0.84002843938855309	5462	4870	4716	0.83974358974358976	False	False	False	False	False	True	different_minimum_coordinates	True
H2AC17	H2AC17__BILI	H2AC17__AIH	BILI	AIH	5743	5474	5635	5474	5635	0.97142857142857142	0.97142857142857142	5462	5613	5455	0.97064056939501775	False	False	False	False	False	True	different_minimum_coordinates	True
H2AC17	H2AC17__PBC	H2AC17__PSC	PBC	PSC	5743	4781	4878	4464	5195	0.85928777670837342	0.85928777670837342	4779	4870	4459	0.85915221579961465	False	False	False	False	False	True	different_minimum_coordinates	True
H2AC17	H2AC17__PBC	H2AC17__AIH	PBC	AIH	5743	4781	5635	4765	5651	0.84321359051495315	0.84321359051495315	4779	5613	4753	0.84287994325234972	False	False	False	False	False	True	different_minimum_coordinates	True
H2AC17	H2AC17__PSC	H2AC17__AIH	PSC	AIH	5743	4878	5635	4872	5641	0.86367665307569574	0.86367665307569574	4870	5613	4856	0.8629820508263728	False	False	False	False	False	True	different_minimum_coordinates	True
H2AC4	H2AC4__CIRR	H2AC4__BILI	CIRR	BILI	7251	6110	7084	6077	7117	0.85387101306730362	0.85387101306730362	6070	7075	6042	0.85062649584682526	False	False	False	False	False	True	different_minimum_coordinates	True
H2AC4	H2AC4__CIRR	H2AC4__PSC	CIRR	PSC	7251	6110	5967	5474	6603	0.82901711343328788	0.82901711343328788	6070	5956	5458	0.83099878197320343	False	False	False	False	False	True	different_minimum_coordinates	True
H2AC4	H2AC4__CIRR	H2AC4__AIH	CIRR	AIH	7251	6110	7117	6100	7127	0.85590009821804403	0.85590009821804403	6070	7084	6056	0.85319808396731478	False	False	False	False	False	True	different_minimum_coordinates	True
H2AC4	H2AC4__BILI	H2AC4__PSC	BILI	PSC	7251	7084	5967	5938	7113	0.83480950372557294	0.83480950372557294	7075	5956	5929	0.83483525767389466	False	False	False	False	False	True	different_minimum_coordinates	True
H2AC4	H2AC4__BILI	H2AC4__AIH	BILI	AIH	7251	7084	7117	7084	7117	0.99536321483771251	0.99536321483771251	7075	7084	7052	0.99226115097790912	False	False	False	False	False	True	different_minimum_coordinates	True
H2AC4	H2AC4__PSC	H2AC4__AIH	PSC	AIH	7251	5967	7117	5958	7126	0.83609317990457477	0.83609317990457477	5956	7084	5936	0.8355855855855856	False	False	False	False	False	True	different_minimum_coordinates	True
H2AC6	H2AC6__CIRR	H2AC6__BILI	CIRR	BILI	6969	5865	6802	5830	6837	0.8527131782945736	0.8527131782945736	5826	6793	5796	0.84947970101128534	False	False	False	False	False	True	different_minimum_coordinates	True
H2AC6	H2AC6__CIRR	H2AC6__PSC	CIRR	PSC	6969	5865	5715	5244	6336	0.82765151515151514	0.82765151515151514	5826	5704	5229	0.82986827487700365	False	False	False	False	False	True	different_minimum_coordinates	False
H2AC6	H2AC6__CIRR	H2AC6__AIH	CIRR	AIH	6969	5865	6838	5856	6847	0.85526507959690379	0.85526507959690379	5826	6804	5812	0.85244939865063063	False	False	False	False	False	True	different_minimum_coordinates	True
H2AC6	H2AC6__BILI	H2AC6__PSC	BILI	PSC	6969	6802	5715	5683	6834	0.83157740708223593	0.83157740708223593	6793	5704	5674	0.83159900337095116	False	False	False	False	False	True	different_minimum_coordinates	False
H2AC6	H2AC6__BILI	H2AC6__AIH	BILI	AIH	6969	6802	6838	6802	6838	0.99473530272009358	0.99473530272009358	6793	6804	6769	0.99135910954891626	False	False	False	False	False	True	different_minimum_coordinates	True
H2AC6	H2AC6__PSC	H2AC6__AIH	PSC	AIH	6969	5715	6838	5706	6847	0.83335767489411416	0.83335767489411416	5704	6804	5683	0.83267399267399267	False	False	False	False	False	True	different_minimum_coordinates	False
H2AC7	H2AC7__CIRR	H2AC7__AST	CIRR	AST	6941	5852	6688	5795	6745	0.85915492957746475	0.85915492957746475	5814	6677	5763	0.85656956004756246	False	False	False	False	False	True	different_minimum_coordinates	False
H2AC7	H2AC7__CIRR	H2AC7__BILI	CIRR	BILI	6941	5852	6773	5815	6810	0.85389133627019087	0.85389133627019087	5814	6762	5782	0.85104503974094792	False	False	False	False	False	True	different_minimum_coordinates	True
H2AC7	H2AC7__CIRR	H2AC7__PSC	CIRR	PSC	6941	5852	5706	5249	6309	0.83198605167221429	0.83198605167221429	5814	5695	5234	0.83410358565737053	False	False	False	False	False	True	different_minimum_coordinates	False
H2AC7	H2AC7__CIRR	H2AC7__AIH	CIRR	AIH	6941	5852	6811	5843	6820	0.85674486803519057	0.85674486803519057	5814	6775	5800	0.85432316983355427	False	False	False	False	False	True	different_minimum_coordinates	True
H2AC7	H2AC7__AST	H2AC7__BILI	AST	BILI	6941	6688	6773	6672	6789	0.9827662395050818	0.9827662395050818	6677	6762	6660	0.98244578846437525	False	False	False	False	False	True	different_minimum_coordinates	False
H2AC7	H2AC7__AST	H2AC7__PSC	AST	PSC	6941	6688	5706	5663	6731	0.84133115436042194	0.84133115436042194	6677	5695	5653	0.84134543830927222	False	False	False	False	False	True	different_minimum_coordinates	True
H2AC7	H2AC7__AST	H2AC7__AIH	AST	AIH	6941	6688	6811	6688	6811	0.98194097782998091	0.98194097782998091	6677	6775	6655	0.97910843018978966	False	False	False	False	False	True	different_minimum_coordinates	False
H2AC7	H2AC7__BILI	H2AC7__PSC	BILI	PSC	6941	6773	5706	5673	6806	0.83352923890684694	0.83352923890684694	6762	5695	5663	0.83352958492787754	False	False	False	False	False	True	different_minimum_coordinates	False
H2AC7	H2AC7__BILI	H2AC7__AIH	BILI	AIH	6941	6773	6811	6773	6811	0.99442078989869331	0.99442078989869331	6762	6775	6738	0.99102809236652445	False	False	False	False	False	True	different_minimum_coordinates	True
H2AC7	H2AC7__PSC	H2AC7__AIH	PSC	AIH	6941	5706	6811	5698	6819	0.83560639389939873	0.83560639389939873	5695	6775	5674	0.8349028840494408	False	False	False	False	False	True	different_minimum_coordinates	False
H2AC8	H2AC8__CIRR	H2AC8__AST	CIRR	AST	6952	5872	6701	5815	6758	0.8604616750517905	0.8604616750517905	5834	6690	5783	0.85788458685654945	False	False	False	False	False	True	different_minimum_coordinates	False
H2AC8	H2AC8__CIRR	H2AC8__BILI	CIRR	BILI	6952	5872	6786	5835	6823	0.85519566173237582	0.85519566173237582	5834	6775	5802	0.85235786690171877	False	False	False	False	False	True	different_minimum_coordinates	True
H2AC8	H2AC8__CIRR	H2AC8__PSC	CIRR	PSC	6952	5872	5726	5271	6327	0.83309625414888577	0.83309625414888577	5834	5715	5256	0.83521372954075956	False	False	False	False	False	True	different_minimum_coordinates	False
H2AC8	H2AC8__CIRR	H2AC8__AIH	CIRR	AIH	6952	5872	6824	5863	6833	0.85804185570027802	0.85804185570027802	5834	6788	5820	0.8556306968538665	False	False	False	False	False	True	different_minimum_coordinates	True
H2AC8	H2AC8__AST	H2AC8__BILI	AST	BILI	6952	6701	6786	6685	6802	0.98279917671273154	0.98279917671273154	6690	6775	6673	0.98247938751472319	False	False	False	False	False	True	different_minimum_coordinates	False
H2AC8	H2AC8__AST	H2AC8__PSC	AST	PSC	6952	6701	5726	5683	6744	0.84267497034400951	0.84267497034400951	6690	5715	5673	0.84269162210338677	False	False	False	False	False	True	different_minimum_coordinates	True
H2AC8	H2AC8__AST	H2AC8__AIH	AST	AIH	6952	6701	6824	6701	6824	0.98197538100820636	0.98197538100820636	6690	6788	6668	0.97914831130690161	False	False	False	False	False	True	different_minimum_coordinates	False
H2AC8	H2AC8__BILI	H2AC8__PSC	BILI	PSC	6952	6786	5726	5693	6819	0.83487314855550665	0.83487314855550665	6775	5715	5683	0.83487586308212136	False	False	False	False	False	True	different_minimum_coordinates	False
H2AC8	H2AC8__BILI	H2AC8__AIH	BILI	AIH	6952	6786	6824	6786	6824	0.99443141852286054	0.99443141852286054	6775	6788	6751	0.99104521432765702	False	False	False	False	False	True	different_minimum_coordinates	True
H2AC8	H2AC8__PSC	H2AC8__AIH	PSC	AIH	6952	5726	6824	5718	6832	0.83694379391100704	0.83694379391100704	5715	6788	5694	0.83624614480834192	False	False	False	False	False	True	different_minimum_coordinates	False
H2BC1	H2BC1__CIRR	H2BC1__ALP	CIRR	ALP	7342	6257	952	804	6405	0.12552693208430912	0.12552693208430912	6241	948	802	0.12556755910443088	False	False	False	False	False	True	different_minimum_coordinates	False
H2BC1	H2BC1__CIRR	H2BC1__BILI	CIRR	BILI	7342	6257	7194	6230	7221	0.86276139038914279	0.86276139038914279	6241	7181	6214	0.86209766925638176	False	False	False	False	False	True	different_minimum_coordinates	True
H2BC1	H2BC1__CIRR	H2BC1__PSC	CIRR	PSC	7342	6257	6349	5820	6786	0.85764809902740935	0.85764809902740935	6241	6334	5807	0.85800827423167847	False	False	False	False	False	True	different_minimum_coordinates	True
H2BC1	H2BC1__CIRR	H2BC1__AIH	CIRR	AIH	7342	6257	7226	6251	7232	0.86435287610619471	0.86435287610619471	6241	7201	6231	0.86409651920676744	False	False	False	False	False	True	different_minimum_coordinates	True
H2BC1	H2BC1__ALP	H2BC1__BILI	ALP	BILI	7342	952	7194	941	7205	0.13060374739764052	0.13060374739764052	948	7181	937	0.13028364849833149	False	False	False	False	False	True	different_minimum_coordinates	False
H2BC1	H2BC1__ALP	H2BC1__PSC	ALP	PSC	7342	952	6349	785	6516	0.12047268262737876	0.12047268262737876	948	6334	781	0.12013536379018612	False	False	False	False	False	True	different_minimum_coordinates	False
H2BC1	H2BC1__ALP	H2BC1__AIH	ALP	AIH	7342	952	7226	943	7235	0.13033863165169315	0.13033863165169315	948	7201	937	0.12992235163616195	False	False	False	False	False	True	different_minimum_coordinates	False
H2BC1	H2BC1__BILI	H2BC1__PSC	BILI	PSC	7342	7194	6349	6323	7220	0.87576177285318557	0.87576177285318557	7181	6334	6310	0.87578070784177653	False	False	False	False	False	True	different_minimum_coordinates	True
H2BC1	H2BC1__BILI	H2BC1__AIH	BILI	AIH	7342	7194	7226	7194	7226	0.99557154719070029	0.99557154719070029	7181	7201	7169	0.99389990295300157	False	False	False	False	False	True	different_minimum_coordinates	True
H2BC1	H2BC1__PSC	H2BC1__AIH	PSC	AIH	7342	6349	7226	6341	7234	0.87655515620680124	0.87655515620680124	6334	7201	6321	0.87621291932353762	False	False	False	False	False	True	different_minimum_coordinates	True
H2BC10	H2BC10__CIRR	H2BC10__AST	CIRR	AST	6908	5843	6659	5787	6715	0.86180193596425914	0.86180193596425914	5806	6648	5756	0.85936100328456255	False	False	False	False	False	True	different_minimum_coordinates	False
H2BC10	H2BC10__CIRR	H2BC10__BILI	CIRR	BILI	6908	5843	6742	5806	6779	0.85646850567930377	0.85646850567930377	5806	6731	5774	0.85376312287446399	False	False	False	False	False	True	different_minimum_coordinates	True
H2BC10	H2BC10__CIRR	H2BC10__PSC	CIRR	PSC	6908	5843	5697	5246	6294	0.83349221480775337	0.83349221480775337	5806	5687	5231	0.83535611625678696	False	False	False	False	False	True	different_minimum_coordinates	False
H2BC10	H2BC10__CIRR	H2BC10__AIH	CIRR	AIH	6908	5843	6781	5834	6790	0.85920471281296018	0.85920471281296018	5806	6745	5792	0.85693149874241747	False	False	False	False	False	True	different_minimum_coordinates	True
H2BC10	H2BC10__AST	H2BC10__BILI	AST	BILI	6908	6659	6742	6642	6759	0.9826897470039947	0.9826897470039947	6648	6731	6630	0.98236775818639799	False	False	False	False	False	True	different_minimum_coordinates	False
H2BC10	H2BC10__AST	H2BC10__PSC	AST	PSC	6908	6659	5697	5656	6700	0.84417910447761191	0.84417910447761191	6648	5687	5646	0.84407235760203314	False	False	False	False	False	True	different_minimum_coordinates	True
H2BC10	H2BC10__AST	H2BC10__AIH	AST	AIH	6908	6659	6781	6659	6781	0.98200855331072112	0.98200855331072112	6648	6745	6626	0.97916358800059111	False	False	False	False	False	True	different_minimum_coordinates	False
H2BC10	H2BC10__BILI	H2BC10__PSC	BILI	PSC	6908	6742	5697	5665	6774	0.83628579864186592	0.83628579864186592	6731	5687	5655	0.83616738133964219	False	False	False	False	False	True	different_minimum_coordinates	False
H2BC10	H2BC10__BILI	H2BC10__AIH	BILI	AIH	6908	6742	6781	6742	6781	0.99424863589441081	0.99424863589441081	6731	6745	6707	0.99084059683852854	False	False	False	False	False	True	different_minimum_coordinates	True
H2BC10	H2BC10__PSC	H2BC10__AIH	PSC	AIH	6908	5697	6781	5690	6788	0.83824395992928702	0.83824395992928702	5687	6745	5666	0.83742240614838903	False	False	False	False	False	True	different_minimum_coordinates	False
H2BC11	H2BC11__CIRR	H2BC11__AST	CIRR	AST	6006	5018	5725	4940	5803	0.85128381871445802	0.85128381871445802	4984	5713	4911	0.84877290010369855	False	False	False	False	False	True	different_minimum_coordinates	False
H2BC11	H2BC11__CIRR	H2BC11__BILI	CIRR	BILI	6006	5018	5806	4958	5866	0.84520968291851351	0.84520968291851351	4984	5795	4929	0.84256410256410252	False	False	True	True	True	True	verified_shared_minimum_variant	True
H2BC11	H2BC11__CIRR	H2BC11__PSC	CIRR	PSC	6006	5018	4843	4451	5410	0.82273567467652498	0.82273567467652498	4984	4834	4441	0.82592523712107124	False	False	False	False	False	True	different_minimum_coordinates	False
H2BC11	H2BC11__CIRR	H2BC11__AIH	CIRR	AIH	6006	5018	5872	5010	5880	0.85204081632653061	0.85204081632653061	4984	5838	4973	0.85023080868524537	False	False	False	False	False	True	different_minimum_coordinates	False
H2BC11	H2BC11__AST	H2BC11__BILI	AST	BILI	6006	5725	5806	5689	5842	0.97381033892502566	0.97381033892502566	5713	5795	5677	0.97358943577430967	False	False	False	False	False	True	different_minimum_coordinates	False
H2BC11	H2BC11__AST	H2BC11__PSC	AST	PSC	6006	5725	4843	4776	5792	0.824585635359116	0.824585635359116	5713	4834	4766	0.8244248399930808	False	False	False	False	False	True	different_minimum_coordinates	False
H2BC11	H2BC11__AST	H2BC11__AIH	AST	AIH	6006	5725	5872	5725	5872	0.97496594005449588	0.97496594005449588	5713	5838	5694	0.9721700529281202	False	False	False	False	False	True	different_minimum_coordinates	False
H2BC11	H2BC11__BILI	H2BC11__PSC	BILI	PSC	6006	5806	4843	4780	5869	0.81444879877321519	0.81444879877321519	5795	4834	4770	0.81413210445468509	False	False	False	False	False	True	different_minimum_coordinates	False
H2BC11	H2BC11__BILI	H2BC11__AIH	BILI	AIH	6006	5806	5872	5806	5872	0.98876021798365121	0.98876021798365121	5795	5838	5774	0.98549240484724354	False	False	False	False	False	True	different_minimum_coordinates	False
H2BC11	H2BC11__PSC	H2BC11__AIH	PSC	AIH	6006	4843	5872	4833	5882	0.82165929955797345	0.82165929955797345	4834	5838	4812	0.82116040955631397	False	False	False	False	False	True	different_minimum_coordinates	True
H2BC12	H2BC12__CIRR	H2BC12__AST	CIRR	AST	6030	5041	5749	4963	5827	0.85172472970653856	0.85172472970653856	5007	5737	4934	0.84922547332185883	False	False	False	False	False	True	different_minimum_coordinates	False
H2BC12	H2BC12__CIRR	H2BC12__BILI	CIRR	BILI	6030	5041	5829	4980	5890	0.84550084889643462	0.84550084889643462	5007	5818	4951	0.84286687095675861	False	False	True	True	True	True	verified_shared_minimum_variant	True
H2BC12	H2BC12__CIRR	H2BC12__PSC	CIRR	PSC	6030	5041	4870	4476	5435	0.82355105795768169	0.82355105795768169	5007	4861	4466	0.82673084042947054	False	False	False	False	False	True	different_minimum_coordinates	False
H2BC12	H2BC12__CIRR	H2BC12__AIH	CIRR	AIH	6030	5041	5896	5033	5904	0.85247289972899731	0.85247289972899731	5007	5862	4996	0.85067256938532265	False	False	False	False	False	True	different_minimum_coordinates	False
H2BC12	H2BC12__AST	H2BC12__BILI	AST	BILI	6030	5749	5829	5713	5865	0.97408354646206308	0.97408354646206308	5737	5818	5701	0.97386402459856514	False	False	False	False	False	True	different_minimum_coordinates	False
H2BC12	H2BC12__AST	H2BC12__PSC	AST	PSC	6030	5749	4870	4802	5817	0.82551143200962696	0.82551143200962696	5737	4861	4792	0.82535308301756805	False	False	False	False	False	True	different_minimum_coordinates	False
H2BC12	H2BC12__AST	H2BC12__AIH	AST	AIH	6030	5749	5896	5749	5896	0.975067842605156	0.975067842605156	5737	5862	5718	0.97228362523380374	False	False	False	False	False	True	different_minimum_coordinates	False
H2BC12	H2BC12__BILI	H2BC12__PSC	BILI	PSC	6030	5829	4870	4806	5893	0.81554386560325809	0.81554386560325809	5818	4861	4796	0.81523032466428691	False	False	False	False	False	True	different_minimum_coordinates	False
H2BC12	H2BC12__BILI	H2BC12__AIH	BILI	AIH	6030	5829	5896	5829	5896	0.98863636363636365	0.98863636363636365	5818	5862	5797	0.98538160802311747	False	False	False	False	False	True	different_minimum_coordinates	False
H2BC12	H2BC12__PSC	H2BC12__AIH	PSC	AIH	6030	4870	5896	4860	5906	0.82289197426346083	0.82289197426346083	4861	5862	4839	0.8223997280761387	False	False	False	False	False	True	different_minimum_coordinates	True
H2BC13	H2BC13__CIRR	H2BC13__AST	CIRR	AST	5675	4822	5475	4753	5544	0.85732323232323238	0.85732323232323238	4816	5464	4747	0.857943249593349	False	False	False	False	False	True	different_minimum_coordinates	False
H2BC13	H2BC13__CIRR	H2BC13__BILI	CIRR	BILI	5675	4822	5429	4693	5558	0.84436847786973734	0.84436847786973734	4816	5417	4687	0.84511359538406061	False	False	False	False	False	True	different_minimum_coordinates	False
H2BC13	H2BC13__CIRR	H2BC13__PBC	CIRR	PBC	5675	4822	4606	4131	5297	0.77987540117047383	0.77987540117047383	4816	4604	4127	0.77970904968826749	False	False	False	False	False	True	different_minimum_coordinates	False
H2BC13	H2BC13__CIRR	H2BC13__PSC	CIRR	PSC	5675	4822	4738	4320	5240	0.82442748091603058	0.82442748091603058	4816	4730	4317	0.82558806655192196	False	False	False	False	False	True	different_minimum_coordinates	False
H2BC13	H2BC13__CIRR	H2BC13__AIH	CIRR	AIH	5675	4822	5569	4814	5577	0.86318809395732476	0.86318809395732476	4816	5547	4803	0.86384892086330933	False	False	False	False	False	True	different_minimum_coordinates	False
H2BC13	H2BC13__AST	H2BC13__BILI	AST	BILI	5675	5475	5429	5372	5532	0.97107736804049172	0.97107736804049172	5464	5417	5360	0.97083861619271872	False	False	False	False	False	True	different_minimum_coordinates	True
H2BC13	H2BC13__AST	H2BC13__PBC	AST	PBC	5675	5475	4606	4548	5533	0.82197722754382796	0.82197722754382796	5464	4604	4542	0.82193268186753532	False	False	False	False	False	True	different_minimum_coordinates	True
H2BC13	H2BC13__AST	H2BC13__PSC	AST	PSC	5675	5475	4738	4685	5528	0.84750361794500728	0.84750361794500728	5464	4730	4675	0.8470737452437036	False	False	False	False	False	True	different_minimum_coordinates	True
H2BC13	H2BC13__AST	H2BC13__AIH	AST	AIH	5675	5475	5569	5475	5569	0.98312084754893159	0.98312084754893159	5464	5547	5458	0.9828921303799748	False	False	False	False	False	True	different_minimum_coordinates	True
H2BC13	H2BC13__BILI	H2BC13__PBC	BILI	PBC	5675	5429	4606	4479	5556	0.80615550755939525	0.80615550755939525	5417	4604	4473	0.80623648161499639	False	False	False	False	False	True	different_minimum_coordinates	True
H2BC13	H2BC13__BILI	H2BC13__PSC	BILI	PSC	5675	5429	4738	4608	5559	0.82892606583917972	0.82892606583917972	5417	4730	4598	0.82861776896738149	False	False	False	False	False	True	different_minimum_coordinates	True
H2BC13	H2BC13__BILI	H2BC13__AIH	BILI	AIH	5675	5429	5569	5429	5569	0.97486083677500446	0.97486083677500446	5417	5547	5411	0.97442823698901493	False	False	False	False	False	True	different_minimum_coordinates	True
H2BC13	H2BC13__PBC	H2BC13__PSC	PBC	PSC	5675	4606	4738	4295	5049	0.8506634977223213	0.8506634977223213	4604	4730	4290	0.85051546391752575	False	False	False	False	False	True	different_minimum_coordinates	True
H2BC13	H2BC13__PBC	H2BC13__AIH	PBC	AIH	5675	4606	5569	4591	5584	0.82217048710601714	0.82217048710601714	4604	5547	4580	0.82211452162986898	False	False	False	False	False	True	different_minimum_coordinates	True
H2BC13	H2BC13__PSC	H2BC13__AIH	PSC	AIH	5675	4738	5569	4732	5575	0.84878923766816139	0.84878923766816139	4730	5547	4716	0.84804891206617516	False	False	False	False	False	True	different_minimum_coordinates	True
H2BC14	H2BC14__CIRR	H2BC14__AST	CIRR	AST	5715	4860	5515	4791	5584	0.85798710601719197	0.85798710601719197	4855	5504	4786	0.85878342006100838	False	False	False	False	False	True	different_minimum_coordinates	False
H2BC14	H2BC14__CIRR	H2BC14__BILI	CIRR	BILI	5715	4860	5469	4731	5598	0.84512325830653801	0.84512325830653801	4855	5457	4726	0.84604368063014679	False	False	False	False	False	True	different_minimum_coordinates	False
H2BC14	H2BC14__CIRR	H2BC14__PBC	CIRR	PBC	5715	4860	4645	4168	5337	0.78096308787708446	0.78096308787708446	4855	4643	4164	0.78065241844769406	False	False	False	False	False	True	different_minimum_coordinates	False
H2BC14	H2BC14__CIRR	H2BC14__PSC	CIRR	PSC	5715	4860	4775	4356	5279	0.82515627959840876	0.82515627959840876	4855	4767	4353	0.82615297020307454	False	False	False	False	False	True	different_minimum_coordinates	False
H2BC14	H2BC14__CIRR	H2BC14__AIH	CIRR	AIH	5715	4860	5609	4852	5617	0.8638063022965996	0.8638063022965996	4855	5587	4842	0.86464285714285716	False	False	False	False	False	True	different_minimum_coordinates	False
H2BC14	H2BC14__AST	H2BC14__BILI	AST	BILI	5715	5515	5469	5412	5572	0.9712849964106246	0.9712849964106246	5504	5457	5400	0.97104837259485699	False	False	False	False	False	True	different_minimum_coordinates	True
H2BC14	H2BC14__AST	H2BC14__PBC	AST	PBC	5715	5515	4645	4587	5573	0.82307554279562178	0.82307554279562178	5504	4643	4581	0.82303269852676963	False	False	False	False	False	True	different_minimum_coordinates	True
H2BC14	H2BC14__AST	H2BC14__PSC	AST	PSC	5715	5515	4775	4722	5568	0.84806034482758619	0.84806034482758619	5504	4767	4712	0.84763446663068898	False	False	False	False	False	True	different_minimum_coordinates	True
H2BC14	H2BC14__AST	H2BC14__AIH	AST	AIH	5715	5515	5609	5515	5609	0.98324121946871101	0.98324121946871101	5504	5587	5498	0.98301448238870015	False	False	False	False	False	True	different_minimum_coordinates	True
H2BC14	H2BC14__BILI	H2BC14__PBC	BILI	PBC	5715	5469	4645	4518	5596	0.8073624017155111	0.8073624017155111	5457	4643	4512	0.80744452397995703	False	False	False	False	False	True	different_minimum_coordinates	True
H2BC14	H2BC14__BILI	H2BC14__PSC	BILI	PSC	5715	5469	4775	4645	5599	0.82961243079121272	0.82961243079121272	5457	4767	4635	0.82930756843800324	False	False	False	False	False	True	different_minimum_coordinates	True
H2BC14	H2BC14__BILI	H2BC14__AIH	BILI	AIH	5715	5469	5609	5469	5609	0.97504011410233549	0.97504011410233549	5457	5587	5451	0.97461112104416237	False	False	False	False	False	True	different_minimum_coordinates	True
H2BC14	H2BC14__PBC	H2BC14__PSC	PBC	PSC	5715	4645	4775	4330	5090	0.85068762278978394	0.85068762278978394	4643	4767	4325	0.85054080629301865	False	False	False	False	False	True	different_minimum_coordinates	True
H2BC14	H2BC14__PBC	H2BC14__AIH	PBC	AIH	5715	4645	5609	4630	5624	0.8232574679943101	0.8232574679943101	4643	5587	4619	0.82320441988950277	False	False	False	False	False	True	different_minimum_coordinates	True
H2BC14	H2BC14__PSC	H2BC14__AIH	PSC	AIH	5715	4775	5609	4769	5615	0.84933214603739982	0.84933214603739982	4767	5587	4753	0.84859846455990007	False	False	False	False	False	True	different_minimum_coordinates	True
H2BC15	H2BC15__CIRR	H2BC15__AST	CIRR	AST	5730	4882	5531	4815	5598	0.86012861736334401	0.86012861736334401	4877	5520	4810	0.86092715231788075	False	False	False	False	False	True	different_minimum_coordinates	False
H2BC15	H2BC15__CIRR	H2BC15__BILI	CIRR	BILI	5730	4882	5480	4751	5611	0.84672963821065761	0.84672963821065761	4877	5468	4746	0.84765136631541349	False	False	False	False	False	True	different_minimum_coordinates	False
H2BC15	H2BC15__CIRR	H2BC15__PBC	CIRR	PBC	5730	4882	4692	4210	5364	0.78486204325130504	0.78486204325130504	4877	4690	4206	0.78455512031337438	False	False	False	False	False	True	different_minimum_coordinates	False
H2BC15	H2BC15__CIRR	H2BC15__PSC	CIRR	PSC	5730	4882	4811	4392	5301	0.82852292020373519	0.82852292020373519	4877	4803	4389	0.82952182952182951	False	False	False	False	False	True	different_minimum_coordinates	False
H2BC15	H2BC15__CIRR	H2BC15__AIH	CIRR	AIH	5730	4882	5622	4874	5630	0.86571936056838361	0.86571936056838361	4877	5600	4864	0.86655977195795475	False	False	False	False	False	True	different_minimum_coordinates	False
H2BC15	H2BC15__AST	H2BC15__BILI	AST	BILI	5730	5531	5480	5426	5585	0.97153088630259621	0.97153088630259621	5520	5468	5414	0.97129529960531036	False	False	False	False	False	True	different_minimum_coordinates	True
H2BC15	H2BC15__AST	H2BC15__PBC	AST	PBC	5730	5531	4692	4633	5590	0.82880143112701254	0.82880143112701254	5520	4690	4627	0.82876589647143117	False	False	False	False	False	True	different_minimum_coordinates	True
H2BC15	H2BC15__AST	H2BC15__PSC	AST	PSC	5730	5531	4811	4758	5584	0.85207736389684818	0.85207736389684818	5520	4803	4748	0.85165919282511215	False	False	False	False	False	True	different_minimum_coordinates	True
H2BC15	H2BC15__AST	H2BC15__AIH	AST	AIH	5730	5531	5622	5531	5622	0.98381358946993958	0.98381358946993958	5520	5600	5514	0.98358901177310021	False	False	False	False	False	True	different_minimum_coordinates	True
H2BC15	H2BC15__BILI	H2BC15__PBC	BILI	PBC	5730	5480	4692	4562	5610	0.8131907308377897	0.8131907308377897	5468	4690	4556	0.81328097108175657	False	False	False	False	False	True	different_minimum_coordinates	True
H2BC15	H2BC15__BILI	H2BC15__PSC	BILI	PSC	5730	5480	4811	4679	5612	0.83374910905203137	0.83374910905203137	5468	4803	4669	0.83345233845055333	False	False	False	False	False	True	different_minimum_coordinates	True
H2BC15	H2BC15__BILI	H2BC15__AIH	BILI	AIH	5730	5480	5622	5480	5622	0.97474208466737811	0.97474208466737811	5468	5600	5462	0.97431323581876561	False	False	False	False	False	True	different_minimum_coordinates	True
H2BC15	H2BC15__PBC	H2BC15__PSC	PBC	PSC	5730	4692	4811	4374	5129	0.85279781633846752	0.85279781633846752	4690	4803	4369	0.85265417642466823	False	False	False	False	False	True	different_minimum_coordinates	True
H2BC15	H2BC15__PBC	H2BC15__AIH	PBC	AIH	5730	4692	5622	4676	5638	0.82937211777225972	0.82937211777225972	4690	5600	4665	0.82933333333333337	False	False	False	False	False	True	different_minimum_coordinates	True
H2BC15	H2BC15__PSC	H2BC15__AIH	PSC	AIH	5730	4811	5622	4805	5628	0.85376687988628286	0.85376687988628286	4803	5600	4789	0.85304595653722837	False	False	False	False	False	True	different_minimum_coordinates	True
H2BC17	H2BC17__CIRR	H2BC17__AST	CIRR	AST	5743	4893	5548	4829	5612	0.86047754811119026	0.86047754811119026	4888	5537	4824	0.86127477236207817	False	False	False	False	False	True	different_minimum_coordinates	False
H2BC17	H2BC17__CIRR	H2BC17__BILI	CIRR	BILI	5743	4893	5474	4745	5622	0.84400569192458197	0.84400569192458197	4888	5462	4740	0.84491978609625673	False	False	False	False	False	True	different_minimum_coordinates	False
H2BC17	H2BC17__CIRR	H2BC17__PBC	CIRR	PBC	5743	4893	4782	4293	5382	0.7976588628762542	0.7976588628762542	4888	4780	4289	0.79736010410857039	False	False	False	False	False	True	different_minimum_coordinates	False
H2BC17	H2BC17__CIRR	H2BC17__PSC	CIRR	PSC	5743	4893	4879	4452	5320	0.83684210526315794	0.83684210526315794	4888	4871	4449	0.83785310734463281	False	False	False	False	False	True	different_minimum_coordinates	False
H2BC17	H2BC17__CIRR	H2BC17__AIH	CIRR	AIH	5743	4893	5635	4885	5643	0.86567428672691826	0.86567428672691826	4888	5613	4875	0.86651261997867046	False	False	False	False	False	True	different_minimum_coordinates	False
H2BC17	H2BC17__AST	H2BC17__BILI	AST	BILI	5743	5548	5474	5422	5600	0.96821428571428569	0.96821428571428569	5537	5462	5410	0.967972803721596	False	False	False	False	False	True	different_minimum_coordinates	True
H2BC17	H2BC17__AST	H2BC17__PBC	AST	PBC	5743	5548	4782	4722	5608	0.84201141226818832	0.84201141226818832	5537	4780	4716	0.84199250133904657	False	False	False	False	False	True	different_minimum_coordinates	True
H2BC17	H2BC17__AST	H2BC17__PSC	AST	PSC	5743	5548	4879	4827	5600	0.86196428571428574	0.86196428571428574	5537	4871	4817	0.86156322661420137	False	False	False	False	False	True	different_minimum_coordinates	True
H2BC17	H2BC17__AST	H2BC17__AIH	AST	AIH	5743	5548	5635	5548	5635	0.98456078083407272	0.98456078083407272	5537	5613	5530	0.98398576512455516	False	False	False	False	False	True	different_minimum_coordinates	True
H2BC17	H2BC17__BILI	H2BC17__PBC	BILI	PBC	5743	5474	4782	4632	5624	0.82361308677098155	0.82361308677098155	5462	4780	4626	0.82371794871794868	False	False	False	False	False	True	different_minimum_coordinates	True
H2BC17	H2BC17__BILI	H2BC17__PSC	BILI	PSC	5743	5474	4879	4727	5626	0.84020618556701032	0.84020618556701032	5462	4871	4717	0.8399216524216524	False	False	False	False	False	True	different_minimum_coordinates	True
H2BC17	H2BC17__BILI	H2BC17__AIH	BILI	AIH	5743	5474	5635	5474	5635	0.97142857142857142	0.97142857142857142	5462	5613	5455	0.97064056939501775	False	False	False	False	False	True	different_minimum_coordinates	True
H2BC17	H2BC17__PBC	H2BC17__PSC	PBC	PSC	5743	4782	4879	4465	5196	0.85931485758275594	0.85931485758275594	4780	4871	4460	0.85917934887304948	False	False	False	False	False	True	different_minimum_coordinates	True
H2BC17	H2BC17__PBC	H2BC17__AIH	PBC	AIH	5743	4782	5635	4766	5651	0.84339055034507171	0.84339055034507171	4780	5613	4754	0.84305727965951405	False	False	False	False	False	True	different_minimum_coordinates	True
H2BC17	H2BC17__PSC	H2BC17__AIH	PSC	AIH	5743	4879	5635	4873	5641	0.86385392660875726	0.86385392660875726	4871	5613	4857	0.86315976541674067	False	False	False	False	False	True	different_minimum_coordinates	True
H2BC3	H2BC3__CIRR	H2BC3__BILI	CIRR	BILI	7228	6094	7061	6061	7094	0.8543839864674373	0.8543839864674373	6054	7052	6026	0.85112994350282489	False	False	False	False	False	True	different_minimum_coordinates	True
H2BC3	H2BC3__CIRR	H2BC3__PSC	CIRR	PSC	7228	6094	5952	5460	6586	0.82903127846948077	0.82903127846948077	6054	5941	5444	0.83101816516562355	False	False	False	False	False	True	different_minimum_coordinates	True
H2BC3	H2BC3__CIRR	H2BC3__AIH	CIRR	AIH	7228	6094	7094	6084	7104	0.85641891891891897	0.85641891891891897	6054	7061	6040	0.85371024734982337	False	False	False	False	False	True	different_minimum_coordinates	True
H2BC3	H2BC3__BILI	H2BC3__PSC	BILI	PSC	7228	7061	5952	5923	7090	0.83540197461212973	0.83540197461212973	7052	5941	5914	0.83542873287187458	False	False	False	False	False	True	different_minimum_coordinates	True
H2BC3	H2BC3__BILI	H2BC3__AIH	BILI	AIH	7228	7061	7094	7061	7094	0.99534818156188332	0.99534818156188332	7052	7061	7029	0.99223602484472051	False	False	False	False	False	True	different_minimum_coordinates	True
H2BC3	H2BC3__PSC	H2BC3__AIH	PSC	AIH	7228	5952	7094	5943	7103	0.83668872307475717	0.83668872307475717	5941	7061	5921	0.83618133032057618	False	False	False	False	False	True	different_minimum_coordinates	True
H2BC4	H2BC4__CIRR	H2BC4__BILI	CIRR	BILI	6971	5867	6804	5832	6839	0.8527562509138763	0.8527562509138763	5828	6795	5798	0.84952380952380957	False	False	False	False	False	True	different_minimum_coordinates	True
H2BC4	H2BC4__CIRR	H2BC4__PSC	CIRR	PSC	6971	5867	5717	5246	6338	0.8277059009151152	0.8277059009151152	5828	5706	5231	0.82992225924163099	False	False	False	False	False	True	different_minimum_coordinates	False
H2BC4	H2BC4__CIRR	H2BC4__AIH	CIRR	AIH	6971	5867	6840	5858	6849	0.85530734413783038	0.85530734413783038	5828	6806	5814	0.85249266862170092	False	False	False	False	False	True	different_minimum_coordinates	True
H2BC4	H2BC4__BILI	H2BC4__PSC	BILI	PSC	6971	6804	5717	5685	6836	0.83162668227033354	0.83162668227033354	6795	5706	5676	0.8316483516483516	False	False	False	False	False	True	different_minimum_coordinates	False
H2BC4	H2BC4__BILI	H2BC4__AIH	BILI	AIH	6971	6804	6840	6804	6840	0.99473684210526314	0.99473684210526314	6795	6806	6771	0.99136163982430459	False	False	False	False	False	True	different_minimum_coordinates	True
H2BC4	H2BC4__PSC	H2BC4__AIH	PSC	AIH	6971	5717	6840	5708	6849	0.83340633669148778	0.83340633669148778	5706	6806	5685	0.83272301157170059	False	False	False	False	False	True	different_minimum_coordinates	False
H2BC5	H2BC5__CIRR	H2BC5__AST	CIRR	AST	6947	5858	6696	5801	6753	0.85902561824374357	0.85902561824374357	5820	6686	5769	0.85631586759685319	False	False	False	False	False	True	different_minimum_coordinates	False
H2BC5	H2BC5__CIRR	H2BC5__BILI	CIRR	BILI	6947	5858	6780	5821	6817	0.85389467507701333	0.85389467507701333	5820	6770	5788	0.85092619817700677	False	False	False	False	False	True	different_minimum_coordinates	True
H2BC5	H2BC5__CIRR	H2BC5__PSC	CIRR	PSC	6947	5858	5707	5243	6322	0.82932616260677006	0.82932616260677006	5820	5696	5228	0.8314249363867684	False	False	False	False	False	True	different_minimum_coordinates	False
H2BC5	H2BC5__CIRR	H2BC5__AIH	CIRR	AIH	6947	5858	6818	5849	6827	0.85674527610956497	0.85674527610956497	5820	6783	5806	0.85420038252170072	False	False	False	False	False	True	different_minimum_coordinates	True
H2BC5	H2BC5__AST	H2BC5__BILI	AST	BILI	6947	6696	6780	6680	6796	0.98293113596233084	0.98293113596233084	6686	6770	6669	0.98261382053926627	False	False	False	False	False	True	different_minimum_coordinates	False
H2BC5	H2BC5__AST	H2BC5__PSC	AST	PSC	6947	6696	5707	5664	6739	0.84048078349903543	0.84048078349903543	6686	5696	5654	0.84036860879904873	False	False	False	False	False	True	different_minimum_coordinates	True
H2BC5	H2BC5__AST	H2BC5__AIH	AST	AIH	6947	6696	6818	6696	6818	0.98210618949838657	0.98210618949838657	6686	6783	6664	0.97927994121969142	False	False	False	False	False	True	different_minimum_coordinates	False
H2BC5	H2BC5__BILI	H2BC5__PSC	BILI	PSC	6947	6780	5707	5674	6813	0.83281960956993983	0.83281960956993983	6770	5696	5664	0.83269626580417522	False	False	False	False	False	True	different_minimum_coordinates	False
H2BC5	H2BC5__BILI	H2BC5__AIH	BILI	AIH	6947	6780	6818	6780	6818	0.9944265180404811	0.9944265180404811	6770	6783	6746	0.99103863669751724	False	False	False	False	False	True	different_minimum_coordinates	True
H2BC5	H2BC5__PSC	H2BC5__AIH	PSC	AIH	6947	5707	6818	5699	6826	0.83489598593612657	0.83489598593612657	5696	6783	5675	0.8340681951793063	False	False	False	False	False	True	different_minimum_coordinates	False
H2BC6	H2BC6__CIRR	H2BC6__AST	CIRR	AST	6903	5821	6653	5764	6710	0.85901639344262293	0.85901639344262293	5783	6643	5732	0.85628921422169102	False	False	False	False	False	True	different_minimum_coordinates	False
H2BC6	H2BC6__CIRR	H2BC6__BILI	CIRR	BILI	6903	5821	6738	5784	6775	0.85372693726937265	0.85372693726937265	5783	6728	5751	0.85073964497041421	False	False	False	False	False	True	different_minimum_coordinates	True
H2BC6	H2BC6__CIRR	H2BC6__PSC	CIRR	PSC	6903	5821	5680	5222	6279	0.83166109253065779	0.83166109253065779	5783	5669	5207	0.83378702962369899	False	False	False	False	False	True	different_minimum_coordinates	False
H2BC6	H2BC6__CIRR	H2BC6__AIH	CIRR	AIH	6903	5821	6776	5812	6785	0.85659543109801028	0.85659543109801028	5783	6741	5769	0.85403404885270173	False	False	False	False	False	True	different_minimum_coordinates	True
H2BC6	H2BC6__AST	H2BC6__BILI	AST	BILI	6903	6653	6738	6637	6754	0.98267693218833285	0.98267693218833285	6643	6728	6626	0.9823573017049666	False	False	False	False	False	True	different_minimum_coordinates	False
H2BC6	H2BC6__AST	H2BC6__PSC	AST	PSC	6903	6653	5680	5637	6696	0.84184587813620071	0.84184587813620071	6643	5669	5627	0.84173522812266266	False	False	False	False	False	True	different_minimum_coordinates	True
H2BC6	H2BC6__AST	H2BC6__AIH	AST	AIH	6903	6653	6776	6653	6776	0.98184769775678871	0.98184769775678871	6643	6741	6621	0.97900340085760762	False	False	False	False	False	True	different_minimum_coordinates	False
H2BC6	H2BC6__BILI	H2BC6__PSC	BILI	PSC	6903	6738	5680	5647	6771	0.8339979323585881	0.8339979323585881	6728	5669	5637	0.83387573964497042	False	False	False	False	False	True	different_minimum_coordinates	False
H2BC6	H2BC6__BILI	H2BC6__AIH	BILI	AIH	6903	6738	6776	6738	6776	0.99439197166469895	0.99439197166469895	6728	6741	6704	0.99098300073909829	False	False	False	False	False	True	different_minimum_coordinates	True
H2BC6	H2BC6__PSC	H2BC6__AIH	PSC	AIH	6903	5680	6776	5672	6784	0.83608490566037741	0.83608490566037741	5669	6741	5648	0.83525584146702159	False	False	False	False	False	True	different_minimum_coordinates	False
H2BC7	H2BC7__CIRR	H2BC7__AST	CIRR	AST	6942	5852	6689	5795	6746	0.859027571894456	0.859027571894456	5814	6678	5763	0.85644226482389652	False	False	False	False	False	True	different_minimum_coordinates	False
H2BC7	H2BC7__CIRR	H2BC7__BILI	CIRR	BILI	6942	5852	6774	5815	6811	0.85376596681838202	0.85376596681838202	5814	6763	5782	0.85091979396615158	False	False	False	False	False	True	different_minimum_coordinates	True
H2BC7	H2BC7__CIRR	H2BC7__PSC	CIRR	PSC	6942	5852	5706	5249	6309	0.83198605167221429	0.83198605167221429	5814	5695	5234	0.83410358565737053	False	False	False	False	False	True	different_minimum_coordinates	False
H2BC7	H2BC7__CIRR	H2BC7__AIH	CIRR	AIH	6942	5852	6812	5843	6821	0.85661926403753119	0.85661926403753119	5814	6776	5800	0.85419734904270983	False	False	False	False	False	True	different_minimum_coordinates	True
H2BC7	H2BC7__AST	H2BC7__BILI	AST	BILI	6942	6689	6774	6673	6790	0.98276877761413839	0.98276877761413839	6678	6763	6661	0.98244837758112091	False	False	False	False	False	True	different_minimum_coordinates	False
H2BC7	H2BC7__AST	H2BC7__PSC	AST	PSC	6942	6689	5706	5663	6732	0.84120617944147358	0.84120617944147358	6678	5695	5653	0.84122023809523805	False	False	False	False	False	True	different_minimum_coordinates	True
H2BC7	H2BC7__AST	H2BC7__AIH	AST	AIH	6942	6689	6812	6689	6812	0.98194362889019382	0.98194362889019382	6678	6776	6656	0.97911150338334807	False	False	False	False	False	True	different_minimum_coordinates	False
H2BC7	H2BC7__BILI	H2BC7__PSC	BILI	PSC	6942	6774	5706	5673	6807	0.83340678713089467	0.83340678713089467	6763	5695	5663	0.83340691685062551	False	False	False	False	False	True	different_minimum_coordinates	False
H2BC7	H2BC7__BILI	H2BC7__AIH	BILI	AIH	6942	6774	6812	6774	6812	0.99442160892542575	0.99442160892542575	6763	6776	6739	0.99102941176470594	False	False	False	False	False	True	different_minimum_coordinates	True
H2BC7	H2BC7__PSC	H2BC7__AIH	PSC	AIH	6942	5706	6812	5698	6820	0.8354838709677419	0.8354838709677419	5695	6776	5674	0.83478005002206856	False	False	False	False	False	True	different_minimum_coordinates	False
H2BC8	H2BC8__CIRR	H2BC8__AST	CIRR	AST	6953	5873	6702	5816	6759	0.86048231986980328	0.86048231986980328	5835	6691	5784	0.85790566597448825	False	False	False	False	False	True	different_minimum_coordinates	False
H2BC8	H2BC8__CIRR	H2BC8__BILI	CIRR	BILI	6953	5873	6787	5836	6824	0.85521688159437281	0.85521688159437281	5835	6776	5803	0.85237955346650995	False	False	False	False	False	True	different_minimum_coordinates	True
H2BC8	H2BC8__CIRR	H2BC8__PSC	CIRR	PSC	6953	5873	5727	5272	6328	0.83312262958280658	0.83312262958280658	5835	5716	5257	0.83523991102637429	False	False	False	False	False	True	different_minimum_coordinates	False
H2BC8	H2BC8__CIRR	H2BC8__AIH	CIRR	AIH	6953	5873	6825	5864	6834	0.85806262803628919	0.85806262803628919	5835	6789	5821	0.8556519182713509	False	False	False	False	False	True	different_minimum_coordinates	True
H2BC8	H2BC8__AST	H2BC8__BILI	AST	BILI	6953	6702	6787	6686	6803	0.98280170513008969	0.98280170513008969	6691	6776	6674	0.98248196673045785	False	False	False	False	False	True	different_minimum_coordinates	False
H2BC8	H2BC8__AST	H2BC8__PSC	AST	PSC	6953	6702	5727	5684	6745	0.84269829503335802	0.84269829503335802	6691	5716	5674	0.84271498589039062	False	False	False	False	False	True	different_minimum_coordinates	True
H2BC8	H2BC8__AST	H2BC8__AIH	AST	AIH	6953	6702	6825	6702	6825	0.98197802197802198	0.98197802197802198	6691	6789	6669	0.97915137277932751	False	False	False	False	False	True	different_minimum_coordinates	False
H2BC8	H2BC8__BILI	H2BC8__PSC	BILI	PSC	6953	6787	5727	5694	6820	0.83489736070381226	0.83489736070381226	6776	5716	5684	0.83490011750881321	False	False	False	False	False	True	different_minimum_coordinates	False
H2BC8	H2BC8__BILI	H2BC8__AIH	BILI	AIH	6953	6787	6825	6787	6825	0.99443223443223439	0.99443223443223439	6776	6789	6752	0.99104652869514165	False	False	False	False	False	True	different_minimum_coordinates	True
H2BC8	H2BC8__PSC	H2BC8__AIH	PSC	AIH	6953	5727	6825	5719	6833	0.83696765695887609	0.83696765695887609	5716	6789	5695	0.83627019089574151	False	False	False	False	False	True	different_minimum_coordinates	False
H2BC9	H2BC9__CIRR	H2BC9__AST	CIRR	AST	6917	5837	6663	5780	6720	0.86011904761904767	0.86011904761904767	5799	6652	5748	0.85752648068029236	False	False	False	False	False	True	different_minimum_coordinates	False
H2BC9	H2BC9__CIRR	H2BC9__BILI	CIRR	BILI	6917	5837	6746	5799	6784	0.85480542452830188	0.85480542452830188	5799	6735	5766	0.85195035460992907	False	False	False	False	False	True	different_minimum_coordinates	True
H2BC9	H2BC9__CIRR	H2BC9__PSC	CIRR	PSC	6917	5837	5682	5231	6288	0.8319020356234097	0.8319020356234097	5799	5672	5216	0.83389288569144682	False	False	False	False	False	True	different_minimum_coordinates	False
H2BC9	H2BC9__CIRR	H2BC9__AIH	CIRR	AIH	6917	5837	6786	5828	6795	0.85768947755702718	0.85768947755702718	5799	6750	5785	0.85526315789473684	False	False	False	False	False	True	different_minimum_coordinates	True
H2BC9	H2BC9__AST	H2BC9__BILI	AST	BILI	6917	6663	6746	6646	6763	0.98269998521366253	0.98269998521366253	6652	6735	6634	0.9823782022804679	False	False	False	False	False	True	different_minimum_coordinates	False
H2BC9	H2BC9__AST	H2BC9__PSC	AST	PSC	6917	6663	5682	5641	6704	0.84143794749403344	0.84143794749403344	6652	5672	5631	0.84132675930076195	False	False	False	False	False	True	different_minimum_coordinates	True
H2BC9	H2BC9__AST	H2BC9__AIH	AST	AIH	6917	6663	6786	6663	6786	0.98187444739168872	0.98187444739168872	6652	6750	6630	0.97903130537507388	False	False	False	False	False	True	different_minimum_coordinates	False
H2BC9	H2BC9__BILI	H2BC9__PSC	BILI	PSC	6917	6746	5682	5650	6778	0.83357922691059305	0.83357922691059305	6735	5672	5640	0.83345647997635586	False	False	False	False	False	True	different_minimum_coordinates	False
H2BC9	H2BC9__BILI	H2BC9__AIH	BILI	AIH	6917	6746	6786	6746	6786	0.99410551134689062	0.99410551134689062	6735	6750	6711	0.99069973427812219	False	False	False	False	False	True	different_minimum_coordinates	True
H2BC9	H2BC9__PSC	H2BC9__AIH	PSC	AIH	6917	5682	6786	5675	6793	0.83541881348446934	0.83541881348446934	5672	6750	5651	0.83458868704770339	False	False	False	False	False	True	different_minimum_coordinates	False
H3C1	H3C1__CIRR	H3C1__BILI	CIRR	BILI	7274	6133	7107	6100	7140	0.85434173669467783	0.85434173669467783	6093	7098	6065	0.85110861633454948	False	False	False	False	False	True	different_minimum_coordinates	True
H3C1	H3C1__CIRR	H3C1__PSC	CIRR	PSC	7274	6133	5992	5497	6628	0.82936028968014486	0.82936028968014486	6093	5981	5481	0.83133626573638708	False	False	False	False	False	True	different_minimum_coordinates	True
H3C1	H3C1__CIRR	H3C1__AIH	CIRR	AIH	7274	6133	7140	6123	7150	0.85636363636363633	0.85636363636363633	6093	7107	6079	0.85367223704535877	False	False	False	False	False	True	different_minimum_coordinates	True
H3C1	H3C1__BILI	H3C1__PSC	BILI	PSC	7274	7107	5992	5963	7136	0.835622197309417	0.835622197309417	7098	5981	5954	0.83564912280701753	False	False	False	False	False	True	different_minimum_coordinates	True
H3C1	H3C1__BILI	H3C1__AIH	BILI	AIH	7274	7107	7140	7107	7140	0.99537815126050422	0.99537815126050422	7098	7107	7075	0.99228611500701258	False	False	False	False	False	True	different_minimum_coordinates	True
H3C1	H3C1__PSC	H3C1__AIH	PSC	AIH	7274	5992	7140	5983	7149	0.83690026577143661	0.83690026577143661	5981	7107	5961	0.83639680089799351	False	False	False	False	False	True	different_minimum_coordinates	True
H3C10	H3C10__CIRR	H3C10__AST	CIRR	AST	5687	4833	5487	4764	5556	0.85745140388768903	0.85745140388768903	4827	5476	4758	0.85807033363390439	False	False	False	False	False	True	different_minimum_coordinates	False
H3C10	H3C10__CIRR	H3C10__BILI	CIRR	BILI	5687	4833	5441	4704	5570	0.84452423698384205	0.84452423698384205	4827	5429	4698	0.84526808204390069	False	False	False	False	False	True	different_minimum_coordinates	False
H3C10	H3C10__CIRR	H3C10__PBC	CIRR	PBC	5687	4833	4616	4140	5309	0.77980787342249014	0.77980787342249014	4827	4614	4136	0.77964184731385489	False	False	False	False	False	True	different_minimum_coordinates	False
H3C10	H3C10__CIRR	H3C10__PSC	CIRR	PSC	5687	4833	4750	4331	5252	0.82463823305407469	0.82463823305407469	4827	4742	4328	0.8257966037015837	False	False	False	False	False	True	different_minimum_coordinates	False
H3C10	H3C10__CIRR	H3C10__AIH	CIRR	AIH	5687	4833	5581	4825	5589	0.86330291644301305	0.86330291644301305	4827	5559	4814	0.86396267049533382	False	False	False	False	False	True	different_minimum_coordinates	False
H3C10	H3C10__AST	H3C10__BILI	AST	BILI	5687	5487	5441	5384	5544	0.97113997113997119	0.97113997113997119	5476	5429	5372	0.97090186155792513	False	False	False	False	False	True	different_minimum_coordinates	True
H3C10	H3C10__AST	H3C10__PBC	AST	PBC	5687	5487	4616	4558	5545	0.82200180342651041	0.82200180342651041	5476	4614	4552	0.82195738533766705	False	False	False	False	False	True	different_minimum_coordinates	True
H3C10	H3C10__AST	H3C10__PSC	AST	PSC	5687	5487	4750	4697	5540	0.84783393501805049	0.84783393501805049	5476	4742	4687	0.84740553245344419	False	False	False	False	False	True	different_minimum_coordinates	True
H3C10	H3C10__AST	H3C10__AIH	AST	AIH	5687	5487	5581	5487	5581	0.98315714029743773	0.98315714029743773	5476	5559	5470	0.98292902066486976	False	False	False	False	False	True	different_minimum_coordinates	True
H3C10	H3C10__BILI	H3C10__PBC	BILI	PBC	5687	5441	4616	4489	5568	0.80621408045977017	0.80621408045977017	5429	4614	4483	0.80629496402877698	False	False	False	False	False	True	different_minimum_coordinates	True
H3C10	H3C10__BILI	H3C10__PSC	BILI	PSC	5687	5441	4750	4620	5571	0.82929456112008615	0.82929456112008615	5429	4742	4610	0.82898759215968354	False	False	False	False	False	True	different_minimum_coordinates	True
H3C10	H3C10__BILI	H3C10__AIH	BILI	AIH	5687	5441	5581	5441	5581	0.97491488980469454	0.97491488980469454	5429	5559	5423	0.97448337825696318	False	False	False	False	False	True	different_minimum_coordinates	True
H3C10	H3C10__PBC	H3C10__PSC	PBC	PSC	5687	4616	4750	4305	5061	0.85062240663900412	0.85062240663900412	4614	4742	4300	0.85047468354430378	False	False	False	False	False	True	different_minimum_coordinates	True
H3C10	H3C10__PBC	H3C10__AIH	PBC	AIH	5687	4616	5581	4601	5596	0.82219442458899217	0.82219442458899217	4614	5559	4590	0.8221386351423966	False	False	False	False	False	True	different_minimum_coordinates	True
H3C10	H3C10__PSC	H3C10__AIH	PSC	AIH	5687	4750	5581	4744	5587	0.8491140146769286	0.8491140146769286	4742	5559	4728	0.84837609904898614	False	False	False	False	False	True	different_minimum_coordinates	True
H3C11	H3C11__CIRR	H3C11__AST	CIRR	AST	5757	4903	5559	4837	5625	0.85991111111111107	0.85991111111111107	4898	5548	4832	0.86070537940862135	False	False	False	False	False	True	different_minimum_coordinates	False
H3C11	H3C11__CIRR	H3C11__BILI	CIRR	BILI	5757	4903	5495	4762	5636	0.8449254790631654	0.8449254790631654	4898	5483	4757	0.84583926031294454	False	False	False	False	False	True	different_minimum_coordinates	False
H3C11	H3C11__CIRR	H3C11__PBC	CIRR	PBC	5757	4903	4761	4273	5391	0.79261732517158223	0.79261732517158223	4898	4759	4269	0.79231625835189312	False	False	False	False	False	True	different_minimum_coordinates	False
H3C11	H3C11__CIRR	H3C11__PSC	CIRR	PSC	5757	4903	4865	4439	5329	0.83298930380934511	0.83298930380934511	4898	4857	4436	0.83399135175784922	False	False	False	False	False	True	different_minimum_coordinates	False
H3C11	H3C11__CIRR	H3C11__AIH	CIRR	AIH	5757	4903	5649	4895	5657	0.86529962877850453	0.86529962877850453	4898	5627	4885	0.86613475177304966	False	False	False	False	False	True	different_minimum_coordinates	False
H3C11	H3C11__AST	H3C11__BILI	AST	BILI	5757	5559	5495	5441	5613	0.96935685016925	0.96935685016925	5548	5483	5429	0.9691181720813995	False	False	False	False	False	True	different_minimum_coordinates	True
H3C11	H3C11__AST	H3C11__PBC	AST	PBC	5757	5559	4761	4701	5619	0.83662573411639085	0.83662573411639085	5548	4759	4695	0.83660014255167503	False	False	False	False	False	True	different_minimum_coordinates	True
H3C11	H3C11__AST	H3C11__PSC	AST	PSC	5757	5559	4865	4813	5611	0.85777936196756377	0.85777936196756377	5548	4857	4803	0.85737236701178154	False	False	False	False	False	True	different_minimum_coordinates	True
H3C11	H3C11__AST	H3C11__AIH	AST	AIH	5757	5559	5649	5559	5649	0.98406797663303236	0.98406797663303236	5548	5627	5541	0.98349307774227901	False	False	False	False	False	True	different_minimum_coordinates	True
H3C11	H3C11__BILI	H3C11__PBC	BILI	PBC	5757	5495	4761	4619	5637	0.81940748625155224	0.81940748625155224	5483	4759	4613	0.81950612897495112	False	False	False	False	False	True	different_minimum_coordinates	True
H3C11	H3C11__BILI	H3C11__PSC	BILI	PSC	5757	5495	4865	4721	5639	0.83720517822308915	0.83720517822308915	5483	4857	4711	0.83691597086516256	False	False	False	False	False	True	different_minimum_coordinates	True
H3C11	H3C11__BILI	H3C11__AIH	BILI	AIH	5757	5495	5649	5495	5649	0.97273853779429986	0.97273853779429986	5483	5627	5476	0.97195598154064611	False	False	False	False	False	True	different_minimum_coordinates	True
H3C11	H3C11__PBC	H3C11__PSC	PBC	PSC	5757	4761	4865	4443	5183	0.85722554505112869	0.85722554505112869	4759	4857	4438	0.8570876786404017	False	False	False	False	False	True	different_minimum_coordinates	True
H3C11	H3C11__PBC	H3C11__AIH	PBC	AIH	5757	4761	5649	4745	5665	0.83759929390997356	0.83759929390997356	4759	5627	4733	0.8372545551034849	False	False	False	False	False	True	different_minimum_coordinates	True
H3C11	H3C11__PSC	H3C11__AIH	PSC	AIH	5757	4865	5649	4859	5655	0.8592396109637489	0.8592396109637489	4857	5627	4843	0.85853572061691186	False	False	False	False	False	True	different_minimum_coordinates	True
H3C12	H3C12__CIRR	H3C12__AST	CIRR	AST	5748	4895	5553	4831	5617	0.8600676517714082	0.8600676517714082	4890	5542	4826	0.86086336068498037	False	False	False	False	False	True	different_minimum_coordinates	False
H3C12	H3C12__CIRR	H3C12__BILI	CIRR	BILI	5748	4895	5479	4747	5627	0.84361116047627516	0.84361116047627516	4890	5467	4742	0.84452359750667849	False	False	False	False	False	True	different_minimum_coordinates	False
H3C12	H3C12__CIRR	H3C12__PBC	CIRR	PBC	5748	4895	4783	4293	5385	0.79721448467966571	0.79721448467966571	4890	4781	4289	0.79691564474173171	False	False	False	False	False	True	different_minimum_coordinates	False
H3C12	H3C12__CIRR	H3C12__PSC	CIRR	PSC	5748	4895	4879	4451	5323	0.83618260379485254	0.83618260379485254	4890	4871	4448	0.83719179371353281	False	False	False	False	False	True	different_minimum_coordinates	False
H3C12	H3C12__CIRR	H3C12__AIH	CIRR	AIH	5748	4895	5640	4887	5648	0.86526203966005666	0.86526203966005666	4890	5618	4877	0.86609838394601313	False	False	False	False	False	True	different_minimum_coordinates	False
H3C12	H3C12__AST	H3C12__BILI	AST	BILI	5748	5553	5479	5427	5605	0.968242640499554	0.968242640499554	5542	5467	5415	0.96800143010368256	False	False	False	False	False	True	different_minimum_coordinates	True
H3C12	H3C12__AST	H3C12__PBC	AST	PBC	5748	5553	4783	4723	5613	0.84143951541065387	0.84143951541065387	5542	4781	4717	0.84141990724224047	False	False	False	False	False	True	different_minimum_coordinates	True
H3C12	H3C12__AST	H3C12__PSC	AST	PSC	5748	5553	4879	4827	5605	0.86119536128456731	0.86119536128456731	5542	4871	4817	0.86079342387419588	False	False	False	False	False	True	different_minimum_coordinates	True
H3C12	H3C12__AST	H3C12__AIH	AST	AIH	5748	5553	5640	5553	5640	0.9845744680851064	0.9845744680851064	5542	5618	5535	0.98399999999999999	False	False	False	False	False	True	different_minimum_coordinates	True
H3C12	H3C12__BILI	H3C12__PBC	BILI	PBC	5748	5479	4783	4633	5629	0.82305915793213713	0.82305915793213713	5467	4781	4627	0.82316313823163134	False	False	False	False	False	True	different_minimum_coordinates	True
H3C12	H3C12__BILI	H3C12__PSC	BILI	PSC	5748	5479	4879	4727	5631	0.83946013141537912	0.83946013141537912	5467	4871	4717	0.83917452410603099	False	False	False	False	False	True	different_minimum_coordinates	True
H3C12	H3C12__BILI	H3C12__AIH	BILI	AIH	5748	5479	5640	5479	5640	0.97145390070921989	0.97145390070921989	5467	5618	5460	0.97066666666666668	False	False	False	False	False	True	different_minimum_coordinates	True
H3C12	H3C12__PBC	H3C12__PSC	PBC	PSC	5748	4783	4879	4465	5197	0.85914950933230705	0.85914950933230705	4781	4871	4460	0.85901386748844377	False	False	False	False	False	True	different_minimum_coordinates	True
H3C12	H3C12__PBC	H3C12__AIH	PBC	AIH	5748	4783	5640	4767	5656	0.84282178217821779	0.84282178217821779	4781	5618	4755	0.84248759744861801	False	False	False	False	False	True	different_minimum_coordinates	True
H3C12	H3C12__PSC	H3C12__AIH	PSC	AIH	5748	4879	5640	4873	5646	0.86308891250442787	0.86308891250442787	4871	5618	4857	0.86239346590909094	False	False	False	False	False	True	different_minimum_coordinates	True
H3C2	H3C2__CIRR	H3C2__BILI	CIRR	BILI	7246	6106	7079	6073	7112	0.85390888638920137	0.85390888638920137	6066	7070	6038	0.85066215835446601	False	False	False	False	False	True	different_minimum_coordinates	True
H3C2	H3C2__CIRR	H3C2__PSC	CIRR	PSC	7246	6106	5964	5471	6599	0.82906500984997722	0.82906500984997722	6066	5953	5455	0.83104814137720906	False	False	False	False	False	True	different_minimum_coordinates	True
H3C2	H3C2__CIRR	H3C2__AIH	CIRR	AIH	7246	6106	7112	6096	7122	0.85593934288121309	0.85593934288121309	6066	7079	6052	0.85323558437896518	False	False	False	False	False	True	different_minimum_coordinates	True
H3C2	H3C2__BILI	H3C2__PSC	BILI	PSC	7246	7079	5964	5935	7108	0.83497467642093415	0.83497467642093415	7070	5953	5926	0.83500070452303787	False	False	False	False	False	True	different_minimum_coordinates	True
H3C2	H3C2__BILI	H3C2__AIH	BILI	AIH	7246	7079	7112	7079	7112	0.99535995500562424	0.99535995500562424	7070	7079	7047	0.99225570261898055	False	False	False	False	False	True	different_minimum_coordinates	True
H3C2	H3C2__PSC	H3C2__AIH	PSC	AIH	7246	5964	7112	5955	7121	0.83625895239432668	0.83625895239432668	5953	7079	5933	0.83575151429778838	False	False	False	False	False	True	different_minimum_coordinates	True
H3C3	H3C3__CIRR	H3C3__BILI	CIRR	BILI	7222	6088	7055	6055	7088	0.85426072234762984	0.85426072234762984	6048	7046	6020	0.85100367543115629	False	False	False	False	False	True	different_minimum_coordinates	True
H3C3	H3C3__CIRR	H3C3__PSC	CIRR	PSC	7222	6088	5947	5456	6579	0.82930536555707557	0.82930536555707557	6048	5936	5440	0.83129584352078245	False	False	False	False	False	True	different_minimum_coordinates	True
H3C3	H3C3__CIRR	H3C3__AIH	CIRR	AIH	7222	6088	7088	6078	7098	0.85629754860524088	0.85629754860524088	6048	7055	6034	0.85358608006790215	False	False	False	False	False	True	different_minimum_coordinates	True
H3C3	H3C3__BILI	H3C3__PSC	BILI	PSC	7222	7055	5947	5918	7084	0.8354037267080745	0.8354037267080745	7046	5936	5909	0.83543051039163019	False	False	False	False	False	True	different_minimum_coordinates	True
H3C3	H3C3__BILI	H3C3__AIH	BILI	AIH	7222	7055	7088	7055	7088	0.99534424379232511	0.99534424379232511	7046	7055	7023	0.99222944334557783	False	False	False	False	False	True	different_minimum_coordinates	True
H3C3	H3C3__PSC	H3C3__AIH	PSC	AIH	7222	5947	7088	5938	7097	0.83669155981400589	0.83669155981400589	5936	7055	5916	0.83618374558303887	False	False	False	False	False	True	different_minimum_coordinates	True
H3C4	H3C4__CIRR	H3C4__AST	CIRR	AST	6944	5855	6691	5798	6748	0.85921754593953759	0.85921754593953759	5817	6680	5766	0.85663348685187934	False	False	False	False	False	True	different_minimum_coordinates	False
H3C4	H3C4__CIRR	H3C4__BILI	CIRR	BILI	6944	5855	6776	5818	6813	0.85395567297813002	0.85395567297813002	5817	6765	5785	0.85111078416948649	False	False	False	False	False	True	different_minimum_coordinates	True
H3C4	H3C4__CIRR	H3C4__PSC	CIRR	PSC	6944	5855	5709	5252	6312	0.83206590621039289	0.83206590621039289	5817	5698	5237	0.83418286078368908	False	False	False	False	False	True	different_minimum_coordinates	False
H3C4	H3C4__CIRR	H3C4__AIH	CIRR	AIH	6944	5855	6814	5846	6823	0.8568078557819141	0.8568078557819141	5817	6778	5803	0.85438751472320373	False	False	False	False	False	True	different_minimum_coordinates	True
H3C4	H3C4__AST	H3C4__BILI	AST	BILI	6944	6691	6776	6675	6792	0.982773851590106	0.982773851590106	6680	6765	6663	0.98245355352403418	False	False	False	False	False	True	different_minimum_coordinates	False
H3C4	H3C4__AST	H3C4__PSC	AST	PSC	6944	6691	5709	5666	6734	0.84140184140184138	0.84140184140184138	6680	5698	5656	0.84141624516512947	False	False	False	False	False	True	different_minimum_coordinates	True
H3C4	H3C4__AST	H3C4__AIH	AST	AIH	6944	6691	6814	6691	6814	0.98194892867625472	0.98194892867625472	6680	6778	6658	0.97911764705882354	False	False	False	False	False	True	different_minimum_coordinates	False
H3C4	H3C4__BILI	H3C4__PSC	BILI	PSC	6944	6776	5709	5676	6809	0.83360258481421645	0.83360258481421645	6765	5698	5666	0.83360306017360597	False	False	False	False	False	True	different_minimum_coordinates	False
H3C4	H3C4__BILI	H3C4__AIH	BILI	AIH	6944	6776	6814	6776	6814	0.99442324625770473	0.99442324625770473	6765	6778	6741	0.9910320493972361	False	False	False	False	False	True	different_minimum_coordinates	True
H3C4	H3C4__PSC	H3C4__AIH	PSC	AIH	6944	5709	6814	5701	6822	0.83567868660216948	0.83567868660216948	5698	6778	5677	0.83497573172525374	False	False	False	False	False	True	different_minimum_coordinates	False
H3C6	H3C6__CIRR	H3C6__AST	CIRR	AST	6940	5862	6687	5804	6745	0.86048925129725717	0.86048925129725717	5824	6676	5772	0.85790725326991679	False	False	False	False	False	True	different_minimum_coordinates	False
H3C6	H3C6__CIRR	H3C6__BILI	CIRR	BILI	6940	5862	6772	5824	6810	0.8552129221732746	0.8552129221732746	5824	6761	5791	0.8523697380041213	False	False	False	False	False	True	different_minimum_coordinates	True
H3C6	H3C6__CIRR	H3C6__PSC	CIRR	PSC	6940	5862	5714	5260	6316	0.83280557314756176	0.83280557314756176	5824	5703	5245	0.8349251830627189	False	False	False	False	False	True	different_minimum_coordinates	False
H3C6	H3C6__CIRR	H3C6__AIH	CIRR	AIH	6940	5862	6812	5853	6821	0.85808532473244392	0.85808532473244392	5824	6776	5810	0.85567010309278346	False	False	False	False	False	True	different_minimum_coordinates	True
H3C6	H3C6__AST	H3C6__BILI	AST	BILI	6940	6687	6772	6671	6788	0.98276370064820273	0.98276370064820273	6676	6761	6659	0.98244319858365303	False	False	False	False	False	True	different_minimum_coordinates	False
H3C6	H3C6__AST	H3C6__PSC	AST	PSC	6940	6687	5714	5671	6730	0.84264487369985142	0.84264487369985142	6676	5703	5661	0.84266150640071447	False	False	False	False	False	True	different_minimum_coordinates	True
H3C6	H3C6__AST	H3C6__AIH	AST	AIH	6940	6687	6812	6687	6812	0.98165002935995305	0.98165002935995305	6676	6776	6654	0.97881729920564875	False	False	False	False	False	True	different_minimum_coordinates	False
H3C6	H3C6__BILI	H3C6__PSC	BILI	PSC	6940	6772	5714	5681	6805	0.83482733284349742	0.83482733284349742	6761	5703	5671	0.83482997203003095	False	False	False	False	False	True	different_minimum_coordinates	False
H3C6	H3C6__BILI	H3C6__AIH	BILI	AIH	6940	6772	6812	6772	6812	0.99412800939518498	0.99412800939518498	6761	6776	6737	0.99073529411764705	False	False	False	False	False	True	different_minimum_coordinates	True
H3C6	H3C6__PSC	H3C6__AIH	PSC	AIH	6940	5714	6812	5706	6820	0.83665689149560118	0.83665689149560118	5703	6776	5682	0.83595703987053116	False	False	False	False	False	True	different_minimum_coordinates	False
H3C7	H3C7__CIRR	H3C7__AST	CIRR	AST	6923	5841	6670	5784	6727	0.85981864129626873	0.85981864129626873	5803	6659	5752	0.85722801788375558	False	False	False	False	False	True	different_minimum_coordinates	False
H3C7	H3C7__CIRR	H3C7__BILI	CIRR	BILI	6923	5841	6753	5803	6791	0.85451332646149314	0.85451332646149314	5803	6742	5770	0.85166051660516606	False	False	False	False	False	True	different_minimum_coordinates	True
H3C7	H3C7__CIRR	H3C7__PSC	CIRR	PSC	6923	5841	5686	5234	6293	0.83171778166216426	0.83171778166216426	5803	5676	5219	0.83370607028753996	False	False	False	False	False	True	different_minimum_coordinates	False
H3C7	H3C7__CIRR	H3C7__AIH	CIRR	AIH	6923	5841	6793	5832	6802	0.85739488385768892	0.85739488385768892	5803	6757	5789	0.85496972382218284	False	False	False	False	False	True	different_minimum_coordinates	True
H3C7	H3C7__AST	H3C7__BILI	AST	BILI	6923	6670	6753	6653	6770	0.98271787296898083	0.98271787296898083	6659	6742	6641	0.98239644970414197	False	False	False	False	False	True	different_minimum_coordinates	False
H3C7	H3C7__AST	H3C7__PSC	AST	PSC	6923	6670	5686	5645	6711	0.84115631053494266	0.84115631053494266	6659	5676	5635	0.84104477611940298	False	False	False	False	False	True	different_minimum_coordinates	True
H3C7	H3C7__AST	H3C7__AIH	AST	AIH	6923	6670	6793	6670	6793	0.98189312527601946	0.98189312527601946	6659	6757	6637	0.97905295766337219	False	False	False	False	False	True	different_minimum_coordinates	False
H3C7	H3C7__BILI	H3C7__PSC	BILI	PSC	6923	6753	5686	5654	6785	0.83330876934414144	0.83330876934414144	6742	5676	5644	0.83318571006790665	False	False	False	False	False	True	different_minimum_coordinates	False
H3C7	H3C7__BILI	H3C7__AIH	BILI	AIH	6923	6753	6793	6753	6793	0.99411158545561606	0.99411158545561606	6742	6757	6718	0.99070933490635604	False	False	False	False	False	True	different_minimum_coordinates	True
H3C7	H3C7__PSC	H3C7__AIH	PSC	AIH	6923	5686	6793	5679	6800	0.83514705882352946	0.83514705882352946	5676	6757	5655	0.83431690764237243	False	False	False	False	False	True	different_minimum_coordinates	False
H3C8	H3C8__CIRR	H3C8__AST	CIRR	AST	6906	5841	6658	5785	6714	0.86163240988978251	0.86163240988978251	5804	6647	5754	0.85919068239510232	False	False	False	False	False	True	different_minimum_coordinates	False
H3C8	H3C8__CIRR	H3C8__BILI	CIRR	BILI	6906	5841	6741	5804	6778	0.85629979344939511	0.85629979344939511	5804	6730	5772	0.85359361135758649	False	False	False	False	False	True	different_minimum_coordinates	True
H3C8	H3C8__CIRR	H3C8__PSC	CIRR	PSC	6906	5841	5695	5243	6293	0.83314794215795329	0.83314794215795329	5804	5685	5228	0.83501038172815845	False	False	False	False	False	True	different_minimum_coordinates	False
H3C8	H3C8__CIRR	H3C8__AIH	CIRR	AIH	6906	5841	6780	5832	6789	0.85903667697746355	0.85903667697746355	5804	6744	5790	0.85676235572654635	False	False	False	False	False	True	different_minimum_coordinates	True
H3C8	H3C8__AST	H3C8__BILI	AST	BILI	6906	6658	6741	6641	6758	0.98268718555785739	0.98268718555785739	6647	6730	6629	0.98236514522821572	False	False	False	False	False	True	different_minimum_coordinates	False
H3C8	H3C8__AST	H3C8__PSC	AST	PSC	6906	6658	5695	5654	6699	0.84400656814449915	0.84400656814449915	6647	5685	5644	0.84389952153110048	False	False	False	False	False	True	different_minimum_coordinates	True
H3C8	H3C8__AST	H3C8__AIH	AST	AIH	6906	6658	6780	6658	6780	0.98200589970501473	0.98200589970501473	6647	6744	6625	0.97916050842447533	False	False	False	False	False	True	different_minimum_coordinates	False
H3C8	H3C8__BILI	H3C8__PSC	BILI	PSC	6906	6741	5695	5663	6773	0.83611398198730258	0.83611398198730258	6730	5685	5653	0.83599526767228627	False	False	False	False	False	True	different_minimum_coordinates	False
H3C8	H3C8__BILI	H3C8__AIH	BILI	AIH	6906	6741	6780	6741	6780	0.99424778761061949	0.99424778761061949	6730	6744	6706	0.99083924349881791	False	False	False	False	False	True	different_minimum_coordinates	True
H3C8	H3C8__PSC	H3C8__AIH	PSC	AIH	6906	5695	6780	5688	6787	0.83807278620892889	0.83807278620892889	5685	6744	5664	0.83725055432372508	False	False	False	False	False	True	different_minimum_coordinates	False
H4C1	H4C1__CIRR	H4C1__BILI	CIRR	BILI	7268	6129	7101	6096	7134	0.85449957947855337	0.85449957947855337	6089	7092	6061	0.85126404494382024	False	False	False	False	False	True	different_minimum_coordinates	True
H4C1	H4C1__CIRR	H4C1__PSC	CIRR	PSC	7268	6129	5986	5493	6622	0.82950770160072484	0.82950770160072484	6089	5975	5477	0.83148626081676025	False	False	False	False	False	True	different_minimum_coordinates	True
H4C1	H4C1__CIRR	H4C1__AIH	CIRR	AIH	7268	6129	7134	6119	7144	0.85652295632698772	0.85652295632698772	6089	7101	6075	0.85382993675333807	False	False	False	False	False	True	different_minimum_coordinates	True
H4C1	H4C1__BILI	H4C1__PSC	BILI	PSC	7268	7101	5986	5957	7130	0.8354838709677419	0.8354838709677419	7092	5975	5948	0.83551060542210986	False	False	False	False	False	True	different_minimum_coordinates	True
H4C1	H4C1__BILI	H4C1__AIH	BILI	AIH	7268	7101	7134	7101	7134	0.99537426408746843	0.99537426408746843	7092	7101	7069	0.99227961819202692	False	False	False	False	False	True	different_minimum_coordinates	True
H4C1	H4C1__PSC	H4C1__AIH	PSC	AIH	7268	5986	7134	5977	7143	0.8367632647347053	0.8367632647347053	5975	7101	5955	0.83625895239432668	False	False	False	False	False	True	different_minimum_coordinates	True
H4C11	H4C11__CIRR	H4C11__AST	CIRR	AST	5734	4878	5533	4809	5602	0.85844341306676186	0.85844341306676186	4873	5522	4804	0.85923806116973711	False	False	False	False	False	True	different_minimum_coordinates	False
H4C11	H4C11__CIRR	H4C11__BILI	CIRR	BILI	5734	4878	5487	4749	5616	0.84561965811965811	0.84561965811965811	4873	5475	4744	0.84653818700927908	False	False	False	False	False	True	different_minimum_coordinates	False
H4C11	H4C11__CIRR	H4C11__PBC	CIRR	PBC	5734	4878	4666	4187	5357	0.78159417584468915	0.78159417584468915	4873	4664	4183	0.78128502054538662	False	False	False	False	False	True	different_minimum_coordinates	False
H4C11	H4C11__CIRR	H4C11__PSC	CIRR	PSC	5734	4878	4793	4374	5297	0.82575042476873706	0.82575042476873706	4873	4785	4371	0.82674484584830721	False	False	False	False	False	True	different_minimum_coordinates	False
H4C11	H4C11__CIRR	H4C11__AIH	CIRR	AIH	5734	4878	5627	4870	5635	0.86424134871339842	0.86424134871339842	4873	5605	4860	0.86507653969384124	False	False	False	False	False	True	different_minimum_coordinates	False
H4C11	H4C11__AST	H4C11__BILI	AST	BILI	5734	5533	5487	5430	5590	0.97137745974955281	0.97137745974955281	5522	5475	5418	0.97114178168130494	False	False	False	False	False	True	different_minimum_coordinates	True
H4C11	H4C11__AST	H4C11__PBC	AST	PBC	5734	5533	4666	4607	5592	0.82385550786838335	0.82385550786838335	5522	4664	4601	0.82381378692927487	False	False	False	False	False	True	different_minimum_coordinates	True
H4C11	H4C11__AST	H4C11__PSC	AST	PSC	5734	5533	4793	4740	5586	0.84854994629430724	0.84854994629430724	5522	4785	4730	0.84812623274161736	False	False	False	False	False	True	different_minimum_coordinates	True
H4C11	H4C11__AST	H4C11__AIH	AST	AIH	5734	5533	5627	5533	5627	0.98329482850542027	0.98329482850542027	5522	5605	5516	0.98306897166280516	False	False	False	False	False	True	different_minimum_coordinates	True
H4C11	H4C11__BILI	H4C11__PBC	BILI	PBC	5734	5487	4666	4538	5615	0.8081923419412288	0.8081923419412288	5475	4664	4532	0.80827537007312289	False	False	False	False	False	True	different_minimum_coordinates	True
H4C11	H4C11__BILI	H4C11__PSC	BILI	PSC	5734	5487	4793	4663	5617	0.83015844756987711	0.83015844756987711	5475	4785	4653	0.8298555377207063	False	False	False	False	False	True	different_minimum_coordinates	True
H4C11	H4C11__BILI	H4C11__AIH	BILI	AIH	5734	5487	5627	5487	5627	0.97511995734849832	0.97511995734849832	5475	5605	5469	0.97469256816966676	False	False	False	False	False	True	different_minimum_coordinates	True
H4C11	H4C11__PBC	H4C11__PSC	PBC	PSC	5734	4666	4793	4348	5111	0.85071414595969475	0.85071414595969475	4664	4785	4343	0.8505679592636114	False	False	False	False	False	True	different_minimum_coordinates	True
H4C11	H4C11__PBC	H4C11__AIH	PBC	AIH	5734	4666	5627	4650	5643	0.82402977139819245	0.82402977139819245	4664	5605	4639	0.82397868561278864	False	False	False	False	False	True	different_minimum_coordinates	True
H4C11	H4C11__PSC	H4C11__AIH	PSC	AIH	5734	4793	5627	4787	5633	0.84981359843777737	0.84981359843777737	4785	5605	4771	0.84908346680904079	False	False	False	False	False	True	different_minimum_coordinates	True
H4C12	H4C12__CIRR	H4C12__AST	CIRR	AST	5744	4889	5544	4821	5612	0.85905203136136854	0.85905203136136854	4884	5533	4816	0.85984645599000176	False	False	False	False	False	True	different_minimum_coordinates	False
H4C12	H4C12__CIRR	H4C12__BILI	CIRR	BILI	5744	4889	5494	4758	5625	0.84586666666666666	0.84586666666666666	4884	5482	4753	0.84678425084624975	False	False	False	False	False	True	different_minimum_coordinates	False
H4C12	H4C12__CIRR	H4C12__PBC	CIRR	PBC	5744	4889	4679	4199	5369	0.78208232445520576	0.78208232445520576	4884	4677	4195	0.78177413343272462	False	False	False	False	False	True	different_minimum_coordinates	False
H4C12	H4C12__CIRR	H4C12__PSC	CIRR	PSC	5744	4889	4808	4388	5309	0.82652100207195334	0.82652100207195334	4884	4800	4385	0.82751462540101905	False	False	False	False	False	True	different_minimum_coordinates	False
H4C12	H4C12__CIRR	H4C12__AIH	CIRR	AIH	5744	4889	5636	4881	5644	0.86481218993621545	0.86481218993621545	4884	5614	4871	0.86564776968189083	False	False	False	False	False	True	different_minimum_coordinates	False
H4C12	H4C12__AST	H4C12__BILI	AST	BILI	5744	5544	5494	5439	5599	0.97142346847651362	0.97142346847651362	5533	5482	5427	0.97118826055833929	False	False	False	False	False	True	different_minimum_coordinates	True
H4C12	H4C12__AST	H4C12__PBC	AST	PBC	5744	5544	4679	4620	5603	0.82455827235409607	0.82455827235409607	5533	4677	4614	0.8245175125089349	False	False	False	False	False	True	different_minimum_coordinates	True
H4C12	H4C12__AST	H4C12__PSC	AST	PSC	5744	5544	4808	4755	5597	0.84956226549937464	0.84956226549937464	5533	4800	4745	0.84914101646385109	False	False	False	False	False	True	different_minimum_coordinates	True
H4C12	H4C12__AST	H4C12__AIH	AST	AIH	5744	5544	5636	5544	5636	0.98367636621717525	0.98367636621717525	5533	5614	5527	0.98345195729537371	False	False	False	False	False	True	different_minimum_coordinates	True
H4C12	H4C12__BILI	H4C12__PBC	BILI	PBC	5744	5494	4679	4549	5624	0.80885490753911804	0.80885490753911804	5482	4677	4543	0.80893874643874641	False	False	False	False	False	True	different_minimum_coordinates	True
H4C12	H4C12__BILI	H4C12__PSC	BILI	PSC	5744	5494	4808	4676	5626	0.83114113046569493	0.83114113046569493	5482	4800	4666	0.83084045584045585	False	False	False	False	False	True	different_minimum_coordinates	True
H4C12	H4C12__BILI	H4C12__AIH	BILI	AIH	5744	5494	5636	5494	5636	0.97480482611781405	0.97480482611781405	5482	5614	5476	0.97437722419928829	False	False	False	False	False	True	different_minimum_coordinates	True
H4C12	H4C12__PBC	H4C12__PSC	PBC	PSC	5744	4679	4808	4362	5125	0.85112195121951217	0.85112195121951217	4677	4800	4357	0.85097656249999998	False	False	False	False	False	True	different_minimum_coordinates	True
H4C12	H4C12__PBC	H4C12__AIH	PBC	AIH	5744	4679	5636	4663	5652	0.8250176928520877	0.8250176928520877	4677	5614	4652	0.82496896612874626	False	False	False	False	False	True	different_minimum_coordinates	True
H4C12	H4C12__PSC	H4C12__AIH	PSC	AIH	5744	4808	5636	4802	5642	0.85111662531017374	0.85111662531017374	4800	5614	4786	0.85039090262970862	False	False	False	False	False	True	different_minimum_coordinates	True
H4C13	H4C13__CIRR	H4C13__AST	CIRR	AST	5760	4906	5562	4840	5628	0.85998578535891967	0.85998578535891967	4901	5551	4835	0.86077977568096853	False	False	False	False	False	True	different_minimum_coordinates	False
H4C13	H4C13__CIRR	H4C13__BILI	CIRR	BILI	5760	4906	5498	4765	5639	0.84500798013832235	0.84500798013832235	4901	5486	4760	0.84592145015105735	False	False	False	False	False	True	different_minimum_coordinates	False
H4C13	H4C13__CIRR	H4C13__PBC	CIRR	PBC	5760	4906	4765	4277	5394	0.79291805710048202	0.79291805710048202	4901	4763	4273	0.79261732517158223	False	False	False	False	False	True	different_minimum_coordinates	False
H4C13	H4C13__CIRR	H4C13__PSC	CIRR	PSC	5760	4906	4869	4443	5332	0.83327081770442613	0.83327081770442613	4901	4861	4440	0.8342728297632469	False	False	False	False	False	True	different_minimum_coordinates	False
H4C13	H4C13__CIRR	H4C13__AIH	CIRR	AIH	5760	4906	5652	4898	5660	0.86537102473498229	0.86537102473498229	4901	5630	4888	0.86620591883749776	False	False	False	False	False	True	different_minimum_coordinates	False
H4C13	H4C13__AST	H4C13__BILI	AST	BILI	5760	5562	5498	5444	5616	0.96937321937321941	0.96937321937321941	5551	5486	5432	0.96913470115967881	False	False	False	False	False	True	different_minimum_coordinates	True
H4C13	H4C13__AST	H4C13__PBC	AST	PBC	5760	5562	4765	4705	5622	0.8368907861970829	0.8368907861970829	5551	4763	4699	0.83686553873552982	False	False	False	False	False	True	different_minimum_coordinates	True
H4C13	H4C13__AST	H4C13__PSC	AST	PSC	5760	5562	4869	4817	5614	0.85803348770929821	0.85803348770929821	5551	4861	4807	0.85762711864406782	False	False	False	False	False	True	different_minimum_coordinates	True
H4C13	H4C13__AST	H4C13__AIH	AST	AIH	5760	5562	5652	5562	5652	0.98407643312101911	0.98407643312101911	5551	5630	5544	0.98350186269292172	False	False	False	False	False	True	different_minimum_coordinates	True
H4C13	H4C13__BILI	H4C13__PBC	BILI	PBC	5760	5498	4765	4623	5640	0.81968085106382982	0.81968085106382982	5486	4763	4617	0.81977982954545459	False	False	False	False	False	True	different_minimum_coordinates	True
H4C13	H4C13__BILI	H4C13__PSC	BILI	PSC	5760	5498	4869	4725	5642	0.83746898263027292	0.83746898263027292	5486	4861	4715	0.83718039772727271	False	False	False	False	False	True	different_minimum_coordinates	True
H4C13	H4C13__BILI	H4C13__AIH	BILI	AIH	5760	5498	5652	5498	5652	0.97275300778485496	0.97275300778485496	5486	5630	5479	0.97197090651055529	False	False	False	False	False	True	different_minimum_coordinates	True
H4C13	H4C13__PBC	H4C13__PSC	PBC	PSC	5760	4765	4869	4446	5188	0.85697764070932925	0.85697764070932925	4763	4861	4441	0.85683966814586143	False	False	False	False	False	True	different_minimum_coordinates	True
H4C13	H4C13__PBC	H4C13__AIH	PBC	AIH	5760	4765	5652	4749	5668	0.83786167960479885	0.83786167960479885	4763	5630	4737	0.8375176803394625	False	False	False	False	False	True	different_minimum_coordinates	True
H4C13	H4C13__PSC	H4C13__AIH	PSC	AIH	5760	4869	5652	4863	5658	0.85949098621420994	0.85949098621420994	4861	5630	4847	0.85878809355067331	False	False	False	False	False	True	different_minimum_coordinates	True
H4C2	H4C2__CIRR	H4C2__BILI	CIRR	BILI	7246	6109	7079	6076	7112	0.85433070866141736	0.85433070866141736	6069	7070	6041	0.85108481262327418	False	False	False	False	False	True	different_minimum_coordinates	True
H4C2	H4C2__CIRR	H4C2__PSC	CIRR	PSC	7246	6109	5965	5473	6601	0.82911680048477499	0.82911680048477499	6069	5954	5457	0.83109960402071281	False	False	False	False	False	True	different_minimum_coordinates	True
H4C2	H4C2__CIRR	H4C2__AIH	CIRR	AIH	7246	6109	7112	6099	7122	0.85636057287278855	0.85636057287278855	6069	7079	6055	0.85365853658536583	False	False	False	False	False	True	different_minimum_coordinates	True
H4C2	H4C2__BILI	H4C2__PSC	BILI	PSC	7246	7079	5965	5936	7108	0.83511536297129996	0.83511536297129996	7070	5954	5927	0.83514160913061852	False	False	False	False	False	True	different_minimum_coordinates	True
H4C2	H4C2__BILI	H4C2__AIH	BILI	AIH	7246	7079	7112	7079	7112	0.99535995500562424	0.99535995500562424	7070	7079	7047	0.99225570261898055	False	False	False	False	False	True	different_minimum_coordinates	True
H4C2	H4C2__PSC	H4C2__AIH	PSC	AIH	7246	5965	7112	5956	7121	0.83639938210925435	0.83639938210925435	5954	7079	5934	0.83589237920833925	False	False	False	False	False	True	different_minimum_coordinates	True
H4C3	H4C3__CIRR	H4C3__BILI	CIRR	BILI	7060	5947	6892	5911	6928	0.85320438799076215	0.85320438799076215	5908	6883	5877	0.8500144634075788	False	False	False	False	False	True	different_minimum_coordinates	True
H4C3	H4C3__CIRR	H4C3__PSC	CIRR	PSC	7060	5947	5801	5323	6425	0.82848249027237353	0.82848249027237353	5908	5790	5308	0.83067292644757429	False	False	False	False	False	True	different_minimum_coordinates	False
H4C3	H4C3__CIRR	H4C3__AIH	CIRR	AIH	7060	5947	6929	5938	6938	0.85586624387431531	0.85586624387431531	5908	6896	5895	0.85323491098567084	False	False	False	False	False	True	different_minimum_coordinates	True
H4C3	H4C3__BILI	H4C3__PSC	BILI	PSC	7060	6892	5801	5768	6925	0.83292418772563181	0.83292418772563181	6883	5790	5759	0.83294764246456465	False	False	False	False	False	True	different_minimum_coordinates	False
H4C3	H4C3__BILI	H4C3__AIH	BILI	AIH	7060	6892	6929	6892	6929	0.99466012411603411	0.99466012411603411	6883	6896	6860	0.9914727561786385	False	False	False	False	False	True	different_minimum_coordinates	True
H4C3	H4C3__PSC	H4C3__AIH	PSC	AIH	7060	5801	6929	5792	6938	0.83482271547996545	0.83482271547996545	5790	6896	5770	0.83429728166570272	False	False	False	False	False	True	different_minimum_coordinates	False
H4C4	H4C4__CIRR	H4C4__AST	CIRR	AST	6920	5833	6669	5776	6726	0.85875706214689262	0.85875706214689262	5795	6659	5744	0.85603576751117738	False	False	False	False	False	True	different_minimum_coordinates	False
H4C4	H4C4__CIRR	H4C4__BILI	CIRR	BILI	6920	5833	6754	5796	6791	0.85348255043439847	0.85348255043439847	5795	6744	5763	0.85050177095631641	False	False	False	False	False	True	different_minimum_coordinates	True
H4C4	H4C4__CIRR	H4C4__PSC	CIRR	PSC	6920	5833	5694	5234	6293	0.83171778166216426	0.83171778166216426	5795	5683	5219	0.8338392714491133	False	False	False	False	False	True	different_minimum_coordinates	False
H4C4	H4C4__CIRR	H4C4__AIH	CIRR	AIH	6920	5833	6792	5824	6801	0.85634465519776504	0.85634465519776504	5795	6757	5781	0.85378821444395214	False	False	False	False	False	True	different_minimum_coordinates	True
H4C4	H4C4__AST	H4C4__BILI	AST	BILI	6920	6669	6754	6653	6770	0.98271787296898083	0.98271787296898083	6659	6744	6642	0.98239905339446831	False	False	False	False	False	True	different_minimum_coordinates	False
H4C4	H4C4__AST	H4C4__PSC	AST	PSC	6920	6669	5694	5651	6712	0.84192491060786656	0.84192491060786656	6659	5683	5641	0.8418146545291747	False	False	False	False	False	True	different_minimum_coordinates	True
H4C4	H4C4__AST	H4C4__AIH	AST	AIH	6920	6669	6792	6669	6792	0.98189045936395758	0.98189045936395758	6659	6757	6637	0.97905295766337219	False	False	False	False	False	True	different_minimum_coordinates	False
H4C4	H4C4__BILI	H4C4__PSC	BILI	PSC	6920	6754	5694	5661	6787	0.83409459260350671	0.83409459260350671	6744	5683	5651	0.83397284533648175	False	False	False	False	False	True	different_minimum_coordinates	False
H4C4	H4C4__BILI	H4C4__AIH	BILI	AIH	6920	6754	6792	6754	6792	0.9944051825677267	0.9944051825677267	6744	6757	6720	0.99100427665536062	False	False	False	False	False	True	different_minimum_coordinates	True
H4C4	H4C4__PSC	H4C4__AIH	PSC	AIH	6920	5694	6792	5686	6800	0.8361764705882353	0.8361764705882353	5683	6757	5662	0.83534966066686334	False	False	False	False	False	True	different_minimum_coordinates	False
H4C5	H4C5__CIRR	H4C5__AST	CIRR	AST	6942	5853	6689	5796	6746	0.85917580788615477	0.85917580788615477	5815	6678	5764	0.85659087531579725	False	False	False	False	False	True	different_minimum_coordinates	False
H4C5	H4C5__CIRR	H4C5__BILI	CIRR	BILI	6942	5853	6774	5816	6811	0.85391278813683746	0.85391278813683746	5815	6763	5783	0.85106696100073587	False	False	False	False	False	True	different_minimum_coordinates	True
H4C5	H4C5__CIRR	H4C5__PSC	CIRR	PSC	6942	5853	5710	5252	6311	0.83219774996038665	0.83219774996038665	5815	5699	5237	0.83431575593436358	False	False	False	False	False	True	different_minimum_coordinates	False
H4C5	H4C5__CIRR	H4C5__AIH	CIRR	AIH	6942	5853	6812	5844	6821	0.85676587010702243	0.85676587010702243	5815	6776	5801	0.85434462444771719	False	False	False	False	False	True	different_minimum_coordinates	True
H4C5	H4C5__AST	H4C5__BILI	AST	BILI	6942	6689	6774	6673	6790	0.98276877761413839	0.98276877761413839	6678	6763	6661	0.98244837758112091	False	False	False	False	False	True	different_minimum_coordinates	False
H4C5	H4C5__AST	H4C5__PSC	AST	PSC	6942	6689	5710	5667	6732	0.84180035650623886	0.84180035650623886	6678	5699	5657	0.84181547619047614	False	False	False	False	False	True	different_minimum_coordinates	True
H4C5	H4C5__AST	H4C5__AIH	AST	AIH	6942	6689	6812	6689	6812	0.98194362889019382	0.98194362889019382	6678	6776	6656	0.97911150338334807	False	False	False	False	False	True	different_minimum_coordinates	False
H4C5	H4C5__BILI	H4C5__PSC	BILI	PSC	6942	6774	5710	5677	6807	0.83399441751138537	0.83399441751138537	6763	5699	5667	0.83399558498896242	False	False	False	False	False	True	different_minimum_coordinates	False
H4C5	H4C5__BILI	H4C5__AIH	BILI	AIH	6942	6774	6812	6774	6812	0.99442160892542575	0.99442160892542575	6763	6776	6739	0.99102941176470594	False	False	False	False	False	True	different_minimum_coordinates	True
H4C5	H4C5__PSC	H4C5__AIH	PSC	AIH	6942	5710	6812	5702	6820	0.83607038123167154	0.83607038123167154	5699	6776	5678	0.83536854494629986	False	False	False	False	False	True	different_minimum_coordinates	False
H4C6	H4C6__CIRR	H4C6__AST	CIRR	AST	6930	5849	6678	5792	6735	0.859985152190052	0.859985152190052	5811	6667	5760	0.85739803512950286	False	False	False	False	False	True	different_minimum_coordinates	False
H4C6	H4C6__CIRR	H4C6__BILI	CIRR	BILI	6930	5849	6762	5812	6799	0.85483159288130606	0.85483159288130606	5811	6751	5779	0.85198289842252695	False	False	False	False	False	True	different_minimum_coordinates	True
H4C6	H4C6__CIRR	H4C6__PSC	CIRR	PSC	6930	5849	5693	5240	6302	0.83148206918438594	0.83148206918438594	5811	5683	5225	0.83346626256181211	False	False	False	False	False	True	different_minimum_coordinates	False
H4C6	H4C6__CIRR	H4C6__AIH	CIRR	AIH	6930	5849	6801	5840	6810	0.85756240822320118	0.85756240822320118	5811	6765	5797	0.855140876235433	False	False	False	False	False	True	different_minimum_coordinates	True
H4C6	H4C6__AST	H4C6__BILI	AST	BILI	6930	6678	6762	6662	6778	0.98288580702272055	0.98288580702272055	6667	6751	6650	0.98256501182033096	False	False	False	False	False	True	different_minimum_coordinates	False
H4C6	H4C6__AST	H4C6__PSC	AST	PSC	6930	6678	5693	5652	6719	0.84119660663789253	0.84119660663789253	6667	5683	5642	0.84108527131782951	False	False	False	False	False	True	different_minimum_coordinates	True
H4C6	H4C6__AST	H4C6__AIH	AST	AIH	6930	6678	6801	6678	6801	0.98191442434936038	0.98191442434936038	6667	6765	6645	0.97907764844555767	False	False	False	False	False	True	different_minimum_coordinates	False
H4C6	H4C6__BILI	H4C6__PSC	BILI	PSC	6930	6762	5693	5662	6793	0.83350507875754454	0.83350507875754454	6751	5683	5652	0.83338248304335005	False	False	False	False	False	True	different_minimum_coordinates	False
H4C6	H4C6__BILI	H4C6__AIH	BILI	AIH	6930	6762	6801	6762	6801	0.9942655491839435	0.9942655491839435	6751	6765	6727	0.9908675799086758	False	False	False	False	False	True	different_minimum_coordinates	True
H4C6	H4C6__PSC	H4C6__AIH	PSC	AIH	6930	5693	6801	5686	6808	0.83519388954171558	0.83519388954171558	5683	6765	5662	0.83436486884762751	False	False	False	False	False	True	different_minimum_coordinates	False
H4C7	H4C7__CIRR	H4C7__AST	CIRR	AST	6926	5845	6673	5788	6730	0.86002971768202086	0.86002971768202086	5807	6662	5756	0.85744078653359157	False	False	False	False	False	True	different_minimum_coordinates	False
H4C7	H4C7__CIRR	H4C7__BILI	CIRR	BILI	6926	5845	6757	5808	6794	0.85487194583455994	0.85487194583455994	5807	6746	5775	0.85202124520507527	False	False	False	False	False	True	different_minimum_coordinates	True
H4C7	H4C7__CIRR	H4C7__PSC	CIRR	PSC	6926	5845	5691	5239	6297	0.83198348419882484	0.83198348419882484	5807	5681	5224	0.83397190293742018	False	False	False	False	False	True	different_minimum_coordinates	False
H4C7	H4C7__CIRR	H4C7__AIH	CIRR	AIH	6926	5845	6796	5836	6805	0.85760470242468778	0.85760470242468778	5807	6760	5793	0.85518157661647476	False	False	False	False	False	True	different_minimum_coordinates	True
H4C7	H4C7__AST	H4C7__BILI	AST	BILI	6926	6673	6757	6657	6773	0.98287317289236675	0.98287317289236675	6662	6746	6645	0.98255212183942042	False	False	False	False	False	True	different_minimum_coordinates	False
H4C7	H4C7__AST	H4C7__PSC	AST	PSC	6926	6673	5691	5650	6714	0.84152517128388438	0.84152517128388438	6662	5681	5640	0.84141429210801133	False	False	False	False	False	True	different_minimum_coordinates	True
H4C7	H4C7__AST	H4C7__AIH	AST	AIH	6926	6673	6796	6673	6796	0.98190111830488525	0.98190111830488525	6662	6760	6640	0.97906222353288119	False	False	False	False	False	True	different_minimum_coordinates	False
H4C7	H4C7__BILI	H4C7__PSC	BILI	PSC	6926	6757	5691	5660	6788	0.83382439599292868	0.83382439599292868	6746	5681	5650	0.83370222812453887	False	False	False	False	False	True	different_minimum_coordinates	False
H4C7	H4C7__BILI	H4C7__AIH	BILI	AIH	6926	6757	6796	6757	6796	0.99426133019423191	0.99426133019423191	6746	6760	6722	0.99086084905660377	False	False	False	False	False	True	different_minimum_coordinates	True
H4C7	H4C7__PSC	H4C7__AIH	PSC	AIH	6926	5691	6796	5684	6803	0.83551374393649858	0.83551374393649858	5681	6760	5660	0.83468514968293761	False	False	False	False	False	True	different_minimum_coordinates	False
H4C8	H4C8__CIRR	H4C8__AST	CIRR	AST	6890	5835	6643	5778	6700	0.86238805970149257	0.86238805970149257	5798	6632	5747	0.8599431393086937	False	False	False	False	False	True	different_minimum_coordinates	False
H4C8	H4C8__CIRR	H4C8__BILI	CIRR	BILI	6890	5835	6727	5798	6764	0.85718509757539918	0.85718509757539918	5798	6716	5766	0.85447540011855361	False	False	False	False	False	True	different_minimum_coordinates	True
H4C8	H4C8__CIRR	H4C8__PSC	CIRR	PSC	6890	5835	5684	5236	6283	0.83335985993951933	0.83335985993951933	5798	5675	5222	0.83538633818589025	False	False	False	False	False	True	different_minimum_coordinates	False
H4C8	H4C8__CIRR	H4C8__AIH	CIRR	AIH	6890	5835	6766	5826	6775	0.85992619926199265	0.85992619926199265	5798	6730	5784	0.85765124555160144	False	False	False	False	False	True	different_minimum_coordinates	True
H4C8	H4C8__AST	H4C8__BILI	AST	BILI	6890	6643	6727	6626	6744	0.98250296559905104	0.98250296559905104	6632	6716	6614	0.98217998217998215	False	False	False	False	False	True	different_minimum_coordinates	False
H4C8	H4C8__AST	H4C8__PSC	AST	PSC	6890	6643	5684	5642	6685	0.84397905759162306	0.84397905759162306	6632	5675	5633	0.8440215762661073	False	False	False	False	False	True	different_minimum_coordinates	True
H4C8	H4C8__AST	H4C8__AIH	AST	AIH	6890	6643	6766	6643	6766	0.98182086905113808	0.98182086905113808	6632	6730	6610	0.97896919431279616	False	False	False	False	False	True	different_minimum_coordinates	False
H4C8	H4C8__BILI	H4C8__PSC	BILI	PSC	6890	6727	5684	5652	6759	0.8362183754993342	0.8362183754993342	6716	5675	5643	0.83624777711914644	False	False	False	False	False	True	different_minimum_coordinates	False
H4C8	H4C8__BILI	H4C8__AIH	BILI	AIH	6890	6727	6766	6727	6766	0.99423588530889739	0.99423588530889739	6716	6730	6692	0.99082025466390289	False	False	False	False	False	True	different_minimum_coordinates	True
H4C8	H4C8__PSC	H4C8__AIH	PSC	AIH	6890	5684	6766	5677	6773	0.83818101284512037	0.83818101284512037	5675	6730	5654	0.83750555473263222	False	False	False	False	False	True	different_minimum_coordinates	False
H4C9	H4C9__CIRR	H4C9__AST	CIRR	AST	6001	5013	5720	4935	5798	0.85115557088651261	0.85115557088651261	4979	5708	4906	0.84864210344231106	False	False	False	False	False	True	different_minimum_coordinates	False
H4C9	H4C9__CIRR	H4C9__BILI	CIRR	BILI	6001	5013	5800	4952	5861	0.84490701245521238	0.84490701245521238	4979	5789	4923	0.84225834046193326	False	False	True	True	True	True	verified_shared_minimum_variant	True
H4C9	H4C9__CIRR	H4C9__PSC	CIRR	PSC	6001	5013	4844	4451	5406	0.82334443211246766	0.82334443211246766	4979	4835	4441	0.82654010794714317	False	False	False	False	False	True	different_minimum_coordinates	False
H4C9	H4C9__CIRR	H4C9__AIH	CIRR	AIH	6001	5013	5867	5005	5875	0.85191489361702133	0.85191489361702133	4979	5833	4968	0.85010266940451751	False	False	False	False	False	True	different_minimum_coordinates	False
H4C9	H4C9__AST	H4C9__BILI	AST	BILI	6001	5720	5800	5684	5836	0.97395476353666899	0.97395476353666899	5708	5789	5672	0.97373390557939909	False	False	False	False	False	True	different_minimum_coordinates	False
H4C9	H4C9__AST	H4C9__PSC	AST	PSC	6001	5720	4844	4776	5788	0.82515549412577749	0.82515549412577749	5708	4835	4766	0.82499567249437422	False	False	False	False	False	True	different_minimum_coordinates	False
H4C9	H4C9__AST	H4C9__AIH	AST	AIH	6001	5720	5867	5720	5867	0.9749446054201466	0.9749446054201466	5708	5833	5689	0.97214627477785376	False	False	False	False	False	True	different_minimum_coordinates	False
H4C9	H4C9__BILI	H4C9__PSC	BILI	PSC	6001	5800	4844	4780	5864	0.81514324693042295	0.81514324693042295	5789	4835	4770	0.81482746839767684	False	False	False	False	False	True	different_minimum_coordinates	False
H4C9	H4C9__BILI	H4C9__AIH	BILI	AIH	6001	5800	5867	5800	5867	0.98858019430714161	0.98858019430714161	5789	5833	5768	0.98530919029723263	False	False	False	False	False	True	different_minimum_coordinates	False
H4C9	H4C9__PSC	H4C9__AIH	PSC	AIH	6001	4844	5867	4834	5877	0.82252850093585161	0.82252850093585161	4835	5833	4813	0.82203245089666954	False	False	False	False	False	True	different_minimum_coordinates	True
HAPLN4	HAPLN4__CIRR	HAPLN4__LIVER_FAT	CIRR	LIVER_FAT	3862	3194	3653	3192	3655	0.87332421340629274	0.87332421340629274	3193	3644	3190	0.87469152728269806	False	False	False	False	False	True	different_minimum_coordinates	True
HAPLN4	HAPLN4__CIRR	HAPLN4__NAFLD	CIRR	NAFLD	3862	3194	2800	2726	3268	0.83414932680538556	0.83414932680538556	3193	2800	2726	0.83440465258647079	False	False	False	False	False	True	different_minimum_coordinates	True
HAPLN4	HAPLN4__CIRR	HAPLN4__ALT	CIRR	ALT	3862	3194	3844	3193	3845	0.83042912873862162	0.83042912873862162	3193	3834	3192	0.83233376792698821	False	False	False	False	False	True	different_minimum_coordinates	True
HAPLN4	HAPLN4__CIRR	HAPLN4__AST	CIRR	AST	3862	3194	3821	3186	3829	0.83207103682423611	0.83207103682423611	3193	3811	3185	0.83398795496203193	False	False	False	False	False	True	different_minimum_coordinates	True
HAPLN4	HAPLN4__CIRR	HAPLN4__ALP	CIRR	ALP	3862	3194	3844	3193	3845	0.83042912873862162	0.83042912873862162	3193	3833	3192	0.83255086071987483	False	False	False	False	False	True	different_minimum_coordinates	True
HAPLN4	HAPLN4__CIRR	HAPLN4__BILI	CIRR	BILI	3862	3194	3822	3185	3831	0.8313756199425737	0.8313756199425737	3193	3812	3184	0.83328971473436275	False	False	False	False	False	True	different_minimum_coordinates	True
HAPLN4	HAPLN4__LIVER_FAT	HAPLN4__NAFLD	LIVER_FAT	NAFLD	3862	3653	2800	2800	3653	0.76649329318368464	0.76649329318368464	3644	2800	2800	0.76838638858397368	False	False	False	False	False	True	different_minimum_coordinates	True
HAPLN4	HAPLN4__LIVER_FAT	HAPLN4__ALT	LIVER_FAT	ALT	3862	3653	3844	3653	3844	0.95031217481789798	0.95031217481789798	3644	3834	3643	0.94993481095176013	False	False	True	True	True	True	verified_shared_minimum_variant	True
HAPLN4	HAPLN4__LIVER_FAT	HAPLN4__AST	LIVER_FAT	AST	3862	3653	3821	3636	3838	0.94736842105263153	0.94736842105263153	3644	3811	3627	0.94749216300940442	False	False	False	False	False	True	different_minimum_coordinates	True
HAPLN4	HAPLN4__LIVER_FAT	HAPLN4__ALP	LIVER_FAT	ALP	3862	3653	3844	3653	3844	0.95031217481789798	0.95031217481789798	3644	3833	3643	0.95018257694314034	False	False	False	False	False	True	different_minimum_coordinates	True
HAPLN4	HAPLN4__LIVER_FAT	HAPLN4__BILI	LIVER_FAT	BILI	3862	3653	3822	3636	3839	0.94712164626204742	0.94712164626204742	3644	3812	3626	0.94673629242819846	False	False	True	True	True	True	verified_shared_minimum_variant	True
HAPLN4	HAPLN4__NAFLD	HAPLN4__ALT	NAFLD	ALT	3862	2800	3844	2800	3844	0.72840790842872005	0.72840790842872005	2800	3834	2800	0.73030777256129364	False	False	False	False	False	True	different_minimum_coordinates	True
HAPLN4	HAPLN4__NAFLD	HAPLN4__AST	NAFLD	AST	3862	2800	3821	2800	3821	0.73279246270609788	0.73279246270609788	2800	3811	2800	0.73471529782209399	False	False	False	False	False	True	different_minimum_coordinates	True
HAPLN4	HAPLN4__NAFLD	HAPLN4__ALP	NAFLD	ALP	3862	2800	3844	2800	3844	0.72840790842872005	0.72840790842872005	2800	3833	2800	0.73049830420036521	False	False	False	False	False	True	different_minimum_coordinates	True
HAPLN4	HAPLN4__NAFLD	HAPLN4__BILI	NAFLD	BILI	3862	2800	3822	2799	3823	0.73214752811927808	0.73214752811927808	2800	3812	2799	0.73406766325727768	False	False	False	False	False	True	different_minimum_coordinates	True
HAPLN4	HAPLN4__ALT	HAPLN4__AST	ALT	AST	3862	3844	3821	3821	3844	0.99401664932362122	0.99401664932362122	3834	3811	3810	0.99348109517601046	False	False	False	False	False	True	different_minimum_coordinates	True
HAPLN4	HAPLN4__ALT	HAPLN4__ALP	ALT	ALP	3862	3844	3844	3844	3844	1	1	3834	3833	3833	0.99973917579551386	True	False	False	False	False	True	different_minimum_coordinates	True
HAPLN4	HAPLN4__ALT	HAPLN4__BILI	ALT	BILI	3862	3844	3822	3822	3844	0.99427679500520294	0.99427679500520294	3834	3812	3811	0.99374185136896998	False	False	True	True	True	True	verified_shared_minimum_variant	True
HAPLN4	HAPLN4__AST	HAPLN4__ALP	AST	ALP	3862	3821	3844	3821	3844	0.99401664932362122	0.99401664932362122	3811	3833	3810	0.99374021909233179	False	False	False	False	False	True	different_minimum_coordinates	True
HAPLN4	HAPLN4__AST	HAPLN4__BILI	AST	BILI	3862	3821	3822	3820	3823	0.9992152759612869	0.9992152759612869	3811	3812	3809	0.99868904037755635	False	False	False	False	False	True	different_minimum_coordinates	True
HAPLN4	HAPLN4__ALP	HAPLN4__BILI	ALP	BILI	3862	3844	3822	3822	3844	0.99427679500520294	0.99427679500520294	3833	3812	3811	0.99400104329681793	False	False	False	False	False	True	different_minimum_coordinates	True
HFE	HFE__CIRR	HFE__BILI	CIRR	BILI	7149	6025	6981	5989	7017	0.8534986461450762	0.8534986461450762	5986	6972	5955	0.85034985006425823	False	False	False	False	False	True	different_minimum_coordinates	True
HFE	HFE__CIRR	HFE__PSC	CIRR	PSC	7149	6025	5884	5398	6511	0.82905851635693439	0.82905851635693439	5986	5873	5383	0.83122297714638671	False	False	False	False	False	True	different_minimum_coordinates	False
HFE	HFE__CIRR	HFE__AIH	CIRR	AIH	7149	6025	7018	6016	7027	0.85612636971680656	0.85612636971680656	5986	6985	5973	0.85352957987996569	False	False	False	False	False	True	different_minimum_coordinates	True
HFE	HFE__BILI	HFE__PSC	BILI	PSC	7149	6981	5884	5851	7014	0.83418876532648989	0.83418876532648989	6972	5873	5842	0.83421390832500353	False	False	False	False	False	True	different_minimum_coordinates	False
HFE	HFE__BILI	HFE__AIH	BILI	AIH	7149	6981	7018	6981	7018	0.99472784269022518	0.99472784269022518	6972	6985	6949	0.99158105022831056	False	False	False	False	False	True	different_minimum_coordinates	True
HFE	HFE__PSC	HFE__AIH	PSC	AIH	7149	5884	7018	5875	7027	0.83606090792656895	0.83606090792656895	5873	6985	5853	0.8355460385438972	False	False	False	False	False	True	different_minimum_coordinates	False
HLX	HLX__CIRR	HLX__LIVER_FAT	CIRR	LIVER_FAT	5908	5065	5577	5056	5586	0.90511994271392771	0.90511994271392771	5060	5570	5051	0.90535938340204336	False	False	True	True	True	True	verified_shared_minimum_variant	True
HLX	HLX__CIRR	HLX__NAFLD	CIRR	NAFLD	5908	5065	4653	4576	5142	0.88992609879424345	0.88992609879424345	5060	4653	4576	0.8907922912205567	False	False	False	False	False	True	different_minimum_coordinates	True
HLX	HLX__CIRR	HLX__ALT	CIRR	ALT	5908	5065	5872	5061	5876	0.8613002042205582	0.8613002042205582	5060	5863	5056	0.86176921765808756	False	False	True	True	True	True	verified_shared_minimum_variant	True
HLX	HLX__LIVER_FAT	HLX__NAFLD	LIVER_FAT	NAFLD	5908	5577	4653	4653	5577	0.83431952662721898	0.83431952662721898	5570	4653	4653	0.8353680430879713	False	False	False	False	False	True	different_minimum_coordinates	True
HLX	HLX__LIVER_FAT	HLX__ALT	LIVER_FAT	ALT	5908	5577	5872	5577	5872	0.9497615803814714	0.9497615803814714	5570	5863	5568	0.94936061381074166	False	False	True	True	True	True	verified_shared_minimum_variant	True
HLX	HLX__NAFLD	HLX__ALT	NAFLD	ALT	5908	4653	5872	4653	5872	0.79240463215258861	0.79240463215258861	4653	5863	4653	0.79362101313320821	False	False	False	False	False	True	different_minimum_coordinates	True
HMGN4	HMGN4__CIRR	HMGN4__AST	CIRR	AST	6436	5436	6185	5380	6241	0.8620413395289217	0.8620413395289217	5399	6173	5349	0.85955327012694838	False	False	False	False	False	True	different_minimum_coordinates	False
HMGN4	HMGN4__CIRR	HMGN4__BILI	CIRR	BILI	6436	5436	6266	5398	6304	0.85628172588832485	0.85628172588832485	5399	6255	5366	0.85337150127226458	False	False	False	False	False	True	different_minimum_coordinates	True
HMGN4	HMGN4__CIRR	HMGN4__PSC	CIRR	PSC	6436	5436	5290	4878	5848	0.83413132694938441	0.83413132694938441	5399	5281	4865	0.83662940670679276	False	False	False	False	False	True	different_minimum_coordinates	False
HMGN4	HMGN4__CIRR	HMGN4__AIH	CIRR	AIH	6436	5436	6312	5429	6319	0.85915492957746475	0.85915492957746475	5399	6275	5387	0.856847463018928	False	False	False	False	False	True	different_minimum_coordinates	True
HMGN4	HMGN4__AST	HMGN4__BILI	AST	BILI	6436	6185	6266	6163	6288	0.98012086513994912	0.98012086513994912	6173	6255	6151	0.97992671658435559	False	False	False	False	False	True	different_minimum_coordinates	False
HMGN4	HMGN4__AST	HMGN4__PSC	AST	PSC	6436	6185	5290	5245	6230	0.8418940609951846	0.8418940609951846	6173	5281	5236	0.84207140559665483	False	False	False	False	False	True	different_minimum_coordinates	True
HMGN4	HMGN4__AST	HMGN4__AIH	AST	AIH	6436	6185	6312	6185	6312	0.97987959442332062	0.97987959442332062	6173	6275	6151	0.97681435604255995	False	False	False	False	False	True	different_minimum_coordinates	False
HMGN4	HMGN4__BILI	HMGN4__PSC	BILI	PSC	6436	6266	5290	5251	6305	0.8328310864393339	0.8328310864393339	6255	5281	5242	0.83285668891007314	False	False	False	False	False	True	different_minimum_coordinates	False
HMGN4	HMGN4__BILI	HMGN4__AIH	BILI	AIH	6436	6266	6312	6266	6312	0.99271229404309247	0.99271229404309247	6255	6275	6231	0.98920463565645345	False	False	False	False	False	True	different_minimum_coordinates	True
HMGN4	HMGN4__PSC	HMGN4__AIH	PSC	AIH	6436	5290	6312	5282	6320	0.83575949367088609	0.83575949367088609	5281	6275	5259	0.83515959980943311	False	False	False	False	False	True	different_minimum_coordinates	False
HOMER3	HOMER3__CIRR	HOMER3__LIVER_FAT	CIRR	LIVER_FAT	3341	2777	3140	2776	3141	0.88379496975485516	0.88379496975485516	2776	3133	2774	0.88484848484848488	False	False	False	False	False	True	different_minimum_coordinates	True
HOMER3	HOMER3__CIRR	HOMER3__NAFLD	CIRR	NAFLD	3341	2777	2432	2381	2828	0.84193776520509189	0.84193776520509189	2776	2432	2381	0.84223558542624688	False	False	False	False	False	True	different_minimum_coordinates	True
HOMER3	HOMER3__CIRR	HOMER3__ALT	CIRR	ALT	3341	2777	3324	2777	3324	0.835439229843562	0.835439229843562	2776	3316	2776	0.8371531966224367	False	False	False	False	False	True	different_minimum_coordinates	True
HOMER3	HOMER3__CIRR	HOMER3__AST	CIRR	AST	3341	2777	3298	2770	3305	0.83812405446293492	0.83812405446293492	2776	3290	2769	0.83985441310282072	False	False	False	False	False	True	different_minimum_coordinates	True
HOMER3	HOMER3__CIRR	HOMER3__ALP	CIRR	ALP	3341	2777	3324	2777	3324	0.835439229843562	0.835439229843562	2776	3315	2776	0.8374057315233786	False	False	False	False	False	True	different_minimum_coordinates	True
HOMER3	HOMER3__CIRR	HOMER3__BILI	CIRR	BILI	3341	2777	3300	2769	3308	0.83706166868198306	0.83706166868198306	2776	3291	2768	0.83904213397999394	False	False	False	False	False	True	different_minimum_coordinates	True
HOMER3	HOMER3__LIVER_FAT	HOMER3__NAFLD	LIVER_FAT	NAFLD	3341	3140	2432	2432	3140	0.77452229299363062	0.77452229299363062	3133	2432	2432	0.77625279285030324	False	False	False	False	False	True	different_minimum_coordinates	True
HOMER3	HOMER3__LIVER_FAT	HOMER3__ALT	LIVER_FAT	ALT	3341	3140	3324	3140	3324	0.9446450060168472	0.9446450060168472	3133	3316	3132	0.94422671088332832	False	False	True	True	True	True	verified_shared_minimum_variant	True
HOMER3	HOMER3__LIVER_FAT	HOMER3__AST	LIVER_FAT	AST	3341	3140	3298	3121	3317	0.94091046126017486	0.94091046126017486	3133	3290	3114	0.94106980961015407	False	False	False	False	False	True	different_minimum_coordinates	True
HOMER3	HOMER3__LIVER_FAT	HOMER3__ALP	LIVER_FAT	ALP	3341	3140	3324	3140	3324	0.9446450060168472	0.9446450060168472	3133	3315	3132	0.94451145958986726	False	False	False	False	False	True	different_minimum_coordinates	True
HOMER3	HOMER3__LIVER_FAT	HOMER3__BILI	LIVER_FAT	BILI	3341	3140	3300	3121	3319	0.94034347695088882	0.94034347695088882	3133	3291	3113	0.94019933554817281	False	False	True	True	True	True	verified_shared_minimum_variant	True
HOMER3	HOMER3__NAFLD	HOMER3__ALT	NAFLD	ALT	3341	2432	3324	2432	3324	0.73164861612515042	0.73164861612515042	2432	3316	2432	0.73341375150784072	False	False	False	False	False	True	different_minimum_coordinates	True
HOMER3	HOMER3__NAFLD	HOMER3__AST	NAFLD	AST	3341	2432	3298	2432	3298	0.73741661613098852	0.73741661613098852	2432	3290	2432	0.73920972644376903	False	False	False	False	False	True	different_minimum_coordinates	True
HOMER3	HOMER3__NAFLD	HOMER3__ALP	NAFLD	ALP	3341	2432	3324	2432	3324	0.73164861612515042	0.73164861612515042	2432	3315	2432	0.73363499245852182	False	False	False	False	False	True	different_minimum_coordinates	True
HOMER3	HOMER3__NAFLD	HOMER3__BILI	NAFLD	BILI	3341	2432	3300	2431	3301	0.73644350196910024	0.73644350196910024	2432	3291	2431	0.73845686512758202	False	False	False	False	False	True	different_minimum_coordinates	True
HOMER3	HOMER3__ALT	HOMER3__AST	ALT	AST	3341	3324	3298	3298	3324	0.99217809867629359	0.99217809867629359	3316	3290	3289	0.99155863732288207	False	False	False	False	False	True	different_minimum_coordinates	True
HOMER3	HOMER3__ALT	HOMER3__ALP	ALT	ALP	3341	3324	3324	3324	3324	1	1	3316	3315	3315	0.99969843184559715	True	False	False	False	False	True	different_minimum_coordinates	True
HOMER3	HOMER3__ALT	HOMER3__BILI	ALT	BILI	3341	3324	3300	3299	3325	0.9921804511278195	0.9921804511278195	3316	3291	3290	0.99186011456135059	False	False	True	True	True	True	verified_shared_minimum_variant	True
HOMER3	HOMER3__AST	HOMER3__ALP	AST	ALP	3341	3298	3324	3298	3324	0.99217809867629359	0.99217809867629359	3290	3315	3289	0.99185765983112184	False	False	False	False	False	True	different_minimum_coordinates	True
HOMER3	HOMER3__AST	HOMER3__BILI	AST	BILI	3341	3298	3300	3297	3301	0.99878824598606486	0.99878824598606486	3290	3291	3288	0.99848162769511084	False	False	False	False	False	True	different_minimum_coordinates	True
HOMER3	HOMER3__ALP	HOMER3__BILI	ALP	BILI	3341	3324	3300	3299	3325	0.9921804511278195	0.9921804511278195	3315	3291	3290	0.99215922798552469	False	False	False	False	False	True	different_minimum_coordinates	True
HSD17B11	HSD17B11__CIRR	HSD17B11__ALT	CIRR	ALT	6574	5469	6546	5467	6548	0.83491142333536961	0.83491142333536961	5460	6535	5458	0.83493957472846869	False	False	False	False	False	True	different_minimum_coordinates	True
HSD17B11	HSD17B11__CIRR	HSD17B11__AST	CIRR	AST	6574	5469	6395	5433	6431	0.84481418130928321	0.84481418130928321	5460	6383	5427	0.84585411471321692	False	False	False	False	False	True	different_minimum_coordinates	True
HSD17B11	HSD17B11__CIRR	HSD17B11__BILI	CIRR	BILI	6574	5469	6422	5436	6455	0.84213787761425252	0.84213787761425252	5460	6412	5428	0.8423339540657977	False	False	False	False	False	True	different_minimum_coordinates	True
HSD17B11	HSD17B11__ALT	HSD17B11__AST	ALT	AST	6574	6546	6395	6395	6546	0.97693247784906811	0.97693247784906811	6535	6383	6383	0.97674062739097167	False	False	True	True	True	True	verified_shared_minimum_variant	True
HSD17B11	HSD17B11__ALT	HSD17B11__BILI	ALT	BILI	6574	6546	6422	6421	6547	0.98075454406598439	0.98075454406598439	6535	6412	6409	0.98026919547262159	False	False	False	False	False	True	different_minimum_coordinates	True
HSD17B11	HSD17B11__AST	HSD17B11__BILI	AST	BILI	6574	6395	6422	6374	6443	0.98929070308862332	0.98929070308862332	6383	6412	6361	0.98865402548958659	False	False	False	False	False	True	different_minimum_coordinates	True
IARS2	IARS2__CIRR	IARS2__LIVER_FAT	CIRR	LIVER_FAT	5916	5060	5600	5053	5607	0.90119493490280012	0.90119493490280012	5054	5592	5047	0.9014109662439721	False	False	True	True	True	True	verified_shared_minimum_variant	True
IARS2	IARS2__CIRR	IARS2__NAFLD	CIRR	NAFLD	5916	5060	4555	4500	5115	0.87976539589442815	0.87976539589442815	5054	4555	4500	0.88079859072225486	False	False	False	False	False	True	different_minimum_coordinates	True
IARS2	IARS2__CIRR	IARS2__ALT	CIRR	ALT	5916	5060	5882	5057	5885	0.85930331350892097	0.85930331350892097	5054	5871	5051	0.85989104528430371	False	False	True	True	True	True	verified_shared_minimum_variant	True
IARS2	IARS2__LIVER_FAT	IARS2__NAFLD	LIVER_FAT	NAFLD	5916	5600	4555	4555	5600	0.81339285714285714	0.81339285714285714	5592	4555	4555	0.81455650929899859	False	False	False	False	False	True	different_minimum_coordinates	True
IARS2	IARS2__LIVER_FAT	IARS2__ALT	LIVER_FAT	ALT	5916	5600	5882	5600	5882	0.95205712342740567	0.95205712342740567	5592	5871	5590	0.95181338327941423	False	False	True	True	True	True	verified_shared_minimum_variant	True
IARS2	IARS2__NAFLD	IARS2__ALT	NAFLD	ALT	5916	4555	5882	4555	5882	0.77439646378782723	0.77439646378782723	4555	5871	4555	0.77584738545392606	False	False	False	False	False	True	different_minimum_coordinates	True
IBSP	IBSP__CIRR	IBSP__ALT	CIRR	ALT	6121	5043	6093	5040	6096	0.82677165354330706	0.82677165354330706	5033	6079	5029	0.8267302317935229	False	False	False	False	False	True	different_minimum_coordinates	True
IBSP	IBSP__CIRR	IBSP__AST	CIRR	AST	6121	5043	5935	5002	5976	0.83701472556894241	0.83701472556894241	5033	5921	4994	0.8379194630872483	False	False	False	False	False	True	different_minimum_coordinates	True
IBSP	IBSP__CIRR	IBSP__BILI	CIRR	BILI	6121	5043	5968	5010	6001	0.83486085652391273	0.83486085652391273	5033	5956	5000	0.83486391718149944	False	False	False	False	False	True	different_minimum_coordinates	True
IBSP	IBSP__ALT	IBSP__AST	ALT	AST	6121	6093	5935	5935	6093	0.97406860331527978	0.97406860331527978	6079	5921	5919	0.97335964479526393	False	False	True	True	True	True	verified_shared_minimum_variant	True
IBSP	IBSP__ALT	IBSP__BILI	ALT	BILI	6121	6093	5968	5967	6094	0.97915982934033474	0.97915982934033474	6079	5956	5952	0.97846457340128223	False	False	False	False	False	True	different_minimum_coordinates	True
IBSP	IBSP__AST	IBSP__BILI	AST	BILI	6121	5935	5968	5917	5986	0.98847310390912124	0.98847310390912124	5921	5956	5901	0.9874497991967871	False	False	False	False	False	True	different_minimum_coordinates	True
IFI27	IFI27__CIRR	IFI27__NAFLD	CIRR	NAFLD	7324	6290	5758	5655	6393	0.8845612388549976	0.8845612388549976	6286	5758	5655	0.8851150414775395	False	False	False	False	False	True	different_minimum_coordinates	True
IFI27	IFI27__CIRR	IFI27__ALT	CIRR	ALT	7324	6290	7297	6285	7302	0.86072308956450283	0.86072308956450283	6286	7282	6279	0.86143503910001373	False	False	True	True	True	True	verified_shared_minimum_variant	True
IFI27	IFI27__CIRR	IFI27__AST	CIRR	AST	7324	6290	7189	6257	7222	0.86638050401550815	0.86638050401550815	6286	7177	6252	0.86700873665233669	False	False	True	True	True	True	verified_shared_minimum_variant	True
IFI27	IFI27__CIRR	IFI27__ALP	CIRR	ALP	7324	6290	7299	6287	7302	0.86099698712681461	0.86099698712681461	6286	7287	6281	0.86135490948985194	False	False	True	True	True	True	verified_shared_minimum_variant	True
IFI27	IFI27__NAFLD	IFI27__ALT	NAFLD	ALT	7324	5758	7297	5757	7298	0.78884625924910934	0.78884625924910934	5758	7282	5757	0.7904709597693258	False	False	False	False	False	True	different_minimum_coordinates	True
IFI27	IFI27__NAFLD	IFI27__AST	NAFLD	AST	7324	5758	7189	5743	7204	0.7971960022209883	0.7971960022209883	5758	7177	5743	0.79852614015572854	False	False	False	False	False	True	different_minimum_coordinates	True
IFI27	IFI27__NAFLD	IFI27__ALP	NAFLD	ALP	7324	5758	7299	5758	7299	0.78887518838197013	0.78887518838197013	5758	7287	5758	0.79017428296967207	False	False	False	False	False	True	different_minimum_coordinates	True
IFI27	IFI27__ALT	IFI27__AST	ALT	AST	7324	7297	7189	7188	7298	0.98492737736366132	0.98492737736366132	7282	7177	7173	0.98449080428218505	False	False	True	True	True	True	verified_shared_minimum_variant	True
IFI27	IFI27__ALT	IFI27__ALP	ALT	ALP	7324	7297	7299	7297	7299	0.99972598986162486	0.99972598986162486	7282	7287	7282	0.99931384657609446	False	False	True	True	True	True	verified_shared_minimum_variant	True
IFI27	IFI27__AST	IFI27__ALP	AST	ALP	7324	7189	7299	7189	7299	0.98492944238936841	0.98492944238936841	7177	7287	7175	0.98435999451227874	False	False	True	True	True	True	verified_shared_minimum_variant	True
IFI27L1	IFI27L1__CIRR	IFI27L1__NAFLD	CIRR	NAFLD	7389	6345	5811	5706	6450	0.88465116279069766	0.88465116279069766	6341	5811	5706	0.88520012410797388	False	False	False	False	False	True	different_minimum_coordinates	True
IFI27L1	IFI27L1__CIRR	IFI27L1__ALT	CIRR	ALT	7389	6345	7361	6340	7366	0.86071137659516694	0.86071137659516694	6341	7346	6334	0.8614171086631307	False	False	True	True	True	True	verified_shared_minimum_variant	True
IFI27L1	IFI27L1__CIRR	IFI27L1__AST	CIRR	AST	7389	6345	7253	6312	7286	0.8663189678836124	0.8663189678836124	6341	7241	6307	0.8669415807560138	False	False	True	True	True	True	verified_shared_minimum_variant	True
IFI27L1	IFI27L1__CIRR	IFI27L1__ALP	CIRR	ALP	7389	6345	7363	6342	7366	0.86098289437958186	0.86098289437958186	6341	7351	6336	0.86133768352365414	False	False	True	True	True	True	verified_shared_minimum_variant	True
IFI27L1	IFI27L1__NAFLD	IFI27L1__ALT	NAFLD	ALT	7389	5811	7361	5810	7362	0.78918772072806298	0.78918772072806298	5811	7346	5810	0.79079896556417584	False	False	False	False	False	True	different_minimum_coordinates	True
IFI27L1	IFI27L1__NAFLD	IFI27L1__AST	NAFLD	AST	7389	5811	7253	5796	7268	0.79746835443037978	0.79746835443037978	5811	7241	5796	0.79878721058434399	False	False	False	False	False	True	different_minimum_coordinates	True
IFI27L1	IFI27L1__NAFLD	IFI27L1__ALP	NAFLD	ALP	7389	5811	7363	5811	7363	0.7892163520304224	0.7892163520304224	5811	7351	5811	0.79050469323901507	False	False	False	False	False	True	different_minimum_coordinates	True
IFI27L1	IFI27L1__ALT	IFI27L1__AST	ALT	AST	7389	7361	7253	7252	7362	0.98505840804129308	0.98505840804129308	7346	7241	7237	0.98462585034013606	False	False	True	True	True	True	verified_shared_minimum_variant	True
IFI27L1	IFI27L1__ALT	IFI27L1__ALP	ALT	ALP	7389	7361	7363	7361	7363	0.99972837158766803	0.99972837158766803	7346	7351	7346	0.99931982043259415	False	False	True	True	True	True	verified_shared_minimum_variant	True
IFI27L1	IFI27L1__AST	IFI27L1__ALP	AST	ALP	7389	7253	7363	7253	7363	0.98506043732174386	0.98506043732174386	7241	7351	7239	0.98449612403100772	False	False	True	True	True	True	verified_shared_minimum_variant	True
IFI27L2	IFI27L2__CIRR	IFI27L2__NAFLD	CIRR	NAFLD	7310	6279	5750	5648	6381	0.8851277229274408	0.8851277229274408	6275	5750	5648	0.88568292300454754	False	False	False	False	False	True	different_minimum_coordinates	True
IFI27L2	IFI27L2__CIRR	IFI27L2__ALT	CIRR	ALT	7310	6279	7283	6274	7288	0.86086717892425901	0.86086717892425901	6275	7268	6268	0.86158075601374573	False	False	True	True	True	True	verified_shared_minimum_variant	True
IFI27L2	IFI27L2__CIRR	IFI27L2__AST	CIRR	AST	7310	6279	7177	6246	7210	0.86629680998613035	0.86629680998613035	6275	7165	6241	0.86692596193915816	False	False	True	True	True	True	verified_shared_minimum_variant	True
IFI27L2	IFI27L2__CIRR	IFI27L2__ALP	CIRR	ALP	7310	6279	7285	6276	7288	0.8611416026344676	0.8611416026344676	6275	7273	6270	0.86150041220115414	False	False	True	True	True	True	verified_shared_minimum_variant	True
IFI27L2	IFI27L2__NAFLD	IFI27L2__ALT	NAFLD	ALT	7310	5750	7283	5749	7284	0.78926414058209771	0.78926414058209771	5750	7268	5749	0.79089283257669551	False	False	False	False	False	True	different_minimum_coordinates	True
IFI27L2	IFI27L2__NAFLD	IFI27L2__AST	NAFLD	AST	7310	5750	7177	5735	7192	0.79741379310344829	0.79741379310344829	5750	7165	5735	0.79874651810584962	False	False	False	False	False	True	different_minimum_coordinates	True
IFI27L2	IFI27L2__NAFLD	IFI27L2__ALP	NAFLD	ALP	7310	5750	7285	5750	7285	0.78929306794783805	0.78929306794783805	5750	7273	5750	0.79059535267427472	False	False	False	False	False	True	different_minimum_coordinates	True
IFI27L2	IFI27L2__ALT	IFI27L2__AST	ALT	AST	7310	7283	7177	7176	7284	0.98517298187808899	0.98517298187808899	7268	7165	7161	0.98473597359735976	False	False	True	True	True	True	verified_shared_minimum_variant	True
IFI27L2	IFI27L2__ALT	IFI27L2__ALP	ALT	ALP	7310	7283	7285	7283	7285	0.99972546328071377	0.99972546328071377	7268	7273	7268	0.99931252578028329	False	False	True	True	True	True	verified_shared_minimum_variant	True
IFI27L2	IFI27L2__AST	IFI27L2__ALP	AST	ALP	7310	7177	7285	7177	7285	0.98517501715854494	0.98517501715854494	7165	7273	7163	0.98460481099656361	False	False	True	True	True	True	verified_shared_minimum_variant	True
IFI30	IFI30__CIRR	IFI30__LIVER_FAT	CIRR	LIVER_FAT	2284	1923	2160	1922	2161	0.88940305414160115	0.88940305414160115	1921	2156	1920	0.89012517385257306	False	False	True	True	True	True	verified_shared_minimum_variant	True
IFI30	IFI30__CIRR	IFI30__NAFLD	CIRR	NAFLD	2284	1923	1681	1646	1958	0.84065372829417773	0.84065372829417773	1921	1681	1646	0.84151329243353779	False	False	True	True	True	True	verified_shared_minimum_variant	True
IFI30	IFI30__CIRR	IFI30__ALT	CIRR	ALT	2284	1923	2275	1923	2275	0.84527472527472525	0.84527472527472525	1921	2268	1921	0.84700176366843039	False	False	True	True	True	True	verified_shared_minimum_variant	True
IFI30	IFI30__LIVER_FAT	IFI30__NAFLD	LIVER_FAT	NAFLD	2284	2160	1681	1681	2160	0.77824074074074079	0.77824074074074079	2156	1681	1681	0.7796846011131725	False	False	True	True	True	True	verified_shared_minimum_variant	True
IFI30	IFI30__LIVER_FAT	IFI30__ALT	LIVER_FAT	ALT	2284	2160	2275	2160	2275	0.94945054945054941	0.94945054945054941	2156	2268	2155	0.94975760246804763	False	False	True	True	True	True	verified_shared_minimum_variant	True
IFI30	IFI30__NAFLD	IFI30__ALT	NAFLD	ALT	2284	1681	2275	1681	2275	0.7389010989010989	0.7389010989010989	1681	2268	1681	0.74118165784832446	False	False	True	True	True	True	verified_shared_minimum_variant	True
IFT172	IFT172__LIVER_FAT	IFT172__NAFLD	LIVER_FAT	NAFLD	4061	3795	3043	3043	3795	0.80184453227931485	0.80184453227931485	3793	3043	3043	0.80226733456366994	False	False	False	False	False	True	different_minimum_coordinates	True
IFT172	IFT172__LIVER_FAT	IFT172__GGT	LIVER_FAT	GGT	4061	3795	4044	3795	4044	0.93842729970326411	0.93842729970326411	3793	4041	3793	0.93862905221479831	False	False	False	False	False	True	different_minimum_coordinates	True
IFT172	IFT172__LIVER_FAT	IFT172__ALP	LIVER_FAT	ALP	4061	3795	4044	3795	4044	0.93842729970326411	0.93842729970326411	3793	4041	3793	0.93862905221479831	False	False	False	False	False	True	different_minimum_coordinates	True
IFT172	IFT172__NAFLD	IFT172__GGT	NAFLD	GGT	4061	3043	4044	3043	4044	0.75247279920870425	0.75247279920870425	3043	4041	3043	0.75303142786439003	False	False	False	False	False	True	different_minimum_coordinates	True
IFT172	IFT172__NAFLD	IFT172__ALP	NAFLD	ALP	4061	3043	4044	3043	4044	0.75247279920870425	0.75247279920870425	3043	4041	3043	0.75303142786439003	False	False	False	False	False	True	different_minimum_coordinates	True
IFT172	IFT172__GGT	IFT172__ALP	GGT	ALP	4061	4044	4044	4044	4044	1	1	4041	4041	4041	1	True	True	True	True	True	True	verified_shared_minimum_variant	True
IQCN	IQCN__CIRR	IQCN__LIVER_FAT	CIRR	LIVER_FAT	2492	2092	2357	2091	2358	0.88676844783715014	0.88676844783715014	2090	2353	2089	0.88742565845369581	False	False	True	True	True	True	verified_shared_minimum_variant	True
IQCN	IQCN__CIRR	IQCN__NAFLD	CIRR	NAFLD	2492	2092	1834	1794	2132	0.84146341463414631	0.84146341463414631	2090	1834	1794	0.84225352112676055	False	False	True	True	True	True	verified_shared_minimum_variant	True
IQCN	IQCN__CIRR	IQCN__ALT	CIRR	ALT	2492	2092	2481	2092	2481	0.8432083837162434	0.8432083837162434	2090	2474	2090	0.84478577202910266	False	False	True	True	True	True	verified_shared_minimum_variant	True
IQCN	IQCN__CIRR	IQCN__AST	CIRR	AST	2492	2092	2453	2086	2459	0.84831232208214724	0.84831232208214724	2090	2448	2084	0.84922575387123067	False	False	False	False	False	True	different_minimum_coordinates	True
IQCN	IQCN__CIRR	IQCN__ALP	CIRR	ALP	2492	2092	2481	2092	2481	0.8432083837162434	0.8432083837162434	2090	2474	2090	0.84478577202910266	False	False	True	True	True	True	verified_shared_minimum_variant	True
IQCN	IQCN__CIRR	IQCN__BILI	CIRR	BILI	2492	2092	2458	2089	2461	0.84884193417310039	0.84884193417310039	2090	2452	2087	0.85010183299388997	False	False	True	True	True	True	verified_shared_minimum_variant	True
IQCN	IQCN__LIVER_FAT	IQCN__NAFLD	LIVER_FAT	NAFLD	2492	2357	1834	1834	2357	0.77810776410691562	0.77810776410691562	2353	1834	1834	0.77943051423714405	False	False	True	True	True	True	verified_shared_minimum_variant	True
IQCN	IQCN__LIVER_FAT	IQCN__ALT	LIVER_FAT	ALT	2492	2357	2481	2357	2481	0.95002015316404675	0.95002015316404675	2353	2474	2352	0.95030303030303032	False	False	True	True	True	True	verified_shared_minimum_variant	True
IQCN	IQCN__LIVER_FAT	IQCN__AST	LIVER_FAT	AST	2492	2357	2453	2339	2471	0.94658033184945367	0.94658033184945367	2353	2448	2335	0.94687753446877532	False	False	False	False	False	True	different_minimum_coordinates	True
IQCN	IQCN__LIVER_FAT	IQCN__ALP	LIVER_FAT	ALP	2492	2357	2481	2357	2481	0.95002015316404675	0.95002015316404675	2353	2474	2352	0.95030303030303032	False	False	True	True	True	True	verified_shared_minimum_variant	True
IQCN	IQCN__LIVER_FAT	IQCN__BILI	LIVER_FAT	BILI	2492	2357	2458	2342	2473	0.94702790133441161	0.94702790133441161	2353	2452	2337	0.94692058346839547	False	False	True	True	True	True	verified_shared_minimum_variant	True
IQCN	IQCN__NAFLD	IQCN__ALT	NAFLD	ALT	2492	1834	2481	1834	2481	0.7392180572349859	0.7392180572349859	1834	2474	1834	0.74130962004850443	False	False	True	True	True	True	verified_shared_minimum_variant	True
IQCN	IQCN__NAFLD	IQCN__AST	NAFLD	AST	2492	1834	2453	1834	2453	0.7476559315124337	0.7476559315124337	1834	2448	1834	0.74918300653594772	False	False	False	False	False	True	different_minimum_coordinates	True
IQCN	IQCN__NAFLD	IQCN__ALP	NAFLD	ALP	2492	1834	2481	1834	2481	0.7392180572349859	0.7392180572349859	1834	2474	1834	0.74130962004850443	False	False	True	True	True	True	verified_shared_minimum_variant	True
IQCN	IQCN__NAFLD	IQCN__BILI	NAFLD	BILI	2492	1834	2458	1834	2458	0.74613506916192029	0.74613506916192029	1834	2452	1834	0.74796084828711251	False	False	True	True	True	True	verified_shared_minimum_variant	True
IQCN	IQCN__ALT	IQCN__AST	ALT	AST	2492	2481	2453	2453	2481	0.98871422813381704	0.98871422813381704	2474	2448	2446	0.98788368336025845	False	False	False	False	False	True	different_minimum_coordinates	True
IQCN	IQCN__ALT	IQCN__ALP	ALT	ALP	2492	2481	2481	2481	2481	1	1	2474	2474	2474	1	True	True	True	True	True	True	verified_shared_minimum_variant	True
IQCN	IQCN__ALT	IQCN__BILI	ALT	BILI	2492	2481	2458	2457	2482	0.98992747784045121	0.98992747784045121	2474	2452	2450	0.98949919224555738	False	False	True	True	True	True	verified_shared_minimum_variant	True
IQCN	IQCN__AST	IQCN__ALP	AST	ALP	2492	2453	2481	2453	2481	0.98871422813381704	0.98871422813381704	2448	2474	2446	0.98788368336025845	False	False	False	False	False	True	different_minimum_coordinates	True
IQCN	IQCN__AST	IQCN__BILI	AST	BILI	2492	2453	2458	2453	2458	0.99796582587469485	0.99796582587469485	2448	2452	2447	0.99755401549123524	False	False	False	False	False	True	different_minimum_coordinates	True
IQCN	IQCN__ALP	IQCN__BILI	ALP	BILI	2492	2481	2458	2457	2482	0.98992747784045121	0.98992747784045121	2474	2452	2450	0.98949919224555738	False	False	True	True	True	True	verified_shared_minimum_variant	True
ISYNA1	ISYNA1__CIRR	ISYNA1__LIVER_FAT	CIRR	LIVER_FAT	2764	2323	2610	2322	2611	0.88931443891229411	0.88931443891229411	2321	2606	2320	0.88991177598772531	False	False	False	False	False	True	different_minimum_coordinates	True
ISYNA1	ISYNA1__CIRR	ISYNA1__NAFLD	CIRR	NAFLD	2764	2323	2022	1982	2363	0.83876428269149383	0.83876428269149383	2321	2022	1982	0.83947479881406184	False	False	False	False	False	True	different_minimum_coordinates	True
ISYNA1	ISYNA1__CIRR	ISYNA1__ALT	CIRR	ALT	2764	2323	2751	2323	2751	0.84442021083242458	0.84442021083242458	2321	2743	2321	0.84615384615384615	False	False	False	False	False	True	different_minimum_coordinates	True
ISYNA1	ISYNA1__CIRR	ISYNA1__AST	CIRR	AST	2764	2323	2721	2316	2728	0.84897360703812319	0.84897360703812319	2321	2715	2314	0.85011021307861867	False	False	False	False	False	True	different_minimum_coordinates	True
ISYNA1	ISYNA1__CIRR	ISYNA1__ALP	CIRR	ALP	2764	2323	2751	2323	2751	0.84442021083242458	0.84442021083242458	2321	2743	2321	0.84615384615384615	False	False	False	False	False	True	different_minimum_coordinates	True
ISYNA1	ISYNA1__CIRR	ISYNA1__BILI	CIRR	BILI	2764	2323	2726	2319	2730	0.84945054945054943	0.84945054945054943	2321	2719	2317	0.85089974293059123	False	False	False	False	False	True	different_minimum_coordinates	True
ISYNA1	ISYNA1__LIVER_FAT	ISYNA1__NAFLD	LIVER_FAT	NAFLD	2764	2610	2022	2022	2610	0.77471264367816095	0.77471264367816095	2606	2022	2022	0.77590176515732923	False	False	False	False	False	True	different_minimum_coordinates	True
ISYNA1	ISYNA1__LIVER_FAT	ISYNA1__ALT	LIVER_FAT	ALT	2764	2610	2751	2610	2751	0.94874591057797164	0.94874591057797164	2606	2743	2605	0.94934402332361512	False	False	True	True	True	True	verified_shared_minimum_variant	True
ISYNA1	ISYNA1__LIVER_FAT	ISYNA1__AST	LIVER_FAT	AST	2764	2610	2721	2590	2741	0.94491061656329811	0.94491061656329811	2606	2715	2586	0.94552102376599634	False	False	False	False	False	True	different_minimum_coordinates	True
ISYNA1	ISYNA1__LIVER_FAT	ISYNA1__ALP	LIVER_FAT	ALP	2764	2610	2751	2610	2751	0.94874591057797164	0.94874591057797164	2606	2743	2605	0.94934402332361512	False	False	False	False	False	True	different_minimum_coordinates	True
ISYNA1	ISYNA1__LIVER_FAT	ISYNA1__BILI	LIVER_FAT	BILI	2764	2610	2726	2593	2743	0.94531534815895002	0.94531534815895002	2606	2719	2588	0.94556083302886373	False	False	True	True	True	True	verified_shared_minimum_variant	True
ISYNA1	ISYNA1__NAFLD	ISYNA1__ALT	NAFLD	ALT	2764	2022	2751	2022	2751	0.73500545256270444	0.73500545256270444	2022	2743	2022	0.73714910681735324	False	False	False	False	False	True	different_minimum_coordinates	True
ISYNA1	ISYNA1__NAFLD	ISYNA1__AST	NAFLD	AST	2764	2022	2721	2022	2721	0.74310915104740904	0.74310915104740904	2022	2715	2022	0.74475138121546958	False	False	False	False	False	True	different_minimum_coordinates	True
ISYNA1	ISYNA1__NAFLD	ISYNA1__ALP	NAFLD	ALP	2764	2022	2751	2022	2751	0.73500545256270444	0.73500545256270444	2022	2743	2022	0.73714910681735324	False	False	False	False	False	True	different_minimum_coordinates	True
ISYNA1	ISYNA1__NAFLD	ISYNA1__BILI	NAFLD	BILI	2764	2022	2726	2022	2726	0.74174614820249452	0.74174614820249452	2022	2719	2022	0.74365575579257082	False	False	False	False	False	True	different_minimum_coordinates	True
ISYNA1	ISYNA1__ALT	ISYNA1__AST	ALT	AST	2764	2751	2721	2721	2751	0.98909487459105783	0.98909487459105783	2743	2715	2713	0.98834244080145717	False	False	False	False	False	True	different_minimum_coordinates	True
ISYNA1	ISYNA1__ALT	ISYNA1__ALP	ALT	ALP	2764	2751	2751	2751	2751	1	1	2743	2743	2743	1	True	True	False	False	False	True	different_minimum_coordinates	True
ISYNA1	ISYNA1__ALT	ISYNA1__BILI	ALT	BILI	2764	2751	2726	2725	2752	0.9901889534883721	0.9901889534883721	2743	2719	2717	0.98979963570127505	False	False	True	True	True	True	verified_shared_minimum_variant	True
ISYNA1	ISYNA1__AST	ISYNA1__ALP	AST	ALP	2764	2721	2751	2721	2751	0.98909487459105783	0.98909487459105783	2715	2743	2713	0.98834244080145717	False	False	False	False	False	True	different_minimum_coordinates	True
ISYNA1	ISYNA1__AST	ISYNA1__BILI	AST	BILI	2764	2721	2726	2721	2726	0.99816581071166544	0.99816581071166544	2715	2719	2714	0.99779411764705883	False	False	False	False	False	True	different_minimum_coordinates	True
ISYNA1	ISYNA1__ALP	ISYNA1__BILI	ALP	BILI	2764	2751	2726	2725	2752	0.9901889534883721	0.9901889534883721	2743	2719	2717	0.98979963570127505	False	False	False	False	False	True	different_minimum_coordinates	True
JUND	JUND__CIRR	JUND__LIVER_FAT	CIRR	LIVER_FAT	2513	2110	2378	2109	2379	0.88650693568726358	0.88650693568726358	2108	2374	2107	0.88715789473684215	False	False	False	False	False	True	different_minimum_coordinates	True
JUND	JUND__CIRR	JUND__NAFLD	CIRR	NAFLD	2513	2110	1850	1810	2150	0.8418604651162791	0.8418604651162791	2108	1850	1810	0.84264432029795155	False	False	True	True	True	True	verified_shared_minimum_variant	True
JUND	JUND__CIRR	JUND__ALT	CIRR	ALT	2513	2110	2502	2110	2502	0.84332533972821744	0.84332533972821744	2108	2495	2108	0.84488977955911826	False	False	False	False	False	True	different_minimum_coordinates	True
JUND	JUND__CIRR	JUND__AST	CIRR	AST	2513	2110	2474	2104	2480	0.84838709677419355	0.84838709677419355	2108	2469	2102	0.84929292929292932	False	False	False	False	False	True	different_minimum_coordinates	True
JUND	JUND__CIRR	JUND__ALP	CIRR	ALP	2513	2110	2502	2110	2502	0.84332533972821744	0.84332533972821744	2108	2495	2108	0.84488977955911826	False	False	False	False	False	True	different_minimum_coordinates	True
JUND	JUND__CIRR	JUND__BILI	CIRR	BILI	2513	2110	2479	2107	2482	0.84891216760676869	0.84891216760676869	2108	2473	2105	0.85016155088852985	False	False	False	False	False	True	different_minimum_coordinates	True
JUND	JUND__LIVER_FAT	JUND__NAFLD	LIVER_FAT	NAFLD	2513	2378	1850	1850	2378	0.77796467619848608	0.77796467619848608	2374	1850	1850	0.77927548441449035	False	False	False	False	False	True	different_minimum_coordinates	True
JUND	JUND__LIVER_FAT	JUND__ALT	LIVER_FAT	ALT	2513	2378	2502	2378	2502	0.95043964828137495	0.95043964828137495	2374	2495	2373	0.95072115384615385	False	False	True	True	True	True	verified_shared_minimum_variant	True
JUND	JUND__LIVER_FAT	JUND__AST	LIVER_FAT	AST	2513	2378	2474	2360	2492	0.9470304975922953	0.9470304975922953	2374	2469	2356	0.94732609569762771	False	False	False	False	False	True	different_minimum_coordinates	True
JUND	JUND__LIVER_FAT	JUND__ALP	LIVER_FAT	ALP	2513	2378	2502	2378	2502	0.95043964828137495	0.95043964828137495	2374	2495	2373	0.95072115384615385	False	False	True	True	True	True	verified_shared_minimum_variant	True
JUND	JUND__LIVER_FAT	JUND__BILI	LIVER_FAT	BILI	2513	2378	2479	2363	2494	0.94747393744987973	0.94747393744987973	2374	2473	2358	0.94736842105263153	False	False	True	True	True	True	verified_shared_minimum_variant	True
JUND	JUND__NAFLD	JUND__ALT	NAFLD	ALT	2513	1850	2502	1850	2502	0.73940847322142289	0.73940847322142289	1850	2495	1850	0.74148296593186369	False	False	False	False	False	True	different_minimum_coordinates	True
JUND	JUND__NAFLD	JUND__AST	NAFLD	AST	2513	1850	2474	1850	2474	0.74777687954729188	0.74777687954729188	1850	2469	1850	0.7492912110166059	False	False	False	False	False	True	different_minimum_coordinates	True
JUND	JUND__NAFLD	JUND__ALP	NAFLD	ALP	2513	1850	2502	1850	2502	0.73940847322142289	0.73940847322142289	1850	2495	1850	0.74148296593186369	False	False	False	False	False	True	different_minimum_coordinates	True
JUND	JUND__NAFLD	JUND__BILI	NAFLD	BILI	2513	1850	2479	1850	2479	0.74626865671641796	0.74626865671641796	1850	2473	1850	0.74807925596441571	False	False	False	False	False	True	different_minimum_coordinates	True
JUND	JUND__ALT	JUND__AST	ALT	AST	2513	2502	2474	2474	2502	0.98880895283772985	0.98880895283772985	2495	2469	2467	0.98798558269923908	False	False	False	False	False	True	different_minimum_coordinates	True
JUND	JUND__ALT	JUND__ALP	ALT	ALP	2513	2502	2502	2502	2502	1	1	2495	2495	2495	1	True	True	True	True	True	True	verified_shared_minimum_variant	True
JUND	JUND__ALT	JUND__BILI	ALT	BILI	2513	2502	2479	2478	2503	0.99001198561725934	0.99001198561725934	2495	2473	2471	0.98958750500600723	False	False	True	True	True	True	verified_shared_minimum_variant	True
JUND	JUND__AST	JUND__ALP	AST	ALP	2513	2474	2502	2474	2502	0.98880895283772985	0.98880895283772985	2469	2495	2467	0.98798558269923908	False	False	False	False	False	True	different_minimum_coordinates	True
JUND	JUND__AST	JUND__BILI	AST	BILI	2513	2474	2479	2474	2479	0.9979830576845502	0.9979830576845502	2469	2473	2468	0.99757477768795477	False	False	False	False	False	True	different_minimum_coordinates	True
JUND	JUND__ALP	JUND__BILI	ALP	BILI	2513	2502	2479	2478	2503	0.99001198561725934	0.99001198561725934	2495	2473	2471	0.98958750500600723	False	False	True	True	True	True	verified_shared_minimum_variant	True
KCNK3	KCNK3__LIVER_FAT	KCNK3__NAFLD	LIVER_FAT	NAFLD	4230	3930	3027	3027	3930	0.77022900763358781	0.77022900763358781	3926	3027	3027	0.77101375445746312	False	False	False	False	False	True	different_minimum_coordinates	True
KCNK3	KCNK3__LIVER_FAT	KCNK3__GGT	LIVER_FAT	GGT	4230	3930	4205	3930	4205	0.93460166468489891	0.93460166468489891	3926	4199	3924	0.93406331825755773	False	False	False	False	False	True	different_minimum_coordinates	True
KCNK3	KCNK3__LIVER_FAT	KCNK3__ALP	LIVER_FAT	ALP	4230	3930	4205	3930	4205	0.93460166468489891	0.93460166468489891	3926	4200	3925	0.93430135681980486	False	False	False	False	False	True	different_minimum_coordinates	True
KCNK3	KCNK3__NAFLD	KCNK3__GGT	NAFLD	GGT	4230	3027	4205	3027	4205	0.71985731272294884	0.71985731272294884	3027	4199	3027	0.72088592522029049	False	False	False	False	False	True	different_minimum_coordinates	True
KCNK3	KCNK3__NAFLD	KCNK3__ALP	NAFLD	ALP	4230	3027	4205	3027	4205	0.71985731272294884	0.71985731272294884	3027	4200	3027	0.72071428571428575	False	False	False	False	False	True	different_minimum_coordinates	True
KCNK3	KCNK3__GGT	KCNK3__ALP	GGT	ALP	4230	4205	4205	4205	4205	1	1	4199	4200	4199	0.99976190476190474	True	False	True	True	True	True	verified_shared_minimum_variant	True
KHK	KHK__LIVER_FAT	KHK__NAFLD	LIVER_FAT	NAFLD	3754	3498	2764	2764	3498	0.79016580903373357	0.79016580903373357	3496	2764	2764	0.79061784897025167	False	False	False	False	False	True	different_minimum_coordinates	True
KHK	KHK__LIVER_FAT	KHK__GGT	LIVER_FAT	GGT	3754	3498	3734	3498	3734	0.93679700053561865	0.93679700053561865	3496	3731	3496	0.93701420530688828	False	False	False	False	False	True	different_minimum_coordinates	True
KHK	KHK__LIVER_FAT	KHK__ALP	LIVER_FAT	ALP	3754	3498	3734	3498	3734	0.93679700053561865	0.93679700053561865	3496	3731	3496	0.93701420530688828	False	False	False	False	False	True	different_minimum_coordinates	True
KHK	KHK__NAFLD	KHK__GGT	NAFLD	GGT	3754	2764	3734	2764	3734	0.74022495982860204	0.74022495982860204	2764	3731	2764	0.7408201554543018	False	False	False	False	False	True	different_minimum_coordinates	True
KHK	KHK__NAFLD	KHK__ALP	NAFLD	ALP	3754	2764	3734	2764	3734	0.74022495982860204	0.74022495982860204	2764	3731	2764	0.7408201554543018	False	False	False	False	False	True	different_minimum_coordinates	True
KHK	KHK__GGT	KHK__ALP	GGT	ALP	3754	3734	3734	3734	3734	1	1	3731	3731	3731	1	True	True	True	True	True	True	verified_shared_minimum_variant	True
KIAA0319	KIAA0319__CIRR	KIAA0319__NAFLD	CIRR	NAFLD	9077	7631	6815	6673	7773	0.85848449761996659	0.85848449761996659	7614	6815	6673	0.86036616812790101	False	False	False	False	False	True	different_minimum_coordinates	False
KIAA0319	KIAA0319__CIRR	KIAA0319__ALP	CIRR	ALP	9077	7631	6280	5278	8633	0.61137495656202945	0.61137495656202945	7614	6265	5269	0.61196283391405337	False	False	False	False	False	False	different_minimum_coordinates	False
KIAA0319	KIAA0319__CIRR	KIAA0319__BILI	CIRR	BILI	9077	7631	8906	7592	8945	0.84874231414197876	0.84874231414197876	7614	8889	7578	0.84907563025210087	False	False	False	False	False	True	different_minimum_coordinates	True
KIAA0319	KIAA0319__CIRR	KIAA0319__PSC	CIRR	PSC	9077	7631	7614	6853	8392	0.81661105815061963	0.81661105815061963	7614	7593	6840	0.81749731086410904	False	False	False	False	False	True	different_minimum_coordinates	True
KIAA0319	KIAA0319__NAFLD	KIAA0319__ALP	NAFLD	ALP	9077	6815	6280	4680	8415	0.55614973262032086	0.55614973262032086	6815	6265	4680	0.55714285714285716	False	False	False	False	False	False	different_minimum_coordinates	True
KIAA0319	KIAA0319__NAFLD	KIAA0319__BILI	NAFLD	BILI	9077	6815	8906	6795	8926	0.7612592426618866	0.7612592426618866	6815	8889	6795	0.76271186440677963	False	False	False	False	False	True	different_minimum_coordinates	False
KIAA0319	KIAA0319__NAFLD	KIAA0319__PSC	NAFLD	PSC	9077	6815	7614	6340	8089	0.78378044257633828	0.78378044257633828	6815	7593	6340	0.78582052553296977	False	False	False	False	False	True	different_minimum_coordinates	False
KIAA0319	KIAA0319__ALP	KIAA0319__BILI	ALP	BILI	9077	6280	8906	6198	8988	0.68958611481975973	0.68958611481975973	6265	8889	6182	0.68903254569772621	False	False	False	False	False	False	different_minimum_coordinates	False
KIAA0319	KIAA0319__ALP	KIAA0319__PSC	ALP	PSC	9077	6280	7614	5214	8680	0.60069124423963138	0.60069124423963138	6265	7593	5198	0.60023094688221712	False	False	False	False	False	False	different_minimum_coordinates	False
KIAA0319	KIAA0319__BILI	KIAA0319__PSC	BILI	PSC	9077	8906	7614	7585	8935	0.84890878567431449	0.84890878567431449	8889	7593	7566	0.84858681022880211	False	False	False	False	False	True	different_minimum_coordinates	True
KLHL26	KLHL26__CIRR	KLHL26__LIVER_FAT	CIRR	LIVER_FAT	3003	2532	2840	2530	2842	0.89021815622800848	0.89021815622800848	2530	2833	2527	0.89104372355430184	False	False	False	False	False	True	different_minimum_coordinates	True
KLHL26	KLHL26__CIRR	KLHL26__NAFLD	CIRR	NAFLD	3003	2532	2211	2168	2575	0.84194174757281548	0.84194174757281548	2530	2211	2168	0.84259619121647877	False	False	False	False	False	True	different_minimum_coordinates	True
KLHL26	KLHL26__CIRR	KLHL26__ALT	CIRR	ALT	3003	2532	2990	2532	2990	0.8468227424749164	0.8468227424749164	2530	2981	2530	0.8487084870848709	False	False	False	False	False	True	different_minimum_coordinates	True
KLHL26	KLHL26__CIRR	KLHL26__AST	CIRR	AST	3003	2532	2959	2524	2967	0.85069093360296599	0.85069093360296599	2530	2951	2522	0.85231497127407907	False	False	False	False	False	True	different_minimum_coordinates	True
KLHL26	KLHL26__CIRR	KLHL26__ALP	CIRR	ALP	3003	2532	2990	2532	2990	0.8468227424749164	0.8468227424749164	2530	2980	2530	0.84899328859060408	False	False	False	False	False	True	different_minimum_coordinates	True
KLHL26	KLHL26__CIRR	KLHL26__BILI	CIRR	BILI	3003	2532	2965	2527	2970	0.85084175084175084	0.85084175084175084	2530	2956	2525	0.85275244849712939	False	False	False	False	False	True	different_minimum_coordinates	True
KLHL26	KLHL26__LIVER_FAT	KLHL26__NAFLD	LIVER_FAT	NAFLD	3003	2840	2211	2211	2840	0.7785211267605634	0.7785211267605634	2833	2211	2211	0.78044475820684789	False	False	False	False	False	True	different_minimum_coordinates	True
KLHL26	KLHL26__LIVER_FAT	KLHL26__ALT	LIVER_FAT	ALT	3003	2840	2990	2840	2990	0.94983277591973247	0.94983277591973247	2833	2981	2832	0.94969818913480886	False	False	True	True	True	True	verified_shared_minimum_variant	True
KLHL26	KLHL26__LIVER_FAT	KLHL26__AST	LIVER_FAT	AST	3003	2840	2959	2820	2979	0.94662638469284999	0.94662638469284999	2833	2951	2813	0.94681925277684287	False	False	False	False	False	True	different_minimum_coordinates	True
KLHL26	KLHL26__LIVER_FAT	KLHL26__ALP	LIVER_FAT	ALP	3003	2840	2990	2840	2990	0.94983277591973247	0.94983277591973247	2833	2980	2832	0.95001677289500164	False	False	False	False	False	True	different_minimum_coordinates	True
KLHL26	KLHL26__LIVER_FAT	KLHL26__BILI	LIVER_FAT	BILI	3003	2840	2965	2824	2981	0.94733310969473328	0.94733310969473328	2833	2956	2816	0.94719138916918932	False	False	True	True	True	True	verified_shared_minimum_variant	True
KLHL26	KLHL26__NAFLD	KLHL26__ALT	NAFLD	ALT	3003	2211	2990	2211	2990	0.73946488294314383	0.73946488294314383	2211	2981	2211	0.74169741697416969	False	False	False	False	False	True	different_minimum_coordinates	True
KLHL26	KLHL26__NAFLD	KLHL26__AST	NAFLD	AST	3003	2211	2959	2211	2959	0.74721189591078063	0.74721189591078063	2211	2951	2211	0.7492375465943748	False	False	False	False	False	True	different_minimum_coordinates	True
KLHL26	KLHL26__NAFLD	KLHL26__ALP	NAFLD	ALP	3003	2211	2990	2211	2990	0.73946488294314383	0.73946488294314383	2211	2980	2211	0.74194630872483225	False	False	False	False	False	True	different_minimum_coordinates	True
KLHL26	KLHL26__NAFLD	KLHL26__BILI	NAFLD	BILI	3003	2211	2965	2211	2965	0.74569983136593587	0.74569983136593587	2211	2956	2211	0.74797023004059537	False	False	False	False	False	True	different_minimum_coordinates	True
KLHL26	KLHL26__ALT	KLHL26__AST	ALT	AST	3003	2990	2959	2959	2990	0.98963210702341142	0.98963210702341142	2981	2951	2949	0.98860207844451897	False	False	False	False	False	True	different_minimum_coordinates	True
KLHL26	KLHL26__ALT	KLHL26__ALP	ALT	ALP	3003	2990	2990	2990	2990	1	1	2981	2980	2980	0.99966454209996647	True	False	False	False	False	True	different_minimum_coordinates	True
KLHL26	KLHL26__ALT	KLHL26__BILI	ALT	BILI	3003	2990	2965	2964	2991	0.99097291875626881	0.99097291875626881	2981	2956	2954	0.99027824337914849	False	False	True	True	True	True	verified_shared_minimum_variant	True
KLHL26	KLHL26__AST	KLHL26__ALP	AST	ALP	3003	2959	2990	2959	2990	0.98963210702341142	0.98963210702341142	2951	2980	2949	0.98893360160965793	False	False	False	False	False	True	different_minimum_coordinates	True
KLHL26	KLHL26__AST	KLHL26__BILI	AST	BILI	3003	2959	2965	2959	2965	0.99797639123102866	0.99797639123102866	2951	2956	2950	0.99763273588096046	False	False	False	False	False	True	different_minimum_coordinates	True
KLHL26	KLHL26__ALP	KLHL26__BILI	ALP	BILI	3003	2990	2965	2964	2991	0.99097291875626881	0.99097291875626881	2980	2956	2954	0.99061032863849763	False	False	False	False	False	True	different_minimum_coordinates	True
KLHL8	KLHL8__CIRR	KLHL8__ALT	CIRR	ALT	6940	5806	6903	5801	6908	0.83975101331789226	0.83975101331789226	5796	6890	5791	0.83988397389412617	False	False	False	False	False	True	different_minimum_coordinates	True
KLHL8	KLHL8__CIRR	KLHL8__AST	CIRR	AST	6940	5806	6757	5766	6797	0.84831543327938796	0.84831543327938796	5796	6743	5759	0.84941002949852507	False	False	False	False	False	True	different_minimum_coordinates	True
KLHL8	KLHL8__CIRR	KLHL8__BILI	CIRR	BILI	6940	5806	6748	5734	6820	0.84076246334310856	0.84076246334310856	5796	6737	5725	0.84092244418331374	False	False	False	False	False	True	different_minimum_coordinates	True
KLHL8	KLHL8__ALT	KLHL8__AST	ALT	AST	6940	6903	6757	6757	6903	0.978849775459945	0.978849775459945	6890	6743	6743	0.97866473149492017	False	False	True	True	True	True	verified_shared_minimum_variant	True
KLHL8	KLHL8__ALT	KLHL8__BILI	ALT	BILI	6940	6903	6748	6746	6905	0.97697320782041996	0.97697320782041996	6890	6737	6733	0.97664635915288656	False	False	False	False	False	True	different_minimum_coordinates	True
KLHL8	KLHL8__AST	KLHL8__BILI	AST	BILI	6940	6757	6748	6699	6806	0.98427857772553629	0.98427857772553629	6743	6737	6685	0.98381162619573215	False	False	False	False	False	True	different_minimum_coordinates	True
KRTCAP3	KRTCAP3__LIVER_FAT	KRTCAP3__NAFLD	LIVER_FAT	NAFLD	3886	3628	2909	2909	3628	0.80181918412348396	0.80181918412348396	3627	2909	2909	0.8020402536531569	False	False	False	False	False	True	different_minimum_coordinates	True
KRTCAP3	KRTCAP3__LIVER_FAT	KRTCAP3__GGT	LIVER_FAT	GGT	3886	3628	3869	3628	3869	0.93771000258464721	0.93771000258464721	3627	3867	3627	0.93793638479441432	False	False	False	False	False	True	different_minimum_coordinates	True
KRTCAP3	KRTCAP3__LIVER_FAT	KRTCAP3__ALP	LIVER_FAT	ALP	3886	3628	3869	3628	3869	0.93771000258464721	0.93771000258464721	3627	3867	3627	0.93793638479441432	False	False	False	False	False	True	different_minimum_coordinates	True
KRTCAP3	KRTCAP3__NAFLD	KRTCAP3__GGT	NAFLD	GGT	3886	2909	3869	2909	3869	0.75187386921685195	0.75187386921685195	2909	3867	2909	0.75226273597103699	False	False	False	False	False	True	different_minimum_coordinates	True
KRTCAP3	KRTCAP3__NAFLD	KRTCAP3__ALP	NAFLD	ALP	3886	2909	3869	2909	3869	0.75187386921685195	0.75187386921685195	2909	3867	2909	0.75226273597103699	False	False	False	False	False	True	different_minimum_coordinates	True
KRTCAP3	KRTCAP3__GGT	KRTCAP3__ALP	GGT	ALP	3886	3869	3869	3869	3869	1	1	3867	3867	3867	1	True	True	True	True	True	True	verified_shared_minimum_variant	True
KXD1	KXD1__CIRR	KXD1__LIVER_FAT	CIRR	LIVER_FAT	2961	2492	2799	2490	2801	0.88896822563370226	0.88896822563370226	2490	2793	2487	0.88948497854077258	False	False	False	False	False	True	different_minimum_coordinates	True
KXD1	KXD1__CIRR	KXD1__NAFLD	CIRR	NAFLD	2961	2492	2175	2135	2532	0.84320695102685628	0.84320695102685628	2490	2175	2135	0.84387351778656128	False	False	False	False	False	True	different_minimum_coordinates	True
KXD1	KXD1__CIRR	KXD1__ALT	CIRR	ALT	2961	2492	2948	2492	2948	0.84531886024423342	0.84531886024423342	2490	2939	2490	0.84722694794147668	False	False	False	False	False	True	different_minimum_coordinates	True
KXD1	KXD1__CIRR	KXD1__AST	CIRR	AST	2961	2492	2916	2484	2924	0.84952120383036933	0.84952120383036933	2490	2908	2482	0.85116598079561046	False	False	False	False	False	True	different_minimum_coordinates	True
KXD1	KXD1__CIRR	KXD1__ALP	CIRR	ALP	2961	2492	2948	2492	2948	0.84531886024423342	0.84531886024423342	2490	2938	2490	0.84751531654186518	False	False	False	False	False	True	different_minimum_coordinates	True
KXD1	KXD1__CIRR	KXD1__BILI	CIRR	BILI	2961	2492	2922	2487	2927	0.84967543559959002	0.84967543559959002	2490	2913	2485	0.8516106922549691	False	False	False	False	False	True	different_minimum_coordinates	True
KXD1	KXD1__LIVER_FAT	KXD1__NAFLD	LIVER_FAT	NAFLD	2961	2799	2175	2175	2799	0.77706323687031087	0.77706323687031087	2793	2175	2175	0.77873254564983885	False	False	False	False	False	True	different_minimum_coordinates	True
KXD1	KXD1__LIVER_FAT	KXD1__ALT	LIVER_FAT	ALT	2961	2799	2948	2799	2948	0.94945725915875168	0.94945725915875168	2793	2939	2792	0.94965986394557822	False	False	True	True	True	True	verified_shared_minimum_variant	True
KXD1	KXD1__LIVER_FAT	KXD1__AST	LIVER_FAT	AST	2961	2799	2916	2778	2937	0.94586312563840658	0.94586312563840658	2793	2908	2772	0.94639808808467052	False	False	False	False	False	True	different_minimum_coordinates	True
KXD1	KXD1__LIVER_FAT	KXD1__ALP	LIVER_FAT	ALP	2961	2799	2948	2799	2948	0.94945725915875168	0.94945725915875168	2793	2938	2792	0.94998298741068388	False	False	False	False	False	True	different_minimum_coordinates	True
KXD1	KXD1__LIVER_FAT	KXD1__BILI	LIVER_FAT	BILI	2961	2799	2922	2782	2939	0.94658046954746511	0.94658046954746511	2793	2913	2775	0.94677584442169904	False	False	True	True	True	True	verified_shared_minimum_variant	True
KXD1	KXD1__NAFLD	KXD1__ALT	NAFLD	ALT	2961	2175	2948	2175	2948	0.73778833107191311	0.73778833107191311	2175	2939	2175	0.7400476352500851	False	False	False	False	False	True	different_minimum_coordinates	True
KXD1	KXD1__NAFLD	KXD1__AST	NAFLD	AST	2961	2175	2916	2175	2916	0.74588477366255146	0.74588477366255146	2175	2908	2175	0.74793672627235208	False	False	False	False	False	True	different_minimum_coordinates	True
KXD1	KXD1__NAFLD	KXD1__ALP	NAFLD	ALP	2961	2175	2948	2175	2948	0.73778833107191311	0.73778833107191311	2175	2938	2175	0.74029952348536421	False	False	False	False	False	True	different_minimum_coordinates	True
KXD1	KXD1__NAFLD	KXD1__BILI	NAFLD	BILI	2961	2175	2922	2175	2922	0.74435318275154005	0.74435318275154005	2175	2913	2175	0.74665293511843456	False	False	False	False	False	True	different_minimum_coordinates	True
KXD1	KXD1__ALT	KXD1__AST	ALT	AST	2961	2948	2916	2916	2948	0.98914518317503397	0.98914518317503397	2939	2908	2906	0.98809928595715746	False	False	False	False	False	True	different_minimum_coordinates	True
KXD1	KXD1__ALT	KXD1__ALP	ALT	ALP	2961	2948	2948	2948	2948	1	1	2939	2938	2938	0.99965974821367809	True	False	False	False	False	True	different_minimum_coordinates	True
KXD1	KXD1__ALT	KXD1__BILI	ALT	BILI	2961	2948	2922	2921	2949	0.99050525601898953	0.99050525601898953	2939	2913	2911	0.98979938796327782	False	False	True	True	True	True	verified_shared_minimum_variant	True
KXD1	KXD1__AST	KXD1__ALP	AST	ALP	2961	2916	2948	2916	2948	0.98914518317503397	0.98914518317503397	2908	2938	2906	0.98843537414965987	False	False	False	False	False	True	different_minimum_coordinates	True
KXD1	KXD1__AST	KXD1__BILI	AST	BILI	2961	2916	2922	2916	2922	0.99794661190965095	0.99794661190965095	2908	2913	2907	0.99759780370624573	False	False	False	False	False	True	different_minimum_coordinates	True
KXD1	KXD1__ALP	KXD1__BILI	ALP	BILI	2961	2948	2922	2921	2949	0.99050525601898953	0.99050525601898953	2938	2913	2911	0.99013605442176866	False	False	False	False	False	True	different_minimum_coordinates	True
LPAR2	LPAR2__CIRR	LPAR2__LIVER_FAT	CIRR	LIVER_FAT	3917	3279	3718	3277	3720	0.88091397849462361	0.88091397849462361	3276	3709	3273	0.88173491379310343	False	False	False	False	False	True	different_minimum_coordinates	True
LPAR2	LPAR2__CIRR	LPAR2__NAFLD	CIRR	NAFLD	3917	3279	2789	2722	3346	0.81350866706515246	0.81350866706515246	3276	2789	2722	0.81423870774753215	False	False	False	False	False	True	different_minimum_coordinates	True
LPAR2	LPAR2__CIRR	LPAR2__ALT	CIRR	ALT	3917	3279	3898	3278	3899	0.84072839189535775	0.84072839189535775	3276	3887	3275	0.84233539094650201	False	False	False	False	False	True	different_minimum_coordinates	True
LPAR2	LPAR2__CIRR	LPAR2__AST	CIRR	AST	3917	3279	3873	3269	3883	0.84187483904197791	0.84187483904197791	3276	3863	3267	0.84375	False	False	False	False	False	True	different_minimum_coordinates	True
LPAR2	LPAR2__CIRR	LPAR2__ALP	CIRR	ALP	3917	3279	3898	3278	3899	0.84072839189535775	0.84072839189535775	3276	3887	3275	0.84233539094650201	False	False	False	False	False	True	different_minimum_coordinates	True
LPAR2	LPAR2__CIRR	LPAR2__BILI	CIRR	BILI	3917	3279	3876	3270	3885	0.84169884169884168	0.84169884169884168	3276	3866	3267	0.84309677419354834	False	False	False	False	False	True	different_minimum_coordinates	True
LPAR2	LPAR2__LIVER_FAT	LPAR2__NAFLD	LIVER_FAT	NAFLD	3917	3718	2789	2789	3718	0.75013448090371171	0.75013448090371171	3709	2789	2789	0.75195470477217574	False	False	False	False	False	True	different_minimum_coordinates	True
LPAR2	LPAR2__LIVER_FAT	LPAR2__ALT	LIVER_FAT	ALT	3917	3718	3898	3718	3898	0.9538224730631093	0.9538224730631093	3709	3887	3707	0.95320133710465416	False	False	True	True	True	True	verified_shared_minimum_variant	True
LPAR2	LPAR2__LIVER_FAT	LPAR2__AST	LIVER_FAT	AST	3917	3718	3873	3700	3891	0.95091236186070416	0.95091236186070416	3709	3863	3691	0.95104354547796954	False	False	False	False	False	True	different_minimum_coordinates	True
LPAR2	LPAR2__LIVER_FAT	LPAR2__ALP	LIVER_FAT	ALP	3917	3718	3898	3718	3898	0.9538224730631093	0.9538224730631093	3709	3887	3708	0.95370370370370372	False	False	False	False	False	True	different_minimum_coordinates	True
LPAR2	LPAR2__LIVER_FAT	LPAR2__BILI	LIVER_FAT	BILI	3917	3718	3876	3702	3892	0.95118191161356624	0.95118191161356624	3709	3866	3692	0.95081122843162502	False	False	True	True	True	True	verified_shared_minimum_variant	True
LPAR2	LPAR2__NAFLD	LPAR2__ALT	NAFLD	ALT	3917	2789	3898	2789	3898	0.71549512570549001	0.71549512570549001	2789	3887	2789	0.71751993825572424	False	False	False	False	False	True	different_minimum_coordinates	True
LPAR2	LPAR2__NAFLD	LPAR2__AST	NAFLD	AST	3917	2789	3873	2788	3874	0.71966959215281368	0.71966959215281368	2789	3863	2788	0.72153209109730854	False	False	False	False	False	True	different_minimum_coordinates	True
LPAR2	LPAR2__NAFLD	LPAR2__ALP	NAFLD	ALP	3917	2789	3898	2789	3898	0.71549512570549001	0.71549512570549001	2789	3887	2789	0.71751993825572424	False	False	False	False	False	True	different_minimum_coordinates	True
LPAR2	LPAR2__NAFLD	LPAR2__BILI	NAFLD	BILI	3917	2789	3876	2788	3877	0.71911271601753934	0.71911271601753934	2789	3866	2788	0.72097232997155414	False	False	False	False	False	True	different_minimum_coordinates	True
LPAR2	LPAR2__ALT	LPAR2__AST	ALT	AST	3917	3898	3873	3873	3898	0.99358645459209849	0.99358645459209849	3887	3863	3861	0.99280020570840832	False	False	False	False	False	True	different_minimum_coordinates	True
LPAR2	LPAR2__ALT	LPAR2__ALP	ALT	ALP	3917	3898	3898	3898	3898	1	1	3887	3887	3886	0.99948559670781889	True	False	False	False	False	True	different_minimum_coordinates	True
LPAR2	LPAR2__ALT	LPAR2__BILI	ALT	BILI	3917	3898	3876	3876	3898	0.9943560800410467	0.9943560800410467	3887	3866	3864	0.99357161223965029	False	False	True	True	True	True	verified_shared_minimum_variant	True
LPAR2	LPAR2__AST	LPAR2__ALP	AST	ALP	3917	3873	3898	3873	3898	0.99358645459209849	0.99358645459209849	3863	3887	3862	0.99331275720164613	False	False	False	False	False	True	different_minimum_coordinates	True
LPAR2	LPAR2__AST	LPAR2__BILI	AST	BILI	3917	3873	3876	3872	3877	0.99871034304874906	0.99871034304874906	3863	3866	3861	0.99819027921406411	False	False	False	False	False	True	different_minimum_coordinates	True
LPAR2	LPAR2__ALP	LPAR2__BILI	ALP	BILI	3917	3898	3876	3876	3898	0.9943560800410467	0.9943560800410467	3887	3866	3865	0.99408436213991769	False	False	False	False	False	True	different_minimum_coordinates	True
LRRC25	LRRC25__CIRR	LRRC25__LIVER_FAT	CIRR	LIVER_FAT	2698	2272	2551	2271	2552	0.88989028213166144	0.88989028213166144	2270	2547	2269	0.89050235478806905	False	False	False	False	False	True	different_minimum_coordinates	True
LRRC25	LRRC25__CIRR	LRRC25__NAFLD	CIRR	NAFLD	2698	2272	1984	1944	2312	0.84083044982698962	0.84083044982698962	2270	1984	1944	0.84155844155844151	False	False	False	False	False	True	different_minimum_coordinates	True
LRRC25	LRRC25__CIRR	LRRC25__ALT	CIRR	ALT	2698	2272	2686	2272	2686	0.84586746090841403	0.84586746090841403	2270	2678	2270	0.84764749813293505	False	False	False	False	False	True	different_minimum_coordinates	True
LRRC25	LRRC25__CIRR	LRRC25__AST	CIRR	AST	2698	2272	2657	2266	2663	0.8509200150206534	0.8509200150206534	2270	2651	2264	0.85208882197967628	False	False	False	False	False	True	different_minimum_coordinates	True
LRRC25	LRRC25__CIRR	LRRC25__ALP	CIRR	ALP	2698	2272	2686	2272	2686	0.84586746090841403	0.84586746090841403	2270	2678	2270	0.84764749813293505	False	False	False	False	False	True	different_minimum_coordinates	True
LRRC25	LRRC25__CIRR	LRRC25__BILI	CIRR	BILI	2698	2272	2662	2269	2665	0.85140712945590991	0.85140712945590991	2270	2655	2267	0.85289691497366438	False	False	False	False	False	True	different_minimum_coordinates	True
LRRC25	LRRC25__LIVER_FAT	LRRC25__NAFLD	LIVER_FAT	NAFLD	2698	2551	1984	1984	2551	0.77773422187377494	0.77773422187377494	2547	1984	1984	0.77895563407930901	False	False	False	False	False	True	different_minimum_coordinates	True
LRRC25	LRRC25__LIVER_FAT	LRRC25__ALT	LIVER_FAT	ALT	2698	2551	2686	2551	2686	0.9497393894266567	0.9497393894266567	2547	2678	2546	0.95035460992907805	False	False	True	True	True	True	verified_shared_minimum_variant	True
LRRC25	LRRC25__LIVER_FAT	LRRC25__AST	LIVER_FAT	AST	2698	2551	2657	2532	2676	0.94618834080717484	0.94618834080717484	2547	2651	2528	0.94681647940074909	False	False	False	False	False	True	different_minimum_coordinates	True
LRRC25	LRRC25__LIVER_FAT	LRRC25__ALP	LIVER_FAT	ALP	2698	2551	2686	2551	2686	0.9497393894266567	0.9497393894266567	2547	2678	2546	0.95035460992907805	False	False	False	False	False	True	different_minimum_coordinates	True
LRRC25	LRRC25__LIVER_FAT	LRRC25__BILI	LIVER_FAT	BILI	2698	2551	2662	2535	2678	0.94660194174757284	0.94660194174757284	2547	2655	2530	0.94685628742514971	False	False	True	True	True	True	verified_shared_minimum_variant	True
LRRC25	LRRC25__NAFLD	LRRC25__ALT	NAFLD	ALT	2698	1984	2686	1984	2686	0.73864482501861506	0.73864482501861506	1984	2678	1984	0.74085138162808062	False	False	False	False	False	True	different_minimum_coordinates	True
LRRC25	LRRC25__NAFLD	LRRC25__AST	NAFLD	AST	2698	1984	2657	1984	2657	0.74670681219420398	0.74670681219420398	1984	2651	1984	0.74839683138438329	False	False	False	False	False	True	different_minimum_coordinates	True
LRRC25	LRRC25__NAFLD	LRRC25__ALP	NAFLD	ALP	2698	1984	2686	1984	2686	0.73864482501861506	0.73864482501861506	1984	2678	1984	0.74085138162808062	False	False	False	False	False	True	different_minimum_coordinates	True
LRRC25	LRRC25__NAFLD	LRRC25__BILI	NAFLD	BILI	2698	1984	2662	1984	2662	0.74530428249436509	0.74530428249436509	1984	2655	1984	0.74726930320150664	False	False	False	False	False	True	different_minimum_coordinates	True
LRRC25	LRRC25__ALT	LRRC25__AST	ALT	AST	2698	2686	2657	2657	2686	0.98920327624720772	0.98920327624720772	2678	2651	2649	0.98843283582089547	False	False	False	False	False	True	different_minimum_coordinates	True
LRRC25	LRRC25__ALT	LRRC25__ALP	ALT	ALP	2698	2686	2686	2686	2686	1	1	2678	2678	2678	1	True	True	False	False	False	True	different_minimum_coordinates	True
LRRC25	LRRC25__ALT	LRRC25__BILI	ALT	BILI	2698	2686	2662	2661	2687	0.99032378116858955	0.99032378116858955	2678	2655	2653	0.98992537313432838	False	False	True	True	True	True	verified_shared_minimum_variant	True
LRRC25	LRRC25__AST	LRRC25__ALP	AST	ALP	2698	2657	2686	2657	2686	0.98920327624720772	0.98920327624720772	2651	2678	2649	0.98843283582089547	False	False	False	False	False	True	different_minimum_coordinates	True
LRRC25	LRRC25__AST	LRRC25__BILI	AST	BILI	2698	2657	2662	2657	2662	0.9981217129977461	0.9981217129977461	2651	2655	2650	0.99774096385542166	False	False	False	False	False	True	different_minimum_coordinates	True
LRRC25	LRRC25__ALP	LRRC25__BILI	ALP	BILI	2698	2686	2662	2661	2687	0.99032378116858955	0.99032378116858955	2678	2655	2653	0.98992537313432838	False	False	False	False	False	True	different_minimum_coordinates	True
LSM4	LSM4__CIRR	LSM4__LIVER_FAT	CIRR	LIVER_FAT	2583	2171	2442	2170	2443	0.88825214899713467	0.88825214899713467	2169	2438	2168	0.88888888888888884	False	False	False	False	False	True	different_minimum_coordinates	True
LSM4	LSM4__CIRR	LSM4__NAFLD	CIRR	NAFLD	2583	2171	1902	1862	2211	0.84215287200361832	0.84215287200361832	2169	1902	1862	0.84291534631054776	False	False	False	False	False	True	different_minimum_coordinates	True
LSM4	LSM4__CIRR	LSM4__ALT	CIRR	ALT	2583	2171	2571	2171	2571	0.84441851419681058	0.84441851419681058	2169	2563	2169	0.84627389777604367	False	False	False	False	False	True	different_minimum_coordinates	True
LSM4	LSM4__CIRR	LSM4__AST	CIRR	AST	2583	2171	2543	2165	2549	0.84935268732836411	0.84935268732836411	2169	2537	2163	0.85057019268580414	False	False	False	False	False	True	different_minimum_coordinates	True
LSM4	LSM4__CIRR	LSM4__ALP	CIRR	ALP	2583	2171	2571	2171	2571	0.84441851419681058	0.84441851419681058	2169	2563	2169	0.84627389777604367	False	False	False	False	False	True	different_minimum_coordinates	True
LSM4	LSM4__CIRR	LSM4__BILI	CIRR	BILI	2583	2171	2548	2168	2551	0.84986279890239125	0.84986279890239125	2169	2541	2166	0.85141509433962259	False	False	False	False	False	True	different_minimum_coordinates	True
LSM4	LSM4__LIVER_FAT	LSM4__NAFLD	LIVER_FAT	NAFLD	2583	2442	1902	1902	2442	0.77886977886977882	0.77886977886977882	2438	1902	1902	0.78014766201804753	False	False	False	False	False	True	different_minimum_coordinates	True
LSM4	LSM4__LIVER_FAT	LSM4__ALT	LIVER_FAT	ALT	2583	2442	2571	2442	2571	0.94982497082847139	0.94982497082847139	2438	2563	2437	0.95046801872074882	False	False	True	True	True	True	verified_shared_minimum_variant	True
LSM4	LSM4__LIVER_FAT	LSM4__AST	LIVER_FAT	AST	2583	2442	2543	2424	2561	0.94650527137836782	0.94650527137836782	2438	2537	2420	0.94716242661448136	False	False	False	False	False	True	different_minimum_coordinates	True
LSM4	LSM4__LIVER_FAT	LSM4__ALP	LIVER_FAT	ALP	2583	2442	2571	2442	2571	0.94982497082847139	0.94982497082847139	2438	2563	2437	0.95046801872074882	False	False	False	False	False	True	different_minimum_coordinates	True
LSM4	LSM4__LIVER_FAT	LSM4__BILI	LIVER_FAT	BILI	2583	2442	2548	2427	2563	0.94693718298868512	0.94693718298868512	2438	2541	2422	0.94720375439968718	False	False	True	True	True	True	verified_shared_minimum_variant	True
LSM4	LSM4__NAFLD	LSM4__ALT	NAFLD	ALT	2583	1902	2571	1902	2571	0.73978996499416572	0.73978996499416572	1902	2563	1902	0.74209910261412404	False	False	False	False	False	True	different_minimum_coordinates	True
LSM4	LSM4__NAFLD	LSM4__AST	NAFLD	AST	2583	1902	2543	1902	2543	0.7479355092410539	0.7479355092410539	1902	2537	1902	0.74970437524635392	False	False	False	False	False	True	different_minimum_coordinates	True
LSM4	LSM4__NAFLD	LSM4__ALP	NAFLD	ALP	2583	1902	2571	1902	2571	0.73978996499416572	0.73978996499416572	1902	2563	1902	0.74209910261412404	False	False	False	False	False	True	different_minimum_coordinates	True
LSM4	LSM4__NAFLD	LSM4__BILI	NAFLD	BILI	2583	1902	2548	1902	2548	0.74646781789638927	0.74646781789638927	1902	2541	1902	0.74852420306965761	False	False	False	False	False	True	different_minimum_coordinates	True
LSM4	LSM4__ALT	LSM4__AST	ALT	AST	2583	2571	2543	2543	2571	0.98910929599377673	0.98910929599377673	2563	2537	2535	0.98830409356725146	False	False	False	False	False	True	different_minimum_coordinates	True
LSM4	LSM4__ALT	LSM4__ALP	ALT	ALP	2583	2571	2571	2571	2571	1	1	2563	2563	2563	1	True	True	False	False	False	True	different_minimum_coordinates	True
LSM4	LSM4__ALT	LSM4__BILI	ALT	BILI	2583	2571	2548	2547	2572	0.99027993779160184	0.99027993779160184	2563	2541	2539	0.98986354775828456	False	False	True	True	True	True	verified_shared_minimum_variant	True
LSM4	LSM4__AST	LSM4__ALP	AST	ALP	2583	2543	2571	2543	2571	0.98910929599377673	0.98910929599377673	2537	2563	2535	0.98830409356725146	False	False	False	False	False	True	different_minimum_coordinates	True
LSM4	LSM4__AST	LSM4__BILI	AST	BILI	2583	2543	2548	2543	2548	0.99803767660910514	0.99803767660910514	2537	2541	2536	0.99763965381589303	False	False	False	False	False	True	different_minimum_coordinates	True
LSM4	LSM4__ALP	LSM4__BILI	ALP	BILI	2583	2571	2548	2547	2572	0.99027993779160184	0.99027993779160184	2563	2541	2539	0.98986354775828456	False	False	False	False	False	True	different_minimum_coordinates	True
MAPK10	MAPK10__CIRR	MAPK10__ALT	CIRR	ALT	8210	6999	8156	6992	8163	0.85654783780472865	0.85654783780472865	6987	8144	6980	0.85633664581032998	False	False	False	False	False	True	different_minimum_coordinates	True
MAPK10	MAPK10__CIRR	MAPK10__AST	CIRR	AST	8210	6999	8013	6936	8076	0.85884101040118865	0.85884101040118865	6987	8001	6927	0.8593226646818013	False	False	False	False	False	True	different_minimum_coordinates	True
MAPK10	MAPK10__CIRR	MAPK10__BILI	CIRR	BILI	8210	6999	8004	6920	8083	0.85611777805270317	0.85611777805270317	6987	7992	6909	0.85613382899628254	False	False	False	False	False	True	different_minimum_coordinates	True
MAPK10	MAPK10__ALT	MAPK10__AST	ALT	AST	8210	8156	8013	8013	8156	0.98246689553702793	0.98246689553702793	8144	8001	8001	0.98244106090373284	False	False	True	True	True	True	verified_shared_minimum_variant	True
MAPK10	MAPK10__ALT	MAPK10__BILI	ALT	BILI	8210	8156	8004	8003	8157	0.98112050999141842	0.98112050999141842	8144	7992	7991	0.98109269490484963	False	False	False	False	False	True	different_minimum_coordinates	True
MAPK10	MAPK10__AST	MAPK10__BILI	AST	BILI	8210	8013	8004	7957	8060	0.98722084367245655	0.98722084367245655	8001	7992	7944	0.98695490122996643	False	False	False	False	False	True	different_minimum_coordinates	True
MAPRE3	MAPRE3__LIVER_FAT	MAPRE3__NAFLD	LIVER_FAT	NAFLD	3876	3606	2854	2854	3606	0.79145867997781472	0.79145867997781472	3604	2854	2854	0.79189789123196452	False	False	False	False	False	True	different_minimum_coordinates	True
MAPRE3	MAPRE3__LIVER_FAT	MAPRE3__GGT	LIVER_FAT	GGT	3876	3606	3856	3606	3856	0.93516597510373445	0.93516597510373445	3604	3853	3604	0.93537503244225284	False	False	False	False	False	True	different_minimum_coordinates	True
MAPRE3	MAPRE3__LIVER_FAT	MAPRE3__ALP	LIVER_FAT	ALP	3876	3606	3856	3606	3856	0.93516597510373445	0.93516597510373445	3604	3853	3604	0.93537503244225284	False	False	False	False	False	True	different_minimum_coordinates	True
MAPRE3	MAPRE3__NAFLD	MAPRE3__GGT	NAFLD	GGT	3876	2854	3856	2854	3856	0.74014522821576767	0.74014522821576767	2854	3853	2854	0.74072151570205036	False	False	False	False	False	True	different_minimum_coordinates	True
MAPRE3	MAPRE3__NAFLD	MAPRE3__ALP	NAFLD	ALP	3876	2854	3856	2854	3856	0.74014522821576767	0.74014522821576767	2854	3853	2854	0.74072151570205036	False	False	False	False	False	True	different_minimum_coordinates	True
MAPRE3	MAPRE3__GGT	MAPRE3__ALP	GGT	ALP	3876	3856	3856	3856	3856	1	1	3853	3853	3853	1	True	True	True	True	True	True	verified_shared_minimum_variant	True
MARK1	MARK1__CIRR	MARK1__LIVER_FAT	CIRR	LIVER_FAT	6513	5571	6160	5562	6169	0.9016047981844707	0.9016047981844707	5565	6155	5556	0.90136275146009082	False	False	True	True	True	True	verified_shared_minimum_variant	True
MARK1	MARK1__CIRR	MARK1__NAFLD	CIRR	NAFLD	6513	5571	5009	4941	5639	0.87621918779925523	0.87621918779925523	5565	5009	4941	0.87715249423042785	False	False	False	False	False	True	different_minimum_coordinates	True
MARK1	MARK1__CIRR	MARK1__ALT	CIRR	ALT	6513	5571	6475	5567	6479	0.85923753665689151	0.85923753665689151	5565	6466	5561	0.85950540958268928	False	False	True	True	True	True	verified_shared_minimum_variant	True
MARK1	MARK1__LIVER_FAT	MARK1__NAFLD	LIVER_FAT	NAFLD	6513	6160	5009	5009	6160	0.81314935064935068	0.81314935064935068	6155	5009	5009	0.81380991064175467	False	False	False	False	False	True	different_minimum_coordinates	True
MARK1	MARK1__LIVER_FAT	MARK1__ALT	LIVER_FAT	ALT	6513	6160	6475	6160	6475	0.9513513513513514	0.9513513513513514	6155	6466	6152	0.95099706291544284	False	False	True	True	True	True	verified_shared_minimum_variant	True
MARK1	MARK1__NAFLD	MARK1__ALT	NAFLD	ALT	6513	5009	6475	5009	6475	0.7735907335907336	0.7735907335907336	5009	6466	5009	0.77466749149396841	False	False	False	False	False	True	different_minimum_coordinates	True
MAST3	MAST3__CIRR	MAST3__LIVER_FAT	CIRR	LIVER_FAT	2323	1952	2198	1950	2200	0.88636363636363635	0.88636363636363635	1950	2195	1948	0.88666363222576239	False	False	True	True	True	True	verified_shared_minimum_variant	True
MAST3	MAST3__CIRR	MAST3__NAFLD	CIRR	NAFLD	2323	1952	1706	1667	1991	0.83726770467101963	0.83726770467101963	1950	1706	1667	0.83810960281548519	False	False	False	False	False	True	different_minimum_coordinates	True
MAST3	MAST3__CIRR	MAST3__ALT	CIRR	ALT	2323	1952	2313	1951	2314	0.84312878133102853	0.84312878133102853	1950	2307	1949	0.84445407279029461	False	False	False	False	False	True	different_minimum_coordinates	True
MAST3	MAST3__CIRR	MAST3__BILI	CIRR	BILI	2323	1952	2292	1949	2295	0.84923747276688455	0.84923747276688455	1950	2287	1947	0.85021834061135371	False	False	False	False	False	True	different_minimum_coordinates	False
MAST3	MAST3__LIVER_FAT	MAST3__NAFLD	LIVER_FAT	NAFLD	2323	2198	1706	1706	2198	0.77616014558689717	0.77616014558689717	2195	1706	1706	0.77722095671981772	False	False	False	False	False	True	different_minimum_coordinates	True
MAST3	MAST3__LIVER_FAT	MAST3__ALT	LIVER_FAT	ALT	2323	2198	2313	2198	2313	0.95028102031993078	0.95028102031993078	2195	2307	2194	0.9506065857885615	False	False	False	False	False	True	different_minimum_coordinates	True
MAST3	MAST3__LIVER_FAT	MAST3__BILI	LIVER_FAT	BILI	2323	2198	2292	2184	2306	0.94709453599306159	0.94709453599306159	2195	2287	2180	0.94700260642919198	False	False	False	False	False	True	different_minimum_coordinates	False
MAST3	MAST3__NAFLD	MAST3__ALT	NAFLD	ALT	2323	1706	2313	1706	2313	0.73757025507998275	0.73757025507998275	1706	2307	1706	0.7394885132206328	False	False	True	True	True	True	verified_shared_minimum_variant	True
MAST3	MAST3__NAFLD	MAST3__BILI	NAFLD	BILI	2323	1706	2292	1706	2292	0.74432809773123909	0.74432809773123909	1706	2287	1706	0.74595540008745076	False	False	False	False	False	True	different_minimum_coordinates	False
MAST3	MAST3__ALT	MAST3__BILI	ALT	BILI	2323	2313	2292	2291	2314	0.9900605012964564	0.9900605012964564	2307	2287	2285	0.98960588999566912	False	False	False	False	False	True	different_minimum_coordinates	False
MAU2	MAU2__CIRR	MAU2__LIVER_FAT	CIRR	LIVER_FAT	4071	3389	3860	3387	3862	0.87700673226307613	0.87700673226307613	3387	3851	3384	0.87804878048780488	False	False	False	False	False	True	different_minimum_coordinates	True
MAU2	MAU2__CIRR	MAU2__NAFLD	CIRR	NAFLD	4071	3389	2979	2904	3464	0.8383371824480369	0.8383371824480369	3387	2979	2904	0.83882149046793764	False	False	False	False	False	True	different_minimum_coordinates	True
MAU2	MAU2__CIRR	MAU2__ALT	CIRR	ALT	4071	3389	4052	3388	4053	0.83592400690846291	0.83592400690846291	3387	4041	3386	0.83770410687778329	False	False	False	False	False	True	different_minimum_coordinates	True
MAU2	MAU2__CIRR	MAU2__AST	CIRR	AST	4071	3389	4025	3380	4034	0.83787803668815075	0.83787803668815075	3387	4015	3378	0.83946322067594437	False	False	False	False	False	True	different_minimum_coordinates	True
MAU2	MAU2__CIRR	MAU2__ALP	CIRR	ALP	4071	3389	4052	3388	4053	0.83592400690846291	0.83592400690846291	3387	4041	3386	0.83770410687778329	False	False	False	False	False	True	different_minimum_coordinates	True
MAU2	MAU2__CIRR	MAU2__BILI	CIRR	BILI	4071	3389	4027	3380	4036	0.83746283448959369	0.83746283448959369	3387	4017	3378	0.83904619970193739	False	False	False	False	False	True	different_minimum_coordinates	True
MAU2	MAU2__LIVER_FAT	MAU2__NAFLD	LIVER_FAT	NAFLD	4071	3860	2979	2979	3860	0.77176165803108809	0.77176165803108809	3851	2979	2979	0.77356530771228249	False	False	False	False	False	True	different_minimum_coordinates	True
MAU2	MAU2__LIVER_FAT	MAU2__ALT	LIVER_FAT	ALT	4071	3860	4052	3860	4052	0.95261599210266534	0.95261599210266534	3851	4041	3849	0.95201582982933464	False	False	True	True	True	True	verified_shared_minimum_variant	True
MAU2	MAU2__LIVER_FAT	MAU2__AST	LIVER_FAT	AST	4071	3860	4025	3840	4045	0.94932014833127321	0.94932014833127321	3851	4015	3831	0.94944237918215613	False	False	False	False	False	True	different_minimum_coordinates	True
MAU2	MAU2__LIVER_FAT	MAU2__ALP	LIVER_FAT	ALP	4071	3860	4052	3860	4052	0.95261599210266534	0.95261599210266534	3851	4041	3850	0.95249876298861946	False	False	False	False	False	True	different_minimum_coordinates	True
MAU2	MAU2__LIVER_FAT	MAU2__BILI	LIVER_FAT	BILI	4071	3860	4027	3841	4046	0.94933267424616907	0.94933267424616907	3851	4017	3831	0.94897200891751299	False	False	True	True	True	True	verified_shared_minimum_variant	True
MAU2	MAU2__NAFLD	MAU2__ALT	NAFLD	ALT	4071	2979	4052	2979	4052	0.73519249753208293	0.73519249753208293	2979	4041	2979	0.73719376391982183	False	False	False	False	False	True	different_minimum_coordinates	True
MAU2	MAU2__NAFLD	MAU2__AST	NAFLD	AST	4071	2979	4025	2978	4026	0.73969200198708396	0.73969200198708396	2979	4015	2978	0.74153386454183268	False	False	False	False	False	True	different_minimum_coordinates	True
MAU2	MAU2__NAFLD	MAU2__ALP	NAFLD	ALP	4071	2979	4052	2979	4052	0.73519249753208293	0.73519249753208293	2979	4041	2979	0.73719376391982183	False	False	False	False	False	True	different_minimum_coordinates	True
MAU2	MAU2__NAFLD	MAU2__BILI	NAFLD	BILI	4071	2979	4027	2978	4028	0.73932472691161866	0.73932472691161866	2979	4017	2978	0.74116475858636133	False	False	False	False	False	True	different_minimum_coordinates	True
MAU2	MAU2__ALT	MAU2__AST	ALT	AST	4071	4052	4025	4025	4052	0.99333662388943733	0.99333662388943733	4041	4015	4013	0.99257976749938159	False	False	False	False	False	True	different_minimum_coordinates	True
MAU2	MAU2__ALT	MAU2__ALP	ALT	ALP	4071	4052	4052	4052	4052	1	1	4041	4041	4040	0.99950519544779814	True	False	False	False	False	True	different_minimum_coordinates	True
MAU2	MAU2__ALT	MAU2__BILI	ALT	BILI	4071	4052	4027	4027	4052	0.99383020730503457	0.99383020730503457	4041	4017	4015	0.99307444966608949	False	False	True	True	True	True	verified_shared_minimum_variant	True
MAU2	MAU2__AST	MAU2__ALP	AST	ALP	4071	4025	4052	4025	4052	0.99333662388943733	0.99333662388943733	4015	4041	4014	0.99307273626917369	False	False	False	False	False	True	different_minimum_coordinates	True
MAU2	MAU2__AST	MAU2__BILI	AST	BILI	4071	4025	4027	4024	4028	0.99900695134061568	0.99900695134061568	4015	4017	4013	0.99850709131624782	False	False	False	False	False	True	different_minimum_coordinates	True
MAU2	MAU2__ALP	MAU2__BILI	ALP	BILI	4071	4052	4027	4027	4052	0.99383020730503457	0.99383020730503457	4041	4017	4016	0.99356754082137555	False	False	False	False	False	True	different_minimum_coordinates	True
MCAT	MCAT__CIRR	MCAT__LIVER_FAT	CIRR	LIVER_FAT	6408	5412	6067	5403	6076	0.8892363396971692	0.8892363396971692	5407	6059	5397	0.88927335640138405	False	False	False	False	False	True	different_minimum_coordinates	True
MCAT	MCAT__CIRR	MCAT__NAFLD	CIRR	NAFLD	6408	5412	4866	4752	5526	0.85993485342019549	0.85993485342019549	5407	4866	4752	0.86071363883354468	False	False	False	False	False	True	different_minimum_coordinates	True
MCAT	MCAT__CIRR	MCAT__ALT	CIRR	ALT	6408	5412	6371	5408	6375	0.84831372549019612	0.84831372549019612	5407	6361	5403	0.84886095836606446	False	False	True	True	False	True	verified_shared_minimum_variant	True
MCAT	MCAT__CIRR	MCAT__AST	CIRR	AST	6408	5412	6283	5367	6328	0.84813527180783821	0.84813527180783821	5407	6273	5362	0.84868629313073762	False	False	False	False	False	True	different_minimum_coordinates	True
MCAT	MCAT__LIVER_FAT	MCAT__NAFLD	LIVER_FAT	NAFLD	6408	6067	4866	4863	6070	0.80115321252059313	0.80115321252059313	6059	4866	4863	0.80221049158693503	False	False	False	False	False	True	different_minimum_coordinates	True
MCAT	MCAT__LIVER_FAT	MCAT__ALT	LIVER_FAT	ALT	6408	6067	6371	6067	6371	0.9522837859048815	0.9522837859048815	6059	6361	6058	0.95221628418736248	False	False	True	True	False	True	verified_shared_minimum_variant	True
MCAT	MCAT__LIVER_FAT	MCAT__AST	LIVER_FAT	AST	6408	6067	6283	5989	6361	0.94151862914636064	0.94151862914636064	6059	6273	5980	0.94143576826196473	False	False	True	True	True	True	verified_shared_minimum_variant	True
MCAT	MCAT__NAFLD	MCAT__ALT	NAFLD	ALT	6408	4866	6371	4866	6371	0.76377334798304819	0.76377334798304819	4866	6361	4866	0.76497406068228269	False	False	True	True	False	True	verified_shared_minimum_variant	True
MCAT	MCAT__NAFLD	MCAT__AST	NAFLD	AST	6408	4866	6283	4840	6309	0.76715802821366297	0.76715802821366297	4866	6273	4840	0.76837593268772819	False	False	False	False	False	True	different_minimum_coordinates	True
MCAT	MCAT__ALT	MCAT__AST	ALT	AST	6408	6371	6283	6283	6371	0.98618741170930779	0.98618741170930779	6361	6273	6271	0.98554141128398554	False	False	True	True	False	True	verified_shared_minimum_variant	True
MEPE	MEPE__CIRR	MEPE__ALT	CIRR	ALT	6210	5120	6180	5116	6184	0.8272962483829237	0.8272962483829237	5110	6166	5105	0.82725652244368819	False	False	False	False	False	True	different_minimum_coordinates	True
MEPE	MEPE__CIRR	MEPE__AST	CIRR	AST	6210	5120	6020	5077	6063	0.83737423717631532	0.83737423717631532	5110	6006	5069	0.83826690921117908	False	False	False	False	False	True	different_minimum_coordinates	True
MEPE	MEPE__CIRR	MEPE__BILI	CIRR	BILI	6210	5120	6054	5086	6088	0.83541392904073586	0.83541392904073586	5110	6042	5076	0.83541803818301519	False	False	False	False	False	True	different_minimum_coordinates	True
MEPE	MEPE__ALT	MEPE__AST	ALT	AST	6210	6180	6020	6020	6180	0.97411003236245952	0.97411003236245952	6166	6006	6004	0.97341115434500647	False	False	True	True	True	True	verified_shared_minimum_variant	True
MEPE	MEPE__ALT	MEPE__BILI	ALT	BILI	6210	6180	6054	6052	6182	0.97897120672921389	0.97897120672921389	6166	6042	6037	0.97828552908766808	False	False	False	False	False	True	different_minimum_coordinates	True
MEPE	MEPE__AST	MEPE__BILI	AST	BILI	6210	6020	6054	6002	6072	0.98847167325428198	0.98847167325428198	6006	6042	5986	0.98746288353678657	False	False	False	False	False	True	different_minimum_coordinates	True
MPPED1	MPPED1__CIRR	MPPED1__LIVER_FAT	CIRR	LIVER_FAT	7083	5990	6707	5979	6718	0.88999702292348915	0.88999702292348915	5983	6699	5972	0.89001490312965725	False	False	False	False	False	True	different_minimum_coordinates	True
MPPED1	MPPED1__CIRR	MPPED1__NAFLD	CIRR	NAFLD	7083	5990	5448	5301	6137	0.86377708978328172	0.86377708978328172	5983	5448	5301	0.86476345840130509	False	False	False	False	False	True	different_minimum_coordinates	True
MPPED1	MPPED1__CIRR	MPPED1__ALT	CIRR	ALT	7083	5990	7044	5985	7049	0.84905660377358494	0.84905660377358494	5983	7035	5978	0.84914772727272725	False	False	True	True	False	True	verified_shared_minimum_variant	True
MPPED1	MPPED1__CIRR	MPPED1__AST	CIRR	AST	7083	5990	6962	5954	6998	0.85081451843383826	0.85081451843383826	5983	6951	5947	0.85115213968799197	False	False	False	False	False	True	different_minimum_coordinates	True
MPPED1	MPPED1__LIVER_FAT	MPPED1__NAFLD	LIVER_FAT	NAFLD	7083	6707	5448	5445	6710	0.81147540983606559	0.81147540983606559	6699	5448	5445	0.81244404655326763	False	False	False	False	False	True	different_minimum_coordinates	True
MPPED1	MPPED1__LIVER_FAT	MPPED1__ALT	LIVER_FAT	ALT	7083	6707	7044	6707	7044	0.95215786484951737	0.95215786484951737	6699	7035	6698	0.95196134167140423	False	False	True	True	False	True	verified_shared_minimum_variant	True
MPPED1	MPPED1__LIVER_FAT	MPPED1__AST	LIVER_FAT	AST	7083	6707	6962	6639	7030	0.94438122332859176	0.94438122332859176	6699	6951	6629	0.94416749750747753	False	False	True	True	True	True	verified_shared_minimum_variant	True
MPPED1	MPPED1__NAFLD	MPPED1__ALT	NAFLD	ALT	7083	5448	7044	5448	7044	0.77342419080068148	0.77342419080068148	5448	7035	5448	0.77441364605543705	False	False	True	True	False	True	verified_shared_minimum_variant	True
MPPED1	MPPED1__NAFLD	MPPED1__AST	NAFLD	AST	7083	5448	6962	5428	6982	0.77742767115439704	0.77742767115439704	5448	6951	5428	0.77865442547697605	False	False	False	False	False	True	different_minimum_coordinates	True
MPPED1	MPPED1__ALT	MPPED1__AST	ALT	AST	7083	7044	6962	6962	7044	0.98835888699602503	0.98835888699602503	7035	6951	6950	0.98777714610574185	False	False	True	True	False	True	verified_shared_minimum_variant	True
MPV17	MPV17__LIVER_FAT	MPV17__NAFLD	LIVER_FAT	NAFLD	3900	3641	2896	2896	3641	0.79538588299917601	0.79538588299917601	3640	2896	2896	0.79560439560439555	False	False	False	False	False	True	different_minimum_coordinates	True
MPV17	MPV17__LIVER_FAT	MPV17__GGT	LIVER_FAT	GGT	3900	3641	3881	3641	3881	0.93816026797217211	0.93816026797217211	3640	3879	3640	0.93838618200567159	False	False	False	False	False	True	different_minimum_coordinates	True
MPV17	MPV17__LIVER_FAT	MPV17__ALP	LIVER_FAT	ALP	3900	3641	3881	3641	3881	0.93816026797217211	0.93816026797217211	3640	3879	3640	0.93838618200567159	False	False	False	False	False	True	different_minimum_coordinates	True
MPV17	MPV17__NAFLD	MPV17__GGT	NAFLD	GGT	3900	2896	3881	2896	3881	0.74619943313578974	0.74619943313578974	2896	3879	2896	0.74658417117813869	False	False	False	False	False	True	different_minimum_coordinates	True
MPV17	MPV17__NAFLD	MPV17__ALP	NAFLD	ALP	3900	2896	3881	2896	3881	0.74619943313578974	0.74619943313578974	2896	3879	2896	0.74658417117813869	False	False	False	False	False	True	different_minimum_coordinates	True
MPV17	MPV17__GGT	MPV17__ALP	GGT	ALP	3900	3881	3881	3881	3881	1	1	3879	3879	3879	1	True	True	True	True	True	True	verified_shared_minimum_variant	True
MPV17L2	MPV17L2__CIRR	MPV17L2__LIVER_FAT	CIRR	LIVER_FAT	2342	1974	2216	1973	2217	0.8899413622011727	0.8899413622011727	1972	2212	1971	0.89064618165386356	False	False	False	False	False	True	different_minimum_coordinates	True
MPV17L2	MPV17L2__CIRR	MPV17L2__NAFLD	CIRR	NAFLD	2342	1974	1726	1690	2010	0.84079601990049746	0.84079601990049746	1972	1726	1690	0.8416334661354582	False	False	True	True	True	True	verified_shared_minimum_variant	True
MPV17L2	MPV17L2__CIRR	MPV17L2__ALT	CIRR	ALT	2342	1974	2332	1974	2332	0.84648370497427106	0.84648370497427106	1972	2325	1972	0.84817204301075266	False	False	True	True	True	True	verified_shared_minimum_variant	True
MPV17L2	MPV17L2__LIVER_FAT	MPV17L2__NAFLD	LIVER_FAT	NAFLD	2342	2216	1726	1726	2216	0.77888086642599275	0.77888086642599275	2212	1726	1726	0.78028933092224229	False	False	False	False	False	True	different_minimum_coordinates	True
MPV17L2	MPV17L2__LIVER_FAT	MPV17L2__ALT	LIVER_FAT	ALT	2342	2216	2332	2216	2332	0.95025728987993141	0.95025728987993141	2212	2325	2211	0.95055889939810834	False	False	False	False	False	True	different_minimum_coordinates	True
MPV17L2	MPV17L2__NAFLD	MPV17L2__ALT	NAFLD	ALT	2342	1726	2332	1726	2332	0.74013722126929671	0.74013722126929671	1726	2325	1726	0.74236559139784941	False	False	True	True	True	True	verified_shared_minimum_variant	True
MRPL33	MRPL33__LIVER_FAT	MRPL33__NAFLD	LIVER_FAT	NAFLD	4192	3911	3118	3118	3911	0.79723855791357712	0.79723855791357712	3907	3118	3118	0.79805477348349119	False	False	False	False	False	True	different_minimum_coordinates	True
MRPL33	MRPL33__LIVER_FAT	MRPL33__GGT	LIVER_FAT	GGT	4192	3911	4174	3911	4174	0.93699089602299956	0.93699089602299956	3907	4168	3907	0.93738003838771589	False	False	False	False	False	True	different_minimum_coordinates	True
MRPL33	MRPL33__LIVER_FAT	MRPL33__ALP	LIVER_FAT	ALP	4192	3911	4174	3911	4174	0.93699089602299956	0.93699089602299956	3907	4168	3907	0.93738003838771589	False	False	False	False	False	True	different_minimum_coordinates	True
MRPL33	MRPL33__NAFLD	MRPL33__GGT	NAFLD	GGT	4192	3118	4174	3118	4174	0.74700527072352663	0.74700527072352663	3118	4168	3118	0.74808061420345484	False	False	False	False	False	True	different_minimum_coordinates	True
MRPL33	MRPL33__NAFLD	MRPL33__ALP	NAFLD	ALP	4192	3118	4174	3118	4174	0.74700527072352663	0.74700527072352663	3118	4168	3118	0.74808061420345484	False	False	False	False	False	True	different_minimum_coordinates	True
MRPL33	MRPL33__GGT	MRPL33__ALP	GGT	ALP	4192	4174	4174	4174	4174	1	1	4168	4168	4168	1	True	True	True	True	True	True	verified_shared_minimum_variant	True
MTARC1	MTARC1__CIRR	MTARC1__LIVER_FAT	CIRR	LIVER_FAT	6076	5187	5738	5178	5747	0.90099182182008009	0.90099182182008009	5181	5733	5172	0.90073145245559039	False	False	True	True	True	True	verified_shared_minimum_variant	True
MTARC1	MTARC1__CIRR	MTARC1__NAFLD	CIRR	NAFLD	6076	5187	4720	4642	5265	0.88167141500474833	0.88167141500474833	5181	4720	4642	0.88267731507891234	False	False	False	False	False	True	different_minimum_coordinates	True
MTARC1	MTARC1__CIRR	MTARC1__ALT	CIRR	ALT	6076	5187	6041	5183	6045	0.85740281224152193	0.85740281224152193	5181	6033	5177	0.85754513831373202	False	False	True	True	True	True	verified_shared_minimum_variant	True
MTARC1	MTARC1__LIVER_FAT	MTARC1__NAFLD	LIVER_FAT	NAFLD	6076	5738	4720	4720	5738	0.82258626699198323	0.82258626699198323	5733	4720	4720	0.82330368044653757	False	False	False	False	False	True	different_minimum_coordinates	True
MTARC1	MTARC1__LIVER_FAT	MTARC1__ALT	LIVER_FAT	ALT	6076	5738	6041	5738	6041	0.94984274126800194	0.94984274126800194	5733	6033	5731	0.94962717481358738	False	False	True	True	True	True	verified_shared_minimum_variant	True
MTARC1	MTARC1__NAFLD	MTARC1__ALT	NAFLD	ALT	6076	4720	6041	4720	6041	0.78132759476907798	0.78132759476907798	4720	6033	4720	0.7823636665009116	False	False	False	False	False	True	different_minimum_coordinates	True
MTARC2	MTARC2__CIRR	MTARC2__LIVER_FAT	CIRR	LIVER_FAT	6213	5302	5869	5293	5878	0.90047635250085067	0.90047635250085067	5296	5864	5287	0.90022135194959985	False	False	True	True	True	True	verified_shared_minimum_variant	True
MTARC2	MTARC2__CIRR	MTARC2__NAFLD	CIRR	NAFLD	6213	5302	4810	4732	5380	0.87955390334572492	0.87955390334572492	5296	4810	4732	0.88053591365835504	False	False	False	False	False	True	different_minimum_coordinates	True
MTARC2	MTARC2__CIRR	MTARC2__ALT	CIRR	ALT	6213	5302	6178	5298	6182	0.8570042057586541	0.8570042057586541	5296	6170	5292	0.8571428571428571	False	False	True	True	True	True	verified_shared_minimum_variant	True
MTARC2	MTARC2__LIVER_FAT	MTARC2__NAFLD	LIVER_FAT	NAFLD	6213	5869	4810	4810	5869	0.81956040211279602	0.81956040211279602	5864	4810	4810	0.82025920873124147	False	False	False	False	False	True	different_minimum_coordinates	True
MTARC2	MTARC2__LIVER_FAT	MTARC2__ALT	LIVER_FAT	ALT	6213	5869	6178	5869	6178	0.94998381353188732	0.94998381353188732	5864	6170	5862	0.94977316915100451	False	False	True	True	True	True	verified_shared_minimum_variant	True
MTARC2	MTARC2__NAFLD	MTARC2__ALT	NAFLD	ALT	6213	4810	6178	4810	6178	0.77856911621884106	0.77856911621884106	4810	6170	4810	0.77957860615883301	False	False	False	False	False	True	different_minimum_coordinates	True
NCAN	NCAN__CIRR	NCAN__LIVER_FAT	CIRR	LIVER_FAT	3950	3261	3731	3260	3732	0.87352625937834938	0.87352625937834938	3260	3722	3258	0.87486573576799143	False	False	False	False	False	True	different_minimum_coordinates	True
NCAN	NCAN__CIRR	NCAN__NAFLD	CIRR	NAFLD	3950	3261	2859	2785	3335	0.83508245877061471	0.83508245877061471	3260	2859	2785	0.83533293341331738	False	False	False	False	False	True	different_minimum_coordinates	True
NCAN	NCAN__CIRR	NCAN__ALT	CIRR	ALT	3950	3261	3932	3261	3932	0.82934893184130209	0.82934893184130209	3260	3921	3260	0.83142055598061715	False	False	False	False	False	True	different_minimum_coordinates	True
NCAN	NCAN__CIRR	NCAN__AST	CIRR	AST	3950	3261	3907	3254	3914	0.83137455288707207	0.83137455288707207	3260	3896	3253	0.8334614399180118	False	False	False	False	False	True	different_minimum_coordinates	True
NCAN	NCAN__CIRR	NCAN__ALP	CIRR	ALP	3950	3261	3932	3261	3932	0.82934893184130209	0.82934893184130209	3260	3920	3260	0.83163265306122447	False	False	False	False	False	True	different_minimum_coordinates	True
NCAN	NCAN__CIRR	NCAN__BILI	CIRR	BILI	3950	3261	3908	3253	3916	0.83069458631256388	0.83069458631256388	3260	3897	3252	0.83277848911651731	False	False	False	False	False	True	different_minimum_coordinates	True
NCAN	NCAN__LIVER_FAT	NCAN__NAFLD	LIVER_FAT	NAFLD	3950	3731	2859	2859	3731	0.76628249798981507	0.76628249798981507	3722	2859	2859	0.7681354110693176	False	False	False	False	False	True	different_minimum_coordinates	True
NCAN	NCAN__LIVER_FAT	NCAN__ALT	LIVER_FAT	ALT	3950	3731	3932	3731	3932	0.94888097660223802	0.94888097660223802	3722	3921	3721	0.94875063742988275	False	False	True	True	True	True	verified_shared_minimum_variant	True
NCAN	NCAN__LIVER_FAT	NCAN__AST	LIVER_FAT	AST	3950	3731	3907	3712	3926	0.94549159449821707	0.94549159449821707	3722	3896	3703	0.9458492975734355	False	False	False	False	False	True	different_minimum_coordinates	True
NCAN	NCAN__LIVER_FAT	NCAN__ALP	LIVER_FAT	ALP	3950	3731	3932	3731	3932	0.94888097660223802	0.94888097660223802	3722	3920	3721	0.94899260392756946	False	False	False	False	False	True	different_minimum_coordinates	True
NCAN	NCAN__LIVER_FAT	NCAN__BILI	LIVER_FAT	BILI	3950	3731	3908	3712	3927	0.94525082760376877	0.94525082760376877	3722	3897	3702	0.94511105437835075	False	False	True	True	True	True	verified_shared_minimum_variant	True
NCAN	NCAN__NAFLD	NCAN__ALT	NAFLD	ALT	3950	2859	3932	2859	3932	0.72711088504577825	0.72711088504577825	2859	3921	2859	0.72915072685539406	False	False	False	False	False	True	different_minimum_coordinates	True
NCAN	NCAN__NAFLD	NCAN__AST	NAFLD	AST	3950	2859	3907	2859	3907	0.73176350140772972	0.73176350140772972	2859	3896	2859	0.73382956878850103	False	False	False	False	False	True	different_minimum_coordinates	True
NCAN	NCAN__NAFLD	NCAN__ALP	NAFLD	ALP	3950	2859	3932	2859	3932	0.72711088504577825	0.72711088504577825	2859	3920	2859	0.7293367346938775	False	False	False	False	False	True	different_minimum_coordinates	True
NCAN	NCAN__NAFLD	NCAN__BILI	NAFLD	BILI	3950	2859	3908	2858	3909	0.73113328216935281	0.73113328216935281	2859	3897	2858	0.73319651103129813	False	False	False	False	False	True	different_minimum_coordinates	True
NCAN	NCAN__ALT	NCAN__AST	ALT	AST	3950	3932	3907	3907	3932	0.99364191251271616	0.99364191251271616	3921	3896	3895	0.99311575726670065	False	False	False	False	False	True	different_minimum_coordinates	True
NCAN	NCAN__ALT	NCAN__ALP	ALT	ALP	3950	3932	3932	3932	3932	1	1	3921	3920	3920	0.99974496301963789	True	False	False	False	False	True	different_minimum_coordinates	True
NCAN	NCAN__ALT	NCAN__BILI	ALT	BILI	3950	3932	3908	3908	3932	0.99389623601220756	0.99389623601220756	3921	3897	3896	0.99337072921978586	False	False	True	True	True	True	verified_shared_minimum_variant	True
NCAN	NCAN__AST	NCAN__ALP	AST	ALP	3950	3907	3932	3907	3932	0.99364191251271616	0.99364191251271616	3896	3920	3895	0.993369038510584	False	False	False	False	False	True	different_minimum_coordinates	True
NCAN	NCAN__AST	NCAN__BILI	AST	BILI	3950	3907	3908	3906	3909	0.99923254029163466	0.99923254029163466	3896	3897	3894	0.99871761990253916	False	False	False	False	False	True	different_minimum_coordinates	True
NCAN	NCAN__ALP	NCAN__BILI	ALP	BILI	3950	3932	3908	3908	3932	0.99389623601220756	0.99389623601220756	3920	3897	3896	0.99362407549094622	False	False	False	False	False	True	different_minimum_coordinates	True
NDUFA13	NDUFA13__CIRR	NDUFA13__LIVER_FAT	CIRR	LIVER_FAT	3980	3308	3773	3306	3775	0.87576158940397353	0.87576158940397353	3306	3764	3303	0.87682505972922753	False	False	False	False	False	True	different_minimum_coordinates	True
NDUFA13	NDUFA13__CIRR	NDUFA13__NAFLD	CIRR	NAFLD	3980	3308	2909	2834	3383	0.83771800177357381	0.83771800177357381	3306	2909	2834	0.83821354628808042	False	False	False	False	False	True	different_minimum_coordinates	True
NDUFA13	NDUFA13__CIRR	NDUFA13__ALT	CIRR	ALT	3980	3308	3961	3307	3962	0.83467945482079753	0.83467945482079753	3306	3950	3305	0.83649708934446976	False	False	False	False	False	True	different_minimum_coordinates	True
NDUFA13	NDUFA13__CIRR	NDUFA13__AST	CIRR	AST	3980	3308	3934	3299	3943	0.83667258432665481	0.83667258432665481	3306	3924	3297	0.8382913806254767	False	False	False	False	False	True	different_minimum_coordinates	True
NDUFA13	NDUFA13__CIRR	NDUFA13__ALP	CIRR	ALP	3980	3308	3961	3307	3962	0.83467945482079753	0.83467945482079753	3306	3950	3305	0.83649708934446976	False	False	False	False	False	True	different_minimum_coordinates	True
NDUFA13	NDUFA13__CIRR	NDUFA13__BILI	CIRR	BILI	3980	3308	3936	3299	3945	0.83624841571609632	0.83624841571609632	3306	3926	3297	0.83786531130876751	False	False	False	False	False	True	different_minimum_coordinates	True
NDUFA13	NDUFA13__LIVER_FAT	NDUFA13__NAFLD	LIVER_FAT	NAFLD	3980	3773	2909	2909	3773	0.7710045056983833	0.7710045056983833	3764	2909	2909	0.77284803400637625	False	False	False	False	False	True	different_minimum_coordinates	True
NDUFA13	NDUFA13__LIVER_FAT	NDUFA13__ALT	LIVER_FAT	ALT	3980	3773	3961	3773	3961	0.95253723807119417	0.95253723807119417	3764	3950	3762	0.95192307692307687	False	False	True	True	True	True	verified_shared_minimum_variant	True
NDUFA13	NDUFA13__LIVER_FAT	NDUFA13__AST	LIVER_FAT	AST	3980	3773	3934	3753	3954	0.9491654021244309	0.9491654021244309	3764	3924	3744	0.94929006085192702	False	False	False	False	False	True	different_minimum_coordinates	True
NDUFA13	NDUFA13__LIVER_FAT	NDUFA13__ALP	LIVER_FAT	ALP	3980	3773	3961	3773	3961	0.95253723807119417	0.95253723807119417	3764	3950	3763	0.95241710959250825	False	False	False	False	False	True	different_minimum_coordinates	True
NDUFA13	NDUFA13__LIVER_FAT	NDUFA13__BILI	LIVER_FAT	BILI	3980	3773	3936	3754	3955	0.94917825537294565	0.94917825537294565	3764	3926	3744	0.9488089204257476	False	False	True	True	True	True	verified_shared_minimum_variant	True
NDUFA13	NDUFA13__NAFLD	NDUFA13__ALT	NAFLD	ALT	3980	2909	3961	2909	3961	0.73441050239838424	0.73441050239838424	2909	3950	2909	0.7364556962025316	False	False	False	False	False	True	different_minimum_coordinates	True
NDUFA13	NDUFA13__NAFLD	NDUFA13__AST	NAFLD	AST	3980	2909	3934	2908	3935	0.73900889453621343	0.73900889453621343	2909	3924	2908	0.74089171974522294	False	False	False	False	False	True	different_minimum_coordinates	True
NDUFA13	NDUFA13__NAFLD	NDUFA13__ALP	NAFLD	ALP	3980	2909	3961	2909	3961	0.73441050239838424	0.73441050239838424	2909	3950	2909	0.7364556962025316	False	False	False	False	False	True	different_minimum_coordinates	True
NDUFA13	NDUFA13__NAFLD	NDUFA13__BILI	NAFLD	BILI	3980	2909	3936	2908	3937	0.7386334772669545	0.7386334772669545	2909	3926	2908	0.74051438757321109	False	False	False	False	False	True	different_minimum_coordinates	True
NDUFA13	NDUFA13__ALT	NDUFA13__AST	ALT	AST	3980	3961	3934	3934	3961	0.99318353951022464	0.99318353951022464	3950	3924	3922	0.99240890688259109	False	False	False	False	False	True	different_minimum_coordinates	True
NDUFA13	NDUFA13__ALT	NDUFA13__ALP	ALT	ALP	3980	3961	3961	3961	3961	1	1	3950	3950	3949	0.99949379903821822	True	False	False	False	False	True	different_minimum_coordinates	True
NDUFA13	NDUFA13__ALT	NDUFA13__BILI	ALT	BILI	3980	3961	3936	3936	3961	0.9936884625094673	0.9936884625094673	3950	3926	3924	0.99291497975708498	False	False	True	True	True	True	verified_shared_minimum_variant	True
NDUFA13	NDUFA13__AST	NDUFA13__ALP	AST	ALP	3980	3934	3961	3934	3961	0.99318353951022464	0.99318353951022464	3924	3950	3923	0.99291318653505445	False	False	False	False	False	True	different_minimum_coordinates	True
NDUFA13	NDUFA13__AST	NDUFA13__BILI	AST	BILI	3980	3934	3936	3933	3937	0.99898399796799597	0.99898399796799597	3924	3926	3922	0.99847250509164964	False	False	False	False	False	True	different_minimum_coordinates	True
NDUFA13	NDUFA13__ALP	NDUFA13__BILI	ALP	BILI	3980	3961	3936	3936	3961	0.9936884625094673	0.9936884625094673	3950	3926	3925	0.99341938749683623	False	False	False	False	False	True	different_minimum_coordinates	True
NKAPL	NKAPL__CIRR	NKAPL__AST	CIRR	AST	4968	4255	4811	4201	4865	0.86351490236382322	0.86351490236382322	4250	4802	4196	0.86408566721581548	False	False	False	False	False	True	different_minimum_coordinates	False
NKAPL	NKAPL__CIRR	NKAPL__BILI	CIRR	BILI	4968	4255	4683	4073	4865	0.83720452209660845	0.83720452209660845	4250	4673	4068	0.83789907312049439	False	False	False	False	False	True	different_minimum_coordinates	False
NKAPL	NKAPL__CIRR	NKAPL__PBC	CIRR	PBC	4968	4255	4402	3965	4692	0.84505541346973567	0.84505541346973567	4250	4400	3961	0.84474301556835141	False	False	False	False	False	True	different_minimum_coordinates	False
NKAPL	NKAPL__CIRR	NKAPL__PSC	CIRR	PSC	4968	4255	4430	4038	4647	0.86894770819883793	0.86894770819883793	4250	4421	4034	0.86995902523183088	False	False	False	False	False	True	different_minimum_coordinates	False
NKAPL	NKAPL__CIRR	NKAPL__AIH	CIRR	AIH	4968	4255	4879	4247	4887	0.86904031102926127	0.86904031102926127	4250	4863	4238	0.86933333333333329	False	False	False	False	False	True	different_minimum_coordinates	False
NKAPL	NKAPL__AST	NKAPL__BILI	AST	BILI	4968	4811	4683	4643	4851	0.95712224283652858	0.95712224283652858	4802	4673	4633	0.95683601817430819	False	False	False	False	False	True	different_minimum_coordinates	True
NKAPL	NKAPL__AST	NKAPL__PBC	AST	PBC	4968	4811	4402	4345	4868	0.89256368118323748	0.89256368118323748	4802	4400	4340	0.89263677498971616	False	False	False	False	False	True	different_minimum_coordinates	True
NKAPL	NKAPL__AST	NKAPL__PSC	AST	PSC	4968	4811	4430	4380	4861	0.9010491668380991	0.9010491668380991	4802	4421	4370	0.90047393364928907	False	False	False	False	False	True	different_minimum_coordinates	True
NKAPL	NKAPL__AST	NKAPL__AIH	AST	AIH	4968	4811	4879	4811	4879	0.98606271777003485	0.98606271777003485	4802	4863	4798	0.98582288884322988	False	False	False	False	False	True	different_minimum_coordinates	True
NKAPL	NKAPL__BILI	NKAPL__PBC	BILI	PBC	4968	4683	4402	4216	4869	0.86588621893612649	0.86588621893612649	4673	4400	4211	0.86610448375154259	False	False	False	False	False	True	different_minimum_coordinates	True
NKAPL	NKAPL__BILI	NKAPL__PSC	BILI	PSC	4968	4683	4430	4240	4873	0.87010055407346609	0.87010055407346609	4673	4421	4230	0.86965460526315785	False	False	False	False	False	True	different_minimum_coordinates	True
NKAPL	NKAPL__BILI	NKAPL__AIH	BILI	AIH	4968	4683	4879	4683	4879	0.95982783357245338	0.95982783357245338	4673	4863	4669	0.95931785494144239	False	False	False	False	False	True	different_minimum_coordinates	True
NKAPL	NKAPL__PBC	NKAPL__PSC	PBC	PSC	4968	4402	4430	4157	4675	0.88919786096256681	0.88919786096256681	4400	4421	4152	0.88926965088884125	False	False	False	False	False	True	different_minimum_coordinates	True
NKAPL	NKAPL__PBC	NKAPL__AIH	PBC	AIH	4968	4402	4879	4386	4895	0.89601634320735446	0.89601634320735446	4400	4863	4377	0.8958248055669259	False	False	False	False	False	True	different_minimum_coordinates	True
NKAPL	NKAPL__PSC	NKAPL__AIH	PSC	AIH	4968	4430	4879	4424	4885	0.90562947799385873	0.90562947799385873	4421	4863	4410	0.90480098481739846	False	False	False	False	False	True	different_minimum_coordinates	True
NR2C2AP	NR2C2AP__CIRR	NR2C2AP__LIVER_FAT	CIRR	LIVER_FAT	3823	3154	3610	3153	3611	0.87316532816394354	0.87316532816394354	3154	3602	3152	0.87458379578246392	False	False	False	False	False	True	different_minimum_coordinates	True
NR2C2AP	NR2C2AP__CIRR	NR2C2AP__NAFLD	CIRR	NAFLD	3823	3154	2777	2703	3228	0.83736059479553904	0.83736059479553904	3154	2777	2703	0.83736059479553904	False	False	False	False	False	True	different_minimum_coordinates	True
NR2C2AP	NR2C2AP__CIRR	NR2C2AP__ALT	CIRR	ALT	3823	3154	3806	3154	3806	0.82869153967419862	0.82869153967419862	3154	3796	3154	0.83087460484720754	False	False	False	False	False	True	different_minimum_coordinates	True
NR2C2AP	NR2C2AP__CIRR	NR2C2AP__AST	CIRR	AST	3823	3154	3781	3147	3788	0.83078141499472014	0.83078141499472014	3154	3771	3147	0.83298041291688729	False	False	False	False	False	True	different_minimum_coordinates	True
NR2C2AP	NR2C2AP__CIRR	NR2C2AP__ALP	CIRR	ALP	3823	3154	3806	3154	3806	0.82869153967419862	0.82869153967419862	3154	3795	3154	0.83109354413702241	False	False	False	False	False	True	different_minimum_coordinates	True
NR2C2AP	NR2C2AP__CIRR	NR2C2AP__BILI	CIRR	BILI	3823	3154	3782	3146	3790	0.8300791556728232	0.8300791556728232	3154	3772	3146	0.83227513227513228	False	False	False	False	False	True	different_minimum_coordinates	True
NR2C2AP	NR2C2AP__LIVER_FAT	NR2C2AP__NAFLD	LIVER_FAT	NAFLD	3823	3610	2777	2777	3610	0.76925207756232683	0.76925207756232683	3602	2777	2777	0.77096057745696833	False	False	False	False	False	True	different_minimum_coordinates	True
NR2C2AP	NR2C2AP__LIVER_FAT	NR2C2AP__ALT	LIVER_FAT	ALT	3823	3610	3806	3610	3806	0.94850236468733573	0.94850236468733573	3602	3796	3601	0.94838030023702924	False	False	True	True	True	True	verified_shared_minimum_variant	True
NR2C2AP	NR2C2AP__LIVER_FAT	NR2C2AP__AST	LIVER_FAT	AST	3823	3610	3781	3591	3800	0.94499999999999995	0.94499999999999995	3602	3771	3583	0.94538258575197887	False	False	False	False	False	True	different_minimum_coordinates	True
NR2C2AP	NR2C2AP__LIVER_FAT	NR2C2AP__ALP	LIVER_FAT	ALP	3823	3610	3806	3610	3806	0.94850236468733573	0.94850236468733573	3602	3795	3601	0.94863013698630139	False	False	False	False	False	True	different_minimum_coordinates	True
NR2C2AP	NR2C2AP__LIVER_FAT	NR2C2AP__BILI	LIVER_FAT	BILI	3823	3610	3782	3591	3801	0.94475138121546964	0.94475138121546964	3602	3772	3582	0.944620253164557	False	False	True	True	True	True	verified_shared_minimum_variant	True
NR2C2AP	NR2C2AP__NAFLD	NR2C2AP__ALT	NAFLD	ALT	3823	2777	3806	2777	3806	0.72963741460851284	0.72963741460851284	2777	3796	2777	0.73155953635405691	False	False	False	False	False	True	different_minimum_coordinates	True
NR2C2AP	NR2C2AP__NAFLD	NR2C2AP__AST	NAFLD	AST	3823	2777	3781	2777	3781	0.73446178259719652	0.73446178259719652	2777	3771	2777	0.73640944046671974	False	False	False	False	False	True	different_minimum_coordinates	True
NR2C2AP	NR2C2AP__NAFLD	NR2C2AP__ALP	NAFLD	ALP	3823	2777	3806	2777	3806	0.72963741460851284	0.72963741460851284	2777	3795	2777	0.7317523056653491	False	False	False	False	False	True	different_minimum_coordinates	True
NR2C2AP	NR2C2AP__NAFLD	NR2C2AP__BILI	NAFLD	BILI	3823	2777	3782	2776	3783	0.73380914618028015	0.73380914618028015	2777	3772	2776	0.73575404187649085	False	False	False	False	False	True	different_minimum_coordinates	True
NR2C2AP	NR2C2AP__ALT	NR2C2AP__AST	ALT	AST	3823	3806	3781	3781	3806	0.99343142406726226	0.99343142406726226	3796	3771	3770	0.99288912299183563	False	False	False	False	False	True	different_minimum_coordinates	True
NR2C2AP	NR2C2AP__ALT	NR2C2AP__ALP	ALT	ALP	3823	3806	3806	3806	3806	1	1	3796	3795	3795	0.9997365648050579	True	False	False	False	False	True	different_minimum_coordinates	True
NR2C2AP	NR2C2AP__ALT	NR2C2AP__BILI	ALT	BILI	3823	3806	3782	3782	3806	0.9936941671045717	0.9936941671045717	3796	3772	3771	0.99315248880695284	False	False	True	True	True	True	verified_shared_minimum_variant	True
NR2C2AP	NR2C2AP__AST	NR2C2AP__ALP	AST	ALP	3823	3781	3806	3781	3806	0.99343142406726226	0.99343142406726226	3771	3795	3770	0.99315068493150682	False	False	False	False	False	True	different_minimum_coordinates	True
NR2C2AP	NR2C2AP__AST	NR2C2AP__BILI	AST	BILI	3823	3781	3782	3780	3783	0.99920697858842189	0.99920697858842189	3771	3772	3769	0.99867514573396932	False	False	False	False	False	True	different_minimum_coordinates	True
NR2C2AP	NR2C2AP__ALP	NR2C2AP__BILI	ALP	BILI	3823	3806	3782	3782	3806	0.9936941671045717	0.9936941671045717	3795	3772	3771	0.99341412012644892	False	False	False	False	False	True	different_minimum_coordinates	True
NRBP1	NRBP1__LIVER_FAT	NRBP1__NAFLD	LIVER_FAT	NAFLD	3904	3645	2919	2919	3645	0.80082304526748971	0.80082304526748971	3644	2919	2919	0.80104281009879252	False	False	False	False	False	True	different_minimum_coordinates	True
NRBP1	NRBP1__LIVER_FAT	NRBP1__GGT	LIVER_FAT	GGT	3904	3645	3887	3645	3887	0.93774118857730893	0.93774118857730893	3644	3885	3644	0.93796653796653795	False	False	False	False	False	True	different_minimum_coordinates	True
NRBP1	NRBP1__LIVER_FAT	NRBP1__ALP	LIVER_FAT	ALP	3904	3645	3887	3645	3887	0.93774118857730893	0.93774118857730893	3644	3885	3644	0.93796653796653795	False	False	False	False	False	True	different_minimum_coordinates	True
NRBP1	NRBP1__NAFLD	NRBP1__GGT	NAFLD	GGT	3904	2919	3887	2919	3887	0.75096475430923593	0.75096475430923593	2919	3885	2919	0.75135135135135134	False	False	False	False	False	True	different_minimum_coordinates	True
NRBP1	NRBP1__NAFLD	NRBP1__ALP	NAFLD	ALP	3904	2919	3887	2919	3887	0.75096475430923593	0.75096475430923593	2919	3885	2919	0.75135135135135134	False	False	False	False	False	True	different_minimum_coordinates	True
NRBP1	NRBP1__GGT	NRBP1__ALP	GGT	ALP	3904	3887	3887	3887	3887	1	1	3885	3885	3885	1	True	True	True	True	True	True	verified_shared_minimum_variant	True
NUDT9	NUDT9__CIRR	NUDT9__ALT	CIRR	ALT	6391	5308	6363	5306	6365	0.83362136684996069	0.83362136684996069	5299	6352	5297	0.83364809568775577	False	False	False	False	False	True	different_minimum_coordinates	True
NUDT9	NUDT9__CIRR	NUDT9__AST	CIRR	AST	6391	5308	6211	5272	6247	0.84392508404033939	0.84392508404033939	5299	6199	5266	0.84499358151476256	False	False	False	False	False	True	different_minimum_coordinates	True
NUDT9	NUDT9__CIRR	NUDT9__BILI	CIRR	BILI	6391	5308	6238	5275	6271	0.84117365651411258	0.84117365651411258	5299	6228	5267	0.8413738019169329	False	False	False	False	False	True	different_minimum_coordinates	True
NUDT9	NUDT9__ALT	NUDT9__AST	ALT	AST	6391	6363	6211	6211	6363	0.97611189690397615	0.97611189690397615	6352	6199	6199	0.97591309823677586	False	False	True	True	True	True	verified_shared_minimum_variant	True
NUDT9	NUDT9__ALT	NUDT9__BILI	ALT	BILI	6391	6363	6238	6237	6364	0.98004399748585791	0.98004399748585791	6352	6228	6225	0.97954366640440593	False	False	False	False	False	True	different_minimum_coordinates	True
NUDT9	NUDT9__AST	NUDT9__BILI	AST	BILI	6391	6211	6238	6190	6259	0.98897587474037385	0.98897587474037385	6199	6228	6177	0.98831999999999998	False	False	False	False	False	True	different_minimum_coordinates	True
OR12D2	OR12D2__CIRR	OR12D2__AST	CIRR	AST	1873	1626	1844	1617	1853	0.87263896384241768	0.87263896384241768	1626	1842	1617	0.87358184764991897	False	False	False	False	False	True	different_minimum_coordinates	True
OR12D2	OR12D2__CIRR	OR12D2__BILI	CIRR	BILI	1873	1626	1766	1542	1850	0.83351351351351355	0.83351351351351355	1626	1763	1542	0.83486735246345423	False	False	False	False	False	True	different_minimum_coordinates	True
OR12D2	OR12D2__CIRR	OR12D2__PBC	CIRR	PBC	1873	1626	1724	1560	1790	0.87150837988826813	0.87150837988826813	1626	1723	1560	0.87199552822806037	False	False	False	False	False	True	different_minimum_coordinates	True
OR12D2	OR12D2__CIRR	OR12D2__PSC	CIRR	PSC	1873	1626	1658	1508	1776	0.84909909909909909	0.84909909909909909	1626	1655	1506	0.84845070422535207	False	False	False	False	False	True	different_minimum_coordinates	True
OR12D2	OR12D2__CIRR	OR12D2__AIH	CIRR	AIH	1873	1626	1855	1624	1857	0.8745288099084545	0.8745288099084545	1626	1851	1622	0.87439353099730455	False	False	False	False	False	True	different_minimum_coordinates	True
OR12D2	OR12D2__AST	OR12D2__BILI	AST	BILI	1873	1844	1766	1759	1851	0.95029713668287408	0.95029713668287408	1842	1763	1756	0.94970254191454839	False	False	False	False	False	True	different_minimum_coordinates	True
OR12D2	OR12D2__AST	OR12D2__PBC	AST	PBC	1873	1844	1724	1710	1858	0.92034445640473628	0.92034445640473628	1842	1723	1709	0.92079741379310343	False	False	False	False	False	True	different_minimum_coordinates	True
OR12D2	OR12D2__AST	OR12D2__PSC	AST	PSC	1873	1844	1658	1651	1851	0.89195029713668283	0.89195029713668283	1842	1655	1648	0.89129259058950783	False	False	False	False	False	True	different_minimum_coordinates	True
OR12D2	OR12D2__AST	OR12D2__AIH	AST	AIH	1873	1844	1855	1844	1855	0.99407008086253368	0.99407008086253368	1842	1851	1840	0.99298434970318405	False	False	False	False	False	True	different_minimum_coordinates	True
OR12D2	OR12D2__BILI	OR12D2__PBC	BILI	PBC	1873	1766	1724	1635	1855	0.8814016172506739	0.8814016172506739	1763	1723	1634	0.8822894168466523	False	False	False	False	False	True	different_minimum_coordinates	True
OR12D2	OR12D2__BILI	OR12D2__PSC	BILI	PSC	1873	1766	1658	1571	1853	0.84781435509983805	0.84781435509983805	1763	1655	1568	0.84756756756756757	False	False	False	False	False	True	different_minimum_coordinates	True
OR12D2	OR12D2__BILI	OR12D2__AIH	BILI	AIH	1873	1766	1855	1766	1855	0.95202156334231802	0.95202156334231802	1763	1851	1761	0.95035078251484084	False	False	False	False	False	True	different_minimum_coordinates	True
OR12D2	OR12D2__PBC	OR12D2__PSC	PBC	PSC	1873	1724	1658	1596	1786	0.8936170212765957	0.8936170212765957	1723	1655	1595	0.89455973079080198	False	False	False	False	False	True	different_minimum_coordinates	True
OR12D2	OR12D2__PBC	OR12D2__AIH	PBC	AIH	1873	1724	1855	1717	1862	0.92212674543501616	0.92212674543501616	1723	1851	1714	0.92150537634408602	False	False	False	False	False	True	different_minimum_coordinates	True
OR12D2	OR12D2__PSC	OR12D2__AIH	PSC	AIH	1873	1658	1855	1656	1857	0.89176090468497582	0.89176090468497582	1655	1851	1651	0.89002695417789757	False	False	False	False	False	True	different_minimum_coordinates	True
OR14J1	OR14J1__CIRR	OR14J1__AST	CIRR	AST	2179	1887	2137	1873	2151	0.87075778707577867	0.87075778707577867	1884	2135	1871	0.87104283054003728	False	False	False	False	False	True	different_minimum_coordinates	True
OR14J1	OR14J1__CIRR	OR14J1__BILI	CIRR	BILI	2179	1887	2034	1776	2145	0.82797202797202796	0.82797202797202796	1884	2031	1774	0.82858477347034099	False	False	False	False	False	True	different_minimum_coordinates	True
OR14J1	OR14J1__CIRR	OR14J1__PBC	CIRR	PBC	2179	1887	2015	1817	2085	0.87146282973621103	0.87146282973621103	1884	2013	1813	0.8699616122840691	False	False	False	False	False	True	different_minimum_coordinates	True
OR14J1	OR14J1__CIRR	OR14J1__PSC	CIRR	PSC	2179	1887	1935	1757	2065	0.85084745762711866	0.85084745762711866	1884	1932	1754	0.85063045586808927	False	False	False	False	False	True	different_minimum_coordinates	True
OR14J1	OR14J1__CIRR	OR14J1__AIH	CIRR	AIH	2179	1887	2152	1882	2157	0.87250811312007415	0.87250811312007415	1884	2146	1878	0.87267657992565051	False	False	False	False	False	True	different_minimum_coordinates	True
OR14J1	OR14J1__AST	OR14J1__BILI	AST	BILI	2179	2137	2034	2025	2146	0.94361602982292636	0.94361602982292636	2135	2031	2022	0.94309701492537312	False	False	False	False	False	True	different_minimum_coordinates	True
OR14J1	OR14J1__AST	OR14J1__PBC	AST	PBC	2179	2137	2015	1998	2154	0.92757660167130918	0.92757660167130918	2135	2013	1996	0.92750929368029744	False	False	False	False	False	True	different_minimum_coordinates	True
OR14J1	OR14J1__AST	OR14J1__PSC	AST	PSC	2179	2137	1935	1926	2146	0.89748369058713884	0.89748369058713884	2135	1932	1923	0.89692164179104472	False	False	False	False	False	True	different_minimum_coordinates	True
OR14J1	OR14J1__AST	OR14J1__AIH	AST	AIH	2179	2137	2152	2137	2152	0.99302973977695164	0.99302973977695164	2135	2146	2133	0.99301675977653636	False	False	False	False	False	True	different_minimum_coordinates	True
OR14J1	OR14J1__BILI	OR14J1__PBC	BILI	PBC	2179	2034	2015	1898	2151	0.88238028823802883	0.88238028823802883	2031	2013	1896	0.88268156424581001	False	False	False	False	False	True	different_minimum_coordinates	True
OR14J1	OR14J1__BILI	OR14J1__PSC	BILI	PSC	2179	2034	1935	1821	2148	0.8477653631284916	0.8477653631284916	2031	1932	1818	0.84755244755244752	False	False	False	False	False	True	different_minimum_coordinates	True
OR14J1	OR14J1__BILI	OR14J1__AIH	BILI	AIH	2179	2034	2152	2034	2152	0.94516728624535318	0.94516728624535318	2031	2146	2029	0.9445996275605214	False	False	False	False	False	True	different_minimum_coordinates	True
OR14J1	OR14J1__PBC	OR14J1__PSC	PBC	PSC	2179	2015	1935	1872	2078	0.90086621751684315	0.90086621751684315	2013	1932	1870	0.90120481927710838	False	False	False	False	False	True	different_minimum_coordinates	True
OR14J1	OR14J1__PBC	OR14J1__AIH	PBC	AIH	2179	2015	2152	2007	2160	0.9291666666666667	0.9291666666666667	2013	2146	2003	0.92903525046382185	False	False	False	False	False	True	different_minimum_coordinates	True
OR14J1	OR14J1__PSC	OR14J1__AIH	PSC	AIH	2179	1935	2152	1933	2154	0.89740018570102131	0.89740018570102131	1932	2146	1928	0.89674418604651163	False	False	False	False	False	True	different_minimum_coordinates	True
OR2B2	OR2B2__CIRR	OR2B2__AST	CIRR	AST	5709	4861	5515	4798	5578	0.8601649336679813	0.8601649336679813	4856	5504	4793	0.86096640919705403	False	False	False	False	False	True	different_minimum_coordinates	False
OR2B2	OR2B2__CIRR	OR2B2__BILI	CIRR	BILI	5709	4861	5435	4708	5588	0.84251968503937003	0.84251968503937003	4856	5423	4703	0.84343615494978474	False	False	False	False	False	True	different_minimum_coordinates	False
OR2B2	OR2B2__CIRR	OR2B2__PBC	CIRR	PBC	5709	4861	4807	4314	5354	0.80575270825550993	0.80575270825550993	4856	4805	4310	0.80545692393945056	False	False	False	False	False	True	different_minimum_coordinates	False
OR2B2	OR2B2__CIRR	OR2B2__PSC	CIRR	PSC	5709	4861	4889	4460	5290	0.84310018903591677	0.84310018903591677	4856	4881	4457	0.84412878787878787	False	False	False	False	False	True	different_minimum_coordinates	False
OR2B2	OR2B2__CIRR	OR2B2__AIH	CIRR	AIH	5709	4861	5601	4853	5609	0.86521661615261192	0.86521661615261192	4856	5579	4843	0.8660586552217453	False	False	False	False	False	True	different_minimum_coordinates	False
OR2B2	OR2B2__AST	OR2B2__BILI	AST	BILI	5709	5515	5435	5383	5567	0.96694808694090173	0.96694808694090173	5504	5423	5371	0.96670266378689707	False	False	False	False	False	True	different_minimum_coordinates	True
OR2B2	OR2B2__AST	OR2B2__PBC	AST	PBC	5709	5515	4807	4747	5575	0.8514798206278027	0.8514798206278027	5504	4805	4741	0.8514727011494253	False	False	False	False	False	True	different_minimum_coordinates	True
OR2B2	OR2B2__AST	OR2B2__PSC	AST	PSC	5709	5515	4889	4837	5567	0.86887012753727322	0.86887012753727322	5504	4881	4827	0.86847786973731556	False	False	False	False	False	True	different_minimum_coordinates	True
OR2B2	OR2B2__AST	OR2B2__AIH	AST	AIH	5709	5515	5601	5515	5601	0.98464559900017856	0.98464559900017856	5504	5579	5497	0.98406731113498036	False	False	False	False	False	True	different_minimum_coordinates	True
OR2B2	OR2B2__BILI	OR2B2__PBC	BILI	PBC	5709	5435	4807	4651	5591	0.83187265247719544	0.83187265247719544	5423	4805	4645	0.83198996955042093	False	False	False	False	False	True	different_minimum_coordinates	True
OR2B2	OR2B2__BILI	OR2B2__PSC	BILI	PSC	5709	5435	4889	4732	5592	0.84620886981401999	0.84620886981401999	5423	4881	4722	0.84593335721963459	False	False	False	False	False	True	different_minimum_coordinates	True
OR2B2	OR2B2__BILI	OR2B2__AIH	BILI	AIH	5709	5435	5601	5435	5601	0.97036243527941435	0.97036243527941435	5423	5579	5416	0.96956677407805225	False	False	False	False	False	True	different_minimum_coordinates	True
OR2B2	OR2B2__PBC	OR2B2__PSC	PBC	PSC	5709	4807	4889	4491	5205	0.86282420749279543	0.86282420749279543	4805	4881	4486	0.86269230769230765	False	False	False	False	False	True	different_minimum_coordinates	True
OR2B2	OR2B2__PBC	OR2B2__AIH	PBC	AIH	5709	4807	5601	4791	5617	0.85294641267580562	0.85294641267580562	4805	5579	4779	0.85263157894736841	False	False	False	False	False	True	different_minimum_coordinates	True
OR2B2	OR2B2__PSC	OR2B2__AIH	PSC	AIH	5709	4889	5601	4883	5607	0.87087569110041019	0.87087569110041019	4881	5579	4867	0.87019488646522436	False	False	False	False	False	True	different_minimum_coordinates	True
OR2B3	OR2B3__CIRR	OR2B3__AST	CIRR	AST	2808	2434	2740	2407	2767	0.86989519335019883	0.86989519335019883	2431	2737	2404	0.86975397973950797	False	False	False	False	False	True	different_minimum_coordinates	True
OR2B3	OR2B3__CIRR	OR2B3__BILI	CIRR	BILI	2808	2434	2606	2278	2762	0.82476466328747289	0.82476466328747289	2431	2602	2275	0.82487309644670048	False	False	False	False	False	True	different_minimum_coordinates	True
OR2B3	OR2B3__CIRR	OR2B3__PBC	CIRR	PBC	2808	2434	2610	2351	2693	0.87300408466394352	0.87300408466394352	2431	2608	2347	0.87184249628528976	False	False	False	False	False	True	different_minimum_coordinates	True
OR2B3	OR2B3__CIRR	OR2B3__PSC	CIRR	PSC	2808	2434	2518	2286	2666	0.85746436609152288	0.85746436609152288	2431	2514	2283	0.85762584522915097	False	False	False	False	False	True	different_minimum_coordinates	True
OR2B3	OR2B3__CIRR	OR2B3__AIH	CIRR	AIH	2808	2434	2771	2428	2777	0.87432481094706516	0.87432481094706516	2431	2763	2423	0.874413569108625	False	False	False	False	False	True	different_minimum_coordinates	True
OR2B3	OR2B3__AST	OR2B3__BILI	AST	BILI	2808	2740	2606	2589	2757	0.93906420021762782	0.93906420021762782	2737	2602	2585	0.93863471314451707	False	False	False	False	False	True	different_minimum_coordinates	True
OR2B3	OR2B3__AST	OR2B3__PBC	AST	PBC	2808	2740	2610	2582	2768	0.93280346820809246	0.93280346820809246	2737	2608	2579	0.93239334779464933	False	False	False	False	False	True	different_minimum_coordinates	True
OR2B3	OR2B3__AST	OR2B3__PSC	AST	PSC	2808	2740	2518	2499	2759	0.90576295759333092	0.90576295759333092	2737	2514	2494	0.90460645629307213	False	False	False	False	False	True	different_minimum_coordinates	True
OR2B3	OR2B3__AST	OR2B3__AIH	AST	AIH	2808	2740	2771	2740	2771	0.98881270299530855	0.98881270299530855	2737	2763	2735	0.98915009041591317	False	False	False	False	False	True	different_minimum_coordinates	True
OR2B3	OR2B3__BILI	OR2B3__PBC	BILI	PBC	2808	2606	2610	2450	2766	0.88575560375994211	0.88575560375994211	2602	2608	2447	0.88563155989866083	False	False	False	False	False	True	different_minimum_coordinates	True
OR2B3	OR2B3__BILI	OR2B3__PSC	BILI	PSC	2808	2606	2518	2360	2764	0.85383502170767001	0.85383502170767001	2602	2514	2355	0.8529518290474466	False	False	False	False	False	True	different_minimum_coordinates	True
OR2B3	OR2B3__BILI	OR2B3__AIH	BILI	AIH	2808	2606	2771	2606	2771	0.94045470949115839	0.94045470949115839	2602	2763	2600	0.94032549728752257	False	False	False	False	False	True	different_minimum_coordinates	True
OR2B3	OR2B3__PBC	OR2B3__PSC	PBC	PSC	2808	2610	2518	2443	2685	0.90986964618249533	0.90986964618249533	2608	2514	2440	0.90976882923191649	False	False	False	False	False	True	different_minimum_coordinates	True
OR2B3	OR2B3__PBC	OR2B3__AIH	PBC	AIH	2808	2610	2771	2600	2781	0.93491549802229412	0.93491549802229412	2608	2763	2595	0.93479827089337175	False	False	False	False	False	True	different_minimum_coordinates	True
OR2B3	OR2B3__PSC	OR2B3__AIH	PSC	AIH	2808	2518	2771	2516	2773	0.90732059141723764	0.90732059141723764	2514	2763	2509	0.90643063583815031	False	False	False	False	False	True	different_minimum_coordinates	True
OR2B6	OR2B6__CIRR	OR2B6__AST	CIRR	AST	5566	4746	5385	4686	5445	0.8606060606060606	0.8606060606060606	4741	5374	4681	0.861428045638572	False	False	False	False	False	True	different_minimum_coordinates	False
OR2B6	OR2B6__CIRR	OR2B6__BILI	CIRR	BILI	5566	4746	5286	4581	5451	0.84039625756741887	0.84039625756741887	4741	5274	4576	0.8413311270454128	False	False	False	False	False	True	different_minimum_coordinates	False
OR2B6	OR2B6__CIRR	OR2B6__PBC	CIRR	PBC	5566	4746	4847	4353	5240	0.83072519083969465	0.83072519083969465	4741	4845	4349	0.83043727324804273	False	False	False	False	False	True	different_minimum_coordinates	False
OR2B6	OR2B6__CIRR	OR2B6__PSC	CIRR	PSC	5566	4746	4863	4439	5170	0.85860735009671185	0.85860735009671185	4741	4854	4435	0.85949612403100772	False	False	False	False	False	True	different_minimum_coordinates	False
OR2B6	OR2B6__CIRR	OR2B6__AIH	CIRR	AIH	5566	4746	5464	4738	5472	0.86586257309941517	0.86586257309941517	4741	5442	4728	0.86672777268560952	False	False	False	False	False	True	different_minimum_coordinates	False
OR2B6	OR2B6__AST	OR2B6__BILI	AST	BILI	5566	5385	5286	5240	5431	0.96483152273982697	0.96483152273982697	5374	5274	5228	0.9645756457564576	False	False	False	False	False	True	different_minimum_coordinates	True
OR2B6	OR2B6__AST	OR2B6__PBC	AST	PBC	5566	5385	4847	4786	5446	0.8788101358795446	0.8788101358795446	5374	4845	4780	0.87883802169516456	False	False	False	False	False	True	different_minimum_coordinates	True
OR2B6	OR2B6__AST	OR2B6__PSC	AST	PSC	5566	5385	4863	4811	5437	0.88486297590583041	0.88486297590583041	5374	4854	4800	0.88430361090641119	False	False	False	False	False	True	different_minimum_coordinates	True
OR2B6	OR2B6__AST	OR2B6__AIH	AST	AIH	5566	5385	5464	5385	5464	0.98554172767203518	0.98554172767203518	5374	5442	5367	0.98495136722334375	False	False	False	False	False	True	different_minimum_coordinates	True
OR2B6	OR2B6__BILI	OR2B6__PBC	BILI	PBC	5566	5286	4847	4678	5455	0.8575618698441797	0.8575618698441797	5274	4845	4672	0.8577198457866716	False	False	False	False	False	True	different_minimum_coordinates	True
OR2B6	OR2B6__BILI	OR2B6__PSC	BILI	PSC	5566	5286	4863	4694	5455	0.86049495875343718	0.86049495875343718	5274	4854	4683	0.86005509641873279	False	False	False	False	False	True	different_minimum_coordinates	True
OR2B6	OR2B6__BILI	OR2B6__AIH	BILI	AIH	5566	5286	5464	5286	5464	0.96742313323572471	0.96742313323572471	5274	5442	5267	0.96659937603229951	False	False	False	False	False	True	different_minimum_coordinates	True
OR2B6	OR2B6__PBC	OR2B6__PSC	PBC	PSC	5566	4847	4863	4534	5176	0.87596599690880994	0.87596599690880994	4845	4854	4529	0.87601547388781431	False	False	False	False	False	True	different_minimum_coordinates	True
OR2B6	OR2B6__PBC	OR2B6__AIH	PBC	AIH	5566	4847	5464	4831	5480	0.88156934306569346	0.88156934306569346	4845	5442	4819	0.88130943672275053	False	False	False	False	False	True	different_minimum_coordinates	True
OR2B6	OR2B6__PSC	OR2B6__AIH	PSC	AIH	5566	4863	5464	4857	5470	0.88793418647166367	0.88793418647166367	4854	5442	4840	0.88709677419354838	False	False	False	False	False	True	different_minimum_coordinates	True
OR2J2	OR2J2__CIRR	OR2J2__AST	CIRR	AST	2510	2176	2455	2156	2475	0.87111111111111106	0.87111111111111106	2173	2453	2154	0.87135922330097082	False	False	False	False	False	True	different_minimum_coordinates	True
OR2J2	OR2J2__CIRR	OR2J2__BILI	CIRR	BILI	2510	2176	2338	2044	2470	0.82753036437246963	0.82753036437246963	2173	2335	2042	0.82806163828061641	False	False	False	False	False	True	different_minimum_coordinates	True
OR2J2	OR2J2__CIRR	OR2J2__PBC	CIRR	PBC	2510	2176	2333	2101	2408	0.87250830564784054	0.87250830564784054	2173	2331	2097	0.87120897382633988	False	False	False	False	False	True	different_minimum_coordinates	True
OR2J2	OR2J2__CIRR	OR2J2__PSC	CIRR	PSC	2510	2176	2244	2035	2385	0.85324947589098532	0.85324947589098532	2173	2240	2032	0.85342293154136917	False	False	False	False	False	True	different_minimum_coordinates	True
OR2J2	OR2J2__CIRR	OR2J2__AIH	CIRR	AIH	2510	2176	2478	2170	2484	0.87359098228663445	0.87359098228663445	2173	2471	2166	0.87409200968523004	False	False	False	False	False	True	different_minimum_coordinates	True
OR2J2	OR2J2__AST	OR2J2__BILI	AST	BILI	2510	2455	2338	2326	2467	0.94284556141062015	0.94284556141062015	2453	2335	2323	0.94239350912778908	False	False	False	False	False	True	different_minimum_coordinates	True
OR2J2	OR2J2__AST	OR2J2__PBC	AST	PBC	2510	2455	2333	2310	2478	0.93220338983050843	0.93220338983050843	2453	2331	2308	0.93214862681744748	False	False	False	False	False	True	different_minimum_coordinates	True
OR2J2	OR2J2__AST	OR2J2__PSC	AST	PSC	2510	2455	2244	2231	2468	0.90397082658022687	0.90397082658022687	2453	2240	2227	0.90308191403081917	False	False	False	False	False	True	different_minimum_coordinates	True
OR2J2	OR2J2__AST	OR2J2__AIH	AST	AIH	2510	2455	2478	2455	2478	0.99071832122679582	0.99071832122679582	2453	2471	2451	0.99110392236150424	False	False	False	False	False	True	different_minimum_coordinates	True
OR2J2	OR2J2__BILI	OR2J2__PBC	BILI	PBC	2510	2338	2333	2196	2475	0.88727272727272732	0.88727272727272732	2335	2331	2194	0.88754045307443363	False	False	False	False	False	True	different_minimum_coordinates	True
OR2J2	OR2J2__BILI	OR2J2__PSC	BILI	PSC	2510	2338	2244	2110	2472	0.8535598705501618	0.8535598705501618	2335	2240	2106	0.85297691373025519	False	False	False	False	False	True	different_minimum_coordinates	True
OR2J2	OR2J2__BILI	OR2J2__AIH	BILI	AIH	2510	2338	2478	2338	2478	0.94350282485875703	0.94350282485875703	2335	2471	2333	0.94338859684593612	False	False	False	False	False	True	different_minimum_coordinates	True
OR2J2	OR2J2__PBC	OR2J2__PSC	PBC	PSC	2510	2333	2244	2177	2400	0.90708333333333335	0.90708333333333335	2331	2240	2174	0.90696704213600332	False	False	False	False	False	True	different_minimum_coordinates	True
OR2J2	OR2J2__PBC	OR2J2__AIH	PBC	AIH	2510	2333	2478	2324	2487	0.93445918777643744	0.93445918777643744	2331	2471	2320	0.93473005640612405	False	False	False	False	False	True	different_minimum_coordinates	True
OR2J2	OR2J2__PSC	OR2J2__AIH	PSC	AIH	2510	2244	2478	2242	2480	0.90403225806451615	0.90403225806451615	2240	2471	2236	0.90343434343434348	False	False	False	False	False	True	different_minimum_coordinates	True
OR2J3	OR2J3__CIRR	OR2J3__AST	CIRR	AST	2719	2356	2654	2331	2679	0.87010078387458012	0.87010078387458012	2353	2651	2328	0.8699551569506726	False	False	False	False	False	True	different_minimum_coordinates	True
OR2J3	OR2J3__CIRR	OR2J3__BILI	CIRR	BILI	2719	2356	2525	2206	2675	0.82467289719626169	0.82467289719626169	2353	2521	2203	0.82478472482216403	False	False	False	False	False	True	different_minimum_coordinates	True
OR2J3	OR2J3__CIRR	OR2J3__PBC	CIRR	PBC	2719	2356	2525	2276	2605	0.87370441458733206	0.87370441458733206	2353	2523	2272	0.87250384024577576	False	False	False	False	False	True	different_minimum_coordinates	True
OR2J3	OR2J3__CIRR	OR2J3__PSC	CIRR	PSC	2719	2356	2435	2212	2579	0.85769678169833263	0.85769678169833263	2353	2431	2209	0.85786407766990291	False	False	False	False	False	True	different_minimum_coordinates	True
OR2J3	OR2J3__CIRR	OR2J3__AIH	CIRR	AIH	2719	2356	2683	2350	2689	0.87393082930457422	0.87393082930457422	2353	2675	2345	0.8740216175922475	False	False	False	False	False	True	different_minimum_coordinates	True
OR2J3	OR2J3__AST	OR2J3__BILI	AST	BILI	2719	2654	2525	2509	2670	0.93970037453183519	0.93970037453183519	2651	2521	2505	0.93925759280089993	False	False	False	False	False	True	different_minimum_coordinates	True
OR2J3	OR2J3__AST	OR2J3__PBC	AST	PBC	2719	2654	2525	2498	2681	0.93174188735546437	0.93174188735546437	2651	2523	2495	0.93131765584173198	False	False	False	False	False	True	different_minimum_coordinates	True
OR2J3	OR2J3__AST	OR2J3__PSC	AST	PSC	2719	2654	2435	2418	2671	0.90527892175215274	0.90527892175215274	2651	2431	2413	0.90408392656425629	False	False	False	False	False	True	different_minimum_coordinates	True
OR2J3	OR2J3__AST	OR2J3__AIH	AST	AIH	2719	2654	2683	2654	2683	0.98919120387625792	0.98919120387625792	2651	2675	2649	0.9895405304445275	False	False	False	False	False	True	different_minimum_coordinates	True
OR2J3	OR2J3__BILI	OR2J3__PBC	BILI	PBC	2719	2525	2525	2371	2679	0.8850317282568122	0.8850317282568122	2521	2523	2368	0.8849028400597907	False	False	False	False	False	True	different_minimum_coordinates	True
OR2J3	OR2J3__BILI	OR2J3__PSC	BILI	PSC	2719	2525	2435	2283	2677	0.85282032125513629	0.85282032125513629	2521	2431	2278	0.85190725504861631	False	False	False	False	False	True	different_minimum_coordinates	True
OR2J3	OR2J3__BILI	OR2J3__AIH	BILI	AIH	2719	2525	2683	2525	2683	0.94111069698099148	0.94111069698099148	2521	2675	2519	0.94097870750840495	False	False	False	False	False	True	different_minimum_coordinates	True
OR2J3	OR2J3__PBC	OR2J3__PSC	PBC	PSC	2719	2525	2435	2362	2598	0.90916089299461122	0.90916089299461122	2523	2431	2359	0.90905587668593446	False	False	False	False	False	True	different_minimum_coordinates	True
OR2J3	OR2J3__PBC	OR2J3__AIH	PBC	AIH	2719	2525	2683	2515	2693	0.9339027107315262	0.9339027107315262	2523	2675	2510	0.93377976190476186	False	False	False	False	False	True	different_minimum_coordinates	True
OR2J3	OR2J3__PSC	OR2J3__AIH	PSC	AIH	2719	2435	2683	2433	2685	0.90614525139664803	0.90614525139664803	2431	2675	2426	0.90522388059701497	False	False	False	False	False	True	different_minimum_coordinates	True
OR2W1	OR2W1__CIRR	OR2W1__AST	CIRR	AST	2950	2556	2867	2516	2907	0.86549707602339176	0.86549707602339176	2552	2864	2512	0.86501377410468316	False	False	False	False	False	True	different_minimum_coordinates	True
OR2W1	OR2W1__CIRR	OR2W1__BILI	CIRR	BILI	2950	2556	2743	2396	2903	0.82535308301756805	0.82535308301756805	2552	2739	2392	0.82511210762331844	False	False	False	False	False	True	different_minimum_coordinates	True
OR2W1	OR2W1__CIRR	OR2W1__PBC	CIRR	PBC	2950	2556	2747	2469	2834	0.87120677487649967	0.87120677487649967	2552	2745	2465	0.87040960451977401	False	False	False	False	False	True	different_minimum_coordinates	True
OR2W1	OR2W1__CIRR	OR2W1__PSC	CIRR	PSC	2950	2556	2653	2405	2804	0.85770328102710414	0.85770328102710414	2552	2649	2402	0.85816362986780992	False	False	False	False	False	True	different_minimum_coordinates	True
OR2W1	OR2W1__CIRR	OR2W1__AIH	CIRR	AIH	2950	2556	2913	2550	2919	0.87358684480986637	0.87358684480986637	2552	2905	2544	0.87332646755921728	False	False	False	False	False	True	different_minimum_coordinates	True
OR2W1	OR2W1__AST	OR2W1__BILI	AST	BILI	2950	2867	2743	2714	2896	0.93715469613259672	0.93715469613259672	2864	2739	2710	0.9367438645005185	False	False	False	False	False	True	different_minimum_coordinates	True
OR2W1	OR2W1__AST	OR2W1__PBC	AST	PBC	2950	2867	2747	2705	2909	0.92987280852526644	0.92987280852526644	2864	2745	2702	0.92948056415548674	False	False	False	False	False	True	different_minimum_coordinates	True
OR2W1	OR2W1__AST	OR2W1__PSC	AST	PSC	2950	2867	2653	2619	2901	0.9027921406411582	0.9027921406411582	2864	2649	2614	0.90169023801310799	False	False	False	False	False	True	different_minimum_coordinates	True
OR2W1	OR2W1__AST	OR2W1__AIH	AST	AIH	2950	2867	2913	2867	2913	0.98420871953312739	0.98420871953312739	2864	2905	2862	0.98452012383900933	False	False	False	False	False	True	different_minimum_coordinates	True
OR2W1	OR2W1__BILI	OR2W1__PBC	BILI	PBC	2950	2743	2747	2583	2907	0.88854489164086692	0.88854489164086692	2739	2745	2580	0.88842975206611574	False	False	False	False	False	True	different_minimum_coordinates	True
OR2W1	OR2W1__BILI	OR2W1__PSC	BILI	PSC	2950	2743	2653	2490	2906	0.85684790089470064	0.85684790089470064	2739	2649	2485	0.85601102307957289	False	False	False	False	False	True	different_minimum_coordinates	True
OR2W1	OR2W1__BILI	OR2W1__AIH	BILI	AIH	2950	2743	2913	2743	2913	0.94164092001373156	0.94164092001373156	2739	2905	2737	0.94152046783625731	False	False	False	False	False	True	different_minimum_coordinates	True
OR2W1	OR2W1__PBC	OR2W1__PSC	PBC	PSC	2950	2747	2653	2576	2824	0.91218130311614731	0.91218130311614731	2745	2649	2573	0.91208791208791207	False	False	False	False	False	True	different_minimum_coordinates	True
OR2W1	OR2W1__PBC	OR2W1__AIH	PBC	AIH	2950	2747	2913	2737	2923	0.93636674649332874	0.93636674649332874	2745	2905	2732	0.93625771076079511	False	False	False	False	False	True	different_minimum_coordinates	True
OR2W1	OR2W1__PSC	OR2W1__AIH	PSC	AIH	2950	2653	2913	2651	2915	0.90943396226415096	0.90943396226415096	2649	2905	2644	0.90859106529209621	False	False	False	False	False	True	different_minimum_coordinates	True
OR5V1	OR5V1__CIRR	OR5V1__AST	CIRR	AST	2032	1760	1998	1749	2009	0.87058237929318072	0.87058237929318072	1758	1996	1748	0.87138584247258222	False	False	False	False	False	True	different_minimum_coordinates	True
OR5V1	OR5V1__CIRR	OR5V1__BILI	CIRR	BILI	2032	1760	1908	1663	2005	0.82942643391521198	0.82942643391521198	1758	1905	1662	0.83058470764617687	False	False	False	False	False	True	different_minimum_coordinates	True
OR5V1	OR5V1__CIRR	OR5V1__PBC	CIRR	PBC	2032	1760	1878	1693	1945	0.87043701799485862	0.87043701799485862	1758	1877	1691	0.86985596707818935	False	False	False	False	False	True	different_minimum_coordinates	True
OR5V1	OR5V1__CIRR	OR5V1__PSC	CIRR	PSC	2032	1760	1802	1634	1928	0.84751037344398339	0.84751037344398339	1758	1799	1632	0.84779220779220776	False	False	False	False	False	True	different_minimum_coordinates	True
OR5V1	OR5V1__CIRR	OR5V1__AIH	CIRR	AIH	2032	1760	2011	1757	2014	0.87239324726911616	0.87239324726911616	1758	2006	1754	0.87263681592039799	False	False	False	False	False	True	different_minimum_coordinates	True
OR5V1	OR5V1__AST	OR5V1__BILI	AST	BILI	2032	1998	1908	1900	2006	0.94715852442671988	0.94715852442671988	1996	1905	1897	0.94660678642714569	False	False	False	False	False	True	different_minimum_coordinates	True
OR5V1	OR5V1__AST	OR5V1__PBC	AST	PBC	2032	1998	1878	1862	2014	0.92452830188679247	0.92452830188679247	1996	1877	1861	0.9249502982107356	False	False	False	False	False	True	different_minimum_coordinates	True
OR5V1	OR5V1__AST	OR5V1__PSC	AST	PSC	2032	1998	1802	1794	2006	0.89431704885343966	0.89431704885343966	1996	1799	1791	0.89371257485029942	False	False	False	False	False	True	different_minimum_coordinates	True
OR5V1	OR5V1__AST	OR5V1__AIH	AST	AIH	2032	1998	2011	1998	2011	0.99353555445052211	0.99353555445052211	1996	2006	1994	0.99302788844621515	False	False	False	False	False	True	different_minimum_coordinates	True
OR5V1	OR5V1__BILI	OR5V1__PBC	BILI	PBC	2032	1908	1878	1775	2011	0.88264545002486328	0.88264545002486328	1905	1877	1774	0.88346613545816732	False	False	False	False	False	True	different_minimum_coordinates	True
OR5V1	OR5V1__BILI	OR5V1__PSC	BILI	PSC	2032	1908	1802	1702	2008	0.84760956175298807	0.84760956175298807	1905	1799	1699	0.84738154613466332	False	False	False	False	False	True	different_minimum_coordinates	True
OR5V1	OR5V1__BILI	OR5V1__AIH	BILI	AIH	2032	1908	2011	1908	2011	0.94878170064644451	0.94878170064644451	1905	2006	1903	0.94770916334661359	False	False	False	False	False	True	different_minimum_coordinates	True
OR5V1	OR5V1__PBC	OR5V1__PSC	PBC	PSC	2032	1878	1802	1739	1941	0.89592993302421431	0.89592993302421431	1877	1799	1738	0.89680082559339525	False	False	False	False	False	True	different_minimum_coordinates	True
OR5V1	OR5V1__PBC	OR5V1__AIH	PBC	AIH	2032	1878	2011	1870	2019	0.9262010896483408	0.9262010896483408	1877	2006	1867	0.92609126984126988	False	False	False	False	False	True	different_minimum_coordinates	True
OR5V1	OR5V1__PSC	OR5V1__AIH	PSC	AIH	2032	1802	2011	1800	2013	0.89418777943368111	0.89418777943368111	1799	2006	1795	0.89303482587064675	False	False	False	False	False	True	different_minimum_coordinates	True
OTOF	OTOF__LIVER_FAT	OTOF__NAFLD	LIVER_FAT	NAFLD	4364	4053	3094	3094	4053	0.76338514680483593	0.76338514680483593	4049	3094	3094	0.76413929365275379	False	False	False	False	False	True	different_minimum_coordinates	True
OTOF	OTOF__LIVER_FAT	OTOF__GGT	LIVER_FAT	GGT	4364	4053	4340	4053	4340	0.93387096774193545	0.93387096774193545	4049	4334	4047	0.93334870848708484	False	False	False	False	False	True	different_minimum_coordinates	True
OTOF	OTOF__LIVER_FAT	OTOF__ALP	LIVER_FAT	ALP	4364	4053	4340	4053	4340	0.93387096774193545	0.93387096774193545	4049	4335	4048	0.93357933579335795	False	False	False	False	False	True	different_minimum_coordinates	True
OTOF	OTOF__NAFLD	OTOF__GGT	NAFLD	GGT	4364	3094	4340	3094	4340	0.7129032258064516	0.7129032258064516	3094	4334	3094	0.71389017074296257	False	False	False	False	False	True	different_minimum_coordinates	True
OTOF	OTOF__NAFLD	OTOF__ALP	NAFLD	ALP	4364	3094	4340	3094	4340	0.7129032258064516	0.7129032258064516	3094	4335	3094	0.71372549019607845	False	False	False	False	False	True	different_minimum_coordinates	True
OTOF	OTOF__GGT	OTOF__ALP	GGT	ALP	4364	4340	4340	4340	4340	1	1	4334	4335	4334	0.99976931949250292	True	False	True	True	True	True	verified_shared_minimum_variant	True
OTUB2	OTUB2__CIRR	OTUB2__NAFLD	CIRR	NAFLD	7327	6292	5766	5661	6397	0.88494606846959512	0.88494606846959512	6289	5766	5661	0.88536127619643412	False	False	False	False	False	True	different_minimum_coordinates	True
OTUB2	OTUB2__CIRR	OTUB2__ALT	CIRR	ALT	7327	6292	7297	6285	7304	0.86048740416210301	0.86048740416210301	6289	7283	6280	0.86121777290181023	False	False	True	True	True	True	verified_shared_minimum_variant	True
OTUB2	OTUB2__CIRR	OTUB2__AST	CIRR	AST	7327	6292	7188	6257	7223	0.86626055655544787	0.86626055655544787	6289	7177	6253	0.86690697352003332	False	False	True	True	True	True	verified_shared_minimum_variant	True
OTUB2	OTUB2__CIRR	OTUB2__ALP	CIRR	ALP	7327	6292	7300	6288	7304	0.86089813800657178	0.86089813800657178	6289	7289	6283	0.86127484578478408	False	False	True	True	True	True	verified_shared_minimum_variant	True
OTUB2	OTUB2__NAFLD	OTUB2__ALT	NAFLD	ALT	7327	5766	7297	5764	7299	0.78969721879709553	0.78969721879709553	5766	7283	5764	0.79121482498284146	False	False	False	False	False	True	different_minimum_coordinates	True
OTUB2	OTUB2__NAFLD	OTUB2__AST	NAFLD	AST	7327	5766	7188	5750	7204	0.7981676846196557	0.7981676846196557	5766	7177	5750	0.79938829417489221	False	False	False	False	False	True	different_minimum_coordinates	True
OTUB2	OTUB2__NAFLD	OTUB2__ALP	NAFLD	ALP	7327	5766	7300	5766	7300	0.7898630136986301	0.7898630136986301	5766	7289	5766	0.79105501440526826	False	False	False	False	False	True	different_minimum_coordinates	True
OTUB2	OTUB2__ALT	OTUB2__AST	ALT	AST	7327	7297	7188	7186	7299	0.98451842718180571	0.98451842718180571	7283	7177	7172	0.98408342480790345	False	False	True	True	True	True	verified_shared_minimum_variant	True
OTUB2	OTUB2__ALT	OTUB2__ALP	ALT	ALP	7327	7297	7300	7297	7300	0.99958904109589042	0.99958904109589042	7283	7289	7283	0.99917684181643573	False	False	True	True	True	True	verified_shared_minimum_variant	True
OTUB2	OTUB2__AST	OTUB2__ALP	AST	ALP	7327	7188	7300	7188	7300	0.98465753424657532	0.98465753424657532	7177	7289	7175	0.98408997394047459	False	False	True	True	True	True	verified_shared_minimum_variant	True
PACSIN2	PACSIN2__CIRR	PACSIN2__LIVER_FAT	CIRR	LIVER_FAT	6709	5651	6337	5642	6346	0.88906397730854081	0.88906397730854081	5646	6328	5636	0.88923950773114546	False	False	False	False	False	True	different_minimum_coordinates	True
PACSIN2	PACSIN2__CIRR	PACSIN2__NAFLD	CIRR	NAFLD	6709	5651	5049	4943	5757	0.85860691332291128	0.85860691332291128	5646	5049	4943	0.85935326842837279	False	False	False	False	False	True	different_minimum_coordinates	True
PACSIN2	PACSIN2__CIRR	PACSIN2__ALT	CIRR	ALT	6709	5651	6671	5647	6675	0.84599250936329584	0.84599250936329584	5646	6661	5642	0.84651162790697676	False	False	True	True	False	True	verified_shared_minimum_variant	True
PACSIN2	PACSIN2__CIRR	PACSIN2__AST	CIRR	AST	6709	5651	6554	5583	6622	0.84309876170341291	0.84309876170341291	5646	6542	5577	0.84359400998336109	False	False	False	False	False	True	different_minimum_coordinates	True
PACSIN2	PACSIN2__LIVER_FAT	PACSIN2__NAFLD	LIVER_FAT	NAFLD	6709	6337	5049	5046	6340	0.79589905362776026	0.79589905362776026	6328	5049	5046	0.79703048491549522	False	False	False	False	False	True	different_minimum_coordinates	True
PACSIN2	PACSIN2__LIVER_FAT	PACSIN2__ALT	LIVER_FAT	ALT	6709	6337	6671	6337	6671	0.94993254384649972	0.94993254384649972	6328	6661	6327	0.94971480036025213	False	False	True	True	False	True	verified_shared_minimum_variant	True
PACSIN2	PACSIN2__LIVER_FAT	PACSIN2__AST	LIVER_FAT	AST	6709	6337	6554	6229	6662	0.93500450315220651	0.93500450315220651	6328	6542	6218	0.93475646422128678	False	False	True	True	True	True	verified_shared_minimum_variant	True
PACSIN2	PACSIN2__NAFLD	PACSIN2__ALT	NAFLD	ALT	6709	5049	6671	5049	6671	0.75685804227252285	0.75685804227252285	5049	6661	5049	0.75799429515087824	False	False	True	True	False	True	verified_shared_minimum_variant	True
PACSIN2	PACSIN2__NAFLD	PACSIN2__AST	NAFLD	AST	6709	5049	6554	5018	6585	0.76203492786636295	0.76203492786636295	5049	6542	5018	0.76342613722805419	False	False	False	False	False	True	different_minimum_coordinates	True
PACSIN2	PACSIN2__ALT	PACSIN2__AST	ALT	AST	6709	6671	6554	6554	6671	0.98246140008994154	0.98246140008994154	6661	6542	6540	0.98153984691580365	False	False	True	True	False	True	verified_shared_minimum_variant	True
PARVB	PARVB__CIRR	PARVB__LIVER_FAT	CIRR	LIVER_FAT	7935	6644	7525	6635	7534	0.88067427661268916	0.88067427661268916	6639	7511	6631	0.88189918872190454	False	False	False	False	False	True	different_minimum_coordinates	True
PARVB	PARVB__CIRR	PARVB__NAFLD	CIRR	NAFLD	7935	6644	6106	5895	6855	0.85995623632385121	0.85995623632385121	6639	6106	5895	0.8605839416058394	False	False	False	False	False	True	different_minimum_coordinates	True
PARVB	PARVB__CIRR	PARVB__ALT	CIRR	ALT	7935	6644	7888	6639	7893	0.84112504751045225	0.84112504751045225	6639	7874	6634	0.84198502348013704	False	False	True	True	False	True	verified_shared_minimum_variant	True
PARVB	PARVB__CIRR	PARVB__AST	CIRR	AST	7935	6644	7795	6612	7827	0.84476811038712152	0.84476811038712152	6639	7778	6607	0.84596670934699103	False	False	False	False	False	True	different_minimum_coordinates	True
PARVB	PARVB__LIVER_FAT	PARVB__NAFLD	LIVER_FAT	NAFLD	7935	7525	6106	6106	7525	0.81142857142857139	0.81142857142857139	7511	6106	6106	0.81294101983757161	False	False	False	False	False	True	different_minimum_coordinates	True
PARVB	PARVB__LIVER_FAT	PARVB__ALT	LIVER_FAT	ALT	7935	7525	7888	7525	7888	0.95398073022312369	0.95398073022312369	7511	7874	7511	0.95389890779781561	False	False	True	True	False	True	verified_shared_minimum_variant	True
PARVB	PARVB__LIVER_FAT	PARVB__AST	LIVER_FAT	AST	7935	7525	7795	7449	7871	0.94638546563333759	0.94638546563333759	7511	7778	7434	0.94640356460852959	False	False	True	True	True	True	verified_shared_minimum_variant	True
PARVB	PARVB__NAFLD	PARVB__ALT	NAFLD	ALT	7935	6106	7888	6106	7888	0.77408722109533468	0.77408722109533468	6106	7874	6106	0.77546355092710184	False	False	True	True	False	True	verified_shared_minimum_variant	True
PARVB	PARVB__NAFLD	PARVB__AST	NAFLD	AST	7935	6106	7795	6089	7812	0.77944188428059391	0.77944188428059391	6106	7778	6089	0.78114175753688264	False	False	False	False	False	True	different_minimum_coordinates	True
PARVB	PARVB__ALT	PARVB__AST	ALT	AST	7935	7888	7795	7795	7888	0.98820993914807298	0.98820993914807298	7874	7778	7778	0.98780797561595124	False	False	True	True	False	True	verified_shared_minimum_variant	True
PARVG	PARVG__CIRR	PARVG__LIVER_FAT	CIRR	LIVER_FAT	7508	6300	7127	6291	7136	0.8815863228699552	0.8815863228699552	6294	7115	6286	0.88249333146146292	False	False	False	False	False	True	different_minimum_coordinates	True
PARVG	PARVG__CIRR	PARVG__NAFLD	CIRR	NAFLD	7508	6300	5809	5605	6504	0.86177736777367775	0.86177736777367775	6294	5809	5605	0.86257309941520466	False	False	False	False	False	True	different_minimum_coordinates	True
PARVG	PARVG__CIRR	PARVG__ALT	CIRR	ALT	7508	6300	7465	6295	7470	0.84270414993306564	0.84270414993306564	6294	7452	6289	0.84336864690894464	False	False	True	True	False	True	verified_shared_minimum_variant	True
PARVG	PARVG__CIRR	PARVG__AST	CIRR	AST	7508	6300	7374	6269	7405	0.84659014179608372	0.84659014179608372	6294	7358	6263	0.84761131411557722	False	False	False	False	False	True	different_minimum_coordinates	True
PARVG	PARVG__LIVER_FAT	PARVG__NAFLD	LIVER_FAT	NAFLD	7508	7127	5809	5809	7127	0.81506945418829801	0.81506945418829801	7115	5809	5809	0.81644413211524947	False	False	False	False	False	True	different_minimum_coordinates	True
PARVG	PARVG__LIVER_FAT	PARVG__ALT	LIVER_FAT	ALT	7508	7127	7465	7127	7465	0.9547220361687877	0.9547220361687877	7115	7452	7114	0.95451496041862338	False	False	True	True	False	True	verified_shared_minimum_variant	True
PARVG	PARVG__LIVER_FAT	PARVG__AST	LIVER_FAT	AST	7508	7127	7374	7053	7448	0.9469656283566058	0.9469656283566058	7115	7358	7039	0.94686575195049771	False	False	True	True	True	True	verified_shared_minimum_variant	True
PARVG	PARVG__NAFLD	PARVG__ALT	NAFLD	ALT	7508	5809	7465	5809	7465	0.77816476892163433	0.77816476892163433	5809	7452	5809	0.77952227589908751	False	False	True	True	False	True	verified_shared_minimum_variant	True
PARVG	PARVG__NAFLD	PARVG__AST	NAFLD	AST	7508	5809	7374	5793	7390	0.78389715832205686	0.78389715832205686	5809	7358	5793	0.78559804719283965	False	False	False	False	False	True	different_minimum_coordinates	True
PARVG	PARVG__ALT	PARVG__AST	ALT	AST	7508	7465	7374	7374	7465	0.98780977896851974	0.98780977896851974	7452	7358	7358	0.98738593666129904	False	False	True	True	False	True	verified_shared_minimum_variant	True
PBX4	PBX4__CIRR	PBX4__LIVER_FAT	CIRR	LIVER_FAT	4060	3391	3852	3389	3854	0.87934613388687077	0.87934613388687077	3389	3843	3386	0.88039521580863234	False	False	False	False	False	True	different_minimum_coordinates	True
PBX4	PBX4__CIRR	PBX4__NAFLD	CIRR	NAFLD	4060	3391	2898	2823	3466	0.81448355452971721	0.81448355452971721	3389	2898	2823	0.81495381062355654	False	False	False	False	False	True	different_minimum_coordinates	True
PBX4	PBX4__CIRR	PBX4__ALT	CIRR	ALT	4060	3391	4041	3390	4042	0.838693715982187	0.838693715982187	3389	4030	3388	0.84048623170429171	False	False	False	False	False	True	different_minimum_coordinates	True
PBX4	PBX4__CIRR	PBX4__AST	CIRR	AST	4060	3391	4015	3382	4024	0.84045725646123259	0.84045725646123259	3389	4005	3380	0.8420528151469856	False	False	False	False	False	True	different_minimum_coordinates	True
PBX4	PBX4__CIRR	PBX4__ALP	CIRR	ALP	4060	3391	4041	3390	4042	0.838693715982187	0.838693715982187	3389	4030	3388	0.84048623170429171	False	False	False	False	False	True	different_minimum_coordinates	True
PBX4	PBX4__CIRR	PBX4__BILI	CIRR	BILI	4060	3391	4017	3382	4026	0.84003974167908591	0.84003974167908591	3389	4007	3380	0.8416334661354582	False	False	False	False	False	True	different_minimum_coordinates	True
PBX4	PBX4__LIVER_FAT	PBX4__NAFLD	LIVER_FAT	NAFLD	4060	3852	2898	2898	3852	0.75233644859813087	0.75233644859813087	3843	2898	2898	0.75409836065573765	False	False	False	False	False	True	different_minimum_coordinates	True
PBX4	PBX4__LIVER_FAT	PBX4__ALT	LIVER_FAT	ALT	4060	3852	4041	3852	4041	0.95322939866369716	0.95322939866369716	3843	4030	3841	0.95262896825396826	False	False	True	True	True	True	verified_shared_minimum_variant	True
PBX4	PBX4__LIVER_FAT	PBX4__AST	LIVER_FAT	AST	4060	3852	4015	3833	4034	0.95017352503718389	0.95017352503718389	3843	4005	3824	0.95029821073558651	False	False	False	False	False	True	different_minimum_coordinates	True
PBX4	PBX4__LIVER_FAT	PBX4__ALP	LIVER_FAT	ALP	4060	3852	4041	3852	4041	0.95322939866369716	0.95322939866369716	3843	4030	3842	0.95311337137186802	False	False	False	False	False	True	different_minimum_coordinates	True
PBX4	PBX4__LIVER_FAT	PBX4__BILI	LIVER_FAT	BILI	4060	3852	4017	3834	4035	0.95018587360594797	0.95018587360594797	3843	4007	3824	0.94982613015399897	False	False	True	True	True	True	verified_shared_minimum_variant	True
PBX4	PBX4__NAFLD	PBX4__ALT	NAFLD	ALT	4060	2898	4041	2898	4041	0.71714922048997776	0.71714922048997776	2898	4030	2898	0.71910669975186103	False	False	False	False	False	True	different_minimum_coordinates	True
PBX4	PBX4__NAFLD	PBX4__AST	NAFLD	AST	4060	2898	4015	2897	4016	0.72136454183266929	0.72136454183266929	2898	4005	2897	0.72316525212181726	False	False	False	False	False	True	different_minimum_coordinates	True
PBX4	PBX4__NAFLD	PBX4__ALP	NAFLD	ALP	4060	2898	4041	2898	4041	0.71714922048997776	0.71714922048997776	2898	4030	2898	0.71910669975186103	False	False	False	False	False	True	different_minimum_coordinates	True
PBX4	PBX4__NAFLD	PBX4__BILI	NAFLD	BILI	4060	2898	4017	2897	4018	0.721005475360876	0.721005475360876	2898	4007	2897	0.7228043912175649	False	False	False	False	False	True	different_minimum_coordinates	True
PBX4	PBX4__ALT	PBX4__AST	ALT	AST	4060	4041	4015	4015	4041	0.99356594902251916	0.99356594902251916	4030	4005	4003	0.99280753968253965	False	False	False	False	False	True	different_minimum_coordinates	True
PBX4	PBX4__ALT	PBX4__ALP	ALT	ALP	4060	4041	4041	4041	4041	1	1	4030	4030	4029	0.99950384519970226	True	False	False	False	False	True	different_minimum_coordinates	True
PBX4	PBX4__ALT	PBX4__BILI	ALT	BILI	4060	4041	4017	4017	4041	0.99406087602078697	0.99406087602078697	4030	4007	4005	0.9933035714285714	False	False	True	True	True	True	verified_shared_minimum_variant	True
PBX4	PBX4__AST	PBX4__ALP	AST	ALP	4060	4015	4041	4015	4041	0.99356594902251916	0.99356594902251916	4005	4030	4004	0.99330191019598113	False	False	False	False	False	True	different_minimum_coordinates	True
PBX4	PBX4__AST	PBX4__BILI	AST	BILI	4060	4015	4017	4014	4018	0.99900447984071672	0.99900447984071672	4005	4007	4003	0.99850336742329759	False	False	False	False	False	True	different_minimum_coordinates	True
PBX4	PBX4__ALP	PBX4__BILI	ALP	BILI	4060	4041	4017	4017	4041	0.99406087602078697	0.99406087602078697	4030	4007	4006	0.99379806499627887	False	False	False	False	False	True	different_minimum_coordinates	True
PDE4C	PDE4C__CIRR	PDE4C__LIVER_FAT	CIRR	LIVER_FAT	2435	2049	2303	2048	2304	0.88888888888888884	0.88888888888888884	2047	2299	2046	0.88956521739130434	False	False	False	False	False	True	different_minimum_coordinates	True
PDE4C	PDE4C__CIRR	PDE4C__NAFLD	CIRR	NAFLD	2435	2049	1795	1755	2089	0.84011488750598373	0.84011488750598373	2047	1795	1755	0.84091998083373265	False	False	False	False	False	True	different_minimum_coordinates	True
PDE4C	PDE4C__CIRR	PDE4C__ALT	CIRR	ALT	2435	2049	2424	2049	2424	0.84529702970297027	0.84529702970297027	2047	2417	2047	0.84691766652875466	False	False	False	False	False	True	different_minimum_coordinates	True
PDE4C	PDE4C__CIRR	PDE4C__AST	CIRR	AST	2435	2049	2397	2044	2402	0.85095753538717733	0.85095753538717733	2047	2392	2042	0.85189820609094702	False	False	False	False	False	True	different_minimum_coordinates	True
PDE4C	PDE4C__CIRR	PDE4C__ALP	CIRR	ALP	2435	2049	2424	2049	2424	0.84529702970297027	0.84529702970297027	2047	2417	2047	0.84691766652875466	False	False	False	False	False	True	different_minimum_coordinates	True
PDE4C	PDE4C__LIVER_FAT	PDE4C__NAFLD	LIVER_FAT	NAFLD	2435	2303	1795	1795	2303	0.77941815023881889	0.77941815023881889	2299	1795	1795	0.78077424967377118	False	False	True	True	True	True	verified_shared_minimum_variant	True
PDE4C	PDE4C__LIVER_FAT	PDE4C__ALT	LIVER_FAT	ALT	2435	2303	2424	2303	2424	0.95008250825082508	0.95008250825082508	2299	2417	2298	0.95037220843672454	False	False	True	True	True	True	verified_shared_minimum_variant	True
PDE4C	PDE4C__LIVER_FAT	PDE4C__AST	LIVER_FAT	AST	2435	2303	2397	2286	2414	0.94697597348798679	0.94697597348798679	2299	2392	2282	0.94728102947281034	False	False	True	True	True	True	verified_shared_minimum_variant	True
PDE4C	PDE4C__LIVER_FAT	PDE4C__ALP	LIVER_FAT	ALP	2435	2303	2424	2303	2424	0.95008250825082508	0.95008250825082508	2299	2417	2298	0.95037220843672454	False	False	True	True	True	True	verified_shared_minimum_variant	True
PDE4C	PDE4C__NAFLD	PDE4C__ALT	NAFLD	ALT	2435	1795	2424	1795	2424	0.74051155115511547	0.74051155115511547	1795	2417	1795	0.74265618535374434	False	False	True	True	True	True	verified_shared_minimum_variant	True
PDE4C	PDE4C__NAFLD	PDE4C__AST	NAFLD	AST	2435	1795	2397	1795	2397	0.74885273258239471	0.74885273258239471	1795	2392	1795	0.75041806020066892	False	False	True	True	True	True	verified_shared_minimum_variant	True
PDE4C	PDE4C__NAFLD	PDE4C__ALP	NAFLD	ALP	2435	1795	2424	1795	2424	0.74051155115511547	0.74051155115511547	1795	2417	1795	0.74265618535374434	False	False	True	True	True	True	verified_shared_minimum_variant	True
PDE4C	PDE4C__ALT	PDE4C__AST	ALT	AST	2435	2424	2397	2397	2424	0.98886138613861385	0.98886138613861385	2417	2392	2390	0.98801157503100456	False	False	True	True	True	True	verified_shared_minimum_variant	True
PDE4C	PDE4C__ALT	PDE4C__ALP	ALT	ALP	2435	2424	2424	2424	2424	1	1	2417	2417	2417	1	True	True	True	True	True	True	verified_shared_minimum_variant	True
PDE4C	PDE4C__AST	PDE4C__ALP	AST	ALP	2435	2397	2424	2397	2424	0.98886138613861385	0.98886138613861385	2392	2417	2390	0.98801157503100456	False	False	True	True	True	True	verified_shared_minimum_variant	True
PGBD1	PGBD1__CIRR	PGBD1__AST	CIRR	AST	4892	4199	4740	4145	4794	0.86462244472256988	0.86462244472256988	4194	4731	4140	0.86520376175548586	False	False	False	False	False	True	different_minimum_coordinates	False
PGBD1	PGBD1__CIRR	PGBD1__BILI	CIRR	BILI	4892	4199	4612	4017	4794	0.83792240300375465	0.83792240300375465	4194	4602	4012	0.83862876254180607	False	False	False	False	False	True	different_minimum_coordinates	False
PGBD1	PGBD1__CIRR	PGBD1__PBC	CIRR	PBC	4892	4199	4343	3915	4627	0.84612059649881133	0.84612059649881133	4194	4341	3911	0.84580449826989623	False	False	False	False	False	True	different_minimum_coordinates	False
PGBD1	PGBD1__CIRR	PGBD1__PSC	CIRR	PSC	4892	4199	4376	3989	4586	0.8698211949411252	0.8698211949411252	4194	4367	3985	0.87084790209790208	False	False	False	False	False	True	different_minimum_coordinates	False
PGBD1	PGBD1__CIRR	PGBD1__AIH	CIRR	AIH	4892	4199	4808	4191	4816	0.87022425249169433	0.87022425249169433	4194	4792	4182	0.87052456286427982	False	False	False	False	False	True	different_minimum_coordinates	False
PGBD1	PGBD1__AST	PGBD1__BILI	AST	BILI	4892	4740	4612	4572	4780	0.95648535564853554	0.95648535564853554	4731	4602	4562	0.9561936700901279	False	False	False	False	False	True	different_minimum_coordinates	True
PGBD1	PGBD1__AST	PGBD1__PBC	AST	PBC	4892	4740	4343	4286	4797	0.89347508859703983	0.89347508859703983	4731	4341	4281	0.89355040701314969	False	False	False	False	False	True	different_minimum_coordinates	True
PGBD1	PGBD1__AST	PGBD1__PSC	AST	PSC	4892	4740	4376	4326	4790	0.90313152400835073	0.90313152400835073	4731	4367	4316	0.90255123379339186	False	False	False	False	False	True	different_minimum_coordinates	True
PGBD1	PGBD1__AST	PGBD1__AIH	AST	AIH	4892	4740	4808	4740	4808	0.9858569051580699	0.9858569051580699	4731	4792	4727	0.98561301084236863	False	False	False	False	False	True	different_minimum_coordinates	True
PGBD1	PGBD1__BILI	PGBD1__PBC	BILI	PBC	4892	4612	4343	4157	4798	0.86640266777824093	0.86640266777824093	4602	4341	4152	0.86662492172824046	False	False	False	False	False	True	different_minimum_coordinates	True
PGBD1	PGBD1__BILI	PGBD1__PSC	BILI	PSC	4892	4612	4376	4186	4802	0.8717201166180758	0.8717201166180758	4602	4367	4176	0.87127060296265391	False	False	False	False	False	True	different_minimum_coordinates	True
PGBD1	PGBD1__BILI	PGBD1__AIH	BILI	AIH	4892	4612	4808	4612	4808	0.95923460898502499	0.95923460898502499	4602	4792	4598	0.95871559633027525	False	False	False	False	False	True	different_minimum_coordinates	True
PGBD1	PGBD1__PBC	PGBD1__PSC	PBC	PSC	4892	4343	4376	4104	4615	0.88927410617551461	0.88927410617551461	4341	4367	4099	0.88934692991972231	False	False	False	False	False	True	different_minimum_coordinates	True
PGBD1	PGBD1__PBC	PGBD1__AIH	PBC	AIH	4892	4343	4808	4327	4824	0.89697346600331673	0.89697346600331673	4341	4792	4318	0.89678089304257524	False	False	False	False	False	True	different_minimum_coordinates	True
PGBD1	PGBD1__PSC	PGBD1__AIH	PSC	AIH	4892	4376	4808	4370	4814	0.90776900706273367	0.90776900706273367	4367	4792	4356	0.9069331667707683	False	False	False	False	False	True	different_minimum_coordinates	True
PGPEP1	PGPEP1__CIRR	PGPEP1__LIVER_FAT	CIRR	LIVER_FAT	2671	2249	2527	2248	2528	0.88924050632911389	0.88924050632911389	2247	2523	2246	0.88985736925515058	False	False	False	False	False	True	different_minimum_coordinates	True
PGPEP1	PGPEP1__CIRR	PGPEP1__NAFLD	CIRR	NAFLD	2671	2249	1963	1923	2289	0.84010484927916118	0.84010484927916118	2247	1963	1923	0.84083952776563187	False	False	False	False	False	True	different_minimum_coordinates	True
PGPEP1	PGPEP1__CIRR	PGPEP1__ALT	CIRR	ALT	2671	2249	2659	2249	2659	0.84580669424595711	0.84580669424595711	2247	2651	2247	0.84760467748019619	False	False	False	False	False	True	different_minimum_coordinates	True
PGPEP1	PGPEP1__CIRR	PGPEP1__AST	CIRR	AST	2671	2249	2630	2243	2636	0.85091047040971168	0.85091047040971168	2247	2624	2241	0.85209125475285175	False	False	False	False	False	True	different_minimum_coordinates	True
PGPEP1	PGPEP1__CIRR	PGPEP1__ALP	CIRR	ALP	2671	2249	2659	2249	2659	0.84580669424595711	0.84580669424595711	2247	2651	2247	0.84760467748019619	False	False	False	False	False	True	different_minimum_coordinates	True
PGPEP1	PGPEP1__CIRR	PGPEP1__BILI	CIRR	BILI	2671	2249	2635	2246	2638	0.85140257771038663	0.85140257771038663	2247	2628	2244	0.8529076396807298	False	False	False	False	False	True	different_minimum_coordinates	True
PGPEP1	PGPEP1__LIVER_FAT	PGPEP1__NAFLD	LIVER_FAT	NAFLD	2671	2527	1963	1963	2527	0.77681044717055803	0.77681044717055803	2523	1963	1963	0.77804201347602064	False	False	False	False	False	True	different_minimum_coordinates	True
PGPEP1	PGPEP1__LIVER_FAT	PGPEP1__ALT	LIVER_FAT	ALT	2671	2527	2659	2527	2659	0.95035727717186913	0.95035727717186913	2523	2651	2522	0.9509803921568627	False	False	True	True	True	True	verified_shared_minimum_variant	True
PGPEP1	PGPEP1__LIVER_FAT	PGPEP1__AST	LIVER_FAT	AST	2671	2527	2630	2508	2649	0.94677236693091738	0.94677236693091738	2523	2624	2504	0.9474082482027999	False	False	False	False	False	True	different_minimum_coordinates	True
PGPEP1	PGPEP1__LIVER_FAT	PGPEP1__ALP	LIVER_FAT	ALP	2671	2527	2659	2527	2659	0.95035727717186913	0.95035727717186913	2523	2651	2522	0.9509803921568627	False	False	False	False	False	True	different_minimum_coordinates	True
PGPEP1	PGPEP1__LIVER_FAT	PGPEP1__BILI	LIVER_FAT	BILI	2671	2527	2635	2511	2651	0.94718973972086007	0.94718973972086007	2523	2628	2506	0.94744801512287335	False	False	True	True	True	True	verified_shared_minimum_variant	True
PGPEP1	PGPEP1__NAFLD	PGPEP1__ALT	NAFLD	ALT	2671	1963	2659	1963	2659	0.73824746145167353	0.73824746145167353	1963	2651	1963	0.7404752923425123	False	False	False	False	False	True	different_minimum_coordinates	True
PGPEP1	PGPEP1__NAFLD	PGPEP1__AST	NAFLD	AST	2671	1963	2630	1963	2630	0.74638783269961972	0.74638783269961972	1963	2624	1963	0.74809451219512191	False	False	False	False	False	True	different_minimum_coordinates	True
PGPEP1	PGPEP1__NAFLD	PGPEP1__ALP	NAFLD	ALP	2671	1963	2659	1963	2659	0.73824746145167353	0.73824746145167353	1963	2651	1963	0.7404752923425123	False	False	False	False	False	True	different_minimum_coordinates	True
PGPEP1	PGPEP1__NAFLD	PGPEP1__BILI	NAFLD	BILI	2671	1963	2635	1963	2635	0.74497153700189755	0.74497153700189755	1963	2628	1963	0.7469558599695586	False	False	False	False	False	True	different_minimum_coordinates	True
PGPEP1	PGPEP1__ALT	PGPEP1__AST	ALT	AST	2671	2659	2630	2630	2659	0.98909364422715307	0.98909364422715307	2651	2624	2622	0.98831511496419144	False	False	False	False	False	True	different_minimum_coordinates	True
PGPEP1	PGPEP1__ALT	PGPEP1__ALP	ALT	ALP	2671	2659	2659	2659	2659	1	1	2651	2651	2651	1	True	True	False	False	False	True	different_minimum_coordinates	True
PGPEP1	PGPEP1__ALT	PGPEP1__BILI	ALT	BILI	2671	2659	2635	2634	2660	0.99022556390977445	0.99022556390977445	2651	2628	2626	0.98982284206558613	False	False	True	True	True	True	verified_shared_minimum_variant	True
PGPEP1	PGPEP1__AST	PGPEP1__ALP	AST	ALP	2671	2630	2659	2630	2659	0.98909364422715307	0.98909364422715307	2624	2651	2622	0.98831511496419144	False	False	False	False	False	True	different_minimum_coordinates	True
PGPEP1	PGPEP1__AST	PGPEP1__BILI	AST	BILI	2671	2630	2635	2630	2635	0.99810246679316883	0.99810246679316883	2624	2628	2623	0.99771776340814	False	False	False	False	False	True	different_minimum_coordinates	True
PGPEP1	PGPEP1__ALP	PGPEP1__BILI	ALP	BILI	2671	2659	2635	2634	2660	0.99022556390977445	0.99022556390977445	2651	2628	2626	0.98982284206558613	False	False	False	False	False	True	different_minimum_coordinates	True
PHF21B	PHF21B__CIRR	PHF21B__LIVER_FAT	CIRR	LIVER_FAT	6605	5534	6250	5524	6260	0.8824281150159744	0.8824281150159744	5525	6238	5518	0.88358686949559651	False	False	False	False	False	True	different_minimum_coordinates	True
PHF21B	PHF21B__CIRR	PHF21B__NAFLD	CIRR	NAFLD	6605	5534	5048	4882	5700	0.85649122807017541	0.85649122807017541	5525	5048	4882	0.85784572131435599	False	False	False	False	False	True	different_minimum_coordinates	True
PHF21B	PHF21B__CIRR	PHF21B__ALT	CIRR	ALT	6605	5534	6563	5528	6569	0.84152839092708176	0.84152839092708176	5525	6549	5520	0.84223375038144643	False	False	True	True	False	True	verified_shared_minimum_variant	True
PHF21B	PHF21B__CIRR	PHF21B__AST	CIRR	AST	6605	5534	6453	5500	6487	0.84784954524433487	0.84784954524433487	5525	6439	5493	0.84886416318961522	False	False	False	False	False	True	different_minimum_coordinates	True
PHF21B	PHF21B__LIVER_FAT	PHF21B__NAFLD	LIVER_FAT	NAFLD	6605	6250	5048	5048	6250	0.80767999999999995	0.80767999999999995	6238	5048	5048	0.80923372875921773	False	False	False	False	False	True	different_minimum_coordinates	True
PHF21B	PHF21B__LIVER_FAT	PHF21B__ALT	LIVER_FAT	ALT	6605	6250	6563	6250	6563	0.95230839555081515	0.95230839555081515	6238	6549	6237	0.95221374045801521	False	False	True	True	False	True	verified_shared_minimum_variant	True
PHF21B	PHF21B__LIVER_FAT	PHF21B__AST	LIVER_FAT	AST	6605	6250	6453	6157	6546	0.94057439657806297	0.94057439657806297	6238	6439	6144	0.94045614572172054	False	False	True	True	True	True	verified_shared_minimum_variant	True
PHF21B	PHF21B__NAFLD	PHF21B__ALT	NAFLD	ALT	6605	5048	6563	5048	6563	0.76916044491848246	0.76916044491848246	5048	6549	5048	0.77080470300809278	False	False	True	True	False	True	verified_shared_minimum_variant	True
PHF21B	PHF21B__NAFLD	PHF21B__AST	NAFLD	AST	6605	5048	6453	5035	6466	0.77868852459016391	0.77868852459016391	5048	6439	5035	0.78037817730936143	False	False	False	False	False	True	different_minimum_coordinates	True
PHF21B	PHF21B__ALT	PHF21B__AST	ALT	AST	6605	6563	6453	6453	6563	0.9832393722383056	0.9832393722383056	6549	6439	6439	0.9832035425255764	False	False	True	True	False	True	verified_shared_minimum_variant	True
PIK3R2	PIK3R2__CIRR	PIK3R2__LIVER_FAT	CIRR	LIVER_FAT	2242	1888	2120	1887	2121	0.88967468175388964	0.88967468175388964	1886	2116	1885	0.8904109589041096	False	False	False	False	False	True	different_minimum_coordinates	True
PIK3R2	PIK3R2__CIRR	PIK3R2__NAFLD	CIRR	NAFLD	2242	1888	1649	1614	1923	0.83931357254290173	0.83931357254290173	1886	1649	1614	0.84018740239458611	False	False	False	False	False	True	different_minimum_coordinates	True
PIK3R2	PIK3R2__CIRR	PIK3R2__ALT	CIRR	ALT	2242	1888	2233	1888	2233	0.84549932825794893	0.84549932825794893	1886	2226	1886	0.8472596585804133	False	False	False	False	False	True	different_minimum_coordinates	True
PIK3R2	PIK3R2__LIVER_FAT	PIK3R2__NAFLD	LIVER_FAT	NAFLD	2242	2120	1649	1649	2120	0.77783018867924525	0.77783018867924525	2116	1649	1649	0.77930056710775042	False	False	False	False	False	True	different_minimum_coordinates	True
PIK3R2	PIK3R2__LIVER_FAT	PIK3R2__ALT	LIVER_FAT	ALT	2242	2120	2233	2120	2233	0.94939543215405287	0.94939543215405287	2116	2226	2115	0.94970812752581946	False	False	False	False	False	True	different_minimum_coordinates	True
PIK3R2	PIK3R2__NAFLD	PIK3R2__ALT	NAFLD	ALT	2242	1649	2233	1649	2233	0.73846842812360058	0.73846842812360058	1649	2226	1649	0.74079065588499549	False	False	False	False	False	True	different_minimum_coordinates	True
PKD2	PKD2__CIRR	PKD2__ALT	CIRR	ALT	6572	5456	6542	5452	6546	0.83287503819126185	0.83287503819126185	5447	6530	5442	0.83274674827850037	False	False	False	False	False	True	different_minimum_coordinates	True
PKD2	PKD2__CIRR	PKD2__AST	CIRR	AST	6572	5456	6384	5411	6429	0.84165500077772593	0.84165500077772593	5447	6371	5404	0.84253196133458064	False	False	False	False	False	True	different_minimum_coordinates	True
PKD2	PKD2__CIRR	PKD2__BILI	CIRR	BILI	6572	5456	6418	5420	6454	0.83978927796715219	0.83978927796715219	5447	6407	5411	0.83982616793419218	False	False	False	False	False	True	different_minimum_coordinates	True
PKD2	PKD2__ALT	PKD2__AST	ALT	AST	6572	6542	6384	6384	6542	0.97584836441455214	0.97584836441455214	6530	6371	6369	0.97504592774035515	False	False	True	True	True	True	verified_shared_minimum_variant	True
PKD2	PKD2__ALT	PKD2__BILI	ALT	BILI	6572	6542	6418	6416	6544	0.98044009779951102	0.98044009779951102	6530	6407	6402	0.97964804896710023	False	False	False	False	False	True	different_minimum_coordinates	True
PKD2	PKD2__AST	PKD2__BILI	AST	BILI	6572	6384	6418	6364	6438	0.9885057471264368	0.9885057471264368	6371	6407	6349	0.9875563851298802	False	False	False	False	False	True	different_minimum_coordinates	True
PLB1	PLB1__LIVER_FAT	PLB1__NAFLD	LIVER_FAT	NAFLD	5995	5663	4684	4680	5667	0.82583377448385387	0.82583377448385387	5656	4684	4680	0.82685512367491165	False	False	False	False	False	True	different_minimum_coordinates	True
PLB1	PLB1__LIVER_FAT	PLB1__GGT	LIVER_FAT	GGT	5995	5663	5968	5663	5968	0.94889410187667556	0.94889410187667556	5656	5961	5655	0.94850721234485069	False	False	False	False	False	True	different_minimum_coordinates	True
PLB1	PLB1__LIVER_FAT	PLB1__ALP	LIVER_FAT	ALP	5995	5663	5968	5663	5968	0.94889410187667556	0.94889410187667556	5656	5961	5655	0.94850721234485069	False	False	False	False	False	True	different_minimum_coordinates	True
PLB1	PLB1__NAFLD	PLB1__GGT	NAFLD	GGT	5995	4684	5968	4684	5968	0.7848525469168901	0.7848525469168901	4684	5961	4684	0.78577419895990608	False	False	False	False	False	True	different_minimum_coordinates	True
PLB1	PLB1__NAFLD	PLB1__ALP	NAFLD	ALP	5995	4684	5968	4684	5968	0.7848525469168901	0.7848525469168901	4684	5961	4684	0.78577419895990608	False	False	False	False	False	True	different_minimum_coordinates	True
PLB1	PLB1__GGT	PLB1__ALP	GGT	ALP	5995	5968	5968	5968	5968	1	1	5961	5961	5961	1	True	True	True	True	True	True	verified_shared_minimum_variant	True
PNPLA5	PNPLA5__CIRR	PNPLA5__LIVER_FAT	CIRR	LIVER_FAT	7246	6059	6869	6050	6878	0.87961616749054961	0.87961616749054961	6055	6859	6047	0.88058832095529338	False	False	False	False	False	True	different_minimum_coordinates	True
PNPLA5	PNPLA5__CIRR	PNPLA5__NAFLD	CIRR	NAFLD	7246	6059	5572	5381	6250	0.86095999999999995	0.86095999999999995	6055	5572	5381	0.86151136727505606	False	False	False	False	False	True	different_minimum_coordinates	True
PNPLA5	PNPLA5__CIRR	PNPLA5__ALT	CIRR	ALT	7246	6059	7201	6054	7206	0.84013322231473775	0.84013322231473775	6055	7190	6050	0.84086170952050032	False	False	True	True	False	True	verified_shared_minimum_variant	True
PNPLA5	PNPLA5__CIRR	PNPLA5__AST	CIRR	AST	7246	6059	7116	6028	7147	0.84343081013012455	0.84343081013012455	6055	7103	6024	0.84440706476030281	False	False	False	False	False	True	different_minimum_coordinates	True
PNPLA5	PNPLA5__LIVER_FAT	PNPLA5__NAFLD	LIVER_FAT	NAFLD	7246	6869	5572	5572	6869	0.81118066676372103	0.81118066676372103	6859	5572	5572	0.81236331826796904	False	False	False	False	False	True	different_minimum_coordinates	True
PNPLA5	PNPLA5__LIVER_FAT	PNPLA5__ALT	LIVER_FAT	ALT	7246	6869	7201	6869	7201	0.95389529232051107	0.95389529232051107	6859	7190	6859	0.95396383866481227	False	False	True	True	False	True	verified_shared_minimum_variant	True
PNPLA5	PNPLA5__LIVER_FAT	PNPLA5__AST	LIVER_FAT	AST	7246	6869	7116	6798	7187	0.94587449561708636	0.94587449561708636	6859	7103	6787	0.94592334494773522	False	False	True	True	True	True	verified_shared_minimum_variant	True
PNPLA5	PNPLA5__NAFLD	PNPLA5__ALT	NAFLD	ALT	7246	5572	7201	5572	7201	0.7737814192473268	0.7737814192473268	5572	7190	5572	0.77496522948539637	False	False	True	True	False	True	verified_shared_minimum_variant	True
PNPLA5	PNPLA5__NAFLD	PNPLA5__AST	NAFLD	AST	7246	5572	7116	5555	7133	0.77877470909855606	0.77877470909855606	5572	7103	5555	0.78019662921348309	False	False	False	False	False	True	different_minimum_coordinates	True
PNPLA5	PNPLA5__ALT	PNPLA5__AST	ALT	AST	7246	7201	7116	7116	7201	0.98819608387723923	0.98819608387723923	7190	7103	7103	0.98789986091794157	False	False	True	True	False	True	verified_shared_minimum_variant	True
POM121L2	POM121L2__CIRR	POM121L2__AST	CIRR	AST	5980	5007	5694	4924	5777	0.85234550804916043	0.85234550804916043	4973	5684	4894	0.84921048065243798	False	False	False	False	False	True	different_minimum_coordinates	False
POM121L2	POM121L2__CIRR	POM121L2__BILI	CIRR	BILI	5980	5007	5744	4913	5838	0.84155532716683801	0.84155532716683801	4973	5734	4883	0.83842719780219777	False	False	False	False	False	True	different_minimum_coordinates	True
POM121L2	POM121L2__CIRR	POM121L2__PSC	CIRR	PSC	5980	5007	4854	4458	5403	0.82509716823986679	0.82509716823986679	4973	4846	4448	0.82815118227518159	False	False	False	False	False	True	different_minimum_coordinates	False
POM121L2	POM121L2__CIRR	POM121L2__AIH	CIRR	AIH	5980	5007	5845	4998	5854	0.85377519644687394	0.85377519644687394	4973	5811	4960	0.85164835164835162	False	False	False	False	False	True	different_minimum_coordinates	True
POM121L2	POM121L2__AST	POM121L2__BILI	AST	BILI	5980	5694	5744	5628	5810	0.96867469879518076	0.96867469879518076	5684	5734	5618	0.96862068965517245	False	False	False	False	False	True	different_minimum_coordinates	False
POM121L2	POM121L2__AST	POM121L2__PSC	AST	PSC	5980	5694	4854	4784	5764	0.82997918112421931	0.82997918112421931	5684	4846	4774	0.82939541348158441	False	False	False	False	False	True	different_minimum_coordinates	True
POM121L2	POM121L2__AST	POM121L2__AIH	AST	AIH	5980	5694	5845	5694	5845	0.97416595380667237	0.97416595380667237	5684	5811	5665	0.97169811320754718	False	False	False	False	False	True	different_minimum_coordinates	False
POM121L2	POM121L2__BILI	POM121L2__PSC	BILI	PSC	5980	5744	4854	4758	5840	0.8147260273972603	0.8147260273972603	5734	4846	4748	0.81412894375857336	False	False	False	False	False	True	different_minimum_coordinates	False
POM121L2	POM121L2__BILI	POM121L2__AIH	BILI	AIH	5980	5744	5845	5744	5845	0.98272027373823778	0.98272027373823778	5734	5811	5714	0.97993483107528723	False	False	False	False	False	True	different_minimum_coordinates	True
POM121L2	POM121L2__PSC	POM121L2__AIH	PSC	AIH	5980	4854	5845	4845	5854	0.82763922104543897	0.82763922104543897	4846	5811	4824	0.82701868678210189	False	False	False	False	False	True	different_minimum_coordinates	False
PPM1G	PPM1G__LIVER_FAT	PPM1G__NAFLD	LIVER_FAT	NAFLD	3938	3679	2937	2937	3679	0.79831475944550145	0.79831475944550145	3678	2937	2937	0.79853181076672108	False	False	False	False	False	True	different_minimum_coordinates	True
PPM1G	PPM1G__LIVER_FAT	PPM1G__GGT	LIVER_FAT	GGT	3938	3679	3920	3679	3920	0.93852040816326532	0.93852040816326532	3678	3918	3678	0.93874425727411948	False	False	False	False	False	True	different_minimum_coordinates	True
PPM1G	PPM1G__LIVER_FAT	PPM1G__ALP	LIVER_FAT	ALP	3938	3679	3920	3679	3920	0.93852040816326532	0.93852040816326532	3678	3918	3678	0.93874425727411948	False	False	False	False	False	True	different_minimum_coordinates	True
PPM1G	PPM1G__NAFLD	PPM1G__GGT	NAFLD	GGT	3938	2937	3920	2937	3920	0.74923469387755104	0.74923469387755104	2937	3918	2937	0.74961715160796327	False	False	False	False	False	True	different_minimum_coordinates	True
PPM1G	PPM1G__NAFLD	PPM1G__ALP	NAFLD	ALP	3938	2937	3920	2937	3920	0.74923469387755104	0.74923469387755104	2937	3918	2937	0.74961715160796327	False	False	False	False	False	True	different_minimum_coordinates	True
PPM1G	PPM1G__GGT	PPM1G__ALP	GGT	ALP	3938	3920	3920	3920	3920	1	1	3918	3918	3918	1	True	True	True	True	True	True	verified_shared_minimum_variant	True
PPP4R4	PPP4R4__CIRR	PPP4R4__NAFLD	CIRR	NAFLD	7458	6403	5908	5796	6515	0.88963929393706831	0.88963929393706831	6399	5908	5796	0.89018583934879436	False	False	False	False	False	True	different_minimum_coordinates	True
PPP4R4	PPP4R4__CIRR	PPP4R4__ALT	CIRR	ALT	7458	6403	7428	6398	7433	0.86075608771693801	0.86075608771693801	6399	7412	6392	0.86157164038280087	False	False	True	True	True	True	verified_shared_minimum_variant	True
PPP4R4	PPP4R4__CIRR	PPP4R4__AST	CIRR	AST	7458	6403	7316	6368	7351	0.86627669704802068	0.86627669704802068	6399	7302	6363	0.8671300081766149	False	False	True	True	True	True	verified_shared_minimum_variant	True
PPP4R4	PPP4R4__CIRR	PPP4R4__ALP	CIRR	ALP	7458	6403	7430	6400	7433	0.86102515807883762	0.86102515807883762	6399	7417	6394	0.86149285906763673	False	False	True	True	True	True	verified_shared_minimum_variant	True
PPP4R4	PPP4R4__NAFLD	PPP4R4__ALT	NAFLD	ALT	7458	5908	7428	5907	7429	0.79512720419975769	0.79512720419975769	5908	7412	5907	0.79684338324564952	False	False	False	False	False	True	different_minimum_coordinates	True
PPP4R4	PPP4R4__NAFLD	PPP4R4__AST	NAFLD	AST	7458	5908	7316	5892	7332	0.80360065466448449	0.80360065466448449	5908	7302	5892	0.80513801585132549	False	False	False	False	False	True	different_minimum_coordinates	True
PPP4R4	PPP4R4__NAFLD	PPP4R4__ALP	NAFLD	ALP	7458	5908	7430	5908	7430	0.7951547779273217	0.7951547779273217	5908	7417	5908	0.79654846973169746	False	False	False	False	False	True	different_minimum_coordinates	True
PPP4R4	PPP4R4__ALT	PPP4R4__AST	ALT	AST	7458	7428	7316	7315	7429	0.98465473145780047	0.98465473145780047	7412	7302	7298	0.98408845738942829	False	False	True	True	True	True	verified_shared_minimum_variant	True
PPP4R4	PPP4R4__ALT	PPP4R4__ALP	ALT	ALP	7458	7428	7430	7428	7430	0.99973082099596233	0.99973082099596233	7412	7417	7412	0.99932587299447218	False	False	True	True	True	True	verified_shared_minimum_variant	True
PPP4R4	PPP4R4__AST	PPP4R4__ALP	AST	ALP	7458	7316	7430	7316	7430	0.98465679676985196	0.98465679676985196	7302	7417	7300	0.98396010243968191	False	False	True	True	True	True	verified_shared_minimum_variant	True
PREB	PREB__LIVER_FAT	PREB__NAFLD	LIVER_FAT	NAFLD	3777	3521	2781	2781	3521	0.78983243396762282	0.78983243396762282	3519	2781	2781	0.79028132992327371	False	False	False	False	False	True	different_minimum_coordinates	True
PREB	PREB__LIVER_FAT	PREB__GGT	LIVER_FAT	GGT	3777	3521	3757	3521	3757	0.93718392334309286	0.93718392334309286	3519	3754	3519	0.93740010655301009	False	False	False	False	False	True	different_minimum_coordinates	True
PREB	PREB__LIVER_FAT	PREB__ALP	LIVER_FAT	ALP	3777	3521	3757	3521	3757	0.93718392334309286	0.93718392334309286	3519	3754	3519	0.93740010655301009	False	False	False	False	False	True	different_minimum_coordinates	True
PREB	PREB__NAFLD	PREB__GGT	NAFLD	GGT	3777	2781	3757	2781	3757	0.7402182592494011	0.7402182592494011	2781	3754	2781	0.74080980287693132	False	False	False	False	False	True	different_minimum_coordinates	True
PREB	PREB__NAFLD	PREB__ALP	NAFLD	ALP	3777	2781	3757	2781	3757	0.7402182592494011	0.7402182592494011	2781	3754	2781	0.74080980287693132	False	False	False	False	False	True	different_minimum_coordinates	True
PREB	PREB__GGT	PREB__ALP	GGT	ALP	3777	3757	3757	3757	3757	1	1	3754	3754	3754	1	True	True	True	True	True	True	verified_shared_minimum_variant	True
PRIMA1	PRIMA1__CIRR	PRIMA1__NAFLD	CIRR	NAFLD	7098	6095	5549	5455	6189	0.88140248828566814	0.88140248828566814	6092	5549	5455	0.8818299385709667	False	False	False	False	False	True	different_minimum_coordinates	True
PRIMA1	PRIMA1__CIRR	PRIMA1__ALT	CIRR	ALT	7098	6095	7065	6088	7072	0.86085972850678738	0.86085972850678738	6092	7057	6084	0.86114649681528666	False	False	True	True	True	True	verified_shared_minimum_variant	True
PRIMA1	PRIMA1__CIRR	PRIMA1__AST	CIRR	AST	7098	6095	6962	6062	6995	0.86661901358112936	0.86661901358112936	6092	6956	6059	0.86693375304049225	False	False	True	True	True	True	verified_shared_minimum_variant	True
PRIMA1	PRIMA1__CIRR	PRIMA1__ALP	CIRR	ALP	7098	6095	7068	6091	7072	0.86128393665158376	0.86128393665158376	6092	7062	6087	0.86132729588226975	False	False	True	True	True	True	verified_shared_minimum_variant	True
PRIMA1	PRIMA1__NAFLD	PRIMA1__ALT	NAFLD	ALT	7098	5549	7065	5547	7067	0.78491580585821419	0.78491580585821419	5549	7057	5547	0.78580535486612835	False	False	False	False	False	True	different_minimum_coordinates	True
PRIMA1	PRIMA1__NAFLD	PRIMA1__AST	NAFLD	AST	7098	5549	6962	5534	6977	0.79317758348860545	0.79317758348860545	5549	6956	5534	0.79386027829579686	False	False	False	False	False	True	different_minimum_coordinates	True
PRIMA1	PRIMA1__NAFLD	PRIMA1__ALP	NAFLD	ALP	7098	5549	7068	5549	7068	0.78508771929824561	0.78508771929824561	5549	7062	5549	0.78575474369866893	False	False	False	False	False	True	different_minimum_coordinates	True
PRIMA1	PRIMA1__ALT	PRIMA1__AST	ALT	AST	7098	7065	6962	6960	7067	0.98485920475449273	0.98485920475449273	7057	6956	6953	0.98484419263456091	False	False	True	True	True	True	verified_shared_minimum_variant	True
PRIMA1	PRIMA1__ALT	PRIMA1__ALP	ALT	ALP	7098	7065	7068	7065	7068	0.99957555178268254	0.99957555178268254	7057	7062	7057	0.99929198527329366	False	False	True	True	True	True	verified_shared_minimum_variant	True
PRIMA1	PRIMA1__AST	PRIMA1__ALP	AST	ALP	7098	6962	7068	6962	7068	0.98500282965478214	0.98500282965478214	6956	7062	6955	0.98470904714710461	False	False	True	True	True	True	verified_shared_minimum_variant	True
PRR30	PRR30__LIVER_FAT	PRR30__NAFLD	LIVER_FAT	NAFLD	3795	3539	2797	2797	3539	0.79033625317886413	0.79033625317886413	3537	2797	2797	0.79078314956177553	False	False	False	False	False	True	different_minimum_coordinates	True
PRR30	PRR30__LIVER_FAT	PRR30__GGT	LIVER_FAT	GGT	3795	3539	3775	3539	3775	0.93748344370860925	0.93748344370860925	3537	3772	3537	0.93769883351007421	False	False	False	False	False	True	different_minimum_coordinates	True
PRR30	PRR30__LIVER_FAT	PRR30__ALP	LIVER_FAT	ALP	3795	3539	3775	3539	3775	0.93748344370860925	0.93748344370860925	3537	3772	3537	0.93769883351007421	False	False	False	False	False	True	different_minimum_coordinates	True
PRR30	PRR30__NAFLD	PRR30__GGT	NAFLD	GGT	3795	2797	3775	2797	3775	0.74092715231788076	0.74092715231788076	2797	3772	2797	0.74151643690349944	False	False	False	False	False	True	different_minimum_coordinates	True
PRR30	PRR30__NAFLD	PRR30__ALP	NAFLD	ALP	3795	2797	3775	2797	3775	0.74092715231788076	0.74092715231788076	2797	3772	2797	0.74151643690349944	False	False	False	False	False	True	different_minimum_coordinates	True
PRR30	PRR30__GGT	PRR30__ALP	GGT	ALP	3795	3775	3775	3775	3775	1	1	3772	3772	3772	1	True	True	True	True	True	True	verified_shared_minimum_variant	True
PRR5	PRR5__CIRR	PRR5__LIVER_FAT	CIRR	LIVER_FAT	6985	5859	6608	5848	6619	0.88351714760537847	0.88351714760537847	5850	6595	5842	0.88474935635317276	False	False	False	False	False	True	different_minimum_coordinates	True
PRR5	PRR5__CIRR	PRR5__NAFLD	CIRR	NAFLD	6985	5859	5353	5184	6028	0.85998672859986725	0.85998672859986725	5850	5353	5184	0.86127263665060638	False	False	False	False	False	True	different_minimum_coordinates	True
PRR5	PRR5__CIRR	PRR5__ALT	CIRR	ALT	6985	5859	6944	5853	6950	0.84215827338129501	0.84215827338129501	5850	6929	5845	0.84294779348139603	False	False	True	True	False	True	verified_shared_minimum_variant	True
PRR5	PRR5__CIRR	PRR5__AST	CIRR	AST	6985	5859	6833	5826	6866	0.84852898339644622	0.84852898339644622	5850	6817	5819	0.84973714953271029	False	False	False	False	False	True	different_minimum_coordinates	True
PRR5	PRR5__LIVER_FAT	PRR5__NAFLD	LIVER_FAT	NAFLD	6985	6608	5353	5353	6608	0.81007869249394671	0.81007869249394671	6595	5353	5353	0.81167551175132679	False	False	False	False	False	True	different_minimum_coordinates	True
PRR5	PRR5__LIVER_FAT	PRR5__ALT	LIVER_FAT	ALT	6985	6608	6944	6608	6944	0.95161290322580649	0.95161290322580649	6595	6929	6594	0.95151515151515154	False	False	True	True	False	True	verified_shared_minimum_variant	True
PRR5	PRR5__LIVER_FAT	PRR5__AST	LIVER_FAT	AST	6985	6608	6833	6515	6926	0.94065838868033502	0.94065838868033502	6595	6817	6501	0.9406742873679641	False	False	True	True	True	True	verified_shared_minimum_variant	True
PRR5	PRR5__NAFLD	PRR5__ALT	NAFLD	ALT	6985	5353	6944	5353	6944	0.77088133640552992	0.77088133640552992	5353	6929	5353	0.77255015153701834	False	False	True	True	False	True	verified_shared_minimum_variant	True
PRR5	PRR5__NAFLD	PRR5__AST	NAFLD	AST	6985	5353	6833	5341	6845	0.78027757487216942	0.78027757487216942	5353	6817	5341	0.78210572558207647	False	False	False	False	False	True	different_minimum_coordinates	True
PRR5	PRR5__ALT	PRR5__AST	ALT	AST	6985	6944	6833	6833	6944	0.98401497695852536	0.98401497695852536	6929	6817	6817	0.98383605137826524	False	False	True	True	False	True	verified_shared_minimum_variant	True
PRR5-ARHGAP8	PRR5-ARHGAP8__CIRR	PRR5-ARHGAP8__LIVER_FAT	CIRR	LIVER_FAT	7168	6018	6782	6007	6793	0.88429265420285585	0.88429265420285585	6009	6769	6001	0.8854950568097979	False	False	False	False	False	True	different_minimum_coordinates	True
PRR5-ARHGAP8	PRR5-ARHGAP8__CIRR	PRR5-ARHGAP8__NAFLD	CIRR	NAFLD	7168	6018	5498	5328	6188	0.86102133160956695	0.86102133160956695	6009	5498	5328	0.86227544910179643	False	False	False	False	False	True	different_minimum_coordinates	True
PRR5-ARHGAP8	PRR5-ARHGAP8__CIRR	PRR5-ARHGAP8__ALT	CIRR	ALT	7168	6018	7124	6012	7130	0.84319775596072932	0.84319775596072932	6009	7110	6004	0.84385101897399861	False	False	True	True	False	True	verified_shared_minimum_variant	True
PRR5-ARHGAP8	PRR5-ARHGAP8__CIRR	PRR5-ARHGAP8__AST	CIRR	AST	7168	6018	7011	5984	7045	0.84939673527324344	0.84939673527324344	6009	6996	5977	0.85045532157085946	False	False	False	False	False	True	different_minimum_coordinates	True
PRR5-ARHGAP8	PRR5-ARHGAP8__LIVER_FAT	PRR5-ARHGAP8__NAFLD	LIVER_FAT	NAFLD	7168	6782	5498	5498	6782	0.81067531701562956	0.81067531701562956	6769	5498	5498	0.812232235189836	False	False	False	False	False	True	different_minimum_coordinates	True
PRR5-ARHGAP8	PRR5-ARHGAP8__LIVER_FAT	PRR5-ARHGAP8__ALT	LIVER_FAT	ALT	7168	6782	7124	6782	7124	0.95199326221224034	0.95199326221224034	6769	7110	6768	0.95176487132611443	False	False	True	True	False	True	verified_shared_minimum_variant	True
PRR5-ARHGAP8	PRR5-ARHGAP8__LIVER_FAT	PRR5-ARHGAP8__AST	LIVER_FAT	AST	7168	6782	7011	6687	7106	0.94103574444131721	0.94103574444131721	6769	6996	6673	0.94091934574168079	False	False	True	True	True	True	verified_shared_minimum_variant	True
PRR5-ARHGAP8	PRR5-ARHGAP8__NAFLD	PRR5-ARHGAP8__ALT	NAFLD	ALT	7168	5498	7124	5498	7124	0.77175743964065135	0.77175743964065135	5498	7110	5498	0.77327707454289729	False	False	True	True	False	True	verified_shared_minimum_variant	True
PRR5-ARHGAP8	PRR5-ARHGAP8__NAFLD	PRR5-ARHGAP8__AST	NAFLD	AST	7168	5498	7011	5485	7024	0.78089407744874717	0.78089407744874717	5498	6996	5485	0.78256527322014557	False	False	False	False	False	True	different_minimum_coordinates	True
PRR5-ARHGAP8	PRR5-ARHGAP8__ALT	PRR5-ARHGAP8__AST	ALT	AST	7168	7124	7011	7011	7124	0.98413812464907358	0.98413812464907358	7110	6996	6996	0.98396624472573835	False	False	True	True	False	True	verified_shared_minimum_variant	True
PRSS16	PRSS16__CIRR	PRSS16__AST	CIRR	AST	5986	5007	5704	4926	5785	0.85151253241140878	0.85151253241140878	4973	5694	4896	0.84837983018540986	False	False	False	False	False	True	different_minimum_coordinates	False
PRSS16	PRSS16__CIRR	PRSS16__BILI	CIRR	BILI	5986	5007	5762	4923	5846	0.84211426616489904	0.84211426616489904	4973	5752	4893	0.83899176954732513	False	False	False	False	False	True	different_minimum_coordinates	True
PRSS16	PRSS16__CIRR	PRSS16__PSC	CIRR	PSC	5986	5007	4852	4456	5403	0.82472700351656492	0.82472700351656492	4973	4845	4446	0.82762472077438576	False	False	False	False	False	True	different_minimum_coordinates	False
PRSS16	PRSS16__CIRR	PRSS16__AIH	CIRR	AIH	5986	5007	5852	4998	5861	0.85275550247398058	0.85275550247398058	4973	5818	4960	0.85062596467158291	False	False	False	False	False	True	different_minimum_coordinates	True
PRSS16	PRSS16__AST	PRSS16__BILI	AST	BILI	5986	5704	5762	5648	5818	0.97078033688552767	0.97078033688552767	5694	5752	5638	0.97073002754820936	False	False	False	False	False	True	different_minimum_coordinates	False
PRSS16	PRSS16__AST	PRSS16__PSC	AST	PSC	5986	5704	4852	4783	5773	0.82851203880131652	0.82851203880131652	5694	4845	4774	0.82810060711188205	False	False	False	False	False	True	different_minimum_coordinates	True
PRSS16	PRSS16__AST	PRSS16__AIH	AST	AIH	5986	5704	5852	5704	5852	0.97470950102529053	0.97470950102529053	5694	5818	5675	0.97224601678944667	False	False	False	False	False	True	different_minimum_coordinates	False
PRSS16	PRSS16__BILI	PRSS16__PSC	BILI	PSC	5986	5762	4852	4767	5847	0.8152898922524372	0.8152898922524372	5752	4845	4758	0.81486555917109094	False	False	False	False	False	True	different_minimum_coordinates	False
PRSS16	PRSS16__BILI	PRSS16__AIH	BILI	AIH	5986	5762	5852	5762	5852	0.9846206425153794	0.9846206425153794	5752	5818	5732	0.98184309695101057	False	False	False	False	False	True	different_minimum_coordinates	True
PRSS16	PRSS16__PSC	PRSS16__AIH	PSC	AIH	5986	4852	5852	4843	5861	0.82630950349769661	0.82630950349769661	4845	5818	4823	0.82585616438356169	False	False	False	False	False	True	different_minimum_coordinates	False
PTPN13	PTPN13__CIRR	PTPN13__ALT	CIRR	ALT	6899	5786	6853	5781	6858	0.84295713035870512	0.84295713035870512	5777	6841	5772	0.84312007011393519	False	False	False	False	False	True	different_minimum_coordinates	True
PTPN13	PTPN13__CIRR	PTPN13__AST	CIRR	AST	6899	5786	6725	5755	6756	0.85183540556542336	0.85183540556542336	5777	6712	5749	0.85296735905044507	False	False	False	False	False	True	different_minimum_coordinates	True
PTPN13	PTPN13__CIRR	PTPN13__BILI	CIRR	BILI	6899	5786	6694	5715	6765	0.84478935698447899	0.84478935698447899	5777	6681	5707	0.84535624351947858	False	False	False	False	False	True	different_minimum_coordinates	True
PTPN13	PTPN13__ALT	PTPN13__AST	ALT	AST	6899	6853	6725	6725	6853	0.98132204873777906	0.98132204873777906	6841	6712	6712	0.98114310773278757	False	False	True	True	True	True	verified_shared_minimum_variant	True
PTPN13	PTPN13__ALT	PTPN13__BILI	ALT	BILI	6899	6853	6694	6693	6854	0.97651006711409394	0.97651006711409394	6841	6681	6680	0.97632271265711779	False	False	False	False	False	True	different_minimum_coordinates	True
PTPN13	PTPN13__AST	PTPN13__BILI	AST	BILI	6899	6725	6694	6670	6749	0.98829456215735667	0.98829456215735667	6712	6681	6656	0.98797684429271193	False	False	False	False	False	True	different_minimum_coordinates	True
RAB3A	RAB3A__CIRR	RAB3A__LIVER_FAT	CIRR	LIVER_FAT	2345	1977	2219	1976	2220	0.8900900900900901	0.8900900900900901	1975	2215	1974	0.8907942238267148	False	False	False	False	False	True	different_minimum_coordinates	True
RAB3A	RAB3A__CIRR	RAB3A__NAFLD	CIRR	NAFLD	2345	1977	1729	1693	2013	0.84103328365623442	0.84103328365623442	1975	1729	1693	0.84186971655892595	False	False	True	True	True	True	verified_shared_minimum_variant	True
RAB3A	RAB3A__CIRR	RAB3A__ALT	CIRR	ALT	2345	1977	2335	1977	2335	0.84668094218415413	0.84668094218415413	1975	2328	1975	0.8483676975945017	False	False	True	True	True	True	verified_shared_minimum_variant	True
RAB3A	RAB3A__LIVER_FAT	RAB3A__NAFLD	LIVER_FAT	NAFLD	2345	2219	1729	1729	2219	0.77917981072555209	0.77917981072555209	2215	1729	1729	0.78058690744920989	False	False	False	False	False	True	different_minimum_coordinates	True
RAB3A	RAB3A__LIVER_FAT	RAB3A__ALT	LIVER_FAT	ALT	2345	2219	2335	2219	2335	0.95032119914346891	0.95032119914346891	2215	2328	2214	0.95062258480034345	False	False	False	False	False	True	different_minimum_coordinates	True
RAB3A	RAB3A__NAFLD	RAB3A__ALT	NAFLD	ALT	2345	1729	2335	1729	2335	0.74047109207708783	0.74047109207708783	1729	2328	1729	0.74269759450171824	False	False	True	True	True	True	verified_shared_minimum_variant	True
RAB3GAP2	RAB3GAP2__CIRR	RAB3GAP2__LIVER_FAT	CIRR	LIVER_FAT	6081	5194	5756	5187	5763	0.90005205622071838	0.90005205622071838	5188	5748	5181	0.90026064291920072	False	False	True	True	True	True	verified_shared_minimum_variant	True
RAB3GAP2	RAB3GAP2__CIRR	RAB3GAP2__NAFLD	CIRR	NAFLD	6081	5194	4687	4629	5252	0.88137852246763138	0.88137852246763138	5188	4687	4629	0.88238658025162031	False	False	False	False	False	True	different_minimum_coordinates	True
RAB3GAP2	RAB3GAP2__CIRR	RAB3GAP2__ALT	CIRR	ALT	6081	5194	6045	5191	6048	0.85830026455026454	0.85830026455026454	5188	6034	5185	0.85887029981779028	False	False	True	True	True	True	verified_shared_minimum_variant	True
RAB3GAP2	RAB3GAP2__LIVER_FAT	RAB3GAP2__NAFLD	LIVER_FAT	NAFLD	6081	5756	4687	4687	5756	0.81428075052119531	0.81428075052119531	5748	4687	4687	0.81541405706332637	False	False	False	False	False	True	different_minimum_coordinates	True
RAB3GAP2	RAB3GAP2__LIVER_FAT	RAB3GAP2__ALT	LIVER_FAT	ALT	6081	5756	6045	5756	6045	0.95219189412737804	0.95219189412737804	5748	6034	5746	0.95195493704440026	False	False	True	True	True	True	verified_shared_minimum_variant	True
RAB3GAP2	RAB3GAP2__NAFLD	RAB3GAP2__ALT	NAFLD	ALT	6081	4687	6045	4687	6045	0.77535153019023983	0.77535153019023983	4687	6034	4687	0.77676499834272461	False	False	False	False	False	True	different_minimum_coordinates	True
RBKS	RBKS__LIVER_FAT	RBKS__NAFLD	LIVER_FAT	NAFLD	4421	4113	3270	3270	4113	0.79504011670313635	0.79504011670313635	4108	3270	3270	0.7960077896786758	False	False	False	False	False	True	different_minimum_coordinates	True
RBKS	RBKS__LIVER_FAT	RBKS__GGT	LIVER_FAT	GGT	4421	4113	4399	4113	4399	0.93498522391452599	0.93498522391452599	4108	4393	4108	0.93512406100614609	False	False	False	False	False	True	different_minimum_coordinates	True
RBKS	RBKS__LIVER_FAT	RBKS__ALP	LIVER_FAT	ALP	4421	4113	4399	4113	4399	0.93498522391452599	0.93498522391452599	4108	4393	4108	0.93512406100614609	False	False	False	False	False	True	different_minimum_coordinates	True
RBKS	RBKS__NAFLD	RBKS__GGT	NAFLD	GGT	4421	3270	4399	3270	4399	0.74335076153671287	0.74335076153671287	3270	4393	3270	0.74436603687684955	False	False	False	False	False	True	different_minimum_coordinates	True
RBKS	RBKS__NAFLD	RBKS__ALP	NAFLD	ALP	4421	3270	4399	3270	4399	0.74335076153671287	0.74335076153671287	3270	4393	3270	0.74436603687684955	False	False	False	False	False	True	different_minimum_coordinates	True
RBKS	RBKS__GGT	RBKS__ALP	GGT	ALP	4421	4399	4399	4399	4399	1	1	4393	4393	4393	1	True	True	True	True	True	True	verified_shared_minimum_variant	True
REX1BD	REX1BD__CIRR	REX1BD__LIVER_FAT	CIRR	LIVER_FAT	2974	2502	2811	2500	2813	0.88873089228581581	0.88873089228581581	2500	2805	2497	0.88924501424501423	False	False	False	False	False	True	different_minimum_coordinates	True
REX1BD	REX1BD__CIRR	REX1BD__NAFLD	CIRR	NAFLD	2974	2502	2184	2144	2542	0.8434303697875688	0.8434303697875688	2500	2184	2144	0.84409448818897637	False	False	False	False	False	True	different_minimum_coordinates	True
REX1BD	REX1BD__CIRR	REX1BD__ALT	CIRR	ALT	2974	2502	2961	2502	2961	0.84498480243161089	0.84498480243161089	2500	2952	2500	0.84688346883468835	False	False	False	False	False	True	different_minimum_coordinates	True
REX1BD	REX1BD__CIRR	REX1BD__AST	CIRR	AST	2974	2502	2929	2494	2937	0.84916581545795033	0.84916581545795033	2500	2921	2492	0.85080232161147151	False	False	False	False	False	True	different_minimum_coordinates	True
REX1BD	REX1BD__CIRR	REX1BD__ALP	CIRR	ALP	2974	2502	2961	2502	2961	0.84498480243161089	0.84498480243161089	2500	2951	2500	0.84717045069467978	False	False	False	False	False	True	different_minimum_coordinates	True
REX1BD	REX1BD__CIRR	REX1BD__BILI	CIRR	BILI	2974	2502	2935	2497	2940	0.84931972789115651	0.84931972789115651	2500	2926	2495	0.85124530876833848	False	False	False	False	False	True	different_minimum_coordinates	True
REX1BD	REX1BD__LIVER_FAT	REX1BD__NAFLD	LIVER_FAT	NAFLD	2974	2811	2184	2184	2811	0.77694770544290293	0.77694770544290293	2805	2184	2184	0.77860962566844916	False	False	False	False	False	True	different_minimum_coordinates	True
REX1BD	REX1BD__LIVER_FAT	REX1BD__ALT	LIVER_FAT	ALT	2974	2811	2961	2811	2961	0.94934143870314081	0.94934143870314081	2805	2952	2804	0.94954283779207582	False	False	True	True	True	True	verified_shared_minimum_variant	True
REX1BD	REX1BD__LIVER_FAT	REX1BD__AST	LIVER_FAT	AST	2974	2811	2929	2790	2950	0.94576271186440675	0.94576271186440675	2805	2921	2784	0.94629503738953091	False	False	False	False	False	True	different_minimum_coordinates	True
REX1BD	REX1BD__LIVER_FAT	REX1BD__ALP	LIVER_FAT	ALP	2974	2811	2961	2811	2961	0.94934143870314081	0.94934143870314081	2805	2951	2804	0.94986449864498645	False	False	False	False	False	True	different_minimum_coordinates	True
REX1BD	REX1BD__LIVER_FAT	REX1BD__BILI	LIVER_FAT	BILI	2974	2811	2935	2794	2952	0.94647696476964771	0.94647696476964771	2805	2926	2787	0.94667119565217395	False	False	True	True	True	True	verified_shared_minimum_variant	True
REX1BD	REX1BD__NAFLD	REX1BD__ALT	NAFLD	ALT	2974	2184	2961	2184	2961	0.73758865248226946	0.73758865248226946	2184	2952	2184	0.73983739837398377	False	False	False	False	False	True	different_minimum_coordinates	True
REX1BD	REX1BD__NAFLD	REX1BD__AST	NAFLD	AST	2974	2184	2929	2184	2929	0.74564697849095252	0.74564697849095252	2184	2921	2184	0.74768914755220817	False	False	False	False	False	True	different_minimum_coordinates	True
REX1BD	REX1BD__NAFLD	REX1BD__ALP	NAFLD	ALP	2974	2184	2961	2184	2961	0.73758865248226946	0.73758865248226946	2184	2951	2184	0.74008810572687223	False	False	False	False	False	True	different_minimum_coordinates	True
REX1BD	REX1BD__NAFLD	REX1BD__BILI	NAFLD	BILI	2974	2184	2935	2184	2935	0.74412265758091989	0.74412265758091989	2184	2926	2184	0.74641148325358853	False	False	False	False	False	True	different_minimum_coordinates	True
REX1BD	REX1BD__ALT	REX1BD__AST	ALT	AST	2974	2961	2929	2929	2961	0.98919284025667009	0.98919284025667009	2952	2921	2919	0.98815165876777256	False	False	False	False	False	True	different_minimum_coordinates	True
REX1BD	REX1BD__ALT	REX1BD__ALP	ALT	ALP	2974	2961	2961	2961	2961	1	1	2952	2951	2951	0.99966124661246614	True	False	False	False	False	True	different_minimum_coordinates	True
REX1BD	REX1BD__ALT	REX1BD__BILI	ALT	BILI	2974	2961	2935	2934	2962	0.9905469277515192	0.9905469277515192	2952	2926	2924	0.989844278943805	False	False	True	True	True	True	verified_shared_minimum_variant	True
REX1BD	REX1BD__AST	REX1BD__ALP	AST	ALP	2974	2929	2961	2929	2961	0.98919284025667009	0.98919284025667009	2921	2951	2919	0.98848628513376224	False	False	False	False	False	True	different_minimum_coordinates	True
REX1BD	REX1BD__AST	REX1BD__BILI	AST	BILI	2974	2929	2935	2929	2935	0.99795570698466785	0.99795570698466785	2921	2926	2920	0.99760847283908438	False	False	False	False	False	True	different_minimum_coordinates	True
REX1BD	REX1BD__ALP	REX1BD__BILI	ALP	BILI	2974	2961	2935	2934	2962	0.9905469277515192	0.9905469277515192	2951	2926	2924	0.99017947849644428	False	False	False	False	False	True	different_minimum_coordinates	True
RFXANK	RFXANK__CIRR	RFXANK__LIVER_FAT	CIRR	LIVER_FAT	3834	3164	3620	3163	3621	0.87351560342446843	0.87351560342446843	3163	3612	3161	0.87465412285556166	False	False	False	False	False	True	different_minimum_coordinates	True
RFXANK	RFXANK__CIRR	RFXANK__NAFLD	CIRR	NAFLD	3834	3164	2788	2714	3238	0.83817171093267451	0.83817171093267451	3163	2788	2714	0.83843064565956127	False	False	False	False	False	True	different_minimum_coordinates	True
RFXANK	RFXANK__CIRR	RFXANK__ALT	CIRR	ALT	3834	3164	3817	3164	3817	0.82892323814514013	0.82892323814514013	3163	3807	3163	0.83083793012871032	False	False	False	False	False	True	different_minimum_coordinates	True
RFXANK	RFXANK__CIRR	RFXANK__AST	CIRR	AST	3834	3164	3791	3157	3798	0.83122696155871512	0.83122696155871512	3163	3781	3156	0.83315733896515309	False	False	False	False	False	True	different_minimum_coordinates	True
RFXANK	RFXANK__CIRR	RFXANK__ALP	CIRR	ALP	3834	3164	3817	3164	3817	0.82892323814514013	0.82892323814514013	3163	3806	3163	0.83105622700998427	False	False	False	False	False	True	different_minimum_coordinates	True
RFXANK	RFXANK__CIRR	RFXANK__BILI	CIRR	BILI	3834	3164	3792	3156	3800	0.83052631578947367	0.83052631578947367	3163	3782	3155	0.83245382585751981	False	False	False	False	False	True	different_minimum_coordinates	True
RFXANK	RFXANK__LIVER_FAT	RFXANK__NAFLD	LIVER_FAT	NAFLD	3834	3620	2788	2788	3620	0.77016574585635356	0.77016574585635356	3612	2788	2788	0.7718715393133998	False	False	False	False	False	True	different_minimum_coordinates	True
RFXANK	RFXANK__LIVER_FAT	RFXANK__ALT	LIVER_FAT	ALT	3834	3620	3817	3620	3817	0.94838878700550167	0.94838878700550167	3612	3807	3611	0.94826680672268904	False	False	True	True	True	True	verified_shared_minimum_variant	True
RFXANK	RFXANK__LIVER_FAT	RFXANK__AST	LIVER_FAT	AST	3834	3620	3791	3600	3811	0.94463395434269226	0.94463395434269226	3612	3781	3592	0.9450144698763483	False	False	False	False	False	True	different_minimum_coordinates	True
RFXANK	RFXANK__LIVER_FAT	RFXANK__ALP	LIVER_FAT	ALP	3834	3620	3817	3620	3817	0.94838878700550167	0.94838878700550167	3612	3806	3611	0.94851589177830309	False	False	False	False	False	True	different_minimum_coordinates	True
RFXANK	RFXANK__LIVER_FAT	RFXANK__BILI	LIVER_FAT	BILI	3834	3620	3792	3600	3812	0.94438614900314799	0.94438614900314799	3612	3782	3591	0.94425453589271624	False	False	True	True	True	True	verified_shared_minimum_variant	True
RFXANK	RFXANK__NAFLD	RFXANK__ALT	NAFLD	ALT	3834	2788	3817	2788	3817	0.73041655750589474	0.73041655750589474	2788	3807	2788	0.73233517205148413	False	False	False	False	False	True	different_minimum_coordinates	True
RFXANK	RFXANK__NAFLD	RFXANK__AST	NAFLD	AST	3834	2788	3791	2788	3791	0.73542600896860988	0.73542600896860988	2788	3781	2788	0.73737106585559375	False	False	False	False	False	True	different_minimum_coordinates	True
RFXANK	RFXANK__NAFLD	RFXANK__ALP	NAFLD	ALP	3834	2788	3817	2788	3817	0.73041655750589474	0.73041655750589474	2788	3806	2788	0.73252758801891749	False	False	False	False	False	True	different_minimum_coordinates	True
RFXANK	RFXANK__NAFLD	RFXANK__BILI	NAFLD	BILI	3834	2788	3792	2787	3793	0.73477458476140256	0.73477458476140256	2788	3782	2787	0.73671689135606666	False	False	False	False	False	True	different_minimum_coordinates	True
RFXANK	RFXANK__ALT	RFXANK__AST	ALT	AST	3834	3817	3791	3791	3817	0.99318836782813724	0.99318836782813724	3807	3781	3780	0.99264705882352944	False	False	False	False	False	True	different_minimum_coordinates	True
RFXANK	RFXANK__ALT	RFXANK__ALP	ALT	ALP	3834	3817	3817	3817	3817	1	1	3807	3806	3806	0.99973732597846077	True	False	False	False	False	True	different_minimum_coordinates	True
RFXANK	RFXANK__ALT	RFXANK__BILI	ALT	BILI	3834	3817	3792	3792	3817	0.99345035368090118	0.99345035368090118	3807	3782	3781	0.99290966386554624	False	False	True	True	True	True	verified_shared_minimum_variant	True
RFXANK	RFXANK__AST	RFXANK__ALP	AST	ALP	3834	3791	3817	3791	3817	0.99318836782813724	0.99318836782813724	3781	3806	3780	0.99290780141843971	False	False	False	False	False	True	different_minimum_coordinates	True
RFXANK	RFXANK__AST	RFXANK__BILI	AST	BILI	3834	3791	3792	3790	3793	0.99920906933825471	0.99920906933825471	3781	3782	3779	0.99867864693446085	False	False	False	False	False	True	different_minimum_coordinates	True
RFXANK	RFXANK__ALP	RFXANK__BILI	ALP	BILI	3834	3817	3792	3792	3817	0.99345035368090118	0.99345035368090118	3806	3782	3781	0.99317047543997894	False	False	False	False	False	True	different_minimum_coordinates	True
RIPOR2	RIPOR2__CIRR	RIPOR2__NAFLD	CIRR	NAFLD	8978	7587	6801	6688	7700	0.86857142857142855	0.86857142857142855	7572	6801	6688	0.870266753415745	False	False	False	False	False	True	different_minimum_coordinates	False
RIPOR2	RIPOR2__CIRR	RIPOR2__ALP	CIRR	ALP	8978	7587	4913	4129	8371	0.49325050770517265	0.49325050770517265	7572	4900	4123	0.49383159659839504	False	False	False	False	False	False	different_minimum_coordinates	False
RIPOR2	RIPOR2__CIRR	RIPOR2__BILI	CIRR	BILI	8978	7587	8798	7541	8844	0.85266847580280414	0.85266847580280414	7572	8780	7528	0.85312783318223029	False	False	False	False	False	True	different_minimum_coordinates	True
RIPOR2	RIPOR2__CIRR	RIPOR2__PSC	CIRR	PSC	8978	7587	7659	6935	8311	0.83443628925520397	0.83443628925520397	7572	7638	6922	0.83518339768339767	False	False	False	False	False	True	different_minimum_coordinates	True
RIPOR2	RIPOR2__NAFLD	RIPOR2__ALP	NAFLD	ALP	8978	6801	4913	3679	8035	0.45787181082762912	0.45787181082762912	6801	4900	3679	0.45861381201695339	False	False	False	False	False	False	different_minimum_coordinates	True
RIPOR2	RIPOR2__NAFLD	RIPOR2__BILI	NAFLD	BILI	8978	6801	8798	6774	8825	0.76759206798866852	0.76759206798866852	6801	8780	6774	0.76916089474281824	False	False	False	False	False	True	different_minimum_coordinates	False
RIPOR2	RIPOR2__NAFLD	RIPOR2__PSC	NAFLD	PSC	8978	6801	7659	6401	8059	0.79426727881871195	0.79426727881871195	6801	7638	6401	0.79634237372480721	False	False	False	False	False	True	different_minimum_coordinates	False
RIPOR2	RIPOR2__ALP	RIPOR2__BILI	ALP	BILI	8978	4913	8798	4842	8869	0.54594655541774717	0.54594655541774717	4900	8780	4828	0.54541346588341622	False	False	False	False	False	False	different_minimum_coordinates	False
RIPOR2	RIPOR2__ALP	RIPOR2__PSC	ALP	PSC	8978	4913	7659	4107	8465	0.48517424689899585	0.48517424689899585	4900	7638	4094	0.48484130743723353	False	False	False	False	False	False	different_minimum_coordinates	False
RIPOR2	RIPOR2__BILI	RIPOR2__PSC	BILI	PSC	8978	8798	7659	7623	8834	0.86291600633914423	0.86291600633914423	8780	7638	7605	0.86292976285033474	False	False	False	False	False	True	different_minimum_coordinates	True
RTL6	RTL6__CIRR	RTL6__LIVER_FAT	CIRR	LIVER_FAT	7065	5929	6684	5921	6692	0.88478780633592347	0.88478780633592347	5922	6670	5915	0.88587689081923016	False	False	False	False	False	True	different_minimum_coordinates	True
RTL6	RTL6__CIRR	RTL6__NAFLD	CIRR	NAFLD	7065	5929	5418	5251	6096	0.86138451443569553	0.86138451443569553	5922	5418	5251	0.86237477418295283	False	False	False	False	False	True	different_minimum_coordinates	True
RTL6	RTL6__CIRR	RTL6__ALT	CIRR	ALT	7065	5929	7023	5925	7027	0.84317631990892272	0.84317631990892272	5922	7008	5918	0.8439817455790074	False	False	True	True	False	True	verified_shared_minimum_variant	True
RTL6	RTL6__CIRR	RTL6__AST	CIRR	AST	7065	5929	6927	5901	6955	0.84845434938892883	0.84845434938892883	5922	6909	5894	0.84964682139253278	False	False	False	False	False	True	different_minimum_coordinates	True
RTL6	RTL6__LIVER_FAT	RTL6__NAFLD	LIVER_FAT	NAFLD	7065	6684	5418	5418	6684	0.8105924596050269	0.8105924596050269	6670	5418	5418	0.81229385307346325	False	False	False	False	False	True	different_minimum_coordinates	True
RTL6	RTL6__LIVER_FAT	RTL6__ALT	LIVER_FAT	ALT	7065	6684	7023	6684	7023	0.95173002990175137	0.95173002990175137	6670	7008	6669	0.95149094021971747	False	False	True	True	False	True	verified_shared_minimum_variant	True
RTL6	RTL6__LIVER_FAT	RTL6__AST	LIVER_FAT	AST	7065	6684	6927	6603	7008	0.94220890410958902	0.94220890410958902	6670	6909	6587	0.94207665903890159	False	False	True	True	True	True	verified_shared_minimum_variant	True
RTL6	RTL6__NAFLD	RTL6__ALT	NAFLD	ALT	7065	5418	7023	5418	7023	0.77146518581802648	0.77146518581802648	5418	7008	5418	0.77311643835616439	False	False	True	True	False	True	verified_shared_minimum_variant	True
RTL6	RTL6__NAFLD	RTL6__AST	NAFLD	AST	7065	5418	6927	5407	6938	0.77933121937157679	0.77933121937157679	5418	6909	5407	0.78135838150289016	False	False	False	False	False	True	different_minimum_coordinates	True
RTL6	RTL6__ALT	RTL6__AST	ALT	AST	7065	7023	6927	6927	7023	0.98633062793677917	0.98633062793677917	7008	6909	6909	0.98587328767123283	False	False	True	True	False	True	verified_shared_minimum_variant	True
SAMM50	SAMM50__CIRR	SAMM50__LIVER_FAT	CIRR	LIVER_FAT	7388	6188	7006	6179	7015	0.88082679971489664	0.88082679971489664	6183	6994	6175	0.88189088831762352	False	False	False	False	False	True	different_minimum_coordinates	True
SAMM50	SAMM50__CIRR	SAMM50__NAFLD	CIRR	NAFLD	7388	6188	5688	5496	6380	0.86144200626959244	0.86144200626959244	6183	5688	5496	0.86211764705882354	False	False	False	False	False	True	different_minimum_coordinates	True
SAMM50	SAMM50__CIRR	SAMM50__ALT	CIRR	ALT	7388	6188	7342	6183	7347	0.84156798693344226	0.84156798693344226	6183	7328	6178	0.84249284058366292	False	False	True	True	False	True	verified_shared_minimum_variant	True
SAMM50	SAMM50__CIRR	SAMM50__AST	CIRR	AST	7388	6188	7254	6157	7285	0.84516129032258069	0.84516129032258069	6183	7238	6152	0.84633374604484801	False	False	False	False	False	True	different_minimum_coordinates	True
SAMM50	SAMM50__LIVER_FAT	SAMM50__NAFLD	LIVER_FAT	NAFLD	7388	7006	5688	5688	7006	0.81187553525549527	0.81187553525549527	6994	5688	5688	0.81326851587074633	False	False	False	False	False	True	different_minimum_coordinates	True
SAMM50	SAMM50__LIVER_FAT	SAMM50__ALT	LIVER_FAT	ALT	7388	7006	7342	7006	7342	0.95423590302369932	0.95423590302369932	6994	7328	6994	0.95442139737991272	False	False	True	True	False	True	verified_shared_minimum_variant	True
SAMM50	SAMM50__LIVER_FAT	SAMM50__AST	LIVER_FAT	AST	7388	7006	7254	6932	7328	0.94596069868995636	0.94596069868995636	6994	7238	6919	0.94612334199370984	False	False	True	True	True	True	verified_shared_minimum_variant	True
SAMM50	SAMM50__NAFLD	SAMM50__ALT	NAFLD	ALT	7388	5688	7342	5688	7342	0.77472078452737669	0.77472078452737669	5688	7328	5688	0.77620087336244536	False	False	True	True	False	True	verified_shared_minimum_variant	True
SAMM50	SAMM50__NAFLD	SAMM50__AST	NAFLD	AST	7388	5688	7254	5671	7271	0.7799477375876771	0.7799477375876771	5688	7238	5671	0.78166781529979323	False	False	False	False	False	True	different_minimum_coordinates	True
SAMM50	SAMM50__ALT	SAMM50__AST	ALT	AST	7388	7342	7254	7254	7342	0.98801416507763551	0.98801416507763551	7328	7238	7238	0.98771834061135366	False	False	True	True	False	True	verified_shared_minimum_variant	True
SCGN	SCGN__CIRR	SCGN__ALP	CIRR	ALP	7558	6451	1208	1015	6644	0.15276941601444913	0.15276941601444913	6439	1204	1013	0.15279034690799398	False	False	False	False	False	True	different_minimum_coordinates	False
SCGN	SCGN__CIRR	SCGN__BILI	CIRR	BILI	7558	6451	7413	6423	7441	0.86319043139362994	0.86319043139362994	6439	7400	6411	0.86308562197092087	False	False	False	False	False	True	different_minimum_coordinates	True
SCGN	SCGN__CIRR	SCGN__PSC	CIRR	PSC	7558	6451	6553	6000	7004	0.8566533409480297	0.8566533409480297	6439	6538	5988	0.8567749320360567	False	False	False	False	False	True	different_minimum_coordinates	True
SCGN	SCGN__CIRR	SCGN__AIH	CIRR	AIH	7558	6451	7445	6444	7452	0.86473429951690817	0.86473429951690817	6439	7419	6428	0.86514131897711977	False	False	False	False	False	True	different_minimum_coordinates	True
SCGN	SCGN__ALP	SCGN__BILI	ALP	BILI	7558	1208	7413	1196	7425	0.16107744107744107	0.16107744107744107	1204	7400	1192	0.16082029141932003	False	False	False	False	False	True	different_minimum_coordinates	False
SCGN	SCGN__ALP	SCGN__PSC	ALP	PSC	7558	1208	6553	1001	6760	0.14807692307692308	0.14807692307692308	1204	6538	997	0.14781319495922907	False	False	False	False	False	True	different_minimum_coordinates	False
SCGN	SCGN__ALP	SCGN__AIH	ALP	AIH	7558	1208	7445	1198	7455	0.16069751844399732	0.16069751844399732	1204	7419	1191	0.1602529601722282	False	False	False	False	False	True	different_minimum_coordinates	False
SCGN	SCGN__BILI	SCGN__PSC	BILI	PSC	7558	7413	6553	6528	7438	0.87765528367840817	0.87765528367840817	7400	6538	6515	0.87767748888589514	False	False	False	False	False	True	different_minimum_coordinates	True
SCGN	SCGN__BILI	SCGN__AIH	BILI	AIH	7558	7413	7445	7413	7445	0.99570181329751506	0.99570181329751506	7400	7419	7387	0.99394510226049515	False	False	False	False	False	True	different_minimum_coordinates	True
SCGN	SCGN__PSC	SCGN__AIH	PSC	AIH	7558	6553	7445	6546	7452	0.87842190016103061	0.87842190016103061	6538	7419	6525	0.87796017222820233	False	False	False	False	False	True	different_minimum_coordinates	True
SCUBE1	SCUBE1__CIRR	SCUBE1__LIVER_FAT	CIRR	LIVER_FAT	6923	5845	6541	5835	6551	0.89070370935734999	0.89070370935734999	5838	6532	5828	0.89085906450626717	False	False	False	False	False	True	different_minimum_coordinates	True
SCUBE1	SCUBE1__CIRR	SCUBE1__NAFLD	CIRR	NAFLD	6923	5845	5285	5158	5972	0.86369725385130613	0.86369725385130613	5838	5285	5158	0.86471081307627828	False	False	False	False	False	True	different_minimum_coordinates	True
SCUBE1	SCUBE1__CIRR	SCUBE1__ALT	CIRR	ALT	6923	5845	6884	5841	6888	0.84799651567944256	0.84799651567944256	5838	6874	5834	0.84821168944460601	False	False	True	True	False	True	verified_shared_minimum_variant	True
SCUBE1	SCUBE1__CIRR	SCUBE1__AST	CIRR	AST	6923	5845	6804	5814	6835	0.85062179956108264	0.85062179956108264	5838	6792	5807	0.85109189506082372	False	False	False	False	False	True	different_minimum_coordinates	True
SCUBE1	SCUBE1__LIVER_FAT	SCUBE1__NAFLD	LIVER_FAT	NAFLD	6923	6541	5285	5282	6544	0.80715158924205377	0.80715158924205377	6532	5285	5282	0.80826319816373371	False	False	False	False	False	True	different_minimum_coordinates	True
SCUBE1	SCUBE1__LIVER_FAT	SCUBE1__ALT	LIVER_FAT	ALT	6923	6541	6884	6541	6884	0.95017431725740853	0.95017431725740853	6532	6874	6531	0.94996363636363634	False	False	True	True	False	True	verified_shared_minimum_variant	True
SCUBE1	SCUBE1__LIVER_FAT	SCUBE1__AST	LIVER_FAT	AST	6923	6541	6804	6476	6869	0.94278643179502108	0.94278643179502108	6532	6792	6465	0.94255722408514364	False	False	True	True	True	True	verified_shared_minimum_variant	True
SCUBE1	SCUBE1__NAFLD	SCUBE1__ALT	NAFLD	ALT	6923	5285	6884	5285	6884	0.76772225450319587	0.76772225450319587	5285	6874	5285	0.76883910386965382	False	False	True	True	False	True	verified_shared_minimum_variant	True
SCUBE1	SCUBE1__NAFLD	SCUBE1__AST	NAFLD	AST	6923	5285	6804	5270	6819	0.77284059246223791	0.77284059246223791	5285	6792	5270	0.77420302629645954	False	False	False	False	False	True	different_minimum_coordinates	True
SCUBE1	SCUBE1__ALT	SCUBE1__AST	ALT	AST	6923	6884	6804	6804	6884	0.98837884950610111	0.98837884950610111	6874	6792	6791	0.98778181818181821	False	False	True	True	False	True	verified_shared_minimum_variant	True
SERPINA10	SERPINA10__CIRR	SERPINA10__NAFLD	CIRR	NAFLD	7197	6192	5729	5619	6302	0.89162170739447799	0.89162170739447799	6188	5729	5619	0.89218799618926647	False	False	False	False	False	True	different_minimum_coordinates	True
SERPINA10	SERPINA10__CIRR	SERPINA10__ALT	CIRR	ALT	7197	6192	7168	6187	7173	0.86254008085877598	0.86254008085877598	6188	7153	6181	0.86326815642458099	False	False	True	True	True	True	verified_shared_minimum_variant	True
SERPINA10	SERPINA10__CIRR	SERPINA10__AST	CIRR	AST	7197	6192	7061	6159	7094	0.868198477586693	0.868198477586693	6188	7047	6154	0.86908628724756387	False	False	True	True	True	True	verified_shared_minimum_variant	True
SERPINA10	SERPINA10__CIRR	SERPINA10__ALP	CIRR	ALP	7197	6192	7170	6189	7173	0.86281890422417395	0.86281890422417395	6188	7157	6183	0.86330633901144926	False	False	True	True	True	True	verified_shared_minimum_variant	True
SERPINA10	SERPINA10__NAFLD	SERPINA10__ALT	NAFLD	ALT	7197	5729	7168	5728	7169	0.79899567582647513	0.79899567582647513	5729	7153	5728	0.800670953312832	False	False	False	False	False	True	different_minimum_coordinates	True
SERPINA10	SERPINA10__NAFLD	SERPINA10__AST	NAFLD	AST	7197	5729	7061	5715	7075	0.80777385159010606	0.80777385159010606	5729	7047	5715	0.80937544257187366	False	False	False	False	False	True	different_minimum_coordinates	True
SERPINA10	SERPINA10__NAFLD	SERPINA10__ALP	NAFLD	ALP	7197	5729	7170	5729	7170	0.79902370990237104	0.79902370990237104	5729	7157	5729	0.8004750593824228	False	False	False	False	False	True	different_minimum_coordinates	True
SERPINA10	SERPINA10__ALT	SERPINA10__AST	ALT	AST	7197	7168	7061	7060	7169	0.98479564792858143	0.98479564792858143	7153	7047	7043	0.98407153835405892	False	False	True	True	True	True	verified_shared_minimum_variant	True
SERPINA10	SERPINA10__ALT	SERPINA10__ALP	ALT	ALP	7197	7168	7170	7168	7170	0.99972105997210603	0.99972105997210603	7153	7157	7153	0.99944110660891439	False	False	True	True	True	True	verified_shared_minimum_variant	True
SERPINA10	SERPINA10__AST	SERPINA10__ALP	AST	ALP	7197	7061	7170	7061	7170	0.98479776847977685	0.98479776847977685	7047	7157	7045	0.98407598826651765	False	False	True	True	True	True	verified_shared_minimum_variant	True
SERPINA11	SERPINA11__CIRR	SERPINA11__NAFLD	CIRR	NAFLD	7423	6413	5964	5844	6533	0.89453543548140213	0.89453543548140213	6409	5964	5844	0.89508347373257768	False	False	False	False	False	True	different_minimum_coordinates	True
SERPINA11	SERPINA11__CIRR	SERPINA11__ALT	CIRR	ALT	7423	6413	7394	6407	7400	0.86581081081081079	0.86581081081081079	6409	7381	6402	0.86654033567948019	False	False	True	True	True	True	verified_shared_minimum_variant	True
SERPINA11	SERPINA11__CIRR	SERPINA11__AST	CIRR	AST	7423	6413	7272	6367	7318	0.87004646078163428	0.87004646078163428	6409	7258	6362	0.87091033538672147	False	False	True	True	True	True	verified_shared_minimum_variant	True
SERPINA11	SERPINA11__CIRR	SERPINA11__ALP	CIRR	ALP	7423	6413	7397	6410	7400	0.86621621621621625	0.86621621621621625	6409	7386	6405	0.8667117726657646	False	False	True	True	True	True	verified_shared_minimum_variant	True
SERPINA11	SERPINA11__NAFLD	SERPINA11__ALT	NAFLD	ALT	7423	5964	7394	5962	7396	0.80611141157382371	0.80611141157382371	5964	7381	5962	0.80753081403223625	False	False	False	False	False	True	different_minimum_coordinates	True
SERPINA11	SERPINA11__NAFLD	SERPINA11__AST	NAFLD	AST	7423	5964	7272	5939	7297	0.81389612169384684	0.81389612169384684	5964	7258	5939	0.81546066181518606	False	False	False	False	False	True	different_minimum_coordinates	True
SERPINA11	SERPINA11__NAFLD	SERPINA11__ALP	NAFLD	ALP	7423	5964	7397	5964	7397	0.80627281330269029	0.80627281330269029	5964	7386	5964	0.80747359870024371	False	False	False	False	False	True	different_minimum_coordinates	True
SERPINA11	SERPINA11__ALT	SERPINA11__AST	ALT	AST	7423	7394	7272	7270	7396	0.98296376419686315	0.98296376419686315	7381	7258	7254	0.98226134055517944	False	False	True	True	True	True	verified_shared_minimum_variant	True
SERPINA11	SERPINA11__ALT	SERPINA11__ALP	ALT	ALP	7423	7394	7397	7394	7397	0.99959443017439498	0.99959443017439498	7381	7386	7381	0.99932304359599244	False	False	True	True	True	True	verified_shared_minimum_variant	True
SERPINA11	SERPINA11__AST	SERPINA11__ALP	AST	ALP	7423	7272	7397	7272	7397	0.98310125726645936	0.98310125726645936	7258	7386	7257	0.98240151617706784	False	False	True	True	True	True	verified_shared_minimum_variant	True
SERPINA12	SERPINA12__CIRR	SERPINA12__NAFLD	CIRR	NAFLD	7588	6545	6099	5966	6678	0.89338125187181794	0.89338125187181794	6541	6099	5966	0.89391669163919685	False	False	False	False	False	True	different_minimum_coordinates	True
SERPINA12	SERPINA12__CIRR	SERPINA12__ALT	CIRR	ALT	7588	6545	7559	6539	7565	0.86437541308658294	0.86437541308658294	6541	7546	6534	0.86508672050840729	False	False	True	True	True	True	verified_shared_minimum_variant	True
SERPINA12	SERPINA12__CIRR	SERPINA12__AST	CIRR	AST	7588	6545	7435	6497	7483	0.8682346652412134	0.8682346652412134	6541	7421	6492	0.86907630522088353	False	False	True	True	True	True	verified_shared_minimum_variant	True
SERPINA12	SERPINA12__CIRR	SERPINA12__ALP	CIRR	ALP	7588	6545	7562	6542	7565	0.86477197620621282	0.86477197620621282	6541	7551	6537	0.86525479814692252	False	False	True	True	True	True	verified_shared_minimum_variant	True
SERPINA12	SERPINA12__NAFLD	SERPINA12__ALT	NAFLD	ALT	7588	6099	7559	6097	7561	0.80637481814574796	0.80637481814574796	6099	7546	6097	0.80776364599894013	False	False	False	False	False	True	different_minimum_coordinates	True
SERPINA12	SERPINA12__NAFLD	SERPINA12__AST	NAFLD	AST	7588	6099	7435	6072	7462	0.81372286250335035	0.81372286250335035	6099	7421	6072	0.8152524167561761	False	False	False	False	False	True	different_minimum_coordinates	True
SERPINA12	SERPINA12__NAFLD	SERPINA12__ALP	NAFLD	ALP	7588	6099	7562	6099	7562	0.80653266331658291	0.80653266331658291	6099	7551	6099	0.80770758839888757	False	False	False	False	False	True	different_minimum_coordinates	True
SERPINA12	SERPINA12__ALT	SERPINA12__AST	ALT	AST	7588	7559	7435	7433	7561	0.98307102235154076	0.98307102235154076	7546	7421	7417	0.98238410596026493	False	False	True	True	True	True	verified_shared_minimum_variant	True
SERPINA12	SERPINA12__ALT	SERPINA12__ALP	ALT	ALP	7588	7559	7562	7559	7562	0.99960327955567307	0.99960327955567307	7546	7551	7546	0.99933783604820559	False	False	True	True	True	True	verified_shared_minimum_variant	True
SERPINA12	SERPINA12__AST	SERPINA12__ALP	AST	ALP	7588	7435	7562	7435	7562	0.98320550119016137	0.98320550119016137	7421	7551	7420	0.98252118644067798	False	False	True	True	True	True	verified_shared_minimum_variant	True
SERPINA13P	SERPINA13P__CIRR	SERPINA13P__NAFLD	CIRR	NAFLD	7984	6902	6426	6281	7047	0.89130126294877254	0.89130126294877254	6896	6426	6281	0.89206078682005396	False	False	False	False	False	True	different_minimum_coordinates	True
SERPINA13P	SERPINA13P__CIRR	SERPINA13P__ALT	CIRR	ALT	7984	6902	7953	6895	7960	0.86620603015075381	0.86620603015075381	6896	7939	6889	0.86697709539390888	False	False	True	True	True	True	verified_shared_minimum_variant	True
SERPINA13P	SERPINA13P__CIRR	SERPINA13P__AST	CIRR	AST	7984	6902	7831	6854	7879	0.86990734864830566	0.86990734864830566	6896	7817	6848	0.87069294342021619	False	False	True	True	True	True	verified_shared_minimum_variant	True
SERPINA13P	SERPINA13P__CIRR	SERPINA13P__ALP	CIRR	ALP	7984	6902	7956	6898	7960	0.86658291457286429	0.86658291457286429	6896	7945	6892	0.86702729903132469	False	False	True	True	True	True	verified_shared_minimum_variant	True
SERPINA13P	SERPINA13P__NAFLD	SERPINA13P__ALT	NAFLD	ALT	7984	6426	7953	6424	7955	0.80754242614707727	0.80754242614707727	6426	7939	6424	0.80896612517315203	False	False	False	False	False	True	different_minimum_coordinates	True
SERPINA13P	SERPINA13P__NAFLD	SERPINA13P__AST	NAFLD	AST	7984	6426	7831	6398	7859	0.81409848581244437	0.81409848581244437	6426	7817	6398	0.81555130656469088	False	False	False	False	False	True	different_minimum_coordinates	True
SERPINA13P	SERPINA13P__NAFLD	SERPINA13P__ALP	NAFLD	ALP	7984	6426	7956	6426	7956	0.80769230769230771	0.80769230769230771	6426	7945	6426	0.80881057268722467	False	False	False	False	False	True	different_minimum_coordinates	True
SERPINA13P	SERPINA13P__ALT	SERPINA13P__AST	ALT	AST	7984	7953	7831	7829	7955	0.98416090509113763	0.98416090509113763	7939	7817	7812	0.9833836858006042	False	False	True	True	True	True	verified_shared_minimum_variant	True
SERPINA13P	SERPINA13P__ALT	SERPINA13P__ALP	ALT	ALP	7984	7953	7956	7953	7956	0.99962292609351433	0.99962292609351433	7939	7945	7939	0.99924480805538074	False	False	True	True	True	True	verified_shared_minimum_variant	True
SERPINA13P	SERPINA13P__AST	SERPINA13P__ALP	AST	ALP	7984	7831	7956	7831	7956	0.98428858722976365	0.98428858722976365	7817	7945	7816	0.983639567077775	False	False	True	True	True	True	verified_shared_minimum_variant	True
SERPINA2	SERPINA2__CIRR	SERPINA2__NAFLD	CIRR	NAFLD	7205	6211	5763	5647	6327	0.89252410305041885	0.89252410305041885	6207	5763	5647	0.89308872370710102	False	False	False	False	False	True	different_minimum_coordinates	True
SERPINA2	SERPINA2__CIRR	SERPINA2__ALT	CIRR	ALT	7205	6211	7176	6206	7181	0.86422503829550201	0.86422503829550201	6207	7161	6200	0.8649553571428571	False	False	True	True	True	True	verified_shared_minimum_variant	True
SERPINA2	SERPINA2__CIRR	SERPINA2__AST	CIRR	AST	7205	6211	7071	6180	7102	0.87017741481272881	0.87017741481272881	6207	7057	6175	0.87106785160107203	False	False	True	True	True	True	verified_shared_minimum_variant	True
SERPINA2	SERPINA2__CIRR	SERPINA2__ALP	CIRR	ALP	7205	6211	7178	6208	7181	0.86450355103746002	0.86450355103746002	6207	7165	6202	0.86499302649930265	False	False	True	True	True	True	verified_shared_minimum_variant	True
SERPINA2	SERPINA2__NAFLD	SERPINA2__ALT	NAFLD	ALT	7205	5763	7176	5762	7177	0.80284241326459527	0.80284241326459527	5763	7161	5762	0.80452387601228703	False	False	False	False	False	True	different_minimum_coordinates	True
SERPINA2	SERPINA2__NAFLD	SERPINA2__AST	NAFLD	AST	7205	5763	7071	5751	7083	0.81194409148665825	0.81194409148665825	5763	7057	5751	0.81355212901400475	False	False	False	False	False	True	different_minimum_coordinates	True
SERPINA2	SERPINA2__NAFLD	SERPINA2__ALP	NAFLD	ALP	7205	5763	7178	5763	7178	0.80286988018946781	0.80286988018946781	5763	7165	5763	0.80432658757850661	False	False	False	False	False	True	different_minimum_coordinates	True
SERPINA2	SERPINA2__ALT	SERPINA2__AST	ALT	AST	7205	7176	7071	7070	7177	0.98509126375923084	0.98509126375923084	7161	7057	7053	0.98436845778087922	False	False	True	True	True	True	verified_shared_minimum_variant	True
SERPINA2	SERPINA2__ALT	SERPINA2__ALP	ALT	ALP	7205	7176	7178	7176	7178	0.99972137085539148	0.99972137085539148	7161	7165	7161	0.99944173063503139	False	False	True	True	True	True	verified_shared_minimum_variant	True
SERPINA2	SERPINA2__AST	SERPINA2__ALP	AST	ALP	7205	7071	7178	7071	7178	0.9850933407634439	0.9850933407634439	7057	7165	7055	0.98437281986884329	False	False	True	True	True	True	verified_shared_minimum_variant	True
SERPINA3	SERPINA3__CIRR	SERPINA3__NAFLD	CIRR	NAFLD	7937	6859	6386	6241	7004	0.89106225014277551	0.89106225014277551	6854	6386	6241	0.89169881411630236	False	False	False	False	False	True	different_minimum_coordinates	True
SERPINA3	SERPINA3__CIRR	SERPINA3__ALT	CIRR	ALT	7937	6859	7906	6852	7913	0.86591684569695437	0.86591684569695437	6854	7893	6847	0.86670886075949372	False	False	True	True	True	True	verified_shared_minimum_variant	True
SERPINA3	SERPINA3__CIRR	SERPINA3__AST	CIRR	AST	7937	6859	7785	6811	7833	0.86952636282394991	0.86952636282394991	6854	7772	6806	0.8703324808184143	False	False	True	True	True	True	verified_shared_minimum_variant	True
SERPINA3	SERPINA3__CIRR	SERPINA3__ALP	CIRR	ALP	7937	6859	7909	6855	7913	0.86629596865916847	0.86629596865916847	6854	7899	6850	0.86675945843350621	False	False	True	True	True	True	verified_shared_minimum_variant	True
SERPINA3	SERPINA3__NAFLD	SERPINA3__ALT	NAFLD	ALT	7937	6386	7906	6384	7908	0.80728376327769347	0.80728376327769347	6386	7893	6384	0.80861304623179231	False	False	False	False	False	True	different_minimum_coordinates	True
SERPINA3	SERPINA3__NAFLD	SERPINA3__AST	NAFLD	AST	7937	6386	7785	6358	7813	0.81377191859720976	0.81377191859720976	6386	7772	6358	0.81512820512820516	False	False	False	False	False	True	different_minimum_coordinates	True
SERPINA3	SERPINA3__NAFLD	SERPINA3__ALP	NAFLD	ALP	7937	6386	7909	6386	7909	0.80743456821342774	0.80743456821342774	6386	7899	6386	0.80845676667932653	False	False	False	False	False	True	different_minimum_coordinates	True
SERPINA3	SERPINA3__ALT	SERPINA3__AST	ALT	AST	7937	7906	7785	7783	7908	0.98419322205361659	0.98419322205361659	7893	7772	7767	0.98341352241073687	False	False	True	True	True	True	verified_shared_minimum_variant	True
SERPINA3	SERPINA3__ALT	SERPINA3__ALP	ALT	ALP	7937	7906	7909	7906	7909	0.99962068529523329	0.99962068529523329	7893	7899	7893	0.99924041017850362	False	False	True	True	True	True	verified_shared_minimum_variant	True
SERPINA3	SERPINA3__AST	SERPINA3__ALP	AST	ALP	7937	7785	7909	7785	7909	0.98432165886964218	0.98432165886964218	7772	7899	7771	0.98367088607594932	False	False	True	True	True	True	verified_shared_minimum_variant	True
SERPINA4	SERPINA4__CIRR	SERPINA4__NAFLD	CIRR	NAFLD	7654	6605	6167	6024	6748	0.89270895080023716	0.89270895080023716	6600	6167	6024	0.89337090315883139	False	False	False	False	False	True	different_minimum_coordinates	True
SERPINA4	SERPINA4__CIRR	SERPINA4__ALT	CIRR	ALT	7654	6605	7624	6598	7631	0.86463110994627179	0.86463110994627179	6600	7611	6593	0.86545024940929383	False	False	True	True	True	True	verified_shared_minimum_variant	True
SERPINA4	SERPINA4__CIRR	SERPINA4__AST	CIRR	AST	7654	6605	7505	6556	7554	0.86788456446915541	0.86788456446915541	6600	7492	6551	0.86871767670070288	False	False	True	True	True	True	verified_shared_minimum_variant	True
SERPINA4	SERPINA4__CIRR	SERPINA4__ALP	CIRR	ALP	7654	6605	7627	6601	7631	0.86502424321845106	0.86502424321845106	6600	7617	6596	0.86550321480120718	False	False	True	True	True	True	verified_shared_minimum_variant	True
SERPINA4	SERPINA4__NAFLD	SERPINA4__ALT	NAFLD	ALT	7654	6167	7624	6165	7626	0.80841856805664836	0.80841856805664836	6167	7611	6165	0.80979902797845793	False	False	False	False	False	True	different_minimum_coordinates	True
SERPINA4	SERPINA4__NAFLD	SERPINA4__AST	NAFLD	AST	7654	6167	7505	6140	7532	0.81518852894317584	0.81518852894317584	6167	7492	6140	0.81659795185529993	False	False	False	False	False	True	different_minimum_coordinates	True
SERPINA4	SERPINA4__NAFLD	SERPINA4__ALP	NAFLD	ALP	7654	6167	7627	6167	7627	0.80857480005244531	0.80857480005244531	6167	7617	6167	0.80963633976631222	False	False	False	False	False	True	different_minimum_coordinates	True
SERPINA4	SERPINA4__ALT	SERPINA4__AST	ALT	AST	7654	7624	7505	7503	7626	0.9838709677419355	0.9838709677419355	7611	7492	7487	0.98306197478991597	False	False	True	True	True	True	verified_shared_minimum_variant	True
SERPINA4	SERPINA4__ALT	SERPINA4__ALP	ALT	ALP	7654	7624	7627	7624	7627	0.99960666054805292	0.99960666054805292	7611	7617	7611	0.99921228830248132	False	False	True	True	True	True	verified_shared_minimum_variant	True
SERPINA4	SERPINA4__AST	SERPINA4__ALP	AST	ALP	7654	7505	7627	7505	7627	0.98400419562082075	0.98400419562082075	7492	7617	7491	0.98332895773168816	False	False	True	True	True	True	verified_shared_minimum_variant	True
SERPINA5	SERPINA5__CIRR	SERPINA5__NAFLD	CIRR	NAFLD	7735	6676	6229	6086	6819	0.89250623258542305	0.89250623258542305	6671	6229	6086	0.8931611388318168	False	False	False	False	False	True	different_minimum_coordinates	True
SERPINA5	SERPINA5__CIRR	SERPINA5__ALT	CIRR	ALT	7735	6676	7703	6669	7710	0.86498054474708175	0.86498054474708175	6671	7690	6664	0.86579186696115373	False	False	True	True	True	True	verified_shared_minimum_variant	True
SERPINA5	SERPINA5__CIRR	SERPINA5__AST	CIRR	AST	7735	6676	7583	6627	7632	0.8683176100628931	0.8683176100628931	6671	7570	6622	0.86914293214332594	False	False	True	True	True	True	verified_shared_minimum_variant	True
SERPINA5	SERPINA5__CIRR	SERPINA5__ALP	CIRR	ALP	7735	6676	7706	6672	7710	0.86536964980544751	0.86536964980544751	6671	7696	6667	0.86584415584415586	False	False	True	True	True	True	verified_shared_minimum_variant	True
SERPINA5	SERPINA5__NAFLD	SERPINA5__ALT	NAFLD	ALT	7735	6229	7703	6227	7705	0.80817650876054514	0.80817650876054514	6229	7690	6227	0.80954238169526782	False	False	False	False	False	True	different_minimum_coordinates	True
SERPINA5	SERPINA5__NAFLD	SERPINA5__AST	NAFLD	AST	7735	6229	7583	6202	7610	0.81498028909329834	0.81498028909329834	6229	7570	6202	0.81637488482295639	False	False	False	False	False	True	different_minimum_coordinates	True
SERPINA5	SERPINA5__NAFLD	SERPINA5__ALP	NAFLD	ALP	7735	6229	7706	6229	7706	0.80833117051648062	0.80833117051648062	6229	7696	6229	0.80938149688149685	False	False	False	False	False	True	different_minimum_coordinates	True
SERPINA5	SERPINA5__ALT	SERPINA5__AST	ALT	AST	7735	7703	7583	7581	7705	0.98390655418559381	0.98390655418559381	7690	7570	7565	0.98310591293047433	False	False	True	True	True	True	verified_shared_minimum_variant	True
SERPINA5	SERPINA5__ALT	SERPINA5__ALP	ALT	ALP	7735	7703	7706	7703	7706	0.99961069296651961	0.99961069296651961	7690	7696	7690	0.99922037422037424	False	False	True	True	True	True	verified_shared_minimum_variant	True
SERPINA5	SERPINA5__AST	SERPINA5__ALP	AST	ALP	7735	7583	7706	7583	7706	0.98403841162730343	0.98403841162730343	7570	7696	7569	0.98337014421203062	False	False	True	True	True	True	verified_shared_minimum_variant	True
SERPINA6	SERPINA6__CIRR	SERPINA6__NAFLD	CIRR	NAFLD	7244	6243	5783	5670	6356	0.89207048458149785	0.89207048458149785	6239	5783	5670	0.89263224181360201	False	False	False	False	False	True	different_minimum_coordinates	True
SERPINA6	SERPINA6__CIRR	SERPINA6__ALT	CIRR	ALT	7244	6243	7215	6238	7220	0.86398891966759006	0.86398891966759006	6239	7200	6232	0.86471486055224089	False	False	True	True	True	True	verified_shared_minimum_variant	True
SERPINA6	SERPINA6__CIRR	SERPINA6__AST	CIRR	AST	7244	6243	7110	6211	7142	0.8696443573228787	0.8696443573228787	6239	7096	6206	0.8705288259222892	False	False	True	True	True	True	verified_shared_minimum_variant	True
SERPINA6	SERPINA6__CIRR	SERPINA6__ALP	CIRR	ALP	7244	6243	7217	6240	7220	0.8642659279778393	0.8642659279778393	6239	7204	6234	0.86475239284228045	False	False	True	True	True	True	verified_shared_minimum_variant	True
SERPINA6	SERPINA6__NAFLD	SERPINA6__ALT	NAFLD	ALT	7244	5783	7215	5782	7216	0.80127494456762749	0.80127494456762749	5783	7200	5782	0.802944035550618	False	False	False	False	False	True	different_minimum_coordinates	True
SERPINA6	SERPINA6__NAFLD	SERPINA6__AST	NAFLD	AST	7244	5783	7110	5770	7123	0.81005194440544714	0.81005194440544714	5783	7096	5770	0.81164720776480515	False	False	False	False	False	True	different_minimum_coordinates	True
SERPINA6	SERPINA6__NAFLD	SERPINA6__ALP	NAFLD	ALP	7244	5783	7217	5783	7217	0.80130248025495354	0.80130248025495354	5783	7204	5783	0.80274847307051633	False	False	False	False	False	True	different_minimum_coordinates	True
SERPINA6	SERPINA6__ALT	SERPINA6__AST	ALT	AST	7244	7215	7110	7109	7216	0.98517184035476724	0.98517184035476724	7200	7096	7092	0.9844530816213215	False	False	True	True	True	True	verified_shared_minimum_variant	True
SERPINA6	SERPINA6__ALT	SERPINA6__ALP	ALT	ALP	7244	7215	7217	7215	7217	0.99972287654149927	0.99972287654149927	7200	7204	7200	0.9994447529150472	False	False	True	True	True	True	verified_shared_minimum_variant	True
SERPINA6	SERPINA6__AST	SERPINA6__ALP	AST	ALP	7244	7110	7217	7110	7217	0.98517389497020924	0.98517389497020924	7096	7204	7094	0.98445739661393283	False	False	True	True	True	True	verified_shared_minimum_variant	True
SERPINA9	SERPINA9__CIRR	SERPINA9__NAFLD	CIRR	NAFLD	7468	6448	6003	5876	6575	0.89368821292775669	0.89368821292775669	6444	6003	5876	0.89423223253690454	False	False	False	False	False	True	different_minimum_coordinates	True
SERPINA9	SERPINA9__CIRR	SERPINA9__ALT	CIRR	ALT	7468	6448	7440	6442	7446	0.86516250335750744	0.86516250335750744	6444	7427	6437	0.86588646758138288	False	False	True	True	True	True	verified_shared_minimum_variant	True
SERPINA9	SERPINA9__CIRR	SERPINA9__AST	CIRR	AST	7468	6448	7318	6402	7364	0.86936447582835419	0.86936447582835419	6444	7304	6397	0.87022173853897433	False	False	True	True	True	True	verified_shared_minimum_variant	True
SERPINA9	SERPINA9__CIRR	SERPINA9__ALP	CIRR	ALP	7468	6448	7443	6445	7446	0.86556540424388939	0.86556540424388939	6444	7432	6440	0.86605701990317374	False	False	True	True	True	True	verified_shared_minimum_variant	True
SERPINA9	SERPINA9__NAFLD	SERPINA9__ALT	NAFLD	ALT	7468	6003	7440	6001	7442	0.80636925557645789	0.80636925557645789	6003	7427	6001	0.80778032036613268	False	False	False	False	False	True	different_minimum_coordinates	True
SERPINA9	SERPINA9__NAFLD	SERPINA9__AST	NAFLD	AST	7468	6003	7318	5978	7343	0.81410867492850336	0.81410867492850336	6003	7304	5978	0.81566380133715377	False	False	False	False	False	True	different_minimum_coordinates	True
SERPINA9	SERPINA9__NAFLD	SERPINA9__ALP	NAFLD	ALP	7468	6003	7443	6003	7443	0.80652962515114868	0.80652962515114868	6003	7432	6003	0.80772335844994614	False	False	False	False	False	True	different_minimum_coordinates	True
SERPINA9	SERPINA9__ALT	SERPINA9__AST	ALT	AST	7468	7440	7318	7316	7442	0.98306906745498523	0.98306906745498523	7427	7304	7300	0.98237114789395774	False	False	True	True	True	True	verified_shared_minimum_variant	True
SERPINA9	SERPINA9__ALT	SERPINA9__ALP	ALT	ALP	7468	7440	7443	7440	7443	0.99959693671906491	0.99959693671906491	7427	7432	7427	0.99932723358449949	False	False	True	True	True	True	verified_shared_minimum_variant	True
SERPINA9	SERPINA9__AST	SERPINA9__ALP	AST	ALP	7468	7318	7443	7318	7443	0.98320569662770385	0.98320569662770385	7304	7432	7303	0.98251042647652365	False	False	True	True	True	True	verified_shared_minimum_variant	True
SHISAL1	SHISAL1__CIRR	SHISAL1__LIVER_FAT	CIRR	LIVER_FAT	7432	6247	7048	6239	7056	0.88421201814058958	0.88421201814058958	6241	7035	6234	0.88525986935529677	False	False	False	False	False	True	different_minimum_coordinates	True
SHISAL1	SHISAL1__CIRR	SHISAL1__NAFLD	CIRR	NAFLD	7432	6247	5739	5549	6437	0.86204753767282893	0.86204753767282893	6241	5739	5549	0.8628518115378635	False	False	False	False	False	True	different_minimum_coordinates	True
SHISAL1	SHISAL1__CIRR	SHISAL1__ALT	CIRR	ALT	7432	6247	7393	6243	7397	0.84399080708395291	0.84399080708395291	6241	7379	6237	0.84477854530678587	False	False	True	True	False	True	verified_shared_minimum_variant	True
SHISAL1	SHISAL1__CIRR	SHISAL1__AST	CIRR	AST	7432	6247	7303	6219	7331	0.84831537307325056	0.84831537307325056	6241	7286	6213	0.84946677604593934	False	False	False	False	False	True	different_minimum_coordinates	True
SHISAL1	SHISAL1__LIVER_FAT	SHISAL1__NAFLD	LIVER_FAT	NAFLD	7432	7048	5739	5739	7048	0.81427355278093072	0.81427355278093072	7035	5739	5739	0.81577825159914708	False	False	False	False	False	True	different_minimum_coordinates	True
SHISAL1	SHISAL1__LIVER_FAT	SHISAL1__ALT	LIVER_FAT	ALT	7432	7048	7393	7048	7393	0.95333423508724469	0.95333423508724469	7035	7379	7034	0.9531165311653117	False	False	True	True	False	True	verified_shared_minimum_variant	True
SHISAL1	SHISAL1__LIVER_FAT	SHISAL1__AST	LIVER_FAT	AST	7432	7048	7303	6974	7377	0.94537074691609058	0.94537074691609058	7035	7286	6959	0.94525944036946485	False	False	True	True	True	True	verified_shared_minimum_variant	True
SHISAL1	SHISAL1__NAFLD	SHISAL1__ALT	NAFLD	ALT	7432	5739	7393	5739	7393	0.77627485459218182	0.77627485459218182	5739	7379	5739	0.77774766228486247	False	False	True	True	False	True	verified_shared_minimum_variant	True
SHISAL1	SHISAL1__NAFLD	SHISAL1__AST	NAFLD	AST	7432	5739	7303	5725	7317	0.78242449091157573	0.78242449091157573	5739	7286	5725	0.78424657534246578	False	False	False	False	False	True	different_minimum_coordinates	True
SHISAL1	SHISAL1__ALT	SHISAL1__AST	ALT	AST	7432	7393	7303	7303	7393	0.98782632219667255	0.98782632219667255	7379	7286	7286	0.98739666621493427	False	False	True	True	False	True	verified_shared_minimum_variant	True
SLC10A6	SLC10A6__CIRR	SLC10A6__ALT	CIRR	ALT	6255	5246	6215	5242	6219	0.84290078790802381	0.84290078790802381	5237	6203	5233	0.8430803931045594	False	False	False	False	False	True	different_minimum_coordinates	True
SLC10A6	SLC10A6__CIRR	SLC10A6__AST	CIRR	AST	6255	5246	6098	5216	6128	0.8511749347258486	0.8511749347258486	5237	6085	5210	0.85242146596858637	False	False	False	False	False	True	different_minimum_coordinates	True
SLC10A6	SLC10A6__CIRR	SLC10A6__BILI	CIRR	BILI	6255	5246	6063	5176	6133	0.84395891081037011	0.84395891081037011	5237	6050	5168	0.84458244811243666	False	False	False	False	False	True	different_minimum_coordinates	True
SLC10A6	SLC10A6__ALT	SLC10A6__AST	ALT	AST	6255	6215	6098	6098	6215	0.98117457763475457	0.98117457763475457	6203	6085	6085	0.98097694663872315	False	False	True	True	True	True	verified_shared_minimum_variant	True
SLC10A6	SLC10A6__ALT	SLC10A6__BILI	ALT	BILI	6255	6215	6063	6062	6216	0.97522522522522526	0.97522522522522526	6203	6050	6049	0.97501611863313986	False	False	False	False	False	True	different_minimum_coordinates	True
SLC10A6	SLC10A6__AST	SLC10A6__BILI	AST	BILI	6255	6098	6063	6043	6118	0.98774109186008496	0.98774109186008496	6085	6050	6029	0.98738945299705205	False	False	False	False	False	True	different_minimum_coordinates	True
SLC17A1	SLC17A1__CIRR	SLC17A1__ALP	CIRR	ALP	7500	6330	961	813	6478	0.12550169805495523	0.12550169805495523	6289	957	811	0.12602952602952602	False	False	False	False	False	True	different_minimum_coordinates	False
SLC17A1	SLC17A1__CIRR	SLC17A1__BILI	CIRR	BILI	7500	6330	7332	6297	7365	0.85498981670061103	0.85498981670061103	6289	7319	6261	0.85218456512862395	False	False	False	False	False	True	different_minimum_coordinates	True
SLC17A1	SLC17A1__CIRR	SLC17A1__PSC	CIRR	PSC	7500	6330	6393	5859	6864	0.85358391608391604	0.85358391608391604	6289	6378	5840	0.85542698110443827	False	False	False	False	False	True	different_minimum_coordinates	True
SLC17A1	SLC17A1__CIRR	SLC17A1__AIH	CIRR	AIH	7500	6330	7364	6318	7376	0.85656182212581344	0.85656182212581344	6289	7328	6274	0.85441917472422713	False	False	False	False	False	True	different_minimum_coordinates	True
SLC17A1	SLC17A1__ALP	SLC17A1__BILI	ALP	BILI	7500	961	7332	950	7343	0.12937491488492442	0.12937491488492442	957	7319	946	0.12905866302864938	False	False	False	False	False	True	different_minimum_coordinates	False
SLC17A1	SLC17A1__ALP	SLC17A1__PSC	ALP	PSC	7500	961	6393	794	6560	0.12103658536585366	0.12103658536585366	957	6378	790	0.12070282658517953	False	False	False	False	False	True	different_minimum_coordinates	False
SLC17A1	SLC17A1__ALP	SLC17A1__AIH	ALP	AIH	7500	961	7364	952	7373	0.12911976129119762	0.12911976129119762	957	7328	946	0.1289003951492029	False	False	False	False	False	True	different_minimum_coordinates	False
SLC17A1	SLC17A1__BILI	SLC17A1__PSC	BILI	PSC	7500	7332	6393	6366	7359	0.86506318793314307	0.86506318793314307	7319	6378	6353	0.8650599128540305	False	False	False	False	False	True	different_minimum_coordinates	True
SLC17A1	SLC17A1__BILI	SLC17A1__AIH	BILI	AIH	7500	7332	7364	7332	7364	0.99565453557848993	0.99565453557848993	7319	7328	7296	0.99251802475853623	False	False	False	False	False	True	different_minimum_coordinates	True
SLC17A1	SLC17A1__PSC	SLC17A1__AIH	PSC	AIH	7500	6393	7364	6384	7373	0.86586192865861933	0.86586192865861933	6378	7328	6359	0.86552334286103172	False	False	False	False	False	True	different_minimum_coordinates	True
SLC17A2	SLC17A2__CIRR	SLC17A2__ALP	CIRR	ALP	7405	6245	392	327	6310	0.051822503961965131	0.051822503961965131	6205	390	327	0.052169751116783666	False	False	False	False	False	True	different_minimum_coordinates	False
SLC17A2	SLC17A2__CIRR	SLC17A2__BILI	CIRR	BILI	7405	6245	7236	6209	7272	0.85382288228822878	0.85382288228822878	6205	7225	6174	0.85088202866593166	False	False	False	False	False	True	different_minimum_coordinates	True
SLC17A2	SLC17A2__CIRR	SLC17A2__PSC	CIRR	PSC	7405	6245	6132	5624	6753	0.83281504516511184	0.83281504516511184	6205	6119	5608	0.83502084574151281	False	False	False	False	False	True	different_minimum_coordinates	True
SLC17A2	SLC17A2__CIRR	SLC17A2__AIH	CIRR	AIH	7405	6245	7269	6233	7281	0.85606372750995741	0.85606372750995741	6205	7237	6189	0.85330208189714596	False	False	False	False	False	True	different_minimum_coordinates	True
SLC17A2	SLC17A2__ALP	SLC17A2__BILI	ALP	BILI	7405	392	7236	385	7243	0.053154770122877261	0.053154770122877261	390	7225	383	0.05295907079646018	False	False	False	False	False	True	different_minimum_coordinates	False
SLC17A2	SLC17A2__ALP	SLC17A2__PSC	ALP	PSC	7405	392	6132	332	6192	0.053617571059431525	0.053617571059431525	390	6119	330	0.053406700113286937	False	False	False	False	False	True	different_minimum_coordinates	False
SLC17A2	SLC17A2__ALP	SLC17A2__AIH	ALP	AIH	7405	392	7269	386	7275	0.053058419243986257	0.053058419243986257	390	7237	384	0.053016705784895764	False	False	False	False	False	True	different_minimum_coordinates	False
SLC17A2	SLC17A2__BILI	SLC17A2__PSC	BILI	PSC	7405	7236	6132	6103	7265	0.84005505849965589	0.84005505849965589	7225	6119	6092	0.84004412575841148	False	False	False	False	False	True	different_minimum_coordinates	True
SLC17A2	SLC17A2__BILI	SLC17A2__AIH	BILI	AIH	7405	7236	7269	7236	7269	0.99546017333883619	0.99546017333883619	7225	7237	7204	0.99255993386607877	False	False	False	False	False	True	different_minimum_coordinates	True
SLC17A2	SLC17A2__PSC	SLC17A2__AIH	PSC	AIH	7405	6132	7269	6123	7278	0.84130255564715584	0.84130255564715584	6119	7237	6100	0.84068357221609702	False	False	False	False	False	True	different_minimum_coordinates	True
SLC17A3	SLC17A3__CIRR	SLC17A3__ALP	CIRR	ALP	7335	6185	579	490	6274	0.078100095632770164	0.078100095632770164	6144	576	489	0.078478574867597503	False	False	False	False	False	True	different_minimum_coordinates	False
SLC17A3	SLC17A3__CIRR	SLC17A3__BILI	CIRR	BILI	7335	6185	7171	6151	7205	0.85371269951422624	0.85371269951422624	6144	7159	6115	0.85072342793544797	False	False	False	False	False	True	different_minimum_coordinates	True
SLC17A3	SLC17A3__CIRR	SLC17A3__PSC	CIRR	PSC	7335	6185	6180	5663	6702	0.84497165025365562	0.84497165025365562	6144	6167	5646	0.84711177794448611	False	False	False	False	False	True	different_minimum_coordinates	True
SLC17A3	SLC17A3__CIRR	SLC17A3__AIH	CIRR	AIH	7335	6185	7203	6173	7215	0.85557865557865553	0.85557865557865553	6144	7169	6128	0.85288796102992348	False	False	False	False	False	True	different_minimum_coordinates	True
SLC17A3	SLC17A3__ALP	SLC17A3__BILI	ALP	BILI	7335	579	7171	572	7178	0.079687935358038448	0.079687935358038448	576	7159	569	0.07940273513815238	False	False	False	False	False	True	different_minimum_coordinates	False
SLC17A3	SLC17A3__ALP	SLC17A3__PSC	ALP	PSC	7335	579	6180	492	6267	0.078506462422211584	0.078506462422211584	576	6167	490	0.078362386054693742	False	False	False	False	False	True	different_minimum_coordinates	False
SLC17A3	SLC17A3__ALP	SLC17A3__AIH	ALP	AIH	7335	579	7203	573	7209	0.079483978360382859	0.079483978360382859	576	7169	570	0.079442508710801399	False	False	False	False	False	True	different_minimum_coordinates	False
SLC17A3	SLC17A3__BILI	SLC17A3__PSC	BILI	PSC	7335	7171	6180	6152	7199	0.85456313376857895	0.85456313376857895	7159	6167	6141	0.85469728601252615	False	False	False	False	False	True	different_minimum_coordinates	True
SLC17A3	SLC17A3__BILI	SLC17A3__AIH	BILI	AIH	7335	7171	7203	7171	7203	0.9955574066361238	0.9955574066361238	7159	7169	7138	0.9927677329624478	False	False	False	False	False	True	different_minimum_coordinates	True
SLC17A3	SLC17A3__PSC	SLC17A3__AIH	PSC	AIH	7335	6180	7203	6171	7212	0.85565723793677206	0.85565723793677206	6167	7169	6148	0.85531441291040622	False	False	False	False	False	True	different_minimum_coordinates	True
SLC17A4	SLC17A4__CIRR	SLC17A4__ALP	CIRR	ALP	7387	6235	848	718	6365	0.11280439905734485	0.11280439905734485	6194	844	716	0.11325529895602657	False	False	False	False	False	True	different_minimum_coordinates	False
SLC17A4	SLC17A4__CIRR	SLC17A4__BILI	CIRR	BILI	7387	6235	7219	6202	7252	0.85521235521235517	0.85521235521235517	6194	7206	6166	0.85236383743433786	False	False	False	False	False	True	different_minimum_coordinates	True
SLC17A4	SLC17A4__CIRR	SLC17A4__PSC	CIRR	PSC	7387	6235	6296	5771	6760	0.85369822485207103	0.85369822485207103	6194	6281	5752	0.85557042986761866	False	False	False	False	False	True	different_minimum_coordinates	True
SLC17A4	SLC17A4__CIRR	SLC17A4__AIH	CIRR	AIH	7387	6235	7251	6223	7263	0.85680848134379728	0.85680848134379728	6194	7216	6179	0.85451528142718847	False	False	False	False	False	True	different_minimum_coordinates	True
SLC17A4	SLC17A4__ALP	SLC17A4__BILI	ALP	BILI	7387	848	7219	837	7230	0.11576763485477179	0.11576763485477179	844	7206	833	0.11542192046556742	False	False	False	False	False	True	different_minimum_coordinates	False
SLC17A4	SLC17A4__ALP	SLC17A4__PSC	ALP	PSC	7387	848	6296	697	6447	0.10811230029471072	0.10811230029471072	844	6281	693	0.10774253731343283	False	False	False	False	False	True	different_minimum_coordinates	False
SLC17A4	SLC17A4__ALP	SLC17A4__AIH	ALP	AIH	7387	848	7251	839	7260	0.11556473829201101	0.11556473829201101	844	7216	834	0.11541655134237476	False	False	False	False	False	True	different_minimum_coordinates	False
SLC17A4	SLC17A4__BILI	SLC17A4__PSC	BILI	PSC	7387	7219	6296	6269	7246	0.86516698868341158	0.86516698868341158	7206	6281	6256	0.8651638777485825	False	False	False	False	False	True	different_minimum_coordinates	True
SLC17A4	SLC17A4__BILI	SLC17A4__AIH	BILI	AIH	7387	7219	7251	7219	7251	0.99558681561163975	0.99558681561163975	7206	7216	7184	0.9925393755180989	False	False	False	False	False	True	different_minimum_coordinates	True
SLC17A4	SLC17A4__PSC	SLC17A4__AIH	PSC	AIH	7387	6296	7251	6287	7260	0.86597796143250694	0.86597796143250694	6281	7216	6263	0.86577273983964609	False	False	False	False	False	True	different_minimum_coordinates	True
SLC25A42	SLC25A42__CIRR	SLC25A42__LIVER_FAT	CIRR	LIVER_FAT	3863	3222	3647	3221	3648	0.88294956140350878	0.88294956140350878	3221	3640	3219	0.88385502471169686	False	False	False	False	False	True	different_minimum_coordinates	True
SLC25A42	SLC25A42__CIRR	SLC25A42__NAFLD	CIRR	NAFLD	3863	3222	2823	2763	3282	0.84186471663619744	0.84186471663619744	3221	2823	2763	0.84212130448034139	False	False	False	False	False	True	different_minimum_coordinates	True
SLC25A42	SLC25A42__CIRR	SLC25A42__ALT	CIRR	ALT	3863	3222	3848	3222	3848	0.83731808731808732	0.83731808731808732	3221	3840	3221	0.83880208333333328	False	False	False	False	False	True	different_minimum_coordinates	True
SLC25A42	SLC25A42__CIRR	SLC25A42__AST	CIRR	AST	3863	3222	3821	3215	3828	0.83986415882967602	0.83986415882967602	3221	3813	3214	0.84136125654450267	False	False	False	False	False	True	different_minimum_coordinates	True
SLC25A42	SLC25A42__CIRR	SLC25A42__ALP	CIRR	ALP	3863	3222	3848	3222	3848	0.83731808731808732	0.83731808731808732	3221	3839	3221	0.83902057827559262	False	False	False	False	False	True	different_minimum_coordinates	True
SLC25A42	SLC25A42__CIRR	SLC25A42__BILI	CIRR	BILI	3863	3222	3822	3214	3830	0.83916449086161882	0.83916449086161882	3221	3813	3213	0.84087935095524735	False	False	False	False	False	True	different_minimum_coordinates	True
SLC25A42	SLC25A42__LIVER_FAT	SLC25A42__NAFLD	LIVER_FAT	NAFLD	3863	3647	2823	2823	3647	0.77406087194954754	0.77406087194954754	3640	2823	2823	0.77554945054945057	False	False	False	False	False	True	different_minimum_coordinates	True
SLC25A42	SLC25A42__LIVER_FAT	SLC25A42__ALT	LIVER_FAT	ALT	3863	3647	3848	3647	3848	0.94776507276507271	0.94776507276507271	3640	3840	3639	0.94740952876854989	False	False	True	True	True	True	verified_shared_minimum_variant	True
SLC25A42	SLC25A42__LIVER_FAT	SLC25A42__AST	LIVER_FAT	AST	3863	3647	3821	3626	3842	0.94377928162415403	0.94377928162415403	3640	3813	3619	0.94392279603547213	False	False	False	False	False	True	different_minimum_coordinates	True
SLC25A42	SLC25A42__LIVER_FAT	SLC25A42__ALP	LIVER_FAT	ALP	3863	3647	3848	3647	3848	0.94776507276507271	0.94776507276507271	3640	3839	3639	0.94765624999999998	False	False	False	False	False	True	different_minimum_coordinates	True
SLC25A42	SLC25A42__LIVER_FAT	SLC25A42__BILI	LIVER_FAT	BILI	3863	3647	3822	3626	3843	0.9435336976320583	0.9435336976320583	3640	3813	3618	0.94341590612777049	False	False	True	True	True	True	verified_shared_minimum_variant	True
SLC25A42	SLC25A42__NAFLD	SLC25A42__ALT	NAFLD	ALT	3863	2823	3848	2823	3848	0.73362785862785862	0.73362785862785862	2823	3840	2823	0.73515624999999996	False	False	False	False	False	True	different_minimum_coordinates	True
SLC25A42	SLC25A42__NAFLD	SLC25A42__AST	NAFLD	AST	3863	2823	3821	2823	3821	0.73881182936404077	0.73881182936404077	2823	3813	2823	0.74036191974822974	False	False	False	False	False	True	different_minimum_coordinates	True
SLC25A42	SLC25A42__NAFLD	SLC25A42__ALP	NAFLD	ALP	3863	2823	3848	2823	3848	0.73362785862785862	0.73362785862785862	2823	3839	2823	0.73534774680906489	False	False	False	False	False	True	different_minimum_coordinates	True
SLC25A42	SLC25A42__NAFLD	SLC25A42__BILI	NAFLD	BILI	3863	2823	3822	2822	3823	0.73816374574941146	0.73816374574941146	2823	3813	2822	0.7399056109071841	False	False	False	False	False	True	different_minimum_coordinates	True
SLC25A42	SLC25A42__ALT	SLC25A42__AST	ALT	AST	3863	3848	3821	3821	3848	0.99298336798336795	0.99298336798336795	3840	3813	3812	0.99244988284300961	False	False	False	False	False	True	different_minimum_coordinates	True
SLC25A42	SLC25A42__ALT	SLC25A42__ALP	ALT	ALP	3863	3848	3848	3848	3848	1	1	3840	3839	3839	0.99973958333333335	True	False	False	False	False	True	different_minimum_coordinates	True
SLC25A42	SLC25A42__ALT	SLC25A42__BILI	ALT	BILI	3863	3848	3822	3822	3848	0.9932432432432432	0.9932432432432432	3840	3813	3813	0.99296874999999996	False	False	True	True	True	True	verified_shared_minimum_variant	True
SLC25A42	SLC25A42__AST	SLC25A42__ALP	AST	ALP	3863	3821	3848	3821	3848	0.99298336798336795	0.99298336798336795	3813	3839	3812	0.9927083333333333	False	False	False	False	False	True	different_minimum_coordinates	True
SLC25A42	SLC25A42__AST	SLC25A42__BILI	AST	BILI	3863	3821	3822	3820	3823	0.9992152759612869	0.9992152759612869	3813	3813	3811	0.99895150720838799	False	False	False	False	False	True	different_minimum_coordinates	True
SLC25A42	SLC25A42__ALP	SLC25A42__BILI	ALP	BILI	3863	3848	3822	3822	3848	0.9932432432432432	0.9932432432432432	3839	3813	3813	0.99322740296952328	False	False	False	False	False	True	different_minimum_coordinates	True
SLC30A3	SLC30A3__LIVER_FAT	SLC30A3__NAFLD	LIVER_FAT	NAFLD	3928	3666	2903	2903	3666	0.79187124931805786	0.79187124931805786	3664	2903	2903	0.79230349344978168	False	False	False	False	False	True	different_minimum_coordinates	True
SLC30A3	SLC30A3__LIVER_FAT	SLC30A3__GGT	LIVER_FAT	GGT	3928	3666	3909	3666	3909	0.93783576362240983	0.93783576362240983	3664	3906	3664	0.9380440348182284	False	False	False	False	False	True	different_minimum_coordinates	True
SLC30A3	SLC30A3__LIVER_FAT	SLC30A3__ALP	LIVER_FAT	ALP	3928	3666	3909	3666	3909	0.93783576362240983	0.93783576362240983	3664	3906	3664	0.9380440348182284	False	False	False	False	False	True	different_minimum_coordinates	True
SLC30A3	SLC30A3__NAFLD	SLC30A3__GGT	NAFLD	GGT	3928	2903	3909	2903	3909	0.74264517779483241	0.74264517779483241	2903	3906	2903	0.74321556579621095	False	False	False	False	False	True	different_minimum_coordinates	True
SLC30A3	SLC30A3__NAFLD	SLC30A3__ALP	NAFLD	ALP	3928	2903	3909	2903	3909	0.74264517779483241	0.74264517779483241	2903	3906	2903	0.74321556579621095	False	False	False	False	False	True	different_minimum_coordinates	True
SLC30A3	SLC30A3__GGT	SLC30A3__ALP	GGT	ALP	3928	3909	3909	3909	3909	1	1	3906	3906	3906	1	True	True	True	True	True	True	verified_shared_minimum_variant	True
SLC35F6	SLC35F6__LIVER_FAT	SLC35F6__NAFLD	LIVER_FAT	NAFLD	4083	3800	2944	2944	3800	0.77473684210526317	0.77473684210526317	3796	2944	2944	0.77555321390937826	False	False	False	False	False	True	different_minimum_coordinates	True
SLC35F6	SLC35F6__LIVER_FAT	SLC35F6__GGT	LIVER_FAT	GGT	4083	3800	4059	3800	4059	0.93619118009361912	0.93619118009361912	3796	4054	3795	0.93588162762022198	False	False	False	False	False	True	different_minimum_coordinates	True
SLC35F6	SLC35F6__LIVER_FAT	SLC35F6__ALP	LIVER_FAT	ALP	4083	3800	4059	3800	4059	0.93619118009361912	0.93619118009361912	3796	4054	3795	0.93588162762022198	False	False	False	False	False	True	different_minimum_coordinates	True
SLC35F6	SLC35F6__NAFLD	SLC35F6__GGT	NAFLD	GGT	4083	2944	4059	2944	4059	0.72530179847253018	0.72530179847253018	2944	4054	2944	0.72619634928465715	False	False	False	False	False	True	different_minimum_coordinates	True
SLC35F6	SLC35F6__NAFLD	SLC35F6__ALP	NAFLD	ALP	4083	2944	4059	2944	4059	0.72530179847253018	0.72530179847253018	2944	4054	2944	0.72619634928465715	False	False	False	False	False	True	different_minimum_coordinates	True
SLC35F6	SLC35F6__GGT	SLC35F6__ALP	GGT	ALP	4083	4059	4059	4059	4059	1	1	4054	4054	4054	1	True	True	True	True	True	True	verified_shared_minimum_variant	True
SLC4A1AP	SLC4A1AP__LIVER_FAT	SLC4A1AP__NAFLD	LIVER_FAT	NAFLD	4234	3963	3168	3168	3963	0.79939439818319458	0.79939439818319458	3959	3168	3168	0.80020207123010856	False	False	False	False	False	True	different_minimum_coordinates	True
SLC4A1AP	SLC4A1AP__LIVER_FAT	SLC4A1AP__GGT	LIVER_FAT	GGT	4234	3963	4215	3963	4215	0.94021352313167261	0.94021352313167261	3959	4209	3959	0.94060346875742462	False	False	False	False	False	True	different_minimum_coordinates	True
SLC4A1AP	SLC4A1AP__LIVER_FAT	SLC4A1AP__ALP	LIVER_FAT	ALP	4234	3963	4215	3963	4215	0.94021352313167261	0.94021352313167261	3959	4209	3959	0.94060346875742462	False	False	False	False	False	True	different_minimum_coordinates	True
SLC4A1AP	SLC4A1AP__NAFLD	SLC4A1AP__GGT	NAFLD	GGT	4234	3168	4215	3168	4215	0.75160142348754444	0.75160142348754444	3168	4209	3168	0.75267284390591593	False	False	False	False	False	True	different_minimum_coordinates	True
SLC4A1AP	SLC4A1AP__NAFLD	SLC4A1AP__ALP	NAFLD	ALP	4234	3168	4215	3168	4215	0.75160142348754444	0.75160142348754444	3168	4209	3168	0.75267284390591593	False	False	False	False	False	True	different_minimum_coordinates	True
SLC4A1AP	SLC4A1AP__GGT	SLC4A1AP__ALP	GGT	ALP	4234	4215	4215	4215	4215	1	1	4209	4209	4209	1	True	True	True	True	True	True	verified_shared_minimum_variant	True
SLC5A6	SLC5A6__LIVER_FAT	SLC5A6__NAFLD	LIVER_FAT	NAFLD	3866	3611	2858	2858	3611	0.79147050678482411	0.79147050678482411	3609	2858	2858	0.79190911609864223	False	False	False	False	False	True	different_minimum_coordinates	True
SLC5A6	SLC5A6__LIVER_FAT	SLC5A6__GGT	LIVER_FAT	GGT	3866	3611	3847	3611	3847	0.93865349623082917	0.93865349623082917	3609	3844	3609	0.93886576482830386	False	False	False	False	False	True	different_minimum_coordinates	True
SLC5A6	SLC5A6__LIVER_FAT	SLC5A6__ALP	LIVER_FAT	ALP	3866	3611	3847	3611	3847	0.93865349623082917	0.93865349623082917	3609	3844	3609	0.93886576482830386	False	False	False	False	False	True	different_minimum_coordinates	True
SLC5A6	SLC5A6__NAFLD	SLC5A6__GGT	NAFLD	GGT	3866	2858	3847	2858	3847	0.74291655835716142	0.74291655835716142	2858	3844	2858	0.74349635796045788	False	False	False	False	False	True	different_minimum_coordinates	True
SLC5A6	SLC5A6__NAFLD	SLC5A6__ALP	NAFLD	ALP	3866	2858	3847	2858	3847	0.74291655835716142	0.74291655835716142	2858	3844	2858	0.74349635796045788	False	False	False	False	False	True	different_minimum_coordinates	True
SLC5A6	SLC5A6__GGT	SLC5A6__ALP	GGT	ALP	3866	3847	3847	3847	3847	1	1	3844	3844	3844	1	True	True	True	True	True	True	verified_shared_minimum_variant	True
SNX17	SNX17__LIVER_FAT	SNX17__NAFLD	LIVER_FAT	NAFLD	3894	3640	2898	2898	3640	0.7961538461538461	0.7961538461538461	3639	2898	2898	0.79637262984336354	False	False	False	False	False	True	different_minimum_coordinates	True
SNX17	SNX17__LIVER_FAT	SNX17__GGT	LIVER_FAT	GGT	3894	3640	3876	3640	3876	0.9391124871001032	0.9391124871001032	3639	3874	3639	0.93933918430562724	False	False	False	False	False	True	different_minimum_coordinates	True
SNX17	SNX17__LIVER_FAT	SNX17__ALP	LIVER_FAT	ALP	3894	3640	3876	3640	3876	0.9391124871001032	0.9391124871001032	3639	3874	3639	0.93933918430562724	False	False	False	False	False	True	different_minimum_coordinates	True
SNX17	SNX17__NAFLD	SNX17__GGT	NAFLD	GGT	3894	2898	3876	2898	3876	0.74767801857585137	0.74767801857585137	2898	3874	2898	0.74806401652039234	False	False	False	False	False	True	different_minimum_coordinates	True
SNX17	SNX17__NAFLD	SNX17__ALP	NAFLD	ALP	3894	2898	3876	2898	3876	0.74767801857585137	0.74767801857585137	2898	3874	2898	0.74806401652039234	False	False	False	False	False	True	different_minimum_coordinates	True
SNX17	SNX17__GGT	SNX17__ALP	GGT	ALP	3894	3876	3876	3876	3876	1	1	3874	3874	3874	1	True	True	True	True	True	True	verified_shared_minimum_variant	True
SPARCL1	SPARCL1__CIRR	SPARCL1__ALT	CIRR	ALT	6357	5283	6330	5281	6332	0.83401768793430198	0.83401768793430198	5274	6320	5272	0.83391331857007278	False	False	False	False	False	True	different_minimum_coordinates	True
SPARCL1	SPARCL1__CIRR	SPARCL1__AST	CIRR	AST	6357	5283	6176	5246	6213	0.84435860292934173	0.84435860292934173	5274	6165	5240	0.8452976286497822	False	False	False	False	False	True	different_minimum_coordinates	True
SPARCL1	SPARCL1__CIRR	SPARCL1__BILI	CIRR	BILI	6357	5283	6204	5249	6238	0.84145559474190446	0.84145559474190446	5274	6195	5241	0.84152215799614638	False	False	False	False	False	True	different_minimum_coordinates	True
SPARCL1	SPARCL1__ALT	SPARCL1__AST	ALT	AST	6357	6330	6176	6176	6330	0.9756714060031596	0.9756714060031596	6320	6165	6165	0.97547468354430378	False	False	True	True	True	True	verified_shared_minimum_variant	True
SPARCL1	SPARCL1__ALT	SPARCL1__BILI	ALT	BILI	6357	6330	6204	6203	6331	0.97978202495656297	0.97978202495656297	6320	6195	6192	0.97928198639886133	False	False	False	False	False	True	different_minimum_coordinates	True
SPARCL1	SPARCL1__AST	SPARCL1__BILI	AST	BILI	6357	6176	6204	6155	6225	0.98875502008032123	0.98875502008032123	6165	6195	6143	0.98809715296766931	False	False	False	False	False	True	different_minimum_coordinates	True
SPP1	SPP1__CIRR	SPP1__ALT	CIRR	ALT	6250	5167	6222	5163	6226	0.82926437520077101	0.82926437520077101	5158	6210	5153	0.8291230893000805	False	False	False	False	False	True	different_minimum_coordinates	True
SPP1	SPP1__CIRR	SPP1__AST	CIRR	AST	6250	5167	6064	5123	6108	0.8387360838244925	0.8387360838244925	5158	6051	5116	0.83965205974068602	False	False	False	False	False	True	different_minimum_coordinates	True
SPP1	SPP1__CIRR	SPP1__BILI	CIRR	BILI	6250	5167	6099	5133	6133	0.83694766019892386	0.83694766019892386	5158	6088	5124	0.83698137863443323	False	False	False	False	False	True	different_minimum_coordinates	True
SPP1	SPP1__ALT	SPP1__AST	ALT	AST	6250	6222	6064	6064	6222	0.9746062359369978	0.9746062359369978	6210	6051	6049	0.97376046361880231	False	False	True	True	True	True	verified_shared_minimum_variant	True
SPP1	SPP1__ALT	SPP1__BILI	ALT	BILI	6250	6222	6099	6097	6224	0.97959511568123392	0.97959511568123392	6210	6088	6083	0.9787610619469026	False	False	False	False	False	True	different_minimum_coordinates	True
SPP1	SPP1__AST	SPP1__BILI	AST	BILI	6250	6064	6099	6046	6117	0.98839300310609779	0.98839300310609779	6051	6088	6031	0.98739358218729534	False	False	False	False	False	True	different_minimum_coordinates	True
SSBP4	SSBP4__CIRR	SSBP4__LIVER_FAT	CIRR	LIVER_FAT	2757	2316	2603	2315	2604	0.88901689708141318	0.88901689708141318	2314	2599	2313	0.88961538461538459	False	False	False	False	False	True	different_minimum_coordinates	True
SSBP4	SSBP4__CIRR	SSBP4__NAFLD	CIRR	NAFLD	2757	2316	2015	1975	2356	0.8382852292020373	0.8382852292020373	2314	2015	1975	0.83899745114698387	False	False	False	False	False	True	different_minimum_coordinates	True
SSBP4	SSBP4__CIRR	SSBP4__ALT	CIRR	ALT	2757	2316	2744	2316	2744	0.8440233236151603	0.8440233236151603	2314	2736	2314	0.8457602339181286	False	False	False	False	False	True	different_minimum_coordinates	True
SSBP4	SSBP4__CIRR	SSBP4__AST	CIRR	AST	2757	2316	2714	2309	2721	0.84858507901506797	0.84858507901506797	2314	2708	2307	0.84972375690607738	False	False	False	False	False	True	different_minimum_coordinates	True
SSBP4	SSBP4__CIRR	SSBP4__ALP	CIRR	ALP	2757	2316	2744	2316	2744	0.8440233236151603	0.8440233236151603	2314	2736	2314	0.8457602339181286	False	False	False	False	False	True	different_minimum_coordinates	True
SSBP4	SSBP4__CIRR	SSBP4__BILI	CIRR	BILI	2757	2316	2719	2312	2723	0.84906353286816016	0.84906353286816016	2314	2712	2310	0.85051546391752575	False	False	False	False	False	True	different_minimum_coordinates	True
SSBP4	SSBP4__LIVER_FAT	SSBP4__NAFLD	LIVER_FAT	NAFLD	2757	2603	2015	2015	2603	0.77410679984633113	0.77410679984633113	2599	2015	2015	0.77529819161215852	False	False	False	False	False	True	different_minimum_coordinates	True
SSBP4	SSBP4__LIVER_FAT	SSBP4__ALT	LIVER_FAT	ALT	2757	2603	2744	2603	2744	0.94861516034985427	0.94861516034985427	2599	2736	2598	0.94921446839605406	False	False	True	True	True	True	verified_shared_minimum_variant	True
SSBP4	SSBP4__LIVER_FAT	SSBP4__AST	LIVER_FAT	AST	2757	2603	2714	2583	2734	0.94476956839795168	0.94476956839795168	2599	2708	2579	0.9453812316715543	False	False	False	False	False	True	different_minimum_coordinates	True
SSBP4	SSBP4__LIVER_FAT	SSBP4__ALP	LIVER_FAT	ALP	2757	2603	2744	2603	2744	0.94861516034985427	0.94861516034985427	2599	2736	2598	0.94921446839605406	False	False	False	False	False	True	different_minimum_coordinates	True
SSBP4	SSBP4__LIVER_FAT	SSBP4__BILI	LIVER_FAT	BILI	2757	2603	2719	2586	2736	0.94517543859649122	0.94517543859649122	2599	2712	2581	0.94542124542124539	False	False	True	True	True	True	verified_shared_minimum_variant	True
SSBP4	SSBP4__NAFLD	SSBP4__ALT	NAFLD	ALT	2757	2015	2744	2015	2744	0.73432944606413997	0.73432944606413997	2015	2736	2015	0.73647660818713445	False	False	False	False	False	True	different_minimum_coordinates	True
SSBP4	SSBP4__NAFLD	SSBP4__AST	NAFLD	AST	2757	2015	2714	2015	2714	0.74244657332350772	0.74244657332350772	2015	2708	2015	0.74409158050221569	False	False	False	False	False	True	different_minimum_coordinates	True
SSBP4	SSBP4__NAFLD	SSBP4__ALP	NAFLD	ALP	2757	2015	2744	2015	2744	0.73432944606413997	0.73432944606413997	2015	2736	2015	0.73647660818713445	False	False	False	False	False	True	different_minimum_coordinates	True
SSBP4	SSBP4__NAFLD	SSBP4__BILI	NAFLD	BILI	2757	2015	2719	2015	2719	0.74108127988230965	0.74108127988230965	2015	2712	2015	0.74299410029498525	False	False	False	False	False	True	different_minimum_coordinates	True
SSBP4	SSBP4__ALT	SSBP4__AST	ALT	AST	2757	2744	2714	2714	2744	0.98906705539358597	0.98906705539358597	2736	2708	2706	0.98831263696128557	False	False	False	False	False	True	different_minimum_coordinates	True
SSBP4	SSBP4__ALT	SSBP4__ALP	ALT	ALP	2757	2744	2744	2744	2744	1	1	2736	2736	2736	1	True	True	False	False	False	True	different_minimum_coordinates	True
SSBP4	SSBP4__ALT	SSBP4__BILI	ALT	BILI	2757	2744	2719	2718	2745	0.99016393442622952	0.99016393442622952	2736	2712	2710	0.98977355734112493	False	False	True	True	True	True	verified_shared_minimum_variant	True
SSBP4	SSBP4__AST	SSBP4__ALP	AST	ALP	2757	2714	2744	2714	2744	0.98906705539358597	0.98906705539358597	2708	2736	2706	0.98831263696128557	False	False	False	False	False	True	different_minimum_coordinates	True
SSBP4	SSBP4__AST	SSBP4__BILI	AST	BILI	2757	2714	2719	2714	2719	0.99816108863552777	0.99816108863552777	2708	2712	2707	0.99778842609657203	False	False	False	False	False	True	different_minimum_coordinates	True
SSBP4	SSBP4__ALP	SSBP4__BILI	ALP	BILI	2757	2744	2719	2718	2745	0.99016393442622952	0.99016393442622952	2736	2712	2710	0.98977355734112493	False	False	False	False	False	True	different_minimum_coordinates	True
SUGP2	SUGP2__CIRR	SUGP2__LIVER_FAT	CIRR	LIVER_FAT	3697	3098	3483	3097	3484	0.88892078071182545	0.88892078071182545	3097	3476	3095	0.88987924094307069	False	False	False	False	False	True	different_minimum_coordinates	True
SUGP2	SUGP2__CIRR	SUGP2__NAFLD	CIRR	NAFLD	3697	3098	2719	2667	3150	0.84666666666666668	0.84666666666666668	3097	2719	2667	0.8469355350905049	False	False	False	False	False	True	different_minimum_coordinates	True
SUGP2	SUGP2__CIRR	SUGP2__ALT	CIRR	ALT	3697	3098	3679	3098	3679	0.84207665126393039	0.84207665126393039	3097	3671	3097	0.84363933533097246	False	False	False	False	False	True	different_minimum_coordinates	True
SUGP2	SUGP2__CIRR	SUGP2__AST	CIRR	AST	3697	3098	3653	3091	3660	0.84453551912568303	0.84453551912568303	3097	3645	3090	0.84611171960569553	False	False	False	False	False	True	different_minimum_coordinates	True
SUGP2	SUGP2__CIRR	SUGP2__ALP	CIRR	ALP	3697	3098	3679	3098	3679	0.84207665126393039	0.84207665126393039	3097	3670	3097	0.84386920980926428	False	False	False	False	False	True	different_minimum_coordinates	True
SUGP2	SUGP2__CIRR	SUGP2__BILI	CIRR	BILI	3697	3098	3655	3090	3663	0.84357084357084355	0.84357084357084355	3097	3646	3089	0.84537493158182808	False	False	False	False	False	True	different_minimum_coordinates	True
SUGP2	SUGP2__LIVER_FAT	SUGP2__NAFLD	LIVER_FAT	NAFLD	3697	3483	2719	2719	3483	0.78064886592018379	0.78064886592018379	3476	2719	2719	0.78222094361334871	False	False	False	False	False	True	different_minimum_coordinates	True
SUGP2	SUGP2__LIVER_FAT	SUGP2__ALT	LIVER_FAT	ALT	3697	3483	3679	3483	3679	0.94672465343843437	0.94672465343843437	3476	3671	3475	0.94635076252723316	False	False	True	True	True	True	verified_shared_minimum_variant	True
SUGP2	SUGP2__LIVER_FAT	SUGP2__AST	LIVER_FAT	AST	3697	3483	3653	3463	3673	0.94282602777021507	0.94282602777021507	3476	3645	3456	0.94297407912687581	False	False	False	False	False	True	different_minimum_coordinates	True
SUGP2	SUGP2__LIVER_FAT	SUGP2__ALP	LIVER_FAT	ALP	3697	3483	3679	3483	3679	0.94672465343843437	0.94672465343843437	3476	3670	3475	0.94660855352764917	False	False	False	False	False	True	different_minimum_coordinates	True
SUGP2	SUGP2__LIVER_FAT	SUGP2__BILI	LIVER_FAT	BILI	3697	3483	3655	3463	3675	0.94231292517006804	0.94231292517006804	3476	3646	3455	0.94218707390237255	False	False	True	True	True	True	verified_shared_minimum_variant	True
SUGP2	SUGP2__NAFLD	SUGP2__ALT	NAFLD	ALT	3697	2719	3679	2719	3679	0.73905952704539279	0.73905952704539279	2719	3671	2719	0.74067011713429587	False	False	False	False	False	True	different_minimum_coordinates	True
SUGP2	SUGP2__NAFLD	SUGP2__AST	NAFLD	AST	3697	2719	3653	2719	3653	0.74431973720229949	0.74431973720229949	2719	3645	2719	0.74595336076817553	False	False	False	False	False	True	different_minimum_coordinates	True
SUGP2	SUGP2__NAFLD	SUGP2__ALP	NAFLD	ALP	3697	2719	3679	2719	3679	0.73905952704539279	0.73905952704539279	2719	3670	2719	0.74087193460490464	False	False	False	False	False	True	different_minimum_coordinates	True
SUGP2	SUGP2__NAFLD	SUGP2__BILI	NAFLD	BILI	3697	2719	3655	2718	3656	0.74343544857768051	0.74343544857768051	2719	3646	2718	0.74527008500137104	False	False	False	False	False	True	different_minimum_coordinates	True
SUGP2	SUGP2__ALT	SUGP2__AST	ALT	AST	3697	3679	3653	3653	3679	0.99293286219081267	0.99293286219081267	3671	3645	3644	0.99237472766884527	False	False	False	False	False	True	different_minimum_coordinates	True
SUGP2	SUGP2__ALT	SUGP2__ALP	ALT	ALP	3697	3679	3679	3679	3679	1	1	3671	3670	3670	0.99972759466085537	True	False	False	False	False	True	different_minimum_coordinates	True
SUGP2	SUGP2__ALT	SUGP2__BILI	ALT	BILI	3697	3679	3655	3654	3680	0.99293478260869561	0.99293478260869561	3671	3646	3645	0.99264705882352944	False	False	True	True	True	True	verified_shared_minimum_variant	True
SUGP2	SUGP2__AST	SUGP2__ALP	AST	ALP	3697	3653	3679	3653	3679	0.99293286219081267	0.99293286219081267	3645	3670	3644	0.99264505584309448	False	False	False	False	False	True	different_minimum_coordinates	True
SUGP2	SUGP2__AST	SUGP2__BILI	AST	BILI	3697	3653	3655	3652	3656	0.9989059080962801	0.9989059080962801	3645	3646	3643	0.99862938596491224	False	False	False	False	False	True	different_minimum_coordinates	True
SUGP2	SUGP2__ALP	SUGP2__BILI	ALP	BILI	3697	3679	3655	3654	3680	0.99293478260869561	0.99293478260869561	3670	3646	3645	0.99291746118223922	False	False	False	False	False	True	different_minimum_coordinates	True
SULT4A1	SULT4A1__CIRR	SULT4A1__LIVER_FAT	CIRR	LIVER_FAT	7274	6112	6905	6104	6913	0.88297410675538834	0.88297410675538834	6108	6895	6101	0.88394668212112426	False	False	False	False	False	True	different_minimum_coordinates	True
SULT4A1	SULT4A1__CIRR	SULT4A1__NAFLD	CIRR	NAFLD	7274	6112	5599	5421	6290	0.86184419713831484	0.86184419713831484	6108	5599	5421	0.86239261851734017	False	False	False	False	False	True	different_minimum_coordinates	True
SULT4A1	SULT4A1__CIRR	SULT4A1__ALT	CIRR	ALT	7274	6112	7231	6107	7236	0.8439745715865119	0.8439745715865119	6108	7220	6103	0.8447058823529412	False	False	True	True	False	True	verified_shared_minimum_variant	True
SULT4A1	SULT4A1__CIRR	SULT4A1__AST	CIRR	AST	7274	6112	7151	6081	7182	0.84670008354218884	0.84670008354218884	6108	7138	6077	0.84767750034872369	False	False	False	False	False	True	different_minimum_coordinates	True
SULT4A1	SULT4A1__LIVER_FAT	SULT4A1__NAFLD	LIVER_FAT	NAFLD	7274	6905	5599	5599	6905	0.8108616944243302	0.8108616944243302	6895	5599	5599	0.81203770848440904	False	False	False	False	False	True	different_minimum_coordinates	True
SULT4A1	SULT4A1__LIVER_FAT	SULT4A1__ALT	LIVER_FAT	ALT	7274	6905	7231	6905	7231	0.95491633245747476	0.95491633245747476	6895	7220	6895	0.95498614958448758	False	False	True	True	False	True	verified_shared_minimum_variant	True
SULT4A1	SULT4A1__LIVER_FAT	SULT4A1__AST	LIVER_FAT	AST	7274	6905	7151	6839	7217	0.94762366634335593	0.94762366634335593	6895	7138	6828	0.94767522553782091	False	False	True	True	True	True	verified_shared_minimum_variant	True
SULT4A1	SULT4A1__NAFLD	SULT4A1__ALT	NAFLD	ALT	7274	5599	7231	5599	7231	0.77430507536993498	0.77430507536993498	5599	7220	5599	0.77548476454293624	False	False	True	True	False	True	verified_shared_minimum_variant	True
SULT4A1	SULT4A1__NAFLD	SULT4A1__AST	NAFLD	AST	7274	5599	7151	5584	7166	0.77923527770025114	0.77923527770025114	5599	7138	5584	0.78065147490563402	False	False	False	False	False	True	different_minimum_coordinates	True
SULT4A1	SULT4A1__ALT	SULT4A1__AST	ALT	AST	7274	7231	7151	7151	7231	0.98893652330244775	0.98893652330244775	7220	7138	7138	0.98864265927977835	False	False	True	True	False	True	verified_shared_minimum_variant	True
SUPT7L	SUPT7L__LIVER_FAT	SUPT7L__NAFLD	LIVER_FAT	NAFLD	4204	3936	3135	3135	3936	0.7964939024390244	0.7964939024390244	3932	3135	3135	0.79730417090539163	False	False	False	False	False	True	different_minimum_coordinates	True
SUPT7L	SUPT7L__LIVER_FAT	SUPT7L__GGT	LIVER_FAT	GGT	4204	3936	4185	3936	4185	0.94050179211469531	0.94050179211469531	3932	4179	3932	0.94089495094520215	False	False	False	False	False	True	different_minimum_coordinates	True
SUPT7L	SUPT7L__LIVER_FAT	SUPT7L__ALP	LIVER_FAT	ALP	4204	3936	4185	3936	4185	0.94050179211469531	0.94050179211469531	3932	4179	3932	0.94089495094520215	False	False	False	False	False	True	different_minimum_coordinates	True
SUPT7L	SUPT7L__NAFLD	SUPT7L__GGT	NAFLD	GGT	4204	3135	4185	3135	4185	0.74910394265232971	0.74910394265232971	3135	4179	3135	0.75017946877243358	False	False	False	False	False	True	different_minimum_coordinates	True
SUPT7L	SUPT7L__NAFLD	SUPT7L__ALP	NAFLD	ALP	4204	3135	4185	3135	4185	0.74910394265232971	0.74910394265232971	3135	4179	3135	0.75017946877243358	False	False	False	False	False	True	different_minimum_coordinates	True
SUPT7L	SUPT7L__GGT	SUPT7L__ALP	GGT	ALP	4204	4185	4185	4185	4185	1	1	4179	4179	4179	1	True	True	True	True	True	True	verified_shared_minimum_variant	True
TCF23	TCF23__LIVER_FAT	TCF23__NAFLD	LIVER_FAT	NAFLD	3819	3564	2820	2820	3564	0.7912457912457912	0.7912457912457912	3562	2820	2820	0.79169006176305445	False	False	False	False	False	True	different_minimum_coordinates	True
TCF23	TCF23__LIVER_FAT	TCF23__GGT	LIVER_FAT	GGT	3819	3564	3799	3564	3799	0.93814161621479342	0.93814161621479342	3562	3796	3562	0.93835616438356162	False	False	False	False	False	True	different_minimum_coordinates	True
TCF23	TCF23__LIVER_FAT	TCF23__ALP	LIVER_FAT	ALP	3819	3564	3799	3564	3799	0.93814161621479342	0.93814161621479342	3562	3796	3562	0.93835616438356162	False	False	False	False	False	True	different_minimum_coordinates	True
TCF23	TCF23__NAFLD	TCF23__GGT	NAFLD	GGT	3819	2820	3799	2820	3799	0.74230060542247955	0.74230060542247955	2820	3796	2820	0.74288724973656484	False	False	False	False	False	True	different_minimum_coordinates	True
TCF23	TCF23__NAFLD	TCF23__ALP	NAFLD	ALP	3819	2820	3799	2820	3799	0.74230060542247955	0.74230060542247955	2820	3796	2820	0.74288724973656484	False	False	False	False	False	True	different_minimum_coordinates	True
TCF23	TCF23__GGT	TCF23__ALP	GGT	ALP	3819	3799	3799	3799	3799	1	1	3796	3796	3796	1	True	True	True	True	True	True	verified_shared_minimum_variant	True
TDP2	TDP2__CIRR	TDP2__NAFLD	CIRR	NAFLD	8703	7341	6522	6405	7458	0.8588093322606597	0.8588093322606597	7325	6522	6405	0.86065573770491799	False	False	False	False	False	True	different_minimum_coordinates	False
TDP2	TDP2__CIRR	TDP2__ALP	CIRR	ALP	8703	7341	5825	4916	8250	0.5958787878787879	0.5958787878787879	7325	5811	4908	0.59649975692756441	False	False	False	False	False	False	different_minimum_coordinates	False
TDP2	TDP2__CIRR	TDP2__BILI	CIRR	BILI	8703	7341	8542	7302	8581	0.85094977275375827	0.85094977275375827	7325	8525	7289	0.8514192267258498	False	False	False	False	False	True	different_minimum_coordinates	True
TDP2	TDP2__CIRR	TDP2__PSC	CIRR	PSC	8703	7341	7306	6601	8046	0.82040765597812582	0.82040765597812582	7325	7285	6588	0.82124158563949134	False	False	False	False	False	True	different_minimum_coordinates	True
TDP2	TDP2__NAFLD	TDP2__ALP	NAFLD	ALP	8703	6522	5825	4318	8029	0.53780047328434422	0.53780047328434422	6522	5811	4318	0.53873986275732999	False	False	False	False	False	False	different_minimum_coordinates	True
TDP2	TDP2__NAFLD	TDP2__BILI	NAFLD	BILI	8703	6522	8542	6503	8561	0.75960752248569097	0.75960752248569097	6522	8525	6503	0.76111891385767794	False	False	False	False	False	True	different_minimum_coordinates	False
TDP2	TDP2__NAFLD	TDP2__PSC	NAFLD	PSC	8703	6522	7306	6078	7750	0.78425806451612901	0.78425806451612901	6522	7285	6078	0.7863889248285677	False	False	False	False	False	True	different_minimum_coordinates	False
TDP2	TDP2__ALP	TDP2__BILI	ALP	BILI	8703	5825	8542	5749	8618	0.66709213274541657	0.66709213274541657	5811	8525	5734	0.66658916531039292	False	False	False	False	False	False	different_minimum_coordinates	False
TDP2	TDP2__ALP	TDP2__PSC	ALP	PSC	8703	5825	7306	4827	8304	0.58128612716763006	0.58128612716763006	5811	7285	4812	0.58087880251086432	False	False	False	False	False	False	different_minimum_coordinates	False
TDP2	TDP2__BILI	TDP2__PSC	BILI	PSC	8703	8542	7306	7279	8569	0.84945734624810365	0.84945734624810365	8525	7285	7260	0.84912280701754383	False	False	False	False	False	True	different_minimum_coordinates	True
TMEM161A	TMEM161A__CIRR	TMEM161A__LIVER_FAT	CIRR	LIVER_FAT	3770	3128	3560	3127	3561	0.87812412243751758	0.87812412243751758	3127	3552	3125	0.87929093978615647	False	False	False	False	False	True	different_minimum_coordinates	True
TMEM161A	TMEM161A__CIRR	TMEM161A__NAFLD	CIRR	NAFLD	3770	3128	2764	2694	3198	0.8424015009380863	0.8424015009380863	3127	2764	2694	0.84266499843603382	False	False	False	False	False	True	different_minimum_coordinates	True
TMEM161A	TMEM161A__CIRR	TMEM161A__ALT	CIRR	ALT	3770	3128	3754	3128	3754	0.83324453915823127	0.83324453915823127	3127	3745	3127	0.83497997329773033	False	False	False	False	False	True	different_minimum_coordinates	True
TMEM161A	TMEM161A__CIRR	TMEM161A__AST	CIRR	AST	3770	3128	3727	3121	3734	0.83583288698446701	0.83583288698446701	3127	3718	3120	0.8375838926174497	False	False	False	False	False	True	different_minimum_coordinates	True
TMEM161A	TMEM161A__CIRR	TMEM161A__ALP	CIRR	ALP	3770	3128	3754	3128	3754	0.83324453915823127	0.83324453915823127	3127	3744	3127	0.83520299145299148	False	False	False	False	False	True	different_minimum_coordinates	True
TMEM161A	TMEM161A__CIRR	TMEM161A__BILI	CIRR	BILI	3770	3128	3728	3120	3736	0.83511777301927193	0.83511777301927193	3127	3718	3119	0.83709071390230816	False	False	False	False	False	True	different_minimum_coordinates	True
TMEM161A	TMEM161A__LIVER_FAT	TMEM161A__NAFLD	LIVER_FAT	NAFLD	3770	3560	2764	2764	3560	0.77640449438202253	0.77640449438202253	3552	2764	2764	0.77815315315315314	False	False	False	False	False	True	different_minimum_coordinates	True
TMEM161A	TMEM161A__LIVER_FAT	TMEM161A__ALT	LIVER_FAT	ALT	3770	3560	3754	3560	3754	0.94832179009057005	0.94832179009057005	3552	3745	3551	0.94794447410571281	False	False	True	True	True	True	verified_shared_minimum_variant	True
TMEM161A	TMEM161A__LIVER_FAT	TMEM161A__AST	LIVER_FAT	AST	3770	3560	3727	3539	3748	0.94423692636072576	0.94423692636072576	3552	3718	3531	0.94437015244717837	False	False	False	False	False	True	different_minimum_coordinates	True
TMEM161A	TMEM161A__LIVER_FAT	TMEM161A__ALP	LIVER_FAT	ALP	3770	3560	3754	3560	3754	0.94832179009057005	0.94832179009057005	3552	3744	3551	0.94819759679572768	False	False	False	False	False	True	different_minimum_coordinates	True
TMEM161A	TMEM161A__LIVER_FAT	TMEM161A__BILI	LIVER_FAT	BILI	3770	3560	3728	3539	3749	0.94398506268338223	0.94398506268338223	3552	3718	3530	0.94385026737967914	False	False	True	True	True	True	verified_shared_minimum_variant	True
TMEM161A	TMEM161A__NAFLD	TMEM161A__ALT	NAFLD	ALT	3770	2764	3754	2764	3754	0.73628129994672353	0.73628129994672353	2764	3745	2764	0.73805073431241652	False	False	False	False	False	True	different_minimum_coordinates	True
TMEM161A	TMEM161A__NAFLD	TMEM161A__AST	NAFLD	AST	3770	2764	3727	2764	3727	0.7416152401395224	0.7416152401395224	2764	3718	2764	0.74341043571812804	False	False	False	False	False	True	different_minimum_coordinates	True
TMEM161A	TMEM161A__NAFLD	TMEM161A__ALP	NAFLD	ALP	3770	2764	3754	2764	3754	0.73628129994672353	0.73628129994672353	2764	3744	2764	0.73824786324786329	False	False	False	False	False	True	different_minimum_coordinates	True
TMEM161A	TMEM161A__NAFLD	TMEM161A__BILI	NAFLD	BILI	3770	2764	3728	2763	3729	0.74094931617055515	0.74094931617055515	2764	3718	2763	0.7429416509814466	False	False	False	False	False	True	different_minimum_coordinates	True
TMEM161A	TMEM161A__ALT	TMEM161A__AST	ALT	AST	3770	3754	3727	3727	3754	0.9928076718167288	0.9928076718167288	3745	3718	3717	0.99225840896956752	False	False	False	False	False	True	different_minimum_coordinates	True
TMEM161A	TMEM161A__ALT	TMEM161A__ALP	ALT	ALP	3770	3754	3754	3754	3754	1	1	3745	3744	3744	0.99973297730307076	True	False	False	False	False	True	different_minimum_coordinates	True
TMEM161A	TMEM161A__ALT	TMEM161A__BILI	ALT	BILI	3770	3754	3728	3728	3754	0.99307405434203522	0.99307405434203522	3745	3718	3718	0.99279038718291057	False	False	True	True	True	True	verified_shared_minimum_variant	True
TMEM161A	TMEM161A__AST	TMEM161A__ALP	AST	ALP	3770	3727	3754	3727	3754	0.9928076718167288	0.9928076718167288	3718	3744	3717	0.99252336448598133	False	False	False	False	False	True	different_minimum_coordinates	True
TMEM161A	TMEM161A__AST	TMEM161A__BILI	AST	BILI	3770	3727	3728	3726	3729	0.99919549477071601	0.99919549477071601	3718	3718	3716	0.99892473118279568	False	False	False	False	False	True	different_minimum_coordinates	True
TMEM161A	TMEM161A__ALP	TMEM161A__BILI	ALP	BILI	3770	3754	3728	3728	3754	0.99307405434203522	0.99307405434203522	3744	3718	3718	0.99305555555555558	False	False	False	False	False	True	different_minimum_coordinates	True
TMEM214	TMEM214__LIVER_FAT	TMEM214__NAFLD	LIVER_FAT	NAFLD	3747	3486	2755	2755	3486	0.79030407343660358	0.79030407343660358	3484	2755	2755	0.79075774971297363	False	False	False	False	False	True	different_minimum_coordinates	True
TMEM214	TMEM214__LIVER_FAT	TMEM214__GGT	LIVER_FAT	GGT	3747	3486	3727	3486	3727	0.93533673195599676	0.93533673195599676	3484	3724	3484	0.93555316863587545	False	False	False	False	False	True	different_minimum_coordinates	True
TMEM214	TMEM214__LIVER_FAT	TMEM214__ALP	LIVER_FAT	ALP	3747	3486	3727	3486	3727	0.93533673195599676	0.93533673195599676	3484	3724	3484	0.93555316863587545	False	False	False	False	False	True	different_minimum_coordinates	True
TMEM214	TMEM214__NAFLD	TMEM214__GGT	NAFLD	GGT	3747	2755	3727	2755	3727	0.73920042929970486	0.73920042929970486	2755	3724	2755	0.73979591836734693	False	False	False	False	False	True	different_minimum_coordinates	True
TMEM214	TMEM214__NAFLD	TMEM214__ALP	NAFLD	ALP	3747	2755	3727	2755	3727	0.73920042929970486	0.73920042929970486	2755	3724	2755	0.73979591836734693	False	False	False	False	False	True	different_minimum_coordinates	True
TMEM214	TMEM214__GGT	TMEM214__ALP	GGT	ALP	3747	3727	3727	3727	3727	1	1	3724	3724	3724	1	True	True	True	True	True	True	verified_shared_minimum_variant	True
TMEM59L	TMEM59L__CIRR	TMEM59L__LIVER_FAT	CIRR	LIVER_FAT	2992	2520	2829	2518	2831	0.88943836100317908	0.88943836100317908	2518	2823	2515	0.88995046001415423	False	False	False	False	False	True	different_minimum_coordinates	True
TMEM59L	TMEM59L__CIRR	TMEM59L__NAFLD	CIRR	NAFLD	2992	2520	2199	2159	2560	0.84335937500000002	0.84335937500000002	2518	2199	2159	0.84401876465989056	False	False	False	False	False	True	different_minimum_coordinates	True
TMEM59L	TMEM59L__CIRR	TMEM59L__ALT	CIRR	ALT	2992	2520	2979	2520	2979	0.84592145015105735	0.84592145015105735	2518	2970	2518	0.84781144781144779	False	False	False	False	False	True	different_minimum_coordinates	True
TMEM59L	TMEM59L__CIRR	TMEM59L__AST	CIRR	AST	2992	2520	2947	2512	2955	0.85008460236886629	0.85008460236886629	2518	2939	2510	0.85171360705802512	False	False	False	False	False	True	different_minimum_coordinates	True
TMEM59L	TMEM59L__CIRR	TMEM59L__ALP	CIRR	ALP	2992	2520	2979	2520	2979	0.84592145015105735	0.84592145015105735	2518	2969	2518	0.84809700235769614	False	False	False	False	False	True	different_minimum_coordinates	True
TMEM59L	TMEM59L__CIRR	TMEM59L__BILI	CIRR	BILI	2992	2520	2953	2515	2958	0.85023664638269103	0.85023664638269103	2518	2944	2513	0.85215327229569349	False	False	False	False	False	True	different_minimum_coordinates	True
TMEM59L	TMEM59L__LIVER_FAT	TMEM59L__NAFLD	LIVER_FAT	NAFLD	2992	2829	2199	2199	2829	0.77730646871686104	0.77730646871686104	2823	2199	2199	0.77895855472901165	False	False	False	False	False	True	different_minimum_coordinates	True
TMEM59L	TMEM59L__LIVER_FAT	TMEM59L__ALT	LIVER_FAT	ALT	2992	2829	2979	2829	2979	0.94964753272910374	0.94964753272910374	2823	2970	2822	0.9498485358465163	False	False	True	True	True	True	verified_shared_minimum_variant	True
TMEM59L	TMEM59L__LIVER_FAT	TMEM59L__AST	LIVER_FAT	AST	2992	2829	2947	2808	2968	0.9460916442048517	0.9460916442048517	2823	2939	2802	0.94662162162162167	False	False	False	False	False	True	different_minimum_coordinates	True
TMEM59L	TMEM59L__LIVER_FAT	TMEM59L__ALP	LIVER_FAT	ALP	2992	2829	2979	2829	2979	0.94964753272910374	0.94964753272910374	2823	2969	2822	0.95016835016835022	False	False	False	False	False	True	different_minimum_coordinates	True
TMEM59L	TMEM59L__LIVER_FAT	TMEM59L__BILI	LIVER_FAT	BILI	2992	2829	2953	2812	2970	0.94680134680134675	0.94680134680134675	2823	2944	2805	0.9469952734638758	False	False	True	True	True	True	verified_shared_minimum_variant	True
TMEM59L	TMEM59L__NAFLD	TMEM59L__ALT	NAFLD	ALT	2992	2199	2979	2199	2979	0.73816717019133937	0.73816717019133937	2199	2970	2199	0.7404040404040404	False	False	False	False	False	True	different_minimum_coordinates	True
TMEM59L	TMEM59L__NAFLD	TMEM59L__AST	NAFLD	AST	2992	2199	2947	2199	2947	0.74618255853410242	0.74618255853410242	2199	2939	2199	0.74821367812181017	False	False	False	False	False	True	different_minimum_coordinates	True
TMEM59L	TMEM59L__NAFLD	TMEM59L__ALP	NAFLD	ALP	2992	2199	2979	2199	2979	0.73816717019133937	0.73816717019133937	2199	2969	2199	0.74065341865948131	False	False	False	False	False	True	different_minimum_coordinates	True
TMEM59L	TMEM59L__NAFLD	TMEM59L__BILI	NAFLD	BILI	2992	2199	2953	2199	2953	0.74466644090755163	0.74466644090755163	2199	2944	2199	0.74694293478260865	False	False	False	False	False	True	different_minimum_coordinates	True
TMEM59L	TMEM59L__ALT	TMEM59L__AST	ALT	AST	2992	2979	2947	2947	2979	0.98925814031554216	0.98925814031554216	2970	2939	2937	0.98822341857335128	False	False	False	False	False	True	different_minimum_coordinates	True
TMEM59L	TMEM59L__ALT	TMEM59L__ALP	ALT	ALP	2992	2979	2979	2979	2979	1	1	2970	2969	2969	0.9996632996632997	True	False	False	False	False	True	different_minimum_coordinates	True
TMEM59L	TMEM59L__ALT	TMEM59L__BILI	ALT	BILI	2992	2979	2953	2952	2980	0.99060402684563753	0.99060402684563753	2970	2944	2942	0.98990578734858681	False	False	True	True	True	True	verified_shared_minimum_variant	True
TMEM59L	TMEM59L__AST	TMEM59L__ALP	AST	ALP	2992	2947	2979	2947	2979	0.98925814031554216	0.98925814031554216	2939	2969	2937	0.98855604173678902	False	False	False	False	False	True	different_minimum_coordinates	True
TMEM59L	TMEM59L__AST	TMEM59L__BILI	AST	BILI	2992	2947	2953	2947	2953	0.99796816796478161	0.99796816796478161	2939	2944	2938	0.99762308998302207	False	False	False	False	False	True	different_minimum_coordinates	True
TMEM59L	TMEM59L__ALP	TMEM59L__BILI	ALP	BILI	2992	2979	2953	2952	2980	0.99060402684563753	0.99060402684563753	2969	2944	2942	0.99023897677549644	False	False	False	False	False	True	different_minimum_coordinates	True
TRIM27	TRIM27__CIRR	TRIM27__AST	CIRR	AST	3208	2773	3113	2728	3158	0.86383787207093099	0.86383787207093099	2769	3109	2724	0.8636651870640456	False	False	False	False	False	True	different_minimum_coordinates	False
TRIM27	TRIM27__CIRR	TRIM27__BILI	CIRR	BILI	3208	2773	2988	2604	3157	0.82483370288248337	0.82483370288248337	2769	2983	2600	0.82487309644670048	False	False	False	False	False	True	different_minimum_coordinates	False
TRIM27	TRIM27__CIRR	TRIM27__PBC	CIRR	PBC	3208	2773	2988	2680	3081	0.86984745212593317	0.86984745212593317	2769	2986	2676	0.8691133484897694	False	False	False	False	False	True	different_minimum_coordinates	False
TRIM27	TRIM27__CIRR	TRIM27__PSC	CIRR	PSC	3208	2773	2892	2620	3045	0.86042692939244658	0.86042692939244658	2769	2887	2617	0.86113853241197758	False	False	False	False	False	True	different_minimum_coordinates	False
TRIM27	TRIM27__CIRR	TRIM27__AIH	CIRR	AIH	3208	2773	3168	2766	3175	0.8711811023622047	0.8711811023622047	2769	3159	2760	0.87121212121212122	False	False	False	False	False	True	different_minimum_coordinates	False
TRIM27	TRIM27__AST	TRIM27__BILI	AST	BILI	3208	3113	2988	2955	3146	0.93928798474253017	0.93928798474253017	3109	2983	2950	0.93889242520687455	False	False	False	False	False	True	different_minimum_coordinates	True
TRIM27	TRIM27__AST	TRIM27__PBC	AST	PBC	3208	3113	2988	2943	3158	0.93191893603546549	0.93191893603546549	3109	2986	2939	0.93124207858048158	False	False	False	False	False	True	different_minimum_coordinates	True
TRIM27	TRIM27__AST	TRIM27__PSC	AST	PSC	3208	3113	2892	2853	3152	0.90513959390862941	0.90513959390862941	3109	2887	2847	0.90409653858367733	False	False	False	False	False	True	different_minimum_coordinates	True
TRIM27	TRIM27__AST	TRIM27__AIH	AST	AIH	3208	3113	3168	3113	3168	0.98263888888888884	0.98263888888888884	3109	3159	3107	0.98291679848149316	False	False	False	False	False	True	different_minimum_coordinates	True
TRIM27	TRIM27__BILI	TRIM27__PBC	BILI	PBC	3208	2988	2988	2817	3159	0.89173789173789175	0.89173789173789175	2983	2986	2813	0.89131812420785805	False	False	False	False	False	True	different_minimum_coordinates	True
TRIM27	TRIM27__BILI	TRIM27__PSC	BILI	PSC	3208	2988	2892	2719	3161	0.86017083201518507	0.86017083201518507	2983	2887	2713	0.85936015204307892	False	False	False	False	False	True	different_minimum_coordinates	True
TRIM27	TRIM27__BILI	TRIM27__AIH	BILI	AIH	3208	2988	3168	2988	3168	0.94318181818181823	0.94318181818181823	2983	3159	2981	0.94305599493831072	False	False	False	False	False	True	different_minimum_coordinates	True
TRIM27	TRIM27__PBC	TRIM27__PSC	PBC	PSC	3208	2988	2892	2802	3078	0.91033138401559455	0.91033138401559455	2986	2887	2798	0.90991869918699186	False	False	False	False	False	True	different_minimum_coordinates	True
TRIM27	TRIM27__PBC	TRIM27__AIH	PBC	AIH	3208	2988	3168	2977	3179	0.93645800566215787	0.93645800566215787	2986	3159	2971	0.9360428481411468	False	False	False	False	False	True	different_minimum_coordinates	True
TRIM27	TRIM27__PSC	TRIM27__AIH	PSC	AIH	3208	2892	3168	2889	3171	0.91106906338694416	0.91106906338694416	2887	3159	2881	0.91026856240126386	False	False	False	False	False	True	different_minimum_coordinates	True
TRIM38	TRIM38__CIRR	TRIM38__BILI	CIRR	BILI	7346	6205	7178	6170	7213	0.85539997227228615	0.85539997227228615	6165	7168	6135	0.85232008891358713	False	False	False	False	False	True	different_minimum_coordinates	True
TRIM38	TRIM38__CIRR	TRIM38__PSC	CIRR	PSC	7346	6205	6071	5566	6710	0.82950819672131149	0.82950819672131149	6165	6059	5550	0.83158525621816004	False	False	False	False	False	True	different_minimum_coordinates	True
TRIM38	TRIM38__CIRR	TRIM38__AIH	CIRR	AIH	7346	6205	7211	6193	7223	0.85739997231067422	0.85739997231067422	6165	7179	6149	0.85462126476719946	False	False	False	False	False	True	different_minimum_coordinates	True
TRIM38	TRIM38__BILI	TRIM38__PSC	BILI	PSC	7346	7178	6071	6042	7207	0.838351602608575	0.838351602608575	7168	6059	6032	0.83835997220291869	False	False	False	False	False	True	different_minimum_coordinates	True
TRIM38	TRIM38__BILI	TRIM38__AIH	BILI	AIH	7346	7178	7211	7178	7211	0.99542365829981971	0.99542365829981971	7168	7179	7147	0.99263888888888885	False	False	False	False	False	True	different_minimum_coordinates	True
TRIM38	TRIM38__PSC	TRIM38__AIH	PSC	AIH	7346	6071	7211	6062	7220	0.83961218836565099	0.83961218836565099	6059	7179	6040	0.83912197832731317	False	False	False	False	False	True	different_minimum_coordinates	True
TRIM54	TRIM54__LIVER_FAT	TRIM54__NAFLD	LIVER_FAT	NAFLD	3936	3676	2917	2917	3676	0.79352557127312295	0.79352557127312295	3674	2917	2917	0.79395753946652148	False	False	False	False	False	True	different_minimum_coordinates	True
TRIM54	TRIM54__LIVER_FAT	TRIM54__GGT	LIVER_FAT	GGT	3936	3676	3917	3676	3917	0.93847332141945361	0.93847332141945361	3674	3914	3674	0.93868165559529892	False	False	False	False	False	True	different_minimum_coordinates	True
TRIM54	TRIM54__LIVER_FAT	TRIM54__ALP	LIVER_FAT	ALP	3936	3676	3917	3676	3917	0.93847332141945361	0.93847332141945361	3674	3914	3674	0.93868165559529892	False	False	False	False	False	True	different_minimum_coordinates	True
TRIM54	TRIM54__NAFLD	TRIM54__GGT	NAFLD	GGT	3936	2917	3917	2917	3917	0.74470257850395716	0.74470257850395716	2917	3914	2917	0.7452733776188043	False	False	False	False	False	True	different_minimum_coordinates	True
TRIM54	TRIM54__NAFLD	TRIM54__ALP	NAFLD	ALP	3936	2917	3917	2917	3917	0.74470257850395716	0.74470257850395716	2917	3914	2917	0.7452733776188043	False	False	False	False	False	True	different_minimum_coordinates	True
TRIM54	TRIM54__GGT	TRIM54__ALP	GGT	ALP	3936	3917	3917	3917	3917	1	1	3914	3914	3914	1	True	True	True	True	True	True	verified_shared_minimum_variant	True
TSPO	TSPO__CIRR	TSPO__LIVER_FAT	CIRR	LIVER_FAT	6399	5405	6052	5397	6060	0.89059405940594061	0.89059405940594061	5400	6044	5391	0.89063274409383775	False	False	False	False	False	True	different_minimum_coordinates	True
TSPO	TSPO__CIRR	TSPO__NAFLD	CIRR	NAFLD	6399	5405	4878	4764	5519	0.863199855046204	0.863199855046204	5400	4878	4764	0.86398258977149078	False	False	False	False	False	True	different_minimum_coordinates	True
TSPO	TSPO__CIRR	TSPO__ALT	CIRR	ALT	6399	5405	6364	5402	6367	0.84843725459400032	0.84843725459400032	5400	6354	5397	0.84898537045776312	False	False	True	True	False	True	verified_shared_minimum_variant	True
TSPO	TSPO__CIRR	TSPO__AST	CIRR	AST	6399	5405	6294	5377	6322	0.85052198671306545	0.85052198671306545	5400	6284	5372	0.85107731305449941	False	False	False	False	False	True	different_minimum_coordinates	True
TSPO	TSPO__LIVER_FAT	TSPO__NAFLD	LIVER_FAT	NAFLD	6399	6052	4878	4875	6055	0.80511973575557394	0.80511973575557394	6044	4878	4875	0.80618488506697539	False	False	False	False	False	True	different_minimum_coordinates	True
TSPO	TSPO__LIVER_FAT	TSPO__ALT	LIVER_FAT	ALT	6399	6052	6364	6052	6364	0.9509742300439975	0.9509742300439975	6044	6354	6043	0.95090479937057437	False	False	True	True	False	True	verified_shared_minimum_variant	True
TSPO	TSPO__LIVER_FAT	TSPO__AST	LIVER_FAT	AST	6399	6052	6294	5992	6354	0.9430280138495436	0.9430280138495436	6044	6284	5983	0.94294720252167064	False	False	True	True	True	True	verified_shared_minimum_variant	True
TSPO	TSPO__NAFLD	TSPO__ALT	NAFLD	ALT	6399	4878	6364	4878	6364	0.76649905719673161	0.76649905719673161	4878	6354	4878	0.76770538243626063	False	False	True	True	False	True	verified_shared_minimum_variant	True
TSPO	TSPO__NAFLD	TSPO__AST	NAFLD	AST	6399	4878	6294	4863	6309	0.77080361388492624	0.77080361388492624	4878	6284	4863	0.77202730592157487	False	False	False	False	False	True	different_minimum_coordinates	True
TSPO	TSPO__ALT	TSPO__AST	ALT	AST	6399	6364	6294	6294	6364	0.98900062853551229	0.98900062853551229	6354	6284	6282	0.98835745752045312	False	False	True	True	False	True	verified_shared_minimum_variant	True
TSSK6	TSSK6__CIRR	TSSK6__LIVER_FAT	CIRR	LIVER_FAT	3983	3311	3776	3309	3778	0.8758602435150874	0.8758602435150874	3309	3767	3306	0.87692307692307692	False	False	False	False	False	True	different_minimum_coordinates	True
TSSK6	TSSK6__CIRR	TSSK6__NAFLD	CIRR	NAFLD	3983	3311	2911	2836	3386	0.83756645008860009	0.83756645008860009	3309	2911	2836	0.83806146572104023	False	False	False	False	False	True	different_minimum_coordinates	True
TSSK6	TSSK6__CIRR	TSSK6__ALT	CIRR	ALT	3983	3311	3964	3310	3965	0.83480453972257251	0.83480453972257251	3309	3953	3308	0.83662114314618108	False	False	False	False	False	True	different_minimum_coordinates	True
TSSK6	TSSK6__CIRR	TSSK6__AST	CIRR	AST	3983	3311	3937	3302	3946	0.8367967562088191	0.8367967562088191	3309	3927	3300	0.83841463414634143	False	False	False	False	False	True	different_minimum_coordinates	True
TSSK6	TSSK6__CIRR	TSSK6__ALP	CIRR	ALP	3983	3311	3964	3310	3965	0.83480453972257251	0.83480453972257251	3309	3953	3308	0.83662114314618108	False	False	False	False	False	True	different_minimum_coordinates	True
TSSK6	TSSK6__CIRR	TSSK6__BILI	CIRR	BILI	3983	3311	3939	3302	3948	0.83637284701114489	0.83637284701114489	3309	3929	3300	0.83798882681564246	False	False	False	False	False	True	different_minimum_coordinates	True
TSSK6	TSSK6__LIVER_FAT	TSSK6__NAFLD	LIVER_FAT	NAFLD	3983	3776	2911	2911	3776	0.77092161016949157	0.77092161016949157	3767	2911	2911	0.77276347225909214	False	False	False	False	False	True	different_minimum_coordinates	True
TSSK6	TSSK6__LIVER_FAT	TSSK6__ALT	LIVER_FAT	ALT	3983	3776	3964	3776	3964	0.95257315842583246	0.95257315842583246	3767	3953	3765	0.95195954487989887	False	False	True	True	True	True	verified_shared_minimum_variant	True
TSSK6	TSSK6__LIVER_FAT	TSSK6__AST	LIVER_FAT	AST	3983	3776	3937	3756	3957	0.94920394238059136	0.94920394238059136	3767	3927	3747	0.94932860400304031	False	False	False	False	False	True	different_minimum_coordinates	True
TSSK6	TSSK6__LIVER_FAT	TSSK6__ALP	LIVER_FAT	ALP	3983	3776	3964	3776	3964	0.95257315842583246	0.95257315842583246	3767	3953	3766	0.95245321193727872	False	False	False	False	False	True	different_minimum_coordinates	True
TSSK6	TSSK6__LIVER_FAT	TSSK6__BILI	LIVER_FAT	BILI	3983	3776	3939	3757	3958	0.94921677614957045	0.94921677614957045	3767	3929	3747	0.94884780957204351	False	False	True	True	True	True	verified_shared_minimum_variant	True
TSSK6	TSSK6__NAFLD	TSSK6__ALT	NAFLD	ALT	3983	2911	3964	2911	3964	0.73435923309788098	0.73435923309788098	2911	3953	2911	0.73640273210220086	False	False	False	False	False	True	different_minimum_coordinates	True
TSSK6	TSSK6__NAFLD	TSSK6__AST	NAFLD	AST	3983	2911	3937	2910	3938	0.73895378364652109	0.73895378364652109	2911	3927	2910	0.74083503054989819	False	False	False	False	False	True	different_minimum_coordinates	True
TSSK6	TSSK6__NAFLD	TSSK6__ALP	NAFLD	ALP	3983	2911	3964	2911	3964	0.73435923309788098	0.73435923309788098	2911	3953	2911	0.73640273210220086	False	False	False	False	False	True	different_minimum_coordinates	True
TSSK6	TSSK6__NAFLD	TSSK6__BILI	NAFLD	BILI	3983	2911	3939	2910	3940	0.73857868020304573	0.73857868020304573	2911	3929	2910	0.74045801526717558	False	False	False	False	False	True	different_minimum_coordinates	True
TSSK6	TSSK6__ALT	TSSK6__AST	ALT	AST	3983	3964	3937	3937	3964	0.99318869828456102	0.99318869828456102	3953	3927	3925	0.9924146649810367	False	False	False	False	False	True	different_minimum_coordinates	True
TSSK6	TSSK6__ALT	TSSK6__ALP	ALT	ALP	3983	3964	3964	3964	3964	1	1	3953	3953	3952	0.99949418310571569	True	False	False	False	False	True	different_minimum_coordinates	True
TSSK6	TSSK6__ALT	TSSK6__BILI	ALT	BILI	3983	3964	3939	3939	3964	0.99369323915237129	0.99369323915237129	3953	3929	3927	0.99292035398230083	False	False	True	True	True	True	verified_shared_minimum_variant	True
TSSK6	TSSK6__AST	TSSK6__ALP	AST	ALP	3983	3937	3964	3937	3964	0.99318869828456102	0.99318869828456102	3927	3953	3926	0.99291856348002028	False	False	False	False	False	True	different_minimum_coordinates	True
TSSK6	TSSK6__AST	TSSK6__BILI	AST	BILI	3983	3937	3939	3936	3940	0.9989847715736041	0.9989847715736041	3927	3929	3925	0.99847367082167382	False	False	False	False	False	True	different_minimum_coordinates	True
TSSK6	TSSK6__ALP	TSSK6__BILI	ALP	BILI	3983	3964	3939	3939	3964	0.99369323915237129	0.99369323915237129	3953	3929	3928	0.99342438037430447	False	False	False	False	False	True	different_minimum_coordinates	True
TTLL1	TTLL1__CIRR	TTLL1__LIVER_FAT	CIRR	LIVER_FAT	6481	5446	6126	5438	6134	0.88653407238343662	0.88653407238343662	5441	6117	5432	0.88671237349004239	False	False	False	False	False	True	different_minimum_coordinates	True
TTLL1	TTLL1__CIRR	TTLL1__NAFLD	CIRR	NAFLD	6481	5446	4875	4761	5560	0.85629496402877703	0.85629496402877703	5441	4875	4761	0.85706570657065706	False	False	False	False	False	True	different_minimum_coordinates	True
TTLL1	TTLL1__CIRR	TTLL1__ALT	CIRR	ALT	6481	5446	6445	5443	6448	0.84413771712158814	0.84413771712158814	5441	6435	5438	0.84467225846536187	False	False	True	True	False	True	verified_shared_minimum_variant	True
TTLL1	TTLL1__CIRR	TTLL1__AST	CIRR	AST	6481	5446	6326	5379	6393	0.84138901923979348	0.84138901923979348	5441	6315	5374	0.84205578188655594	False	False	False	False	False	True	different_minimum_coordinates	True
TTLL1	TTLL1__LIVER_FAT	TTLL1__NAFLD	LIVER_FAT	NAFLD	6481	6126	4875	4872	6129	0.79490944689182574	0.79490944689182574	6117	4875	4872	0.79607843137254897	False	False	False	False	False	True	different_minimum_coordinates	True
TTLL1	TTLL1__LIVER_FAT	TTLL1__ALT	LIVER_FAT	ALT	6481	6126	6445	6126	6445	0.95050426687354539	0.95050426687354539	6117	6435	6116	0.95027967681789927	False	False	True	True	False	True	verified_shared_minimum_variant	True
TTLL1	TTLL1__LIVER_FAT	TTLL1__AST	LIVER_FAT	AST	6481	6126	6326	6017	6435	0.93504273504273505	0.93504273504273505	6117	6315	6007	0.9349416342412451	False	False	True	True	True	True	verified_shared_minimum_variant	True
TTLL1	TTLL1__NAFLD	TTLL1__ALT	NAFLD	ALT	6481	4875	6445	4875	6445	0.75640031031807597	0.75640031031807597	4875	6435	4875	0.75757575757575757	False	False	True	True	False	True	verified_shared_minimum_variant	True
TTLL1	TTLL1__NAFLD	TTLL1__AST	NAFLD	AST	6481	4875	6326	4844	6357	0.76199465156520374	0.76199465156520374	4875	6315	4844	0.76331547431452884	False	False	False	False	False	True	different_minimum_coordinates	True
TTLL1	TTLL1__ALT	TTLL1__AST	ALT	AST	6481	6445	6326	6326	6445	0.98153607447633828	0.98153607447633828	6435	6315	6313	0.98073636787323282	False	False	True	True	False	True	verified_shared_minimum_variant	True
TTLL12	TTLL12__CIRR	TTLL12__LIVER_FAT	CIRR	LIVER_FAT	6494	5489	6143	5481	6151	0.89107462201268084	0.89107462201268084	5483	6135	5474	0.89095052083333337	False	False	False	False	False	True	different_minimum_coordinates	True
TTLL12	TTLL12__CIRR	TTLL12__NAFLD	CIRR	NAFLD	6494	5489	4965	4847	5607	0.86445514535402179	0.86445514535402179	5483	4965	4847	0.86538118193179792	False	False	False	False	False	True	different_minimum_coordinates	True
TTLL12	TTLL12__CIRR	TTLL12__ALT	CIRR	ALT	6494	5489	6459	5486	6462	0.8489631692974311	0.8489631692974311	5483	6449	5480	0.84934903905765657	False	False	True	True	False	True	verified_shared_minimum_variant	True
TTLL12	TTLL12__CIRR	TTLL12__AST	CIRR	AST	6494	5489	6389	5461	6417	0.85102072619604174	0.85102072619604174	5483	6379	5455	0.85141251755891989	False	False	False	False	False	True	different_minimum_coordinates	True
TTLL12	TTLL12__LIVER_FAT	TTLL12__NAFLD	LIVER_FAT	NAFLD	6494	6143	4965	4962	6146	0.80735437683045885	0.80735437683045885	6135	4965	4962	0.80840664711632448	False	False	False	False	False	True	different_minimum_coordinates	True
TTLL12	TTLL12__LIVER_FAT	TTLL12__ALT	LIVER_FAT	ALT	6494	6143	6459	6143	6459	0.95107601795943641	0.95107601795943641	6135	6449	6134	0.95100775193798448	False	False	True	True	False	True	verified_shared_minimum_variant	True
TTLL12	TTLL12__LIVER_FAT	TTLL12__AST	LIVER_FAT	AST	6494	6143	6389	6083	6449	0.94324701504109165	0.94324701504109165	6135	6379	6074	0.94316770186335408	False	False	True	True	True	True	verified_shared_minimum_variant	True
TTLL12	TTLL12__NAFLD	TTLL12__ALT	NAFLD	ALT	6494	4965	6459	4965	6459	0.76869484440315838	0.76869484440315838	4965	6449	4965	0.769886804155683	False	False	True	True	False	True	verified_shared_minimum_variant	True
TTLL12	TTLL12__NAFLD	TTLL12__AST	NAFLD	AST	6494	4965	6389	4950	6404	0.77295440349781386	0.77295440349781386	4965	6379	4950	0.77416327807319363	False	False	False	False	False	True	different_minimum_coordinates	True
TTLL12	TTLL12__ALT	TTLL12__AST	ALT	AST	6494	6459	6389	6389	6459	0.98916240904164732	0.98916240904164732	6449	6379	6377	0.98852891024647338	False	False	True	True	False	True	verified_shared_minimum_variant	True
UBA52	UBA52__CIRR	UBA52__LIVER_FAT	CIRR	LIVER_FAT	2966	2495	2804	2493	2806	0.88845331432644337	0.88845331432644337	2493	2798	2490	0.88896822563370226	False	False	False	False	False	True	different_minimum_coordinates	True
UBA52	UBA52__CIRR	UBA52__NAFLD	CIRR	NAFLD	2966	2495	2177	2137	2535	0.84299802761341225	0.84299802761341225	2493	2177	2137	0.84366363995262539	False	False	False	False	False	True	different_minimum_coordinates	True
UBA52	UBA52__CIRR	UBA52__ALT	CIRR	ALT	2966	2495	2953	2495	2953	0.84490348797832715	0.84490348797832715	2493	2944	2493	0.84680706521739135	False	False	False	False	False	True	different_minimum_coordinates	True
UBA52	UBA52__CIRR	UBA52__AST	CIRR	AST	2966	2495	2921	2487	2929	0.84909525435302147	0.84909525435302147	2493	2913	2485	0.85073604929818558	False	False	False	False	False	True	different_minimum_coordinates	True
UBA52	UBA52__CIRR	UBA52__ALP	CIRR	ALP	2966	2495	2953	2495	2953	0.84490348797832715	0.84490348797832715	2493	2943	2493	0.84709480122324154	False	False	False	False	False	True	different_minimum_coordinates	True
UBA52	UBA52__CIRR	UBA52__BILI	CIRR	BILI	2966	2495	2927	2490	2932	0.84924965893587989	0.84924965893587989	2493	2918	2488	0.85118029421826891	False	False	False	False	False	True	different_minimum_coordinates	True
UBA52	UBA52__LIVER_FAT	UBA52__NAFLD	LIVER_FAT	NAFLD	2966	2804	2177	2177	2804	0.77639087018544939	0.77639087018544939	2798	2177	2177	0.77805575411007866	False	False	False	False	False	True	different_minimum_coordinates	True
UBA52	UBA52__LIVER_FAT	UBA52__ALT	LIVER_FAT	ALT	2966	2804	2953	2804	2953	0.94954283779207582	0.94954283779207582	2798	2944	2797	0.94974533106960946	False	False	True	True	True	True	verified_shared_minimum_variant	True
UBA52	UBA52__LIVER_FAT	UBA52__AST	LIVER_FAT	AST	2966	2804	2921	2783	2942	0.94595513256288244	0.94595513256288244	2798	2913	2777	0.94648943421949561	False	False	False	False	False	True	different_minimum_coordinates	True
UBA52	UBA52__LIVER_FAT	UBA52__ALP	LIVER_FAT	ALP	2966	2804	2953	2804	2953	0.94954283779207582	0.94954283779207582	2798	2943	2797	0.95006793478260865	False	False	False	False	False	True	different_minimum_coordinates	True
UBA52	UBA52__LIVER_FAT	UBA52__BILI	LIVER_FAT	BILI	2966	2804	2927	2787	2944	0.94667119565217395	0.94667119565217395	2798	2918	2780	0.94686648501362403	False	False	True	True	True	True	verified_shared_minimum_variant	True
UBA52	UBA52__NAFLD	UBA52__ALT	NAFLD	ALT	2966	2177	2953	2177	2953	0.73721639011175077	0.73721639011175077	2177	2944	2177	0.73947010869565222	False	False	False	False	False	True	different_minimum_coordinates	True
UBA52	UBA52__NAFLD	UBA52__AST	NAFLD	AST	2966	2177	2921	2177	2921	0.74529270797672031	0.74529270797672031	2177	2913	2177	0.74733951253003772	False	False	False	False	False	True	different_minimum_coordinates	True
UBA52	UBA52__NAFLD	UBA52__ALP	NAFLD	ALP	2966	2177	2953	2177	2953	0.73721639011175077	0.73721639011175077	2177	2943	2177	0.73972137274889571	False	False	False	False	False	True	different_minimum_coordinates	True
UBA52	UBA52__NAFLD	UBA52__BILI	NAFLD	BILI	2966	2177	2927	2177	2927	0.74376494704475571	0.74376494704475571	2177	2918	2177	0.7460589444825223	False	False	False	False	False	True	different_minimum_coordinates	True
UBA52	UBA52__ALT	UBA52__AST	ALT	AST	2966	2953	2921	2921	2953	0.98916356247883508	0.98916356247883508	2944	2913	2911	0.98811948404616434	False	False	False	False	False	True	different_minimum_coordinates	True
UBA52	UBA52__ALT	UBA52__ALP	ALT	ALP	2966	2953	2953	2953	2953	1	1	2944	2943	2943	0.99966032608695654	True	False	False	False	False	True	different_minimum_coordinates	True
UBA52	UBA52__ALT	UBA52__BILI	ALT	BILI	2966	2953	2927	2926	2954	0.99052132701421802	0.99052132701421802	2944	2918	2916	0.98981670061099791	False	False	True	True	True	True	verified_shared_minimum_variant	True
UBA52	UBA52__AST	UBA52__ALP	AST	ALP	2966	2921	2953	2921	2953	0.98916356247883508	0.98916356247883508	2913	2943	2911	0.98845500848896439	False	False	False	False	False	True	different_minimum_coordinates	True
UBA52	UBA52__AST	UBA52__BILI	AST	BILI	2966	2921	2927	2921	2927	0.99795011957635804	0.99795011957635804	2913	2918	2912	0.99760191846522783	False	False	False	False	False	True	different_minimum_coordinates	True
UBA52	UBA52__ALP	UBA52__BILI	ALP	BILI	2966	2953	2927	2926	2954	0.99052132701421802	0.99052132701421802	2943	2918	2916	0.99015280135823425	False	False	False	False	False	True	different_minimum_coordinates	True
UCN	UCN__LIVER_FAT	UCN__NAFLD	LIVER_FAT	NAFLD	3879	3620	2877	2877	3620	0.79475138121546962	0.79475138121546962	3619	2877	2877	0.79497098646034814	False	False	False	False	False	True	different_minimum_coordinates	True
UCN	UCN__LIVER_FAT	UCN__GGT	LIVER_FAT	GGT	3879	3620	3860	3620	3860	0.93782383419689119	0.93782383419689119	3619	3858	3619	0.93805080352514258	False	False	False	False	False	True	different_minimum_coordinates	True
UCN	UCN__LIVER_FAT	UCN__ALP	LIVER_FAT	ALP	3879	3620	3860	3620	3860	0.93782383419689119	0.93782383419689119	3619	3858	3619	0.93805080352514258	False	False	False	False	False	True	different_minimum_coordinates	True
UCN	UCN__NAFLD	UCN__GGT	NAFLD	GGT	3879	2877	3860	2877	3860	0.74533678756476685	0.74533678756476685	2877	3858	2877	0.74572317262830479	False	False	False	False	False	True	different_minimum_coordinates	True
UCN	UCN__NAFLD	UCN__ALP	NAFLD	ALP	3879	2877	3860	2877	3860	0.74533678756476685	0.74533678756476685	2877	3858	2877	0.74572317262830479	False	False	False	False	False	True	different_minimum_coordinates	True
UCN	UCN__GGT	UCN__ALP	GGT	ALP	3879	3860	3860	3860	3860	1	1	3858	3858	3858	1	True	True	True	True	True	True	verified_shared_minimum_variant	True
UPF1	UPF1__CIRR	UPF1__LIVER_FAT	CIRR	LIVER_FAT	3164	2643	2980	2642	2981	0.88627977188862794	0.88627977188862794	2642	2974	2640	0.88709677419354838	False	False	False	False	False	True	different_minimum_coordinates	True
UPF1	UPF1__CIRR	UPF1__NAFLD	CIRR	NAFLD	3164	2643	2319	2269	2693	0.84255477163015224	0.84255477163015224	2642	2319	2269	0.84286775631500743	False	False	False	False	False	True	different_minimum_coordinates	True
UPF1	UPF1__CIRR	UPF1__ALT	CIRR	ALT	3164	2643	3148	2643	3148	0.83958068614993642	0.83958068614993642	2642	3141	2642	0.84113339700732248	False	False	False	False	False	True	different_minimum_coordinates	True
UPF1	UPF1__CIRR	UPF1__AST	CIRR	AST	3164	2643	3121	2636	3128	0.84271099744245526	0.84271099744245526	2642	3114	2635	0.84428067926946493	False	False	False	False	False	True	different_minimum_coordinates	True
UPF1	UPF1__CIRR	UPF1__ALP	CIRR	ALP	3164	2643	3148	2643	3148	0.83958068614993642	0.83958068614993642	2642	3140	2642	0.84140127388535035	False	False	False	False	False	True	different_minimum_coordinates	True
UPF1	UPF1__CIRR	UPF1__BILI	CIRR	BILI	3164	2643	3123	2635	3131	0.84158415841584155	0.84158415841584155	2642	3115	2634	0.84341978866474543	False	False	False	False	False	True	different_minimum_coordinates	True
UPF1	UPF1__LIVER_FAT	UPF1__NAFLD	LIVER_FAT	NAFLD	3164	2980	2319	2319	2980	0.7781879194630873	0.7781879194630873	2974	2319	2319	0.77975790181573634	False	False	False	False	False	True	different_minimum_coordinates	True
UPF1	UPF1__LIVER_FAT	UPF1__ALT	LIVER_FAT	ALT	3164	2980	3148	2980	3148	0.94663278271918683	0.94663278271918683	2974	3141	2973	0.94621260343730107	False	False	True	True	True	True	verified_shared_minimum_variant	True
UPF1	UPF1__LIVER_FAT	UPF1__AST	LIVER_FAT	AST	3164	2980	3121	2960	3141	0.94237503979624326	0.94237503979624326	2974	3114	2954	0.9425654116145501	False	False	False	False	False	True	different_minimum_coordinates	True
UPF1	UPF1__LIVER_FAT	UPF1__ALP	LIVER_FAT	ALP	3164	2980	3148	2980	3148	0.94663278271918683	0.94663278271918683	2974	3140	2973	0.94651384909264569	False	False	False	False	False	True	different_minimum_coordinates	True
UPF1	UPF1__LIVER_FAT	UPF1__BILI	LIVER_FAT	BILI	3164	2980	3123	2960	3143	0.94177537384664334	0.94177537384664334	2974	3115	2953	0.94164540816326525	False	False	True	True	True	True	verified_shared_minimum_variant	True
UPF1	UPF1__NAFLD	UPF1__ALT	NAFLD	ALT	3164	2319	3148	2319	3148	0.73665819567979673	0.73665819567979673	2319	3141	2319	0.73829990448901628	False	False	False	False	False	True	different_minimum_coordinates	True
UPF1	UPF1__NAFLD	UPF1__AST	NAFLD	AST	3164	2319	3121	2319	3121	0.74303107978212113	0.74303107978212113	2319	3114	2319	0.74470134874759153	False	False	False	False	False	True	different_minimum_coordinates	True
UPF1	UPF1__NAFLD	UPF1__ALP	NAFLD	ALP	3164	2319	3148	2319	3148	0.73665819567979673	0.73665819567979673	2319	3140	2319	0.73853503184713376	False	False	False	False	False	True	different_minimum_coordinates	True
UPF1	UPF1__NAFLD	UPF1__BILI	NAFLD	BILI	3164	2319	3123	2318	3124	0.74199743918053773	0.74199743918053773	2319	3115	2318	0.74390243902439024	False	False	False	False	False	True	different_minimum_coordinates	True
UPF1	UPF1__ALT	UPF1__AST	ALT	AST	3164	3148	3121	3121	3148	0.99142312579415504	0.99142312579415504	3141	3114	3113	0.99077021005728838	False	False	False	False	False	True	different_minimum_coordinates	True
UPF1	UPF1__ALT	UPF1__ALP	ALT	ALP	3164	3148	3148	3148	3148	1	1	3141	3140	3140	0.99968163005412292	True	False	False	False	False	True	different_minimum_coordinates	True
UPF1	UPF1__ALT	UPF1__BILI	ALT	BILI	3164	3148	3123	3122	3149	0.99142584947602408	0.99142584947602408	3141	3115	3114	0.99108847867600258	False	False	True	True	True	True	verified_shared_minimum_variant	True
UPF1	UPF1__AST	UPF1__ALP	AST	ALP	3164	3121	3148	3121	3148	0.99142312579415504	0.99142312579415504	3114	3140	3113	0.99108564151544098	False	False	False	False	False	True	different_minimum_coordinates	True
UPF1	UPF1__AST	UPF1__BILI	AST	BILI	3164	3121	3123	3120	3124	0.99871959026888601	0.99871959026888601	3114	3115	3112	0.9983958934873276	False	False	False	False	False	True	different_minimum_coordinates	True
UPF1	UPF1__ALP	UPF1__BILI	ALP	BILI	3164	3148	3123	3122	3149	0.99142584947602408	0.99142584947602408	3140	3115	3114	0.99140401146131807	False	False	False	False	False	True	different_minimum_coordinates	True
YJEFN3	YJEFN3__CIRR	YJEFN3__LIVER_FAT	CIRR	LIVER_FAT	3969	3298	3762	3296	3764	0.8756641870350691	0.8756641870350691	3296	3753	3293	0.876730564430245	False	False	False	False	False	True	different_minimum_coordinates	True
YJEFN3	YJEFN3__CIRR	YJEFN3__NAFLD	CIRR	NAFLD	3969	3298	2902	2827	3373	0.83812629706492736	0.83812629706492736	3296	2902	2827	0.83862355384159004	False	False	False	False	False	True	different_minimum_coordinates	True
YJEFN3	YJEFN3__CIRR	YJEFN3__ALT	CIRR	ALT	3969	3298	3950	3297	3951	0.83447228549734243	0.83447228549734243	3296	3939	3295	0.83629441624365486	False	False	False	False	False	True	different_minimum_coordinates	True
YJEFN3	YJEFN3__CIRR	YJEFN3__AST	CIRR	AST	3969	3298	3923	3289	3932	0.83646998982706	0.83646998982706	3296	3913	3287	0.83809280979092304	False	False	False	False	False	True	different_minimum_coordinates	True
YJEFN3	YJEFN3__CIRR	YJEFN3__ALP	CIRR	ALP	3969	3298	3950	3297	3951	0.83447228549734243	0.83447228549734243	3296	3939	3295	0.83629441624365486	False	False	False	False	False	True	different_minimum_coordinates	True
YJEFN3	YJEFN3__CIRR	YJEFN3__BILI	CIRR	BILI	3969	3298	3925	3289	3934	0.83604473817996949	0.83604473817996949	3296	3915	3287	0.83766564729867488	False	False	False	False	False	True	different_minimum_coordinates	True
YJEFN3	YJEFN3__LIVER_FAT	YJEFN3__NAFLD	LIVER_FAT	NAFLD	3969	3762	2902	2902	3762	0.77139819245082408	0.77139819245082408	3753	2902	2902	0.77324806821209702	False	False	False	False	False	True	different_minimum_coordinates	True
YJEFN3	YJEFN3__LIVER_FAT	YJEFN3__ALT	LIVER_FAT	ALT	3969	3762	3950	3762	3950	0.95240506329113928	0.95240506329113928	3753	3939	3751	0.9517888860695255	False	False	True	True	True	True	verified_shared_minimum_variant	True
YJEFN3	YJEFN3__LIVER_FAT	YJEFN3__AST	LIVER_FAT	AST	3969	3762	3923	3742	3943	0.94902358610195281	0.94902358610195281	3753	3913	3733	0.94914823290109329	False	False	False	False	False	True	different_minimum_coordinates	True
YJEFN3	YJEFN3__LIVER_FAT	YJEFN3__ALP	LIVER_FAT	ALP	3969	3762	3950	3762	3950	0.95240506329113928	0.95240506329113928	3753	3939	3752	0.95228426395939081	False	False	False	False	False	True	different_minimum_coordinates	True
YJEFN3	YJEFN3__LIVER_FAT	YJEFN3__BILI	LIVER_FAT	BILI	3969	3762	3925	3743	3944	0.94903651115618659	0.94903651115618659	3753	3915	3733	0.94866581956797968	False	False	True	True	True	True	verified_shared_minimum_variant	True
YJEFN3	YJEFN3__NAFLD	YJEFN3__ALT	NAFLD	ALT	3969	2902	3950	2902	3950	0.73468354430379745	0.73468354430379745	2902	3939	2902	0.73673521198273673	False	False	False	False	False	True	different_minimum_coordinates	True
YJEFN3	YJEFN3__NAFLD	YJEFN3__AST	NAFLD	AST	3969	2902	3923	2901	3924	0.7392966360856269	0.7392966360856269	2902	3913	2901	0.74118548799182427	False	False	False	False	False	True	different_minimum_coordinates	True
YJEFN3	YJEFN3__NAFLD	YJEFN3__ALP	NAFLD	ALP	3969	2902	3950	2902	3950	0.73468354430379745	0.73468354430379745	2902	3939	2902	0.73673521198273673	False	False	False	False	False	True	different_minimum_coordinates	True
YJEFN3	YJEFN3__NAFLD	YJEFN3__BILI	NAFLD	BILI	3969	2902	3925	2901	3926	0.73892002037697402	0.73892002037697402	2902	3915	2901	0.74080694586312568	False	False	False	False	False	True	different_minimum_coordinates	True
YJEFN3	YJEFN3__ALT	YJEFN3__AST	ALT	AST	3969	3950	3923	3923	3950	0.99316455696202532	0.99316455696202532	3939	3913	3911	0.99238771885308297	False	False	False	False	False	True	different_minimum_coordinates	True
YJEFN3	YJEFN3__ALT	YJEFN3__ALP	ALT	ALP	3969	3950	3950	3950	3950	1	1	3939	3939	3938	0.999492385786802	True	False	False	False	False	True	different_minimum_coordinates	True
YJEFN3	YJEFN3__ALT	YJEFN3__BILI	ALT	BILI	3969	3950	3925	3925	3950	0.99367088607594933	0.99367088607594933	3939	3915	3913	0.99289520426287747	False	False	True	True	True	True	verified_shared_minimum_variant	True
YJEFN3	YJEFN3__AST	YJEFN3__ALP	AST	ALP	3969	3923	3950	3923	3950	0.99316455696202532	0.99316455696202532	3913	3939	3912	0.99289340101522838	False	False	False	False	False	True	different_minimum_coordinates	True
YJEFN3	YJEFN3__AST	YJEFN3__BILI	AST	BILI	3969	3923	3925	3922	3926	0.99898115129903209	0.99898115129903209	3913	3915	3911	0.99846821547102371	False	False	False	False	False	True	different_minimum_coordinates	True
YJEFN3	YJEFN3__ALP	YJEFN3__BILI	ALP	BILI	3969	3950	3925	3925	3950	0.99367088607594933	0.99367088607594933	3939	3915	3914	0.99340101522842639	False	False	False	False	False	True	different_minimum_coordinates	True
ZBED9	ZBED9__CIRR	ZBED9__AST	CIRR	AST	3931	3362	3798	3312	3848	0.86070686070686075	0.86070686070686075	3358	3791	3308	0.86123405363186667	False	False	False	False	False	True	different_minimum_coordinates	False
ZBED9	ZBED9__CIRR	ZBED9__BILI	CIRR	BILI	3931	3362	3672	3185	3849	0.82748765913224209	0.82748765913224209	3358	3664	3181	0.82816974746159855	False	False	False	False	False	True	different_minimum_coordinates	False
ZBED9	ZBED9__CIRR	ZBED9__PBC	CIRR	PBC	3931	3362	3496	3145	3713	0.84702396983571238	0.84702396983571238	3358	3494	3141	0.84640258690379955	False	False	False	False	False	True	different_minimum_coordinates	False
ZBED9	ZBED9__CIRR	ZBED9__PSC	CIRR	PSC	3931	3362	3501	3181	3682	0.86393264530146663	0.86393264530146663	3358	3493	3177	0.86472509526401742	False	False	False	False	False	True	different_minimum_coordinates	False
ZBED9	ZBED9__CIRR	ZBED9__AIH	CIRR	AIH	3931	3362	3859	3354	3867	0.8673390224980605	0.8673390224980605	3358	3847	3348	0.86803214933886441	False	False	False	False	False	True	different_minimum_coordinates	False
ZBED9	ZBED9__AST	ZBED9__BILI	AST	BILI	3931	3798	3672	3636	3834	0.94835680751173712	0.94835680751173712	3791	3664	3628	0.94800104520512152	False	False	False	False	False	True	different_minimum_coordinates	True
ZBED9	ZBED9__AST	ZBED9__PBC	AST	PBC	3931	3798	3496	3446	3848	0.89553014553014554	0.89553014553014554	3791	3494	3442	0.89565443663804323	False	False	False	False	False	True	different_minimum_coordinates	True
ZBED9	ZBED9__AST	ZBED9__PSC	AST	PSC	3931	3798	3501	3456	3843	0.89929742388758782	0.89929742388758782	3791	3493	3447	0.89835809225957775	False	False	False	False	False	True	different_minimum_coordinates	True
ZBED9	ZBED9__AST	ZBED9__AIH	AST	AIH	3931	3798	3859	3798	3859	0.98419279606115573	0.98419279606115573	3791	3847	3789	0.98441153546375681	False	False	False	False	False	True	different_minimum_coordinates	True
ZBED9	ZBED9__BILI	ZBED9__PBC	BILI	PBC	3931	3672	3496	3318	3850	0.86181818181818182	0.86181818181818182	3664	3494	3314	0.86212278876170656	False	False	False	False	False	True	different_minimum_coordinates	True
ZBED9	ZBED9__BILI	ZBED9__PSC	BILI	PSC	3931	3672	3501	3319	3854	0.86118318629994806	0.86118318629994806	3664	3493	3310	0.86041070964387834	False	False	False	False	False	True	different_minimum_coordinates	True
ZBED9	ZBED9__BILI	ZBED9__AIH	BILI	AIH	3931	3672	3859	3672	3859	0.95154185022026427	0.95154185022026427	3664	3847	3662	0.95141595219537545	False	False	False	False	False	True	different_minimum_coordinates	True
ZBED9	ZBED9__PBC	ZBED9__PSC	PBC	PSC	3931	3496	3501	3290	3707	0.88751011599676288	0.88751011599676288	3494	3493	3286	0.88786814374493384	False	False	False	False	False	True	different_minimum_coordinates	True
ZBED9	ZBED9__PBC	ZBED9__AIH	PBC	AIH	3931	3496	3859	3483	3872	0.89953512396694213	0.89953512396694213	3494	3847	3477	0.89984472049689446	False	False	False	False	False	True	different_minimum_coordinates	True
ZBED9	ZBED9__PSC	ZBED9__AIH	PSC	AIH	3931	3501	3859	3496	3864	0.90476190476190477	0.90476190476190477	3493	3847	3485	0.90402075226977952	False	False	False	False	False	True	different_minimum_coordinates	True
ZKSCAN3	ZKSCAN3__CIRR	ZKSCAN3__AST	CIRR	AST	4642	3982	4497	3931	4548	0.86433597185576072	0.86433597185576072	3977	4488	3926	0.86494822648160385	False	False	False	False	False	True	different_minimum_coordinates	False
ZKSCAN3	ZKSCAN3__CIRR	ZKSCAN3__BILI	CIRR	BILI	4642	3982	4367	3801	4548	0.83575197889182062	0.83575197889182062	3977	4357	3796	0.83649184662847065	False	False	False	False	False	True	different_minimum_coordinates	False
ZKSCAN3	ZKSCAN3__CIRR	ZKSCAN3__PBC	CIRR	PBC	4642	3982	4120	3714	4388	0.8463992707383774	0.8463992707383774	3977	4118	3710	0.84606613454960089	False	False	False	False	False	True	different_minimum_coordinates	False
ZKSCAN3	ZKSCAN3__CIRR	ZKSCAN3__PSC	CIRR	PSC	4642	3982	4150	3783	4349	0.86985513911243961	0.86985513911243961	3977	4141	3779	0.87093800414842126	False	False	False	False	False	True	different_minimum_coordinates	False
ZKSCAN3	ZKSCAN3__CIRR	ZKSCAN3__AIH	CIRR	AIH	4642	3982	4561	3974	4569	0.86977456773911144	0.86977456773911144	3977	4545	3965	0.87008997147245992	False	False	False	False	False	True	different_minimum_coordinates	False
ZKSCAN3	ZKSCAN3__AST	ZKSCAN3__BILI	AST	BILI	4642	4497	4367	4330	4534	0.95500661667401854	0.95500661667401854	4488	4357	4320	0.95469613259668507	False	False	False	False	False	True	different_minimum_coordinates	True
ZKSCAN3	ZKSCAN3__AST	ZKSCAN3__PBC	AST	PBC	4642	4497	4120	4066	4551	0.8934300153812349	0.8934300153812349	4488	4118	4061	0.89350935093509354	False	False	False	False	False	True	different_minimum_coordinates	True
ZKSCAN3	ZKSCAN3__AST	ZKSCAN3__PSC	AST	PSC	4642	4497	4150	4104	4543	0.90336781862205595	0.90336781862205595	4488	4141	4094	0.9027563395810364	False	False	False	False	False	True	different_minimum_coordinates	True
ZKSCAN3	ZKSCAN3__AST	ZKSCAN3__AIH	AST	AIH	4642	4497	4561	4497	4561	0.98596798947599207	0.98596798947599207	4488	4545	4484	0.98571114530666082	False	False	False	False	False	True	different_minimum_coordinates	True
ZKSCAN3	ZKSCAN3__BILI	ZKSCAN3__PBC	BILI	PBC	4642	4367	4120	3935	4552	0.86445518453427062	0.86445518453427062	4357	4118	3930	0.86468646864686471	False	False	False	False	False	True	different_minimum_coordinates	True
ZKSCAN3	ZKSCAN3__BILI	ZKSCAN3__PSC	BILI	PSC	4642	4367	4150	3962	4555	0.8698133918770582	0.8698133918770582	4357	4141	3952	0.86933567971843384	False	False	False	False	False	True	different_minimum_coordinates	True
ZKSCAN3	ZKSCAN3__BILI	ZKSCAN3__AIH	BILI	AIH	4642	4367	4561	4367	4561	0.95746546809910105	0.95746546809910105	4357	4545	4353	0.95691360738623876	False	False	False	False	False	True	different_minimum_coordinates	True
ZKSCAN3	ZKSCAN3__PBC	ZKSCAN3__PSC	PBC	PSC	4642	4120	4150	3889	4381	0.88769687286007759	0.88769687286007759	4118	4141	3884	0.88777142857142854	False	False	False	False	False	True	different_minimum_coordinates	True
ZKSCAN3	ZKSCAN3__PBC	ZKSCAN3__AIH	PBC	AIH	4642	4120	4561	4104	4577	0.89665719903867158	0.89665719903867158	4118	4545	4095	0.89645359019264448	False	False	False	False	False	True	different_minimum_coordinates	True
ZKSCAN3	ZKSCAN3__PSC	ZKSCAN3__AIH	PSC	AIH	4642	4150	4561	4144	4567	0.90737902342894683	0.90737902342894683	4141	4545	4130	0.9064969271290606	False	False	False	False	False	True	different_minimum_coordinates	True
ZKSCAN4	ZKSCAN4__CIRR	ZKSCAN4__AST	CIRR	AST	5020	4305	4861	4250	4916	0.8645240032546786	0.8645240032546786	4300	4852	4245	0.86509068677399636	False	False	False	False	False	True	different_minimum_coordinates	False
ZKSCAN4	ZKSCAN4__CIRR	ZKSCAN4__BILI	CIRR	BILI	5020	4305	4733	4122	4916	0.83848657445077301	0.83848657445077301	4300	4723	4117	0.83917651854871589	False	False	False	False	False	True	different_minimum_coordinates	False
ZKSCAN4	ZKSCAN4__CIRR	ZKSCAN4__PBC	CIRR	PBC	5020	4305	4453	4014	4744	0.84612141652613826	0.84612141652613826	4300	4451	4010	0.84581311959502214	False	False	False	False	False	True	different_minimum_coordinates	False
ZKSCAN4	ZKSCAN4__CIRR	ZKSCAN4__PSC	CIRR	PSC	5020	4305	4476	4083	4698	0.86909323116219672	0.86909323116219672	4300	4467	4079	0.87009385665529015	False	False	False	False	False	True	different_minimum_coordinates	False
ZKSCAN4	ZKSCAN4__CIRR	ZKSCAN4__AIH	CIRR	AIH	5020	4305	4931	4297	4939	0.8700141729094959	0.8700141729094959	4300	4915	4288	0.87030647452811039	False	False	False	False	False	True	different_minimum_coordinates	False
ZKSCAN4	ZKSCAN4__AST	ZKSCAN4__BILI	AST	BILI	5020	4861	4733	4693	4901	0.95755968169761274	0.95755968169761274	4852	4723	4683	0.95727718724448074	False	False	False	False	False	True	different_minimum_coordinates	True
ZKSCAN4	ZKSCAN4__AST	ZKSCAN4__PBC	AST	PBC	5020	4861	4453	4394	4920	0.89308943089430892	0.89308943089430892	4852	4451	4389	0.89316239316239321	False	False	False	False	False	True	different_minimum_coordinates	True
ZKSCAN4	ZKSCAN4__AST	ZKSCAN4__PSC	AST	PSC	5020	4861	4476	4426	4911	0.90124210954998984	0.90124210954998984	4852	4467	4416	0.90067305731184988	False	False	False	False	False	True	different_minimum_coordinates	True
ZKSCAN4	ZKSCAN4__AST	ZKSCAN4__AIH	AST	AIH	5020	4861	4931	4861	4931	0.98580409653214363	0.98580409653214363	4852	4915	4848	0.98556617198617602	False	False	False	False	False	True	different_minimum_coordinates	True
ZKSCAN4	ZKSCAN4__BILI	ZKSCAN4__PBC	BILI	PBC	5020	4733	4453	4265	4921	0.8666937614306035	0.8666937614306035	4723	4451	4260	0.86691086691086694	False	False	False	False	False	True	different_minimum_coordinates	True
ZKSCAN4	ZKSCAN4__BILI	ZKSCAN4__PSC	BILI	PSC	5020	4733	4476	4286	4923	0.87060735323989435	0.87060735323989435	4723	4467	4276	0.87016687016687022	False	False	False	False	False	True	different_minimum_coordinates	True
ZKSCAN4	ZKSCAN4__BILI	ZKSCAN4__AIH	BILI	AIH	5020	4733	4931	4733	4931	0.95984587304806324	0.95984587304806324	4723	4915	4719	0.95934132953852413	False	False	False	False	False	True	different_minimum_coordinates	True
ZKSCAN4	ZKSCAN4__PBC	ZKSCAN4__PSC	PBC	PSC	5020	4453	4476	4203	4726	0.88933559035124843	0.88933559035124843	4451	4467	4198	0.889406779661017	False	False	False	False	False	True	different_minimum_coordinates	True
ZKSCAN4	ZKSCAN4__PBC	ZKSCAN4__AIH	PBC	AIH	5020	4453	4931	4437	4947	0.89690721649484539	0.89690721649484539	4451	4915	4428	0.89671931956257589	False	False	False	False	False	True	different_minimum_coordinates	True
ZKSCAN4	ZKSCAN4__PSC	ZKSCAN4__AIH	PSC	AIH	5020	4476	4931	4470	4937	0.90540814259671865	0.90540814259671865	4467	4915	4456	0.90458790093382058	False	False	False	False	False	True	different_minimum_coordinates	True
ZKSCAN8	ZKSCAN8__CIRR	ZKSCAN8__AST	CIRR	AST	5312	4547	5145	4491	5201	0.8634877908094597	0.8634877908094597	4542	5134	4486	0.864354527938343	False	False	False	False	False	True	different_minimum_coordinates	False
ZKSCAN8	ZKSCAN8__CIRR	ZKSCAN8__BILI	CIRR	BILI	5312	4547	5018	4362	5203	0.83836248318277917	0.83836248318277917	4542	5006	4357	0.83933731458293204	False	False	False	False	False	True	different_minimum_coordinates	False
ZKSCAN8	ZKSCAN8__CIRR	ZKSCAN8__PBC	CIRR	PBC	5312	4547	4717	4248	5016	0.84688995215311003	0.84688995215311003	4542	4715	4244	0.84659884300817878	False	False	False	False	False	True	different_minimum_coordinates	False
ZKSCAN8	ZKSCAN8__CIRR	ZKSCAN8__PSC	CIRR	PSC	5312	4547	4716	4303	4960	0.86754032258064517	0.86754032258064517	4542	4707	4299	0.86848484848484853	False	False	False	False	False	True	different_minimum_coordinates	False
ZKSCAN8	ZKSCAN8__CIRR	ZKSCAN8__AIH	CIRR	AIH	5312	4547	5218	4539	5226	0.86854190585533864	0.86854190585533864	4542	5199	4529	0.8689562547966232	False	False	False	False	False	True	different_minimum_coordinates	False
ZKSCAN8	ZKSCAN8__AST	ZKSCAN8__BILI	AST	BILI	5312	5145	5018	4976	5187	0.95932138037401193	0.95932138037401193	5134	5006	4964	0.95904173106646062	False	False	False	False	False	True	different_minimum_coordinates	True
ZKSCAN8	ZKSCAN8__AST	ZKSCAN8__PBC	AST	PBC	5312	5145	4717	4657	5205	0.894716618635927	0.894716618635927	5134	4715	4651	0.89476721816083105	False	False	False	False	False	True	different_minimum_coordinates	True
ZKSCAN8	ZKSCAN8__AST	ZKSCAN8__PSC	AST	PSC	5312	5145	4716	4665	5196	0.89780600461893767	0.89780600461893767	5134	4707	4654	0.89724310776942351	False	False	False	False	False	True	different_minimum_coordinates	True
ZKSCAN8	ZKSCAN8__AST	ZKSCAN8__AIH	AST	AIH	5312	5145	5218	5145	5218	0.98600996550402453	0.98600996550402453	5134	5199	5129	0.98558800922367407	False	False	False	False	False	True	different_minimum_coordinates	True
ZKSCAN8	ZKSCAN8__BILI	ZKSCAN8__PBC	BILI	PBC	5312	5018	4717	4528	5207	0.86959861724601495	0.86959861724601495	5006	4715	4522	0.86978265050971337	False	False	False	False	False	True	different_minimum_coordinates	True
ZKSCAN8	ZKSCAN8__BILI	ZKSCAN8__PSC	BILI	PSC	5312	5018	4716	4524	5210	0.86833013435700579	0.86833013435700579	5006	4707	4513	0.86788461538461537	False	False	False	False	False	True	different_minimum_coordinates	True
ZKSCAN8	ZKSCAN8__BILI	ZKSCAN8__AIH	BILI	AIH	5312	5018	5218	5018	5218	0.96167113836719054	0.96167113836719054	5006	5199	5001	0.96099154496541117	False	False	False	False	False	True	different_minimum_coordinates	True
ZKSCAN8	ZKSCAN8__PBC	ZKSCAN8__PSC	PBC	PSC	5312	4717	4716	4441	4992	0.88962339743589747	0.88962339743589747	4715	4707	4436	0.88969113517849985	False	False	False	False	False	True	different_minimum_coordinates	True
ZKSCAN8	ZKSCAN8__PBC	ZKSCAN8__AIH	PBC	AIH	5312	4717	5218	4701	5234	0.89816583874665645	0.89816583874665645	4715	5199	4690	0.89777947932618685	False	False	False	False	False	True	different_minimum_coordinates	True
ZKSCAN8	ZKSCAN8__PSC	ZKSCAN8__AIH	PSC	AIH	5312	4716	5218	4710	5224	0.90160796324655434	0.90160796324655434	4707	5199	4694	0.90061396776669222	False	False	False	False	False	True	different_minimum_coordinates	True
ZNF101	ZNF101__CIRR	ZNF101__LIVER_FAT	CIRR	LIVER_FAT	4113	3454	3906	3452	3908	0.88331627430910953	0.88331627430910953	3451	3897	3448	0.88410256410256405	False	False	False	False	False	True	different_minimum_coordinates	True
ZNF101	ZNF101__CIRR	ZNF101__NAFLD	CIRR	NAFLD	4113	3454	2860	2798	3516	0.79579067121729241	0.79579067121729241	3451	2860	2798	0.79647025334471966	False	False	False	False	False	True	different_minimum_coordinates	True
ZNF101	ZNF101__CIRR	ZNF101__ALT	CIRR	ALT	4113	3454	4094	3453	4095	0.84322344322344323	0.84322344322344323	3451	4083	3450	0.84476003917727716	False	False	False	False	False	True	different_minimum_coordinates	True
ZNF101	ZNF101__CIRR	ZNF101__AST	CIRR	AST	4113	3454	4068	3443	4079	0.84407943123314533	0.84407943123314533	3451	4058	3441	0.84587020648967548	False	False	False	False	False	True	different_minimum_coordinates	True
ZNF101	ZNF101__CIRR	ZNF101__ALP	CIRR	ALP	4113	3454	4094	3453	4095	0.84322344322344323	0.84322344322344323	3451	4083	3450	0.84476003917727716	False	False	False	False	False	True	different_minimum_coordinates	True
ZNF101	ZNF101__CIRR	ZNF101__BILI	CIRR	BILI	4113	3454	4072	3445	4081	0.8441558441558441	0.8441558441558441	3451	4062	3442	0.84549250798329645	False	False	False	False	False	True	different_minimum_coordinates	True
ZNF101	ZNF101__LIVER_FAT	ZNF101__NAFLD	LIVER_FAT	NAFLD	4113	3906	2860	2860	3906	0.73220686123911927	0.73220686123911927	3897	2860	2860	0.73389787015653063	False	False	False	False	False	True	different_minimum_coordinates	True
ZNF101	ZNF101__LIVER_FAT	ZNF101__ALT	LIVER_FAT	ALT	4113	3906	4094	3906	4094	0.95407914020517826	0.95407914020517826	3897	4083	3895	0.95348837209302328	False	False	True	True	True	True	verified_shared_minimum_variant	True
ZNF101	ZNF101__LIVER_FAT	ZNF101__AST	LIVER_FAT	AST	4113	3906	4068	3887	4087	0.9510643503792513	0.9510643503792513	3897	4058	3878	0.95118960019622267	False	False	False	False	False	True	different_minimum_coordinates	True
ZNF101	ZNF101__LIVER_FAT	ZNF101__ALP	LIVER_FAT	ALP	4113	3906	4094	3906	4094	0.95407914020517826	0.95407914020517826	3897	4083	3896	0.9539666993143977	False	False	False	False	False	True	different_minimum_coordinates	True
ZNF101	ZNF101__LIVER_FAT	ZNF101__BILI	LIVER_FAT	BILI	4113	3906	4072	3890	4088	0.95156555772994134	0.95156555772994134	3897	4062	3880	0.95121353272860998	False	False	True	True	True	True	verified_shared_minimum_variant	True
ZNF101	ZNF101__NAFLD	ZNF101__ALT	NAFLD	ALT	4113	2860	4094	2860	4094	0.69858329262335128	0.69858329262335128	2860	4083	2860	0.70046534410972328	False	False	False	False	False	True	different_minimum_coordinates	True
ZNF101	ZNF101__NAFLD	ZNF101__AST	NAFLD	AST	4113	2860	4068	2859	4069	0.70262963873187512	0.70262963873187512	2860	4058	2859	0.70436067997043605	False	False	False	False	False	True	different_minimum_coordinates	True
ZNF101	ZNF101__NAFLD	ZNF101__ALP	NAFLD	ALP	4113	2860	4094	2860	4094	0.69858329262335128	0.69858329262335128	2860	4083	2860	0.70046534410972328	False	False	False	False	False	True	different_minimum_coordinates	True
ZNF101	ZNF101__NAFLD	ZNF101__BILI	NAFLD	BILI	4113	2860	4072	2859	4073	0.70193960225877727	0.70193960225877727	2860	4062	2859	0.70366724095495936	False	False	False	False	False	True	different_minimum_coordinates	True
ZNF101	ZNF101__ALT	ZNF101__AST	ALT	AST	4113	4094	4068	4068	4094	0.9936492427943332	0.9936492427943332	4083	4058	4056	0.99290085679314566	False	False	False	False	False	True	different_minimum_coordinates	True
ZNF101	ZNF101__ALT	ZNF101__ALP	ALT	ALP	4113	4094	4094	4094	4094	1	1	4083	4083	4082	0.99951028403525954	True	False	False	False	False	True	different_minimum_coordinates	True
ZNF101	ZNF101__ALT	ZNF101__BILI	ALT	BILI	4113	4094	4072	4072	4094	0.99462628236443573	0.99462628236443573	4083	4062	4060	0.99388004895960835	False	False	True	True	True	True	verified_shared_minimum_variant	True
ZNF101	ZNF101__AST	ZNF101__ALP	AST	ALP	4113	4068	4094	4068	4094	0.9936492427943332	0.9936492427943332	4058	4083	4057	0.9933888344760039	False	False	False	False	False	True	different_minimum_coordinates	True
ZNF101	ZNF101__AST	ZNF101__BILI	AST	BILI	4113	4068	4072	4067	4073	0.99852688436042225	0.99852688436042225	4058	4062	4056	0.99803149606299213	False	False	False	False	False	True	different_minimum_coordinates	True
ZNF101	ZNF101__ALP	ZNF101__BILI	ALP	BILI	4113	4094	4072	4072	4094	0.99462628236443573	0.99462628236443573	4083	4062	4061	0.99436826640548481	False	False	False	False	False	True	different_minimum_coordinates	True
ZNF14	ZNF14__CIRR	ZNF14__LIVER_FAT	CIRR	LIVER_FAT	4399	3686	4182	3684	4184	0.8804971319311663	0.8804971319311663	3683	4172	3679	0.88098659003831414	False	False	False	False	False	True	different_minimum_coordinates	True
ZNF14	ZNF14__CIRR	ZNF14__NAFLD	CIRR	NAFLD	4399	3686	3015	2954	3747	0.78836402455297572	0.78836402455297572	3683	3015	2954	0.78899572649572647	False	False	False	False	False	True	different_minimum_coordinates	True
ZNF14	ZNF14__CIRR	ZNF14__ALT	CIRR	ALT	4399	3686	4379	3685	4380	0.841324200913242	0.841324200913242	3683	4368	3682	0.84275577935454338	False	False	False	False	False	True	different_minimum_coordinates	True
ZNF14	ZNF14__CIRR	ZNF14__AST	CIRR	AST	4399	3686	4331	3672	4345	0.84510932105868819	0.84510932105868819	3683	4321	3670	0.84679280110752198	False	False	False	False	False	True	different_minimum_coordinates	True
ZNF14	ZNF14__CIRR	ZNF14__ALP	CIRR	ALP	4399	3686	4379	3685	4380	0.841324200913242	0.841324200913242	3683	4368	3682	0.84275577935454338	False	False	False	False	False	True	different_minimum_coordinates	True
ZNF14	ZNF14__CIRR	ZNF14__BILI	CIRR	BILI	4399	3686	4350	3677	4359	0.84354209681119519	0.84354209681119519	3683	4340	3674	0.84479190618532995	False	False	False	False	False	True	different_minimum_coordinates	True
ZNF14	ZNF14__LIVER_FAT	ZNF14__NAFLD	LIVER_FAT	NAFLD	4399	4182	3015	3015	4182	0.72094691535150646	0.72094691535150646	4172	3015	3015	0.72267497603068076	False	False	False	False	False	True	different_minimum_coordinates	True
ZNF14	ZNF14__LIVER_FAT	ZNF14__ALT	LIVER_FAT	ALT	4399	4182	4379	4182	4379	0.95501255994519296	0.95501255994519296	4172	4368	4170	0.95423340961098402	False	False	True	True	True	True	verified_shared_minimum_variant	True
ZNF14	ZNF14__LIVER_FAT	ZNF14__AST	LIVER_FAT	AST	4399	4182	4331	4141	4372	0.94716376944190306	0.94716376944190306	4172	4321	4131	0.94704264099037139	False	False	False	False	False	True	different_minimum_coordinates	True
ZNF14	ZNF14__LIVER_FAT	ZNF14__ALP	LIVER_FAT	ALP	4399	4182	4379	4182	4379	0.95501255994519296	0.95501255994519296	4172	4368	4171	0.95468070496681168	False	False	False	False	False	True	different_minimum_coordinates	True
ZNF14	ZNF14__LIVER_FAT	ZNF14__BILI	LIVER_FAT	BILI	4399	4182	4350	4159	4373	0.9510633432426252	0.9510633432426252	4172	4340	4148	0.95050412465627865	False	False	True	True	True	True	verified_shared_minimum_variant	True
ZNF14	ZNF14__NAFLD	ZNF14__ALT	NAFLD	ALT	4399	3015	4379	3015	4379	0.68851335921443257	0.68851335921443257	3015	4368	3015	0.69024725274725274	False	False	False	False	False	True	different_minimum_coordinates	True
ZNF14	ZNF14__NAFLD	ZNF14__AST	NAFLD	AST	4399	3015	4331	3014	4332	0.69575253924284397	0.69575253924284397	3015	4321	3014	0.69736233225358635	False	False	False	False	False	True	different_minimum_coordinates	True
ZNF14	ZNF14__NAFLD	ZNF14__ALP	NAFLD	ALP	4399	3015	4379	3015	4379	0.68851335921443257	0.68851335921443257	3015	4368	3015	0.69024725274725274	False	False	False	False	False	True	different_minimum_coordinates	True
ZNF14	ZNF14__NAFLD	ZNF14__BILI	NAFLD	BILI	4399	3015	4350	3014	4351	0.69271431854746035	0.69271431854746035	3015	4340	3014	0.69431006680488372	False	False	False	False	False	True	different_minimum_coordinates	True
ZNF14	ZNF14__ALT	ZNF14__AST	ALT	AST	4399	4379	4331	4331	4379	0.98903859328613841	0.98903859328613841	4368	4321	4319	0.98832951945080094	False	False	False	False	False	True	different_minimum_coordinates	True
ZNF14	ZNF14__ALT	ZNF14__ALP	ALT	ALP	4399	4379	4379	4379	4379	1	1	4368	4368	4367	0.99954222934309911	True	False	False	False	False	True	different_minimum_coordinates	True
ZNF14	ZNF14__ALT	ZNF14__BILI	ALT	BILI	4399	4379	4350	4350	4379	0.99337748344370858	0.99337748344370858	4368	4340	4338	0.99267734553775744	False	False	True	True	True	True	verified_shared_minimum_variant	True
ZNF14	ZNF14__AST	ZNF14__ALP	AST	ALP	4399	4331	4379	4331	4379	0.98903859328613841	0.98903859328613841	4321	4368	4320	0.98878461890592817	False	False	False	False	False	True	different_minimum_coordinates	True
ZNF14	ZNF14__AST	ZNF14__BILI	AST	BILI	4399	4331	4350	4330	4351	0.9951735233279706	0.9951735233279706	4321	4340	4319	0.99470290188853061	False	False	False	False	False	True	different_minimum_coordinates	True
ZNF14	ZNF14__ALP	ZNF14__BILI	ALP	BILI	4399	4379	4350	4350	4379	0.99337748344370858	0.99337748344370858	4368	4340	4339	0.99313344014648663	False	False	False	False	False	True	different_minimum_coordinates	True
ZNF165	ZNF165__CIRR	ZNF165__AST	CIRR	AST	5415	4636	5246	4579	5303	0.86347350556288893	0.86347350556288893	4631	5235	4574	0.86432350718064999	False	False	False	False	False	True	different_minimum_coordinates	False
ZNF165	ZNF165__CIRR	ZNF165__BILI	CIRR	BILI	5415	4636	5117	4447	5306	0.83810780248774974	0.83810780248774974	4631	5105	4442	0.83906309029089532	False	False	False	False	False	True	different_minimum_coordinates	False
ZNF165	ZNF165__CIRR	ZNF165__PBC	CIRR	PBC	5415	4636	4812	4333	5115	0.84711632453567942	0.84711632453567942	4631	4810	4329	0.846830985915493	False	False	False	False	False	True	different_minimum_coordinates	False
ZNF165	ZNF165__CIRR	ZNF165__PSC	CIRR	PSC	5415	4636	4804	4385	5055	0.86745796241345208	0.86745796241345208	4631	4795	4381	0.868384539147671	False	False	False	False	False	True	different_minimum_coordinates	False
ZNF165	ZNF165__CIRR	ZNF165__AIH	CIRR	AIH	5415	4636	5321	4628	5329	0.86845562019140554	0.86845562019140554	4631	5302	4618	0.8688617121354657	False	False	False	False	False	True	different_minimum_coordinates	False
ZNF165	ZNF165__AST	ZNF165__BILI	AST	BILI	5415	5246	5117	5074	5289	0.95934959349593496	0.95934959349593496	5235	5105	5062	0.95907540735126939	False	False	False	False	False	True	different_minimum_coordinates	True
ZNF165	ZNF165__AST	ZNF165__PBC	AST	PBC	5415	5246	4812	4751	5307	0.89523271151309591	0.89523271151309591	5235	4810	4745	0.8952830188679245	False	False	False	False	False	True	different_minimum_coordinates	True
ZNF165	ZNF165__AST	ZNF165__PSC	AST	PSC	5415	5246	4804	4752	5298	0.89694224235560593	0.89694224235560593	5235	4795	4741	0.89638873132917374	False	False	False	False	False	True	different_minimum_coordinates	True
ZNF165	ZNF165__AST	ZNF165__AIH	AST	AIH	5415	5246	5321	5246	5321	0.98590490509302764	0.98590490509302764	5235	5302	5230	0.98549086112681361	False	False	False	False	False	True	different_minimum_coordinates	True
ZNF165	ZNF165__BILI	ZNF165__PBC	BILI	PBC	5415	5117	4812	4619	5310	0.86986817325800381	0.86986817325800381	5105	4810	4613	0.87004903809883061	False	False	False	False	False	True	different_minimum_coordinates	True
ZNF165	ZNF165__BILI	ZNF165__PSC	BILI	PSC	5415	5117	4804	4608	5313	0.86730660643704127	0.86730660643704127	5105	4795	4597	0.86686781067320384	False	False	False	False	False	True	different_minimum_coordinates	True
ZNF165	ZNF165__BILI	ZNF165__AIH	BILI	AIH	5415	5117	5321	5117	5321	0.96166134185303509	0.96166134185303509	5105	5302	5100	0.96099491237987567	False	False	False	False	False	True	different_minimum_coordinates	True
ZNF165	ZNF165__PBC	ZNF165__PSC	PBC	PSC	5415	4812	4804	4526	5090	0.88919449901768177	0.88919449901768177	4810	4795	4521	0.88926042486231316	False	False	False	False	False	True	different_minimum_coordinates	True
ZNF165	ZNF165__PBC	ZNF165__AIH	PBC	AIH	5415	4812	5321	4796	5337	0.89863219036912123	0.89863219036912123	4810	5302	4785	0.89825417683499154	False	False	False	False	False	True	different_minimum_coordinates	True
ZNF165	ZNF165__PSC	ZNF165__AIH	PSC	AIH	5415	4804	5321	4798	5327	0.90069457480758397	0.90069457480758397	4795	5302	4782	0.89971777986829726	False	False	False	False	False	True	different_minimum_coordinates	True
ZNF184	ZNF184__CIRR	ZNF184__AST	CIRR	AST	5801	4816	5526	4745	5597	0.84777559406825087	0.84777559406825087	4779	5515	4713	0.84447231678910595	False	False	False	False	False	True	different_minimum_coordinates	False
ZNF184	ZNF184__CIRR	ZNF184__BILI	CIRR	BILI	5801	4816	5533	4697	5652	0.831033262561925	0.831033262561925	4779	5522	4665	0.82771469127040453	False	False	False	False	False	True	different_minimum_coordinates	True
ZNF184	ZNF184__CIRR	ZNF184__PBC	CIRR	PBC	5801	4816	4316	3867	5265	0.73447293447293449	0.73447293447293449	4779	4315	3856	0.73615883925162273	False	False	False	False	False	True	different_minimum_coordinates	False
ZNF184	ZNF184__CIRR	ZNF184__PSC	CIRR	PSC	5801	4816	4681	4271	5226	0.81725985457328743	0.81725985457328743	4779	4671	4259	0.82045848584087844	False	False	False	False	False	True	different_minimum_coordinates	False
ZNF184	ZNF184__CIRR	ZNF184__AIH	CIRR	AIH	5801	4816	5661	4804	5673	0.84681826194253484	0.84681826194253484	4779	5625	4764	0.84468085106382984	False	False	False	False	False	True	different_minimum_coordinates	True
ZNF184	ZNF184__AST	ZNF184__BILI	AST	BILI	5801	5526	5533	5434	5625	0.96604444444444448	0.96604444444444448	5515	5522	5423	0.9659779123619523	False	False	False	False	False	True	different_minimum_coordinates	False
ZNF184	ZNF184__AST	ZNF184__PBC	AST	PBC	5801	5526	4316	4261	5581	0.76348324672997669	0.76348324672997669	5515	4315	4255	0.76322869955156947	False	False	False	False	False	True	different_minimum_coordinates	True
ZNF184	ZNF184__AST	ZNF184__PSC	AST	PSC	5801	5526	4681	4627	5580	0.82921146953405023	0.82921146953405023	5515	4671	4615	0.82839705618380899	False	False	False	False	False	True	different_minimum_coordinates	True
ZNF184	ZNF184__AST	ZNF184__AIH	AST	AIH	5801	5526	5661	5526	5661	0.97615262321144669	0.97615262321144669	5515	5625	5497	0.97412723728513206	False	False	False	False	False	True	different_minimum_coordinates	False
ZNF184	ZNF184__BILI	ZNF184__PBC	BILI	PBC	5801	5533	4316	4202	5647	0.74411191783247743	0.74411191783247743	5522	4315	4196	0.74383974472611236	False	False	False	False	False	True	different_minimum_coordinates	False
ZNF184	ZNF184__BILI	ZNF184__PSC	BILI	PSC	5801	5533	4681	4561	5653	0.80682823279674509	0.80682823279674509	5522	4671	4549	0.80598866052445073	False	False	False	False	False	True	different_minimum_coordinates	False
ZNF184	ZNF184__BILI	ZNF184__AIH	BILI	AIH	5801	5533	5661	5533	5661	0.97738915385974212	0.97738915385974212	5522	5625	5503	0.9750177179305457	False	False	False	False	False	True	different_minimum_coordinates	True
ZNF184	ZNF184__PBC	ZNF184__PSC	PBC	PSC	5801	4316	4681	4024	4973	0.80916951538306858	0.80916951538306858	4315	4671	4017	0.80841215536325217	False	False	False	False	False	True	different_minimum_coordinates	True
ZNF184	ZNF184__PBC	ZNF184__AIH	PBC	AIH	5801	4316	5661	4302	5675	0.75806167400881053	0.75806167400881053	4315	5625	4287	0.75835839377321779	False	False	False	False	False	True	different_minimum_coordinates	False
ZNF184	ZNF184__PSC	ZNF184__AIH	PSC	AIH	5801	4681	5661	4673	5669	0.82430763803139884	0.82430763803139884	4671	5625	4651	0.82391496899911421	False	False	False	False	False	True	different_minimum_coordinates	False
ZNF253	ZNF253__CIRR	ZNF253__LIVER_FAT	CIRR	LIVER_FAT	5183	4340	4926	4337	4929	0.87989450192736862	0.87989450192736862	4337	4914	4331	0.88028455284552842	False	False	False	False	False	True	different_minimum_coordinates	True
ZNF253	ZNF253__CIRR	ZNF253__NAFLD	CIRR	NAFLD	5183	4340	3535	3470	4405	0.78774120317820662	0.78774120317820662	4337	3535	3470	0.78827805542935026	False	False	False	False	False	True	different_minimum_coordinates	True
ZNF253	ZNF253__CIRR	ZNF253__ALT	CIRR	ALT	5183	4340	5159	4338	5161	0.84053478008137961	0.84053478008137961	4337	5146	4334	0.84171683822101384	False	False	False	False	False	True	different_minimum_coordinates	True
ZNF253	ZNF253__CIRR	ZNF253__AST	CIRR	AST	5183	4340	5103	4322	5121	0.8439757859793009	0.8439757859793009	4337	5092	4320	0.8455666470933646	False	False	False	False	False	True	different_minimum_coordinates	True
ZNF253	ZNF253__CIRR	ZNF253__ALP	CIRR	ALP	5183	4340	5159	4338	5161	0.84053478008137961	0.84053478008137961	4337	5146	4334	0.84171683822101384	False	False	False	False	False	True	different_minimum_coordinates	True
ZNF253	ZNF253__CIRR	ZNF253__BILI	CIRR	BILI	5183	4340	5127	4330	5137	0.84290441892154955	0.84290441892154955	4337	5116	4327	0.84412797502926262	False	False	False	False	False	True	different_minimum_coordinates	True
ZNF253	ZNF253__LIVER_FAT	ZNF253__NAFLD	LIVER_FAT	NAFLD	5183	4926	3535	3535	4926	0.71762078765732851	0.71762078765732851	4914	3535	3535	0.71937321937321941	False	False	False	False	False	True	different_minimum_coordinates	True
ZNF253	ZNF253__LIVER_FAT	ZNF253__ALT	LIVER_FAT	ALT	5183	4926	5159	4926	5159	0.9548362085675518	0.9548362085675518	4914	5146	4912	0.95415695415695412	False	False	True	True	True	True	verified_shared_minimum_variant	True
ZNF253	ZNF253__LIVER_FAT	ZNF253__AST	LIVER_FAT	AST	5183	4926	5103	4877	5152	0.94662267080745344	0.94662267080745344	4914	5092	4866	0.94669260700389102	False	False	False	False	False	True	different_minimum_coordinates	True
ZNF253	ZNF253__LIVER_FAT	ZNF253__ALP	LIVER_FAT	ALP	5183	4926	5159	4926	5159	0.9548362085675518	0.9548362085675518	4914	5146	4913	0.95453662327569455	False	False	False	False	False	True	different_minimum_coordinates	True
ZNF253	ZNF253__LIVER_FAT	ZNF253__BILI	LIVER_FAT	BILI	5183	4926	5127	4900	5153	0.95090238695905294	0.95090238695905294	4914	5116	4887	0.95022360489986391	False	False	True	True	True	True	verified_shared_minimum_variant	True
ZNF253	ZNF253__NAFLD	ZNF253__ALT	NAFLD	ALT	5183	3535	5159	3535	5159	0.68521031207598371	0.68521031207598371	3535	5146	3535	0.68694131364166344	False	False	False	False	False	True	different_minimum_coordinates	True
ZNF253	ZNF253__NAFLD	ZNF253__AST	NAFLD	AST	5183	3535	5103	3534	5104	0.69239811912225702	0.69239811912225702	3535	5092	3534	0.69389357942273711	False	False	False	False	False	True	different_minimum_coordinates	True
ZNF253	ZNF253__NAFLD	ZNF253__ALP	NAFLD	ALP	5183	3535	5159	3535	5159	0.68521031207598371	0.68521031207598371	3535	5146	3535	0.68694131364166344	False	False	False	False	False	True	different_minimum_coordinates	True
ZNF253	ZNF253__NAFLD	ZNF253__BILI	NAFLD	BILI	5183	3535	5127	3534	5128	0.68915756630265212	0.68915756630265212	3535	5116	3534	0.69063904631620088	False	False	False	False	False	True	different_minimum_coordinates	True
ZNF253	ZNF253__ALT	ZNF253__AST	ALT	AST	5183	5159	5103	5103	5159	0.98914518317503397	0.98914518317503397	5146	5092	5090	0.98873348873348876	False	False	False	False	False	True	different_minimum_coordinates	True
ZNF253	ZNF253__ALT	ZNF253__ALP	ALT	ALP	5183	5159	5159	5159	5159	1	1	5146	5146	5145	0.99961142413056148	True	False	False	False	False	True	different_minimum_coordinates	True
ZNF253	ZNF253__ALT	ZNF253__BILI	ALT	BILI	5183	5159	5127	5127	5159	0.99379724752859078	0.99379724752859078	5146	5116	5113	0.99300835113614294	False	False	True	True	True	True	verified_shared_minimum_variant	True
ZNF253	ZNF253__AST	ZNF253__ALP	AST	ALP	5183	5103	5159	5103	5159	0.98914518317503397	0.98914518317503397	5092	5146	5091	0.98911987565572179	False	False	False	False	False	True	different_minimum_coordinates	True
ZNF253	ZNF253__AST	ZNF253__BILI	AST	BILI	5183	5103	5127	5102	5128	0.99492979719188768	0.99492979719188768	5092	5116	5090	0.99452911293474011	False	False	False	False	False	True	different_minimum_coordinates	True
ZNF253	ZNF253__ALP	ZNF253__BILI	ALP	BILI	5183	5159	5127	5127	5159	0.99379724752859078	0.99379724752859078	5146	5116	5114	0.99339549339549338	False	False	False	False	False	True	different_minimum_coordinates	True
ZNF311	ZNF311__CIRR	ZNF311__AST	CIRR	AST	3105	2686	3013	2642	3057	0.86424599280340197	0.86424599280340197	2682	3010	2638	0.86378519973804846	False	False	False	False	False	True	different_minimum_coordinates	True
ZNF311	ZNF311__CIRR	ZNF311__BILI	CIRR	BILI	3105	2686	2890	2520	3056	0.82460732984293195	0.82460732984293195	2682	2886	2516	0.82437745740498036	False	False	False	False	False	True	different_minimum_coordinates	True
ZNF311	ZNF311__CIRR	ZNF311__PBC	CIRR	PBC	3105	2686	2887	2591	2982	0.86887994634473509	0.86887994634473509	2682	2885	2587	0.8681208053691275	False	False	False	False	False	True	different_minimum_coordinates	True
ZNF311	ZNF311__CIRR	ZNF311__PSC	CIRR	PSC	3105	2686	2787	2524	2949	0.85588335028823326	0.85588335028823326	2682	2783	2521	0.85631793478260865	False	False	False	False	False	True	different_minimum_coordinates	True
ZNF311	ZNF311__CIRR	ZNF311__AIH	CIRR	AIH	3105	2686	3067	2679	3074	0.87150292778139238	0.87150292778139238	2682	3059	2673	0.87125162972620596	False	False	False	False	False	True	different_minimum_coordinates	True
ZNF311	ZNF311__AST	ZNF311__BILI	AST	BILI	3105	3013	2890	2857	3046	0.93795141168745899	0.93795141168745899	3010	2886	2853	0.9375616168255011	False	False	False	False	False	True	different_minimum_coordinates	True
ZNF311	ZNF311__AST	ZNF311__PBC	AST	PBC	3105	3013	2887	2842	3058	0.92936559843034661	0.92936559843034661	3010	2885	2839	0.92899214659685869	False	False	False	False	False	True	different_minimum_coordinates	True
ZNF311	ZNF311__AST	ZNF311__PSC	AST	PSC	3105	3013	2787	2749	3051	0.90101606030809567	0.90101606030809567	3010	2783	2744	0.89996720236143002	False	False	False	False	False	True	different_minimum_coordinates	True
ZNF311	ZNF311__AST	ZNF311__AIH	AST	AIH	3105	3013	3067	3013	3067	0.98239321812846425	0.98239321812846425	3010	3059	3008	0.98268539692910817	False	False	False	False	False	True	different_minimum_coordinates	True
ZNF311	ZNF311__BILI	ZNF311__PBC	BILI	PBC	3105	2890	2887	2718	3059	0.88852566198103955	0.88852566198103955	2886	2885	2715	0.8884162303664922	False	False	False	False	False	True	different_minimum_coordinates	True
ZNF311	ZNF311__BILI	ZNF311__PSC	BILI	PSC	3105	2890	2787	2617	3060	0.8552287581699346	0.8552287581699346	2886	2783	2612	0.85443245011449132	False	False	False	False	False	True	different_minimum_coordinates	True
ZNF311	ZNF311__BILI	ZNF311__AIH	BILI	AIH	3105	2890	3067	2890	3067	0.9422888816432996	0.9422888816432996	2886	3059	2884	0.94217575955570076	False	False	False	False	False	True	different_minimum_coordinates	True
ZNF311	ZNF311__PBC	ZNF311__PSC	PBC	PSC	3105	2887	2787	2704	2970	0.91043771043771049	0.91043771043771049	2885	2783	2701	0.91034715200539262	False	False	False	False	False	True	different_minimum_coordinates	True
ZNF311	ZNF311__PBC	ZNF311__AIH	PBC	AIH	3105	2887	3067	2876	3078	0.93437296946068871	0.93437296946068871	2885	3059	2871	0.9342661893914741	False	False	False	False	False	True	different_minimum_coordinates	True
ZNF311	ZNF311__PSC	ZNF311__AIH	PSC	AIH	3105	2787	3067	2784	3070	0.90684039087947887	0.90684039087947887	2783	3059	2777	0.90603588907014687	False	False	False	False	False	True	different_minimum_coordinates	True
ZNF322	ZNF322__CIRR	ZNF322__AST	CIRR	AST	6386	5378	6132	5323	6187	0.86035235170518831	0.86035235170518831	5343	6120	5294	0.85816177662506077	False	False	False	False	False	True	different_minimum_coordinates	False
ZNF322	ZNF322__CIRR	ZNF322__BILI	CIRR	BILI	6386	5378	6214	5341	6251	0.85442329227323632	0.85442329227323632	5343	6203	5311	0.85180433039294301	False	False	False	False	False	True	different_minimum_coordinates	True
ZNF322	ZNF322__CIRR	ZNF322__PSC	CIRR	PSC	6386	5378	5222	4814	5786	0.83200829588662284	0.83200829588662284	5343	5213	4803	0.83486876412306621	False	False	False	False	False	True	different_minimum_coordinates	False
ZNF322	ZNF322__CIRR	ZNF322__AIH	CIRR	AIH	6386	5378	6259	5371	6266	0.8571656559208426	0.8571656559208426	5343	6223	5332	0.85530959255694583	False	False	False	False	False	True	different_minimum_coordinates	True
ZNF322	ZNF322__AST	ZNF322__BILI	AST	BILI	6386	6132	6214	6110	6236	0.97979474021808854	0.97979474021808854	6120	6203	6098	0.97959839357429723	False	False	False	False	False	True	different_minimum_coordinates	False
ZNF322	ZNF322__AST	ZNF322__PSC	AST	PSC	6386	6132	5222	5177	6177	0.8381091144568561	0.8381091144568561	6120	5213	5168	0.83828061638280615	False	False	False	False	False	True	different_minimum_coordinates	True
ZNF322	ZNF322__AST	ZNF322__AIH	AST	AIH	6386	6132	6259	6132	6259	0.97970921872503591	0.97970921872503591	6120	6223	6099	0.97677770659833441	False	False	False	False	False	True	different_minimum_coordinates	False
ZNF322	ZNF322__BILI	ZNF322__PSC	BILI	PSC	6386	6214	5222	5183	6253	0.82888213657444432	0.82888213657444432	6203	5213	5174	0.82890099327138733	False	False	False	False	False	True	different_minimum_coordinates	False
ZNF322	ZNF322__BILI	ZNF322__AIH	BILI	AIH	6386	6214	6259	6214	6259	0.99281035309154819	0.99281035309154819	6203	6223	6180	0.98943323727185395	False	False	False	False	False	True	different_minimum_coordinates	True
ZNF322	ZNF322__PSC	ZNF322__AIH	PSC	AIH	6386	5222	6259	5213	6268	0.83168474792597324	0.83168474792597324	5213	6223	5191	0.83122497998398714	False	False	False	False	False	True	different_minimum_coordinates	False
ZNF391	ZNF391__CIRR	ZNF391__AST	CIRR	AST	5949	4970	5657	4885	5742	0.85074886799024729	0.85074886799024729	4933	5647	4853	0.84738955823293172	False	False	False	False	False	True	different_minimum_coordinates	False
ZNF391	ZNF391__CIRR	ZNF391__BILI	CIRR	BILI	5949	4970	5682	4853	5799	0.83686842559061903	0.83686842559061903	4933	5672	4821	0.83350622406639008	False	False	False	False	False	True	different_minimum_coordinates	True
ZNF391	ZNF391__CIRR	ZNF391__PSC	CIRR	PSC	5949	4970	4833	4427	5376	0.82347470238095233	0.82347470238095233	4933	4825	4416	0.82665668289030325	False	False	False	False	False	True	different_minimum_coordinates	False
ZNF391	ZNF391__CIRR	ZNF391__AIH	CIRR	AIH	5949	4970	5807	4958	5819	0.85203643237669702	0.85203643237669702	4933	5771	4918	0.84998271690286897	False	False	False	False	False	True	different_minimum_coordinates	True
ZNF391	ZNF391__AST	ZNF391__BILI	AST	BILI	5949	5657	5682	5568	5771	0.96482412060301503	0.96482412060301503	5647	5672	5558	0.96476306196840822	False	False	False	False	False	True	different_minimum_coordinates	False
ZNF391	ZNF391__AST	ZNF391__PSC	AST	PSC	5949	5657	4833	4763	5727	0.83167452418369125	0.83167452418369125	5647	4825	4753	0.83108935128518968	False	False	False	False	False	True	different_minimum_coordinates	True
ZNF391	ZNF391__AST	ZNF391__AIH	AST	AIH	5949	5657	5807	5657	5807	0.97416910625107633	0.97416910625107633	5647	5771	5628	0.97202072538860107	False	False	False	False	False	True	different_minimum_coordinates	False
ZNF391	ZNF391__BILI	ZNF391__PSC	BILI	PSC	5949	5682	4833	4715	5800	0.81293103448275861	0.81293103448275861	5672	4825	4705	0.81232734806629836	False	False	False	False	False	True	different_minimum_coordinates	False
ZNF391	ZNF391__BILI	ZNF391__AIH	BILI	AIH	5949	5682	5807	5682	5807	0.97847425520923026	0.97847425520923026	5672	5771	5652	0.97599723709203934	False	False	False	False	False	True	different_minimum_coordinates	True
ZNF391	ZNF391__PSC	ZNF391__AIH	PSC	AIH	5949	4833	5807	4824	5816	0.82943603851444292	0.82943603851444292	4825	5771	4803	0.82910409114448469	False	False	False	False	False	True	different_minimum_coordinates	False
ZNF486	ZNF486__CIRR	ZNF486__LIVER_FAT	CIRR	LIVER_FAT	6280	5289	5988	5283	5994	0.88138138138138133	0.88138138138138133	5285	5975	5276	0.88168449197860965	False	False	False	False	False	True	different_minimum_coordinates	True
ZNF486	ZNF486__CIRR	ZNF486__NAFLD	CIRR	NAFLD	6280	5289	4256	4192	5353	0.78311227349150014	0.78311227349150014	5285	4256	4192	0.78369788745559921	False	False	False	False	False	True	different_minimum_coordinates	True
ZNF486	ZNF486__CIRR	ZNF486__ALT	CIRR	ALT	6280	5289	6252	5285	6256	0.84478900255754474	0.84478900255754474	5285	6237	5280	0.84588272989426461	False	False	False	False	False	True	different_minimum_coordinates	True
ZNF486	ZNF486__CIRR	ZNF486__AST	CIRR	AST	6280	5289	6179	5257	6211	0.84640154564482373	0.84640154564482373	5285	6167	5254	0.84769280413036463	False	False	False	False	False	True	different_minimum_coordinates	True
ZNF486	ZNF486__CIRR	ZNF486__ALP	CIRR	ALP	6280	5289	6252	5285	6256	0.84478900255754474	0.84478900255754474	5285	6238	5280	0.84574723690533393	False	False	False	False	False	True	different_minimum_coordinates	True
ZNF486	ZNF486__CIRR	ZNF486__BILI	CIRR	BILI	6280	5289	6217	5277	6229	0.84716647937068545	0.84716647937068545	5285	6206	5273	0.84802187198456092	False	False	False	False	False	True	different_minimum_coordinates	True
ZNF486	ZNF486__LIVER_FAT	ZNF486__NAFLD	LIVER_FAT	NAFLD	6280	5988	4256	4256	5988	0.71075484301937208	0.71075484301937208	5975	4256	4256	0.71230125523012555	False	False	False	False	False	True	different_minimum_coordinates	True
ZNF486	ZNF486__LIVER_FAT	ZNF486__ALT	LIVER_FAT	ALT	6280	5988	6252	5988	6252	0.95777351247600773	0.95777351247600773	5975	6237	5974	0.95767874318691892	False	False	True	True	True	True	verified_shared_minimum_variant	True
ZNF486	ZNF486__LIVER_FAT	ZNF486__AST	LIVER_FAT	AST	6280	5988	6179	5923	6244	0.94859064702114027	0.94859064702114027	5975	6167	5911	0.94864387738725731	False	False	False	False	False	True	different_minimum_coordinates	True
ZNF486	ZNF486__LIVER_FAT	ZNF486__ALP	LIVER_FAT	ALP	6280	5988	6252	5988	6252	0.95777351247600773	0.95777351247600773	5975	6238	5975	0.95783905097787747	False	False	False	False	False	True	different_minimum_coordinates	True
ZNF486	ZNF486__LIVER_FAT	ZNF486__BILI	LIVER_FAT	BILI	6280	5988	6217	5957	6248	0.95342509603072978	0.95342509603072978	5975	6206	5944	0.9530222863556197	False	False	True	True	True	True	verified_shared_minimum_variant	True
ZNF486	ZNF486__NAFLD	ZNF486__ALT	NAFLD	ALT	6280	4256	6252	4256	6252	0.68074216250799746	0.68074216250799746	4256	6237	4256	0.68237934904601572	False	False	False	False	False	True	different_minimum_coordinates	True
ZNF486	ZNF486__NAFLD	ZNF486__AST	NAFLD	AST	6280	4256	6179	4251	6184	0.68741914618369993	0.68741914618369993	4256	6167	4251	0.6887556707712249	False	False	False	False	False	True	different_minimum_coordinates	True
ZNF486	ZNF486__NAFLD	ZNF486__ALP	NAFLD	ALP	6280	4256	6252	4256	6252	0.68074216250799746	0.68074216250799746	4256	6238	4256	0.68226995831997439	False	False	False	False	False	True	different_minimum_coordinates	True
ZNF486	ZNF486__NAFLD	ZNF486__BILI	NAFLD	BILI	6280	4256	6217	4255	6218	0.68430363460919907	0.68430363460919907	4256	6206	4255	0.68551635250523602	False	False	False	False	False	True	different_minimum_coordinates	True
ZNF486	ZNF486__ALT	ZNF486__AST	ALT	AST	6280	6252	6179	6179	6252	0.98832373640435056	0.98832373640435056	6237	6167	6165	0.98813912485975319	False	False	False	False	False	True	different_minimum_coordinates	True
ZNF486	ZNF486__ALT	ZNF486__ALP	ALT	ALP	6280	6252	6252	6252	6252	1	1	6237	6238	6236	0.99951915371053057	True	False	False	False	False	True	different_minimum_coordinates	True
ZNF486	ZNF486__ALT	ZNF486__BILI	ALT	BILI	6280	6252	6217	6216	6253	0.99408284023668636	0.99408284023668636	6237	6206	6201	0.99343159243832102	False	False	True	True	True	True	verified_shared_minimum_variant	True
ZNF486	ZNF486__AST	ZNF486__ALP	AST	ALP	6280	6179	6252	6179	6252	0.98832373640435056	0.98832373640435056	6167	6238	6167	0.9886181468419365	False	False	False	False	False	True	different_minimum_coordinates	True
ZNF486	ZNF486__AST	ZNF486__BILI	AST	BILI	6280	6179	6217	6178	6218	0.99356706336442591	0.99356706336442591	6167	6206	6166	0.9933945545352022	False	False	False	False	False	True	different_minimum_coordinates	True
ZNF486	ZNF486__ALP	ZNF486__BILI	ALP	BILI	6280	6252	6217	6216	6253	0.99408284023668636	0.99408284023668636	6238	6206	6203	0.99391123217433108	False	False	False	False	False	True	different_minimum_coordinates	True
ZNF506	ZNF506__CIRR	ZNF506__LIVER_FAT	CIRR	LIVER_FAT	4689	3920	4454	3918	4456	0.87926391382405744	0.87926391382405744	3917	4443	3912	0.87949640287769781	False	False	False	False	False	True	different_minimum_coordinates	True
ZNF506	ZNF506__CIRR	ZNF506__NAFLD	CIRR	NAFLD	4689	3920	3221	3157	3984	0.79241967871485941	0.79241967871485941	3917	3221	3157	0.79301682994222555	False	False	False	False	False	True	different_minimum_coordinates	True
ZNF506	ZNF506__CIRR	ZNF506__ALT	CIRR	ALT	4689	3920	4669	3919	4670	0.839186295503212	0.839186295503212	3917	4657	3915	0.84030907920154541	False	False	False	False	False	True	different_minimum_coordinates	True
ZNF506	ZNF506__CIRR	ZNF506__AST	CIRR	AST	4689	3920	4616	3904	4632	0.84283246977547499	0.84283246977547499	3917	4606	3902	0.84440597273317464	False	False	False	False	False	True	different_minimum_coordinates	True
ZNF506	ZNF506__CIRR	ZNF506__ALP	CIRR	ALP	4689	3920	4669	3919	4670	0.839186295503212	0.839186295503212	3917	4657	3915	0.84030907920154541	False	False	False	False	False	True	different_minimum_coordinates	True
ZNF506	ZNF506__CIRR	ZNF506__BILI	CIRR	BILI	4689	3920	4637	3911	4646	0.84179939733103748	0.84179939733103748	3917	4627	3908	0.84296807592752376	False	False	False	False	False	True	different_minimum_coordinates	True
ZNF506	ZNF506__LIVER_FAT	ZNF506__NAFLD	LIVER_FAT	NAFLD	4689	4454	3221	3221	4454	0.72317018410417599	0.72317018410417599	4443	3221	3221	0.72496061219896468	False	False	False	False	False	True	different_minimum_coordinates	True
ZNF506	ZNF506__LIVER_FAT	ZNF506__ALT	LIVER_FAT	ALT	4689	4454	4669	4454	4669	0.95395159563075604	0.95395159563075604	4443	4657	4441	0.95320884309937759	False	False	True	True	True	True	verified_shared_minimum_variant	True
ZNF506	ZNF506__LIVER_FAT	ZNF506__AST	LIVER_FAT	AST	4689	4454	4616	4408	4662	0.94551694551694554	0.94551694551694554	4443	4606	4398	0.94560309610836379	False	False	False	False	False	True	different_minimum_coordinates	True
ZNF506	ZNF506__LIVER_FAT	ZNF506__ALP	LIVER_FAT	ALP	4689	4454	4669	4454	4669	0.95395159563075604	0.95395159563075604	4443	4657	4442	0.95362816659510519	False	False	False	False	False	True	different_minimum_coordinates	True
ZNF506	ZNF506__LIVER_FAT	ZNF506__BILI	LIVER_FAT	BILI	4689	4454	4637	4428	4663	0.94960325970405324	0.94960325970405324	4443	4627	4416	0.94886119467125052	False	False	True	True	True	True	verified_shared_minimum_variant	True
ZNF506	ZNF506__NAFLD	ZNF506__ALT	NAFLD	ALT	4689	3221	4669	3221	4669	0.68986935103876634	0.68986935103876634	3221	4657	3221	0.69164698303628946	False	False	False	False	False	True	different_minimum_coordinates	True
ZNF506	ZNF506__NAFLD	ZNF506__AST	NAFLD	AST	4689	3221	4616	3220	4617	0.69742256876759801	0.69742256876759801	3221	4606	3220	0.69893640112871713	False	False	False	False	False	True	different_minimum_coordinates	True
ZNF506	ZNF506__NAFLD	ZNF506__ALP	NAFLD	ALP	4689	3221	4669	3221	4669	0.68986935103876634	0.68986935103876634	3221	4657	3221	0.69164698303628946	False	False	False	False	False	True	different_minimum_coordinates	True
ZNF506	ZNF506__NAFLD	ZNF506__BILI	NAFLD	BILI	4689	3221	4637	3220	4638	0.69426476929711078	0.69426476929711078	3221	4627	3220	0.69576490924805534	False	False	False	False	False	True	different_minimum_coordinates	True
ZNF506	ZNF506__ALT	ZNF506__AST	ALT	AST	4689	4669	4616	4616	4669	0.98864853287641896	0.98864853287641896	4657	4606	4604	0.98819489160764118	False	False	False	False	False	True	different_minimum_coordinates	True
ZNF506	ZNF506__ALT	ZNF506__ALP	ALT	ALP	4689	4669	4669	4669	4669	1	1	4657	4657	4656	0.99957063117217693	True	False	False	False	False	True	different_minimum_coordinates	True
ZNF506	ZNF506__ALT	ZNF506__BILI	ALT	BILI	4689	4669	4637	4637	4669	0.99314628400085669	0.99314628400085669	4657	4627	4624	0.99227467811158798	False	False	True	True	True	True	verified_shared_minimum_variant	True
ZNF506	ZNF506__AST	ZNF506__ALP	AST	ALP	4689	4616	4669	4616	4669	0.98864853287641896	0.98864853287641896	4606	4657	4605	0.98862172606268783	False	False	False	False	False	True	different_minimum_coordinates	True
ZNF506	ZNF506__AST	ZNF506__BILI	AST	BILI	4689	4616	4637	4615	4638	0.99504096593359204	0.99504096593359204	4606	4627	4604	0.99459926550010802	False	False	False	False	False	True	different_minimum_coordinates	True
ZNF506	ZNF506__ALP	ZNF506__BILI	ALP	BILI	4689	4669	4637	4637	4669	0.99314628400085669	0.99314628400085669	4657	4627	4625	0.99270229663017817	False	False	False	False	False	True	different_minimum_coordinates	True
ZNF512	ZNF512__LIVER_FAT	ZNF512__NAFLD	LIVER_FAT	NAFLD	4187	3915	3113	3113	3915	0.79514687100893999	0.79514687100893999	3912	3113	3113	0.79575664621676889	False	False	False	False	False	True	different_minimum_coordinates	True
ZNF512	ZNF512__LIVER_FAT	ZNF512__GGT	LIVER_FAT	GGT	4187	3915	4168	3915	4168	0.93929942418426104	0.93929942418426104	3912	4163	3912	0.93970694210905592	False	False	False	False	False	True	different_minimum_coordinates	True
ZNF512	ZNF512__LIVER_FAT	ZNF512__ALP	LIVER_FAT	ALP	4187	3915	4168	3915	4168	0.93929942418426104	0.93929942418426104	3912	4163	3912	0.93970694210905592	False	False	False	False	False	True	different_minimum_coordinates	True
ZNF512	ZNF512__NAFLD	ZNF512__GGT	NAFLD	GGT	4187	3113	4168	3113	4168	0.74688099808061426	0.74688099808061426	3113	4163	3113	0.74777804467931785	False	False	False	False	False	True	different_minimum_coordinates	True
ZNF512	ZNF512__NAFLD	ZNF512__ALP	NAFLD	ALP	4187	3113	4168	3113	4168	0.74688099808061426	0.74688099808061426	3113	4163	3113	0.74777804467931785	False	False	False	False	False	True	different_minimum_coordinates	True
ZNF512	ZNF512__GGT	ZNF512__ALP	GGT	ALP	4187	4168	4168	4168	4168	1	1	4163	4163	4163	1	True	True	True	True	True	True	verified_shared_minimum_variant	True
ZNF513	ZNF513__LIVER_FAT	ZNF513__NAFLD	LIVER_FAT	NAFLD	3889	3634	2900	2900	3634	0.79801871216290587	0.79801871216290587	3633	2900	2900	0.79823837049270574	False	False	False	False	False	True	different_minimum_coordinates	True
ZNF513	ZNF513__LIVER_FAT	ZNF513__GGT	LIVER_FAT	GGT	3889	3634	3871	3634	3871	0.93877551020408168	0.93877551020408168	3633	3869	3633	0.93900232618247614	False	False	False	False	False	True	different_minimum_coordinates	True
ZNF513	ZNF513__LIVER_FAT	ZNF513__ALP	LIVER_FAT	ALP	3889	3634	3871	3634	3871	0.93877551020408168	0.93877551020408168	3633	3869	3633	0.93900232618247614	False	False	False	False	False	True	different_minimum_coordinates	True
ZNF513	ZNF513__NAFLD	ZNF513__GGT	NAFLD	GGT	3889	2900	3871	2900	3871	0.74916042366313618	0.74916042366313618	2900	3869	2900	0.74954768674075989	False	False	False	False	False	True	different_minimum_coordinates	True
ZNF513	ZNF513__NAFLD	ZNF513__ALP	NAFLD	ALP	3889	2900	3871	2900	3871	0.74916042366313618	0.74916042366313618	2900	3869	2900	0.74954768674075989	False	False	False	False	False	True	different_minimum_coordinates	True
ZNF513	ZNF513__GGT	ZNF513__ALP	GGT	ALP	3889	3871	3871	3871	3871	1	1	3869	3869	3869	1	True	True	True	True	True	True	verified_shared_minimum_variant	True
ZNF682	ZNF682__CIRR	ZNF682__LIVER_FAT	CIRR	LIVER_FAT	6156	5178	5857	5172	5863	0.88214224799590657	0.88214224799590657	5174	5844	5165	0.88245344267896808	False	False	False	False	False	True	different_minimum_coordinates	True
ZNF682	ZNF682__CIRR	ZNF682__NAFLD	CIRR	NAFLD	6156	5178	4173	4108	5243	0.78352088498950978	0.78352088498950978	5174	4173	4108	0.78411910669975182	False	False	False	False	False	True	different_minimum_coordinates	True
ZNF682	ZNF682__CIRR	ZNF682__ALT	CIRR	ALT	6156	5178	6128	5174	6132	0.84377038486627531	0.84377038486627531	5174	6112	5169	0.84502206964198134	False	False	False	False	False	True	different_minimum_coordinates	True
ZNF682	ZNF682__CIRR	ZNF682__AST	CIRR	AST	6156	5178	6056	5147	6087	0.84557253162477408	0.84557253162477408	5174	6043	5144	0.84702782809155275	False	False	False	False	False	True	different_minimum_coordinates	True
ZNF682	ZNF682__CIRR	ZNF682__ALP	CIRR	ALP	6156	5178	6128	5174	6132	0.84377038486627531	0.84377038486627531	5174	6113	5169	0.84488394900294217	False	False	False	False	False	True	different_minimum_coordinates	True
ZNF682	ZNF682__CIRR	ZNF682__BILI	CIRR	BILI	6156	5178	6094	5167	6105	0.84635544635544635	0.84635544635544635	5174	6082	5163	0.84736582964057117	False	False	False	False	False	True	different_minimum_coordinates	True
ZNF682	ZNF682__LIVER_FAT	ZNF682__NAFLD	LIVER_FAT	NAFLD	6156	5857	4173	4173	5857	0.71248079221444427	0.71248079221444427	5844	4173	4173	0.71406570841889117	False	False	False	False	False	True	different_minimum_coordinates	True
ZNF682	ZNF682__LIVER_FAT	ZNF682__ALT	LIVER_FAT	ALT	6156	5857	6128	5857	6128	0.95577676240208875	0.95577676240208875	5844	6112	5843	0.95583183379682646	False	False	True	True	True	True	verified_shared_minimum_variant	True
ZNF682	ZNF682__LIVER_FAT	ZNF682__AST	LIVER_FAT	AST	6156	5857	6056	5794	6119	0.94688674620035951	0.94688674620035951	5844	6043	5782	0.94709254709254709	False	False	False	False	False	True	different_minimum_coordinates	True
ZNF682	ZNF682__LIVER_FAT	ZNF682__ALP	LIVER_FAT	ALP	6156	5857	6128	5857	6128	0.95577676240208875	0.95577676240208875	5844	6113	5844	0.95599541959757894	False	False	False	False	False	True	different_minimum_coordinates	True
ZNF682	ZNF682__LIVER_FAT	ZNF682__BILI	LIVER_FAT	BILI	6156	5857	6094	5828	6123	0.95182100277641679	0.95182100277641679	5844	6082	5815	0.95156275568646698	False	False	True	True	True	True	verified_shared_minimum_variant	True
ZNF682	ZNF682__NAFLD	ZNF682__ALT	NAFLD	ALT	6156	4173	6128	4173	6128	0.68097258485639689	0.68097258485639689	4173	6112	4173	0.68275523560209428	False	False	False	False	False	True	different_minimum_coordinates	True
ZNF682	ZNF682__NAFLD	ZNF682__AST	NAFLD	AST	6156	4173	6056	4168	6061	0.68767530110542818	0.68767530110542818	4173	6043	4168	0.68915343915343918	False	False	False	False	False	True	different_minimum_coordinates	True
ZNF682	ZNF682__NAFLD	ZNF682__ALP	NAFLD	ALP	6156	4173	6128	4173	6128	0.68097258485639689	0.68097258485639689	4173	6113	4173	0.68264354654016035	False	False	False	False	False	True	different_minimum_coordinates	True
ZNF682	ZNF682__NAFLD	ZNF682__BILI	NAFLD	BILI	6156	4173	6094	4172	6095	0.68449548810500405	0.68449548810500405	4173	6082	4172	0.68584579976985038	False	False	False	False	False	True	different_minimum_coordinates	True
ZNF682	ZNF682__ALT	ZNF682__AST	ALT	AST	6156	6128	6056	6056	6128	0.98825065274151436	0.98825065274151436	6112	6043	6041	0.98806018972849197	False	False	False	False	False	True	different_minimum_coordinates	True
ZNF682	ZNF682__ALT	ZNF682__ALP	ALT	ALP	6156	6128	6128	6128	6128	1	1	6112	6113	6111	0.99950932286555449	True	False	False	False	False	True	different_minimum_coordinates	True
ZNF682	ZNF682__ALT	ZNF682__BILI	ALT	BILI	6156	6128	6094	6093	6129	0.99412628487518351	0.99412628487518351	6112	6082	6077	0.99346084682033675	False	False	True	True	True	True	verified_shared_minimum_variant	True
ZNF682	ZNF682__AST	ZNF682__ALP	AST	ALP	6156	6056	6128	6056	6128	0.98825065274151436	0.98825065274151436	6043	6113	6043	0.98854899394732543	False	False	False	False	False	True	different_minimum_coordinates	True
ZNF682	ZNF682__AST	ZNF682__BILI	AST	BILI	6156	6056	6094	6055	6095	0.99343724364232977	0.99343724364232977	6043	6082	6042	0.99325990465230973	False	False	False	False	False	True	different_minimum_coordinates	True
ZNF682	ZNF682__ALP	ZNF682__BILI	ALP	BILI	6156	6128	6094	6093	6129	0.99412628487518351	0.99412628487518351	6113	6082	6079	0.99395029431000659	False	False	False	False	False	True	different_minimum_coordinates	True
ZNF90	ZNF90__CIRR	ZNF90__LIVER_FAT	CIRR	LIVER_FAT	6233	5257	5943	5251	5949	0.88266935619431841	0.88266935619431841	5253	5930	5244	0.88297693214345851	False	False	False	False	False	True	different_minimum_coordinates	True
ZNF90	ZNF90__CIRR	ZNF90__NAFLD	CIRR	NAFLD	6233	5257	4237	4172	5322	0.78391582111987979	0.78391582111987979	5253	4237	4172	0.78450545317788645	False	False	False	False	False	True	different_minimum_coordinates	True
ZNF90	ZNF90__CIRR	ZNF90__ALT	CIRR	ALT	6233	5257	6205	5253	6209	0.84602995651473667	0.84602995651473667	5253	6190	5248	0.84713478611783699	False	False	False	False	False	True	different_minimum_coordinates	True
ZNF90	ZNF90__CIRR	ZNF90__AST	CIRR	AST	6233	5257	6132	5226	6163	0.84796365406457896	0.84796365406457896	5253	6120	5223	0.84926829268292681	False	False	False	False	False	True	different_minimum_coordinates	True
ZNF90	ZNF90__CIRR	ZNF90__ALP	CIRR	ALP	6233	5257	6205	5253	6209	0.84602995651473667	0.84602995651473667	5253	6191	5248	0.84699806326662364	False	False	False	False	False	True	different_minimum_coordinates	True
ZNF90	ZNF90__CIRR	ZNF90__BILI	CIRR	BILI	6233	5257	6170	5246	6181	0.84872997896780455	0.84872997896780455	5253	6159	5242	0.84959481361426259	False	False	False	False	False	True	different_minimum_coordinates	True
ZNF90	ZNF90__LIVER_FAT	ZNF90__NAFLD	LIVER_FAT	NAFLD	6233	5943	4237	4237	5943	0.71293959279825003	0.71293959279825003	5930	4237	4237	0.71450252951096116	False	False	False	False	False	True	different_minimum_coordinates	True
ZNF90	ZNF90__LIVER_FAT	ZNF90__ALT	LIVER_FAT	ALT	6233	5943	6205	5943	6205	0.9577759871071716	0.9577759871071716	5930	6190	5929	0.95768050395735749	False	False	True	True	True	True	verified_shared_minimum_variant	True
ZNF90	ZNF90__LIVER_FAT	ZNF90__AST	LIVER_FAT	AST	6233	5943	6132	5879	6196	0.94883795997417686	0.94883795997417686	5930	6120	5867	0.94889212356461261	False	False	False	False	False	True	different_minimum_coordinates	True
ZNF90	ZNF90__LIVER_FAT	ZNF90__ALP	LIVER_FAT	ALP	6233	5943	6205	5943	6205	0.9577759871071716	0.9577759871071716	5930	6191	5930	0.95784202875141333	False	False	False	False	False	True	different_minimum_coordinates	True
ZNF90	ZNF90__LIVER_FAT	ZNF90__BILI	LIVER_FAT	BILI	6233	5943	6170	5913	6200	0.95370967741935486	0.95370967741935486	5930	6159	5900	0.9533042494748748	False	False	True	True	True	True	verified_shared_minimum_variant	True
ZNF90	ZNF90__NAFLD	ZNF90__ALT	NAFLD	ALT	6233	4237	6205	4237	6205	0.68283642224012897	0.68283642224012897	4237	6190	4237	0.68449111470113089	False	False	False	False	False	True	different_minimum_coordinates	True
ZNF90	ZNF90__NAFLD	ZNF90__AST	NAFLD	AST	6233	4237	6132	4232	6137	0.68958774645592313	0.68958774645592313	4237	6120	4232	0.69093877551020411	False	False	False	False	False	True	different_minimum_coordinates	True
ZNF90	ZNF90__NAFLD	ZNF90__ALP	NAFLD	ALP	6233	4237	6205	4237	6205	0.68283642224012897	0.68283642224012897	4237	6191	4237	0.68438055241479567	False	False	False	False	False	True	different_minimum_coordinates	True
ZNF90	ZNF90__NAFLD	ZNF90__BILI	NAFLD	BILI	6233	4237	6170	4236	6171	0.68643655809431214	0.68643655809431214	4237	6159	4236	0.68766233766233764	False	False	False	False	False	True	different_minimum_coordinates	True
ZNF90	ZNF90__ALT	ZNF90__AST	ALT	AST	6233	6205	6132	6132	6205	0.9882352941176471	0.9882352941176471	6190	6120	6118	0.98804909560723519	False	False	False	False	False	True	different_minimum_coordinates	True
ZNF90	ZNF90__ALT	ZNF90__ALP	ALT	ALP	6233	6205	6205	6205	6205	1	1	6190	6191	6189	0.99951550387596899	True	False	False	False	False	True	different_minimum_coordinates	True
ZNF90	ZNF90__ALT	ZNF90__BILI	ALT	BILI	6233	6205	6170	6169	6206	0.9940380277151144	0.9940380277151144	6190	6159	6154	0.99338175948345442	False	False	True	True	True	True	verified_shared_minimum_variant	True
ZNF90	ZNF90__AST	ZNF90__ALP	AST	ALP	6233	6132	6205	6132	6205	0.9882352941176471	0.9882352941176471	6120	6191	6120	0.988531739622032	False	False	False	False	False	True	different_minimum_coordinates	True
ZNF90	ZNF90__AST	ZNF90__BILI	AST	BILI	6233	6132	6170	6131	6171	0.99351806838437851	0.99351806838437851	6120	6159	6119	0.99334415584415581	False	False	False	False	False	True	different_minimum_coordinates	True
ZNF90	ZNF90__ALP	ZNF90__BILI	ALP	BILI	6233	6205	6170	6169	6206	0.9940380277151144	0.9940380277151144	6191	6159	6156	0.99386503067484666	False	False	False	False	False	True	different_minimum_coordinates	True
ZNF93	ZNF93__CIRR	ZNF93__LIVER_FAT	CIRR	LIVER_FAT	5592	4682	5312	4677	5317	0.87963137107391387	0.87963137107391387	4679	5300	4671	0.87999246420497368	False	False	False	False	False	True	different_minimum_coordinates	True
ZNF93	ZNF93__CIRR	ZNF93__NAFLD	CIRR	NAFLD	5592	4682	3761	3696	4747	0.77859700863703396	0.77859700863703396	4679	3761	3696	0.77908937605396289	False	False	False	False	False	True	different_minimum_coordinates	True
ZNF93	ZNF93__CIRR	ZNF93__ALT	CIRR	ALT	5592	4682	5565	4679	5568	0.84033764367816088	0.84033764367816088	4679	5551	4675	0.84158415841584155	False	False	False	False	False	True	different_minimum_coordinates	True
ZNF93	ZNF93__CIRR	ZNF93__AST	CIRR	AST	5592	4682	5499	4655	5526	0.84238146941730008	0.84238146941730008	4679	5487	4653	0.84400507890440779	False	False	False	False	False	True	different_minimum_coordinates	True
ZNF93	ZNF93__CIRR	ZNF93__ALP	CIRR	ALP	5592	4682	5565	4679	5568	0.84033764367816088	0.84033764367816088	4679	5551	4675	0.84158415841584155	False	False	False	False	False	True	different_minimum_coordinates	True
ZNF93	ZNF93__CIRR	ZNF93__BILI	CIRR	BILI	5592	4682	5532	4671	5543	0.84268446689518306	0.84268446689518306	4679	5520	4668	0.84397034894232503	False	False	False	False	False	True	different_minimum_coordinates	True
ZNF93	ZNF93__LIVER_FAT	ZNF93__NAFLD	LIVER_FAT	NAFLD	5592	5312	3761	3761	5312	0.70801957831325302	0.70801957831325302	5300	3761	3761	0.70962264150943399	False	False	False	False	False	True	different_minimum_coordinates	True
ZNF93	ZNF93__LIVER_FAT	ZNF93__ALT	LIVER_FAT	ALT	5592	5312	5565	5312	5565	0.95453728661275827	0.95453728661275827	5300	5551	5298	0.95407887628309018	False	False	True	True	True	True	verified_shared_minimum_variant	True
ZNF93	ZNF93__LIVER_FAT	ZNF93__AST	LIVER_FAT	AST	5592	5312	5499	5255	5556	0.94582433405327571	0.94582433405327571	5300	5487	5244	0.94605809128630702	False	False	False	False	False	True	different_minimum_coordinates	True
ZNF93	ZNF93__LIVER_FAT	ZNF93__ALP	LIVER_FAT	ALP	5592	5312	5565	5312	5565	0.95453728661275827	0.95453728661275827	5300	5551	5299	0.95443083573487031	False	False	False	False	False	True	different_minimum_coordinates	True
ZNF93	ZNF93__LIVER_FAT	ZNF93__BILI	LIVER_FAT	BILI	5592	5312	5532	5285	5559	0.95071055945313909	0.95071055945313909	5300	5520	5272	0.95025234318673391	False	False	True	True	True	True	verified_shared_minimum_variant	True
ZNF93	ZNF93__NAFLD	ZNF93__ALT	NAFLD	ALT	5592	3761	5565	3761	5565	0.67583108715184181	0.67583108715184181	3761	5551	3761	0.67753557917492346	False	False	False	False	False	True	different_minimum_coordinates	True
ZNF93	ZNF93__NAFLD	ZNF93__AST	NAFLD	AST	5592	3761	5499	3758	5502	0.68302435478007995	0.68302435478007995	3761	5487	3758	0.68451730418943535	False	False	False	False	False	True	different_minimum_coordinates	True
ZNF93	ZNF93__NAFLD	ZNF93__ALP	NAFLD	ALP	5592	3761	5565	3761	5565	0.67583108715184181	0.67583108715184181	3761	5551	3761	0.67753557917492346	False	False	False	False	False	True	different_minimum_coordinates	True
ZNF93	ZNF93__NAFLD	ZNF93__BILI	NAFLD	BILI	5592	3761	5532	3760	5533	0.67955900957889026	0.67955900957889026	3761	5520	3760	0.68103604419489228	False	False	False	False	False	True	different_minimum_coordinates	True
ZNF93	ZNF93__ALT	ZNF93__AST	ALT	AST	5592	5565	5499	5499	5565	0.98814016172506736	0.98814016172506736	5551	5487	5485	0.98775436700882402	False	False	False	False	False	True	different_minimum_coordinates	True
ZNF93	ZNF93__ALT	ZNF93__ALP	ALT	ALP	5592	5565	5565	5565	5565	1	1	5551	5551	5550	0.99963976945244959	True	False	False	False	False	True	different_minimum_coordinates	True
ZNF93	ZNF93__ALT	ZNF93__BILI	ALT	BILI	5592	5565	5532	5532	5565	0.99407008086253368	0.99407008086253368	5551	5520	5517	0.99333813467770971	False	False	True	True	True	True	verified_shared_minimum_variant	True
ZNF93	ZNF93__AST	ZNF93__ALP	AST	ALP	5592	5499	5565	5499	5565	0.98814016172506736	0.98814016172506736	5487	5551	5486	0.98811239193083578	False	False	False	False	False	True	different_minimum_coordinates	True
ZNF93	ZNF93__AST	ZNF93__BILI	AST	BILI	5592	5499	5532	5498	5533	0.99367431772998371	0.99367431772998371	5487	5520	5485	0.99329952915610287	False	False	False	False	False	True	different_minimum_coordinates	True
ZNF93	ZNF93__ALP	ZNF93__BILI	ALP	BILI	5592	5565	5532	5532	5565	0.99407008086253368	0.99407008086253368	5551	5520	5518	0.99369710066630645	False	False	False	False	False	True	different_minimum_coordinates	True
ZSCAN12	ZSCAN12__CIRR	ZSCAN12__AST	CIRR	AST	4565	3915	4421	3865	4471	0.86445985238201739	0.86445985238201739	3910	4413	3860	0.86488908805736053	False	False	False	False	False	True	different_minimum_coordinates	False
ZSCAN12	ZSCAN12__CIRR	ZSCAN12__BILI	CIRR	BILI	4565	3915	4291	3735	4471	0.83538358309103111	0.83538358309103111	3910	4282	3730	0.83594800537875391	False	False	False	False	False	True	different_minimum_coordinates	False
ZSCAN12	ZSCAN12__CIRR	ZSCAN12__PBC	CIRR	PBC	4565	3915	4046	3648	4313	0.8458149779735683	0.8458149779735683	3910	4044	3644	0.84547563805104409	False	False	False	False	False	True	different_minimum_coordinates	False
ZSCAN12	ZSCAN12__CIRR	ZSCAN12__PSC	CIRR	PSC	4565	3915	4079	3719	4275	0.86994152046783624	0.86994152046783624	3910	4071	3715	0.87083919362400375	False	False	False	False	False	True	different_minimum_coordinates	False
ZSCAN12	ZSCAN12__CIRR	ZSCAN12__AIH	CIRR	AIH	4565	3915	4484	3907	4492	0.86976847729296525	0.86976847729296525	3910	4470	3899	0.87011827717027446	False	False	False	False	False	True	different_minimum_coordinates	False
ZSCAN12	ZSCAN12__AST	ZSCAN12__BILI	AST	BILI	4565	4421	4291	4255	4457	0.95467803455238953	0.95467803455238953	4413	4282	4246	0.95437176893683973	False	False	False	False	False	True	different_minimum_coordinates	True
ZSCAN12	ZSCAN12__AST	ZSCAN12__PBC	AST	PBC	4565	4421	4046	3993	4474	0.89248994188645503	0.89248994188645503	4413	4044	3989	0.89279319606087737	False	False	False	False	False	True	different_minimum_coordinates	True
ZSCAN12	ZSCAN12__AST	ZSCAN12__PSC	AST	PSC	4565	4421	4079	4033	4467	0.90284307141258113	0.90284307141258113	4413	4071	4024	0.90224215246636774	False	False	False	False	False	True	different_minimum_coordinates	True
ZSCAN12	ZSCAN12__AST	ZSCAN12__AIH	AST	AIH	4565	4421	4484	4421	4484	0.98595004460303304	0.98595004460303304	4413	4470	4410	0.9859154929577465	False	False	False	False	False	True	different_minimum_coordinates	True
ZSCAN12	ZSCAN12__BILI	ZSCAN12__PBC	BILI	PBC	4565	4291	4046	3862	4475	0.86301675977653636	0.86301675977653636	4282	4044	3858	0.86347358997314239	False	False	False	False	False	True	different_minimum_coordinates	True
ZSCAN12	ZSCAN12__BILI	ZSCAN12__PSC	BILI	PSC	4565	4291	4079	3892	4478	0.8691380080393033	0.8691380080393033	4282	4071	3883	0.86868008948545861	False	False	False	False	False	True	different_minimum_coordinates	True
ZSCAN12	ZSCAN12__BILI	ZSCAN12__AIH	BILI	AIH	4565	4291	4484	4291	4484	0.95695807314897408	0.95695807314897408	4282	4470	4279	0.95662866085401299	False	False	False	False	False	True	different_minimum_coordinates	True
ZSCAN12	ZSCAN12__PBC	ZSCAN12__PSC	PBC	PSC	4565	4046	4079	3820	4305	0.88734030197444835	0.88734030197444835	4044	4071	3816	0.88764829030006975	False	False	False	False	False	True	different_minimum_coordinates	True
ZSCAN12	ZSCAN12__PBC	ZSCAN12__AIH	PBC	AIH	4565	4046	4484	4030	4500	0.89555555555555555	0.89555555555555555	4044	4470	4023	0.89579158316633267	False	False	False	False	False	True	different_minimum_coordinates	True
ZSCAN12	ZSCAN12__PSC	ZSCAN12__AIH	PSC	AIH	4565	4079	4484	4073	4490	0.90712694877505573	0.90712694877505573	4071	4470	4061	0.90647321428571426	False	False	False	False	False	True	different_minimum_coordinates	True
ZSCAN16	ZSCAN16__CIRR	ZSCAN16__AST	CIRR	AST	5335	4567	5167	4510	5224	0.86332312404287903	0.86332312404287903	4562	5156	4505	0.86418568962209863	False	False	False	False	False	True	different_minimum_coordinates	False
ZSCAN16	ZSCAN16__CIRR	ZSCAN16__BILI	CIRR	BILI	5335	4567	5039	4380	5226	0.83811710677382323	0.83811710677382323	4562	5027	4375	0.83908707326428844	False	False	False	False	False	True	different_minimum_coordinates	False
ZSCAN16	ZSCAN16__CIRR	ZSCAN16__PBC	CIRR	PBC	5335	4567	4738	4267	5038	0.84696308058753478	0.84696308058753478	4562	4736	4263	0.84667328699106259	False	False	False	False	False	True	different_minimum_coordinates	False
ZSCAN16	ZSCAN16__CIRR	ZSCAN16__PSC	CIRR	PSC	5335	4567	4737	4322	4982	0.86752308309915693	0.86752308309915693	4562	4728	4318	0.8684633950120676	False	False	False	False	False	True	different_minimum_coordinates	False
ZSCAN16	ZSCAN16__CIRR	ZSCAN16__AIH	CIRR	AIH	5335	4567	5241	4559	5249	0.86854638978853116	0.86854638978853116	4562	5222	4549	0.8689589302769819	False	False	False	False	False	True	different_minimum_coordinates	False
ZSCAN16	ZSCAN16__AST	ZSCAN16__BILI	AST	BILI	5335	5167	5039	4997	5209	0.95930120944519104	0.95930120944519104	5156	5027	4985	0.95902270103886111	False	False	False	False	False	True	different_minimum_coordinates	True
ZSCAN16	ZSCAN16__AST	ZSCAN16__PBC	AST	PBC	5335	5167	4738	4677	5228	0.89460596786534052	0.89460596786534052	5156	4736	4671	0.89465619613100944	False	False	False	False	False	True	different_minimum_coordinates	True
ZSCAN16	ZSCAN16__AST	ZSCAN16__PSC	AST	PSC	5335	5167	4737	4685	5219	0.89768154818930834	0.89768154818930834	5156	4728	4674	0.89712092130518239	False	False	False	False	False	True	different_minimum_coordinates	True
ZSCAN16	ZSCAN16__AST	ZSCAN16__AIH	AST	AIH	5335	5167	5241	5167	5241	0.98588055714558287	0.98588055714558287	5156	5222	5151	0.98546011096231112	False	False	False	False	False	True	different_minimum_coordinates	True
ZSCAN16	ZSCAN16__BILI	ZSCAN16__PBC	BILI	PBC	5335	5039	4738	4547	5230	0.86940726577437855	0.86940726577437855	5027	4736	4541	0.86959019532746074	False	False	False	False	False	True	different_minimum_coordinates	True
ZSCAN16	ZSCAN16__BILI	ZSCAN16__PSC	BILI	PSC	5335	5039	4737	4543	5233	0.86814446780049681	0.86814446780049681	5027	4728	4532	0.86770055523645417	False	False	False	False	False	True	different_minimum_coordinates	True
ZSCAN16	ZSCAN16__BILI	ZSCAN16__AIH	BILI	AIH	5335	5039	5241	5039	5241	0.96145773707307769	0.96145773707307769	5027	5222	5022	0.96078056246412857	False	False	False	False	False	True	different_minimum_coordinates	True
ZSCAN16	ZSCAN16__PBC	ZSCAN16__PSC	PBC	PSC	5335	4738	4737	4461	5014	0.8897088153171121	0.8897088153171121	4736	4728	4456	0.88977635782747599	False	False	False	False	False	True	different_minimum_coordinates	True
ZSCAN16	ZSCAN16__PBC	ZSCAN16__AIH	PBC	AIH	5335	4738	5241	4722	5257	0.89823093018832034	0.89823093018832034	4736	5222	4711	0.89784638841242614	False	False	False	False	False	True	different_minimum_coordinates	True
ZSCAN16	ZSCAN16__PSC	ZSCAN16__AIH	PSC	AIH	5335	4737	5241	4731	5247	0.90165809033733557	0.90165809033733557	4728	5222	4715	0.90066857688634194	False	False	False	False	False	True	different_minimum_coordinates	True
ZSCAN23	ZSCAN23__CIRR	ZSCAN23__AST	CIRR	AST	4328	3703	4185	3653	4235	0.86257378984651711	0.86257378984651711	3698	4178	3648	0.86281929990539263	False	False	False	False	False	True	different_minimum_coordinates	False
ZSCAN23	ZSCAN23__CIRR	ZSCAN23__BILI	CIRR	BILI	4328	3703	4057	3525	4235	0.83234946871310511	0.83234946871310511	3698	4049	3520	0.83274189732670922	False	False	False	False	False	True	different_minimum_coordinates	False
ZSCAN23	ZSCAN23__CIRR	ZSCAN23__PBC	CIRR	PBC	4328	3703	3819	3439	4083	0.84227283859906932	0.84227283859906932	3698	3817	3435	0.84191176470588236	False	False	False	False	False	True	different_minimum_coordinates	False
ZSCAN23	ZSCAN23__CIRR	ZSCAN23__PSC	CIRR	PSC	4328	3703	3854	3510	4047	0.86730911786508524	0.86730911786508524	3698	3846	3506	0.86825160970777615	False	False	False	False	False	True	different_minimum_coordinates	False
ZSCAN23	ZSCAN23__CIRR	ZSCAN23__AIH	CIRR	AIH	4328	3703	4248	3695	4256	0.86818609022556392	0.86818609022556392	3698	4235	3687	0.86834667922750819	False	False	False	False	False	True	different_minimum_coordinates	False
ZSCAN23	ZSCAN23__AST	ZSCAN23__BILI	AST	BILI	4328	4185	4057	4021	4221	0.95261786306562424	0.95261786306562424	4178	4049	4013	0.95230185097294728	False	False	False	False	False	True	different_minimum_coordinates	True
ZSCAN23	ZSCAN23__AST	ZSCAN23__PBC	AST	PBC	4328	4185	3819	3766	4238	0.88862671071260024	0.88862671071260024	4178	3817	3762	0.88873139617292696	False	False	False	False	False	True	different_minimum_coordinates	True
ZSCAN23	ZSCAN23__AST	ZSCAN23__PSC	AST	PSC	4328	4185	3854	3808	4231	0.90002363507445049	0.90002363507445049	4178	3846	3799	0.89917159763313614	False	False	False	False	False	True	different_minimum_coordinates	True
ZSCAN23	ZSCAN23__AST	ZSCAN23__AIH	AST	AIH	4328	4185	4248	4185	4248	0.98516949152542377	0.98516949152542377	4178	4235	4175	0.98513449740443604	False	False	False	False	False	True	different_minimum_coordinates	True
ZSCAN23	ZSCAN23__BILI	ZSCAN23__PBC	BILI	PBC	4328	4057	3819	3637	4239	0.85798537390894081	0.85798537390894081	4049	3817	3633	0.85825655563430192	False	False	False	False	False	True	different_minimum_coordinates	True
ZSCAN23	ZSCAN23__BILI	ZSCAN23__PSC	BILI	PSC	4328	4057	3854	3669	4242	0.86492220650636498	0.86492220650636498	4049	3846	3660	0.86422668240850054	False	False	False	False	False	True	different_minimum_coordinates	True
ZSCAN23	ZSCAN23__BILI	ZSCAN23__AIH	BILI	AIH	4328	4057	4248	4057	4248	0.95503766478342744	0.95503766478342744	4049	4235	4046	0.95469561113732893	False	False	False	False	False	True	different_minimum_coordinates	True
ZSCAN23	ZSCAN23__PBC	ZSCAN23__PSC	PBC	PSC	4328	3819	3854	3597	4076	0.8824828263002944	0.8824828263002944	3817	3846	3593	0.88280098280098285	False	False	False	False	False	True	different_minimum_coordinates	True
ZSCAN23	ZSCAN23__PBC	ZSCAN23__AIH	PBC	AIH	4328	3819	4248	3803	4264	0.89188555347091936	0.89188555347091936	3817	4235	3796	0.89191729323308266	False	False	False	False	False	True	different_minimum_coordinates	True
ZSCAN23	ZSCAN23__PSC	ZSCAN23__AIH	PSC	AIH	4328	3854	4248	3848	4254	0.9045604137282558	0.9045604137282558	3846	4235	3836	0.90365135453474676	False	False	False	False	False	True	different_minimum_coordinates	True
ZSCAN26	ZSCAN26__CIRR	ZSCAN26__AST	CIRR	AST	4943	4235	4786	4181	4840	0.86384297520661157	0.86384297520661157	4230	4777	4176	0.86441730490581659	False	False	False	False	False	True	different_minimum_coordinates	False
ZSCAN26	ZSCAN26__CIRR	ZSCAN26__BILI	CIRR	BILI	4943	4235	4658	4053	4840	0.83739669421487606	0.83739669421487606	4230	4648	4048	0.83809523809523812	False	False	False	False	False	True	different_minimum_coordinates	False
ZSCAN26	ZSCAN26__CIRR	ZSCAN26__PBC	CIRR	PBC	4943	4235	4380	3946	4669	0.84514885414435637	0.84514885414435637	4230	4378	3942	0.84483497642520355	False	False	False	False	False	True	different_minimum_coordinates	False
ZSCAN26	ZSCAN26__CIRR	ZSCAN26__PSC	CIRR	PSC	4943	4235	4410	4020	4625	0.86918918918918919	0.86918918918918919	4230	4401	4016	0.87020585048754062	False	False	False	False	False	True	different_minimum_coordinates	False
ZSCAN26	ZSCAN26__CIRR	ZSCAN26__AIH	CIRR	AIH	4943	4235	4854	4227	4862	0.86939531057178121	0.86939531057178121	4230	4838	4218	0.86969072164948458	False	False	False	False	False	True	different_minimum_coordinates	False
ZSCAN26	ZSCAN26__AST	ZSCAN26__BILI	AST	BILI	4943	4786	4658	4618	4826	0.95690012432656446	0.95690012432656446	4777	4648	4608	0.9566119991696076	False	False	False	False	False	True	different_minimum_coordinates	True
ZSCAN26	ZSCAN26__AST	ZSCAN26__PBC	AST	PBC	4943	4786	4380	4323	4843	0.89262853603138548	0.89262853603138548	4777	4378	4318	0.8927020880711185	False	False	False	False	False	True	different_minimum_coordinates	True
ZSCAN26	ZSCAN26__AST	ZSCAN26__PSC	AST	PSC	4943	4786	4410	4360	4836	0.90157154673283701	0.90157154673283701	4777	4401	4350	0.90099420049710022	False	False	False	False	False	True	different_minimum_coordinates	True
ZSCAN26	ZSCAN26__AST	ZSCAN26__AIH	AST	AIH	4943	4786	4854	4786	4854	0.98599093531108362	0.98599093531108362	4777	4838	4773	0.98574969021065673	False	False	False	False	False	True	different_minimum_coordinates	True
ZSCAN26	ZSCAN26__BILI	ZSCAN26__PBC	BILI	PBC	4943	4658	4380	4194	4844	0.86581337737407105	0.86581337737407105	4648	4378	4189	0.86603266487492248	False	False	False	False	False	True	different_minimum_coordinates	True
ZSCAN26	ZSCAN26__BILI	ZSCAN26__PSC	BILI	PSC	4943	4658	4410	4220	4848	0.87046204620462042	0.87046204620462042	4648	4401	4210	0.87001446579871877	False	False	False	False	False	True	different_minimum_coordinates	True
ZSCAN26	ZSCAN26__BILI	ZSCAN26__AIH	BILI	AIH	4943	4658	4854	4658	4854	0.95962093119077052	0.95962093119077052	4648	4838	4644	0.95910780669144979	False	False	False	False	False	True	different_minimum_coordinates	True
ZSCAN26	ZSCAN26__PBC	ZSCAN26__PSC	PBC	PSC	4943	4380	4410	4137	4653	0.88910380399742106	0.88910380399742106	4378	4401	4132	0.88917581235205512	False	False	False	False	False	True	different_minimum_coordinates	True
ZSCAN26	ZSCAN26__PBC	ZSCAN26__AIH	PBC	AIH	4943	4380	4854	4364	4870	0.89609856262833676	0.89609856262833676	4378	4838	4355	0.89590619214153466	False	False	False	False	False	True	different_minimum_coordinates	True
ZSCAN26	ZSCAN26__PSC	ZSCAN26__AIH	PSC	AIH	4943	4410	4854	4404	4860	0.90617283950617289	0.90617283950617289	4401	4838	4390	0.90534130748607955	False	False	False	False	False	True	different_minimum_coordinates	True
ZSCAN31	ZSCAN31__CIRR	ZSCAN31__AST	CIRR	AST	4740	4066	4591	4013	4644	0.86412575366063737	0.86412575366063737	4061	4582	4008	0.86472491909385119	False	False	False	False	False	True	different_minimum_coordinates	False
ZSCAN31	ZSCAN31__CIRR	ZSCAN31__BILI	CIRR	BILI	4740	4066	4463	3885	4644	0.83656330749354002	0.83656330749354002	4061	4453	3880	0.83728959861890373	False	False	False	False	False	True	different_minimum_coordinates	False
ZSCAN31	ZSCAN31__CIRR	ZSCAN31__PBC	CIRR	PBC	4740	4066	4204	3788	4482	0.8451584114234717	0.8451584114234717	4061	4202	3784	0.84483143558830098	False	False	False	False	False	True	different_minimum_coordinates	False
ZSCAN31	ZSCAN31__CIRR	ZSCAN31__PSC	CIRR	PSC	4740	4066	4238	3864	4440	0.87027027027027026	0.87027027027027026	4061	4229	3860	0.87133182844243795	False	False	False	False	False	True	different_minimum_coordinates	False
ZSCAN31	ZSCAN31__CIRR	ZSCAN31__AIH	CIRR	AIH	4740	4066	4658	4058	4666	0.86969567081011578	0.86969567081011578	4061	4642	4049	0.87000429737859908	False	False	False	False	False	True	different_minimum_coordinates	False
ZSCAN31	ZSCAN31__AST	ZSCAN31__BILI	AST	BILI	4740	4591	4463	4424	4630	0.95550755939524834	0.95550755939524834	4582	4453	4414	0.9552045011902186	False	False	False	False	False	True	different_minimum_coordinates	True
ZSCAN31	ZSCAN31__AST	ZSCAN31__PBC	AST	PBC	4740	4591	4204	4148	4647	0.89261889391004945	0.89261889391004945	4582	4202	4143	0.89269553975436333	False	False	False	False	False	True	different_minimum_coordinates	True
ZSCAN31	ZSCAN31__AST	ZSCAN31__PSC	AST	PSC	4740	4591	4238	4189	4640	0.90280172413793103	0.90280172413793103	4582	4229	4179	0.90220207253886009	False	False	False	False	False	True	different_minimum_coordinates	True
ZSCAN31	ZSCAN31__AST	ZSCAN31__AIH	AST	AIH	4740	4591	4658	4591	4658	0.9856161442679261	0.9856161442679261	4582	4642	4578	0.98536375376668106	False	False	False	False	False	True	different_minimum_coordinates	True
ZSCAN31	ZSCAN31__BILI	ZSCAN31__PBC	BILI	PBC	4740	4463	4204	4019	4648	0.8646729776247849	0.8646729776247849	4453	4202	4014	0.8648998060762767	False	False	False	False	False	True	different_minimum_coordinates	True
ZSCAN31	ZSCAN31__BILI	ZSCAN31__PSC	BILI	PSC	4740	4463	4238	4049	4652	0.87037833190025793	0.87037833190025793	4453	4229	4039	0.86991169502476851	False	False	False	False	False	True	different_minimum_coordinates	True
ZSCAN31	ZSCAN31__BILI	ZSCAN31__AIH	BILI	AIH	4740	4463	4658	4463	4658	0.95813653928724773	0.95813653928724773	4453	4642	4449	0.95759793370641411	False	False	False	False	False	True	different_minimum_coordinates	True
ZSCAN31	ZSCAN31__PBC	ZSCAN31__PSC	PBC	PSC	4740	4204	4238	3968	4474	0.88690210102816269	0.88690210102816269	4202	4229	3963	0.88697403760071625	False	False	False	False	False	True	different_minimum_coordinates	True
ZSCAN31	ZSCAN31__PBC	ZSCAN31__AIH	PBC	AIH	4740	4204	4658	4188	4674	0.89602053915275992	0.89602053915275992	4202	4642	4179	0.89581993569131835	False	False	False	False	False	True	different_minimum_coordinates	True
ZSCAN31	ZSCAN31__PSC	ZSCAN31__AIH	PSC	AIH	4740	4238	4658	4232	4664	0.90737564322469988	0.90737564322469988	4229	4642	4218	0.90651192778852352	False	False	False	False	False	True	different_minimum_coordinates	True
ZSCAN9	ZSCAN9__CIRR	ZSCAN9__AST	CIRR	AST	5079	4356	4918	4301	4973	0.86487029961793682	0.86487029961793682	4351	4908	4296	0.8656054805561153	False	False	False	False	False	True	different_minimum_coordinates	False
ZSCAN9	ZSCAN9__CIRR	ZSCAN9__BILI	CIRR	BILI	5079	4356	4790	4173	4973	0.83913130906897249	0.83913130906897249	4351	4779	4168	0.83998387746876257	False	False	False	False	False	True	different_minimum_coordinates	False
ZSCAN9	ZSCAN9__CIRR	ZSCAN9__PBC	CIRR	PBC	5079	4356	4505	4064	4797	0.84719616426933497	0.84719616426933497	4351	4503	4060	0.8468919482686692	False	False	False	False	False	True	different_minimum_coordinates	False
ZSCAN9	ZSCAN9__CIRR	ZSCAN9__PSC	CIRR	PSC	5079	4356	4525	4130	4751	0.86929067564723217	0.86929067564723217	4351	4516	4126	0.87028053153343177	False	False	False	False	False	True	different_minimum_coordinates	False
ZSCAN9	ZSCAN9__CIRR	ZSCAN9__AIH	CIRR	AIH	5079	4356	4988	4348	4996	0.87029623698959169	0.87029623698959169	4351	4971	4339	0.87076058599237405	False	False	False	False	False	True	different_minimum_coordinates	False
ZSCAN9	ZSCAN9__AST	ZSCAN9__BILI	AST	BILI	5079	4918	4790	4750	4958	0.95804759983864463	0.95804759983864463	4908	4779	4739	0.95776071139854491	False	False	False	False	False	True	different_minimum_coordinates	True
ZSCAN9	ZSCAN9__AST	ZSCAN9__PBC	AST	PBC	5079	4918	4505	4446	4977	0.89330922242314648	0.89330922242314648	4908	4503	4441	0.89356136820925558	False	False	False	False	False	True	different_minimum_coordinates	True
ZSCAN9	ZSCAN9__AST	ZSCAN9__PSC	AST	PSC	5079	4918	4525	4475	4968	0.90076489533011272	0.90076489533011272	4908	4516	4465	0.90038314176245215	False	False	False	False	False	True	different_minimum_coordinates	True
ZSCAN9	ZSCAN9__AST	ZSCAN9__AIH	AST	AIH	5079	4918	4988	4918	4988	0.98596631916599842	0.98596631916599842	4908	4971	4904	0.98572864321608045	False	False	False	False	False	True	different_minimum_coordinates	True
ZSCAN9	ZSCAN9__BILI	ZSCAN9__PBC	BILI	PBC	5079	4790	4505	4317	4978	0.86721574929690637	0.86721574929690637	4779	4503	4312	0.86760563380281686	False	False	False	False	False	True	different_minimum_coordinates	True
ZSCAN9	ZSCAN9__BILI	ZSCAN9__PSC	BILI	PSC	5079	4790	4525	4335	4980	0.87048192771084343	0.87048192771084343	4779	4516	4325	0.87022132796780682	False	False	False	False	False	True	different_minimum_coordinates	True
ZSCAN9	ZSCAN9__BILI	ZSCAN9__AIH	BILI	AIH	5079	4790	4988	4790	4988	0.96030473135525263	0.96030473135525263	4779	4971	4775	0.95979899497487442	False	False	False	False	False	True	different_minimum_coordinates	True
ZSCAN9	ZSCAN9__PBC	ZSCAN9__PSC	PBC	PSC	5079	4505	4525	4252	4778	0.88991209711176222	0.88991209711176222	4503	4516	4247	0.88998323554065384	False	False	False	False	False	True	different_minimum_coordinates	True
ZSCAN9	ZSCAN9__PBC	ZSCAN9__AIH	PBC	AIH	5079	4505	4988	4489	5004	0.89708233413269389	0.89708233413269389	4503	4971	4480	0.89707649179014815	False	False	False	False	False	True	different_minimum_coordinates	True
ZSCAN9	ZSCAN9__PSC	ZSCAN9__AIH	PSC	AIH	5079	4525	4988	4519	4994	0.90488586303564278	0.90488586303564278	4516	4971	4505	0.9042553191489362	False	False	False	False	False	True	different_minimum_coordinates	True
